box_id,address,erg,flux,other_assets_in_box,created_height,created_date,eligible_height,eligible_date,bucket,funding
f516378e3bbf0710c114a4e03f1badafd8b6ea945e7ee733aa39e48fc34851af,9hdi9GcF6BXPe1wCQuCHu41a6CDAwmXSrMZwTCrriKYNxCsGba7,0.01,164.65855975,0,836822,2022-09-12,1888022,2026-10-05,DUE_REST_OF_2026,DUST_WHOLEBOX_CLAIMABLE
b719c82df977d31e7a1dc79df6e867692bad9ab029411806c196d801b58bcbed,9fRSzq6UY6c4Aup3VhVD9ZnLdB923QdF2KdF4SNxFUQPYGmnVuJ,0.01,116.39459093,0,836747,2022-09-12,1887947,2026-10-05,DUE_REST_OF_2026,DUST_WHOLEBOX_CLAIMABLE
0f58f2a95e7224e33bde0b2b27c268125baebcf08355ef8d211a39bcfae7d888,9fELPJz6Pm6DVkm4miWVhkY8wkHG4c4sQ8jWPdQ3qimR3HMnZdT,0.01,47.51090507,0,836820,2022-09-12,1888020,2026-10-05,DUE_REST_OF_2026,DUST_WHOLEBOX_CLAIMABLE
18f10944e2ab2e3739e452c8f4d39a02ff3a33616191f8f45a5d6a322e17ab21,9fsbaakwokEntaTicLhKXhEfxe9yeC31AH5fS1Uk5jdc7sFnKQw,0.01,44.00643129,0,836745,2022-09-12,1887945,2026-10-05,DUE_REST_OF_2026,DUST_WHOLEBOX_CLAIMABLE
e3ad48e4bc76b65a48a8be2d8e271d9849cacb700381fc73a10bef963a4b634e,9hV6DmMEpvHo8Pjodt8U2tFwufWKeh4pMkaxZ5YkDHXSNCBLrvM,0.01,20.97368334,0,837040,2022-09-13,1888240,2026-10-05,DUE_REST_OF_2026,DUST_WHOLEBOX_CLAIMABLE
b01cf4963a055c33023023ba5263c9b733f247ed368f1e25de94c44e6b8744b5,9eqx6YaWQny3hSGedNrqK1RBE2PBfhzxqJRBhtuedow89DS9W1a,0.01,5.28383047,0,836766,2022-09-12,1887966,2026-10-05,DUE_REST_OF_2026,DUST_WHOLEBOX_CLAIMABLE
5cfd6a6434bd9a6915478b1e2a284bf40e78c306abb8c2d7c07acd5162428924,9g4xcVdSWLGm15mmogBg8u1TLFN3oFx7V6Ba96XdwHEbJY6nWoi,0.01,5.0,0,836914,2022-09-13,1888114,2026-10-05,DUE_REST_OF_2026,DUST_WHOLEBOX_CLAIMABLE
2978d2fd94f6e5fee97a65700db5ff7bbc410a55402303306002060c87d78fe5,9fCRg5W4MJ23TyJrMTJvzUYZxMiKadJBjViGKw3k3gMhzN3vHq2,0.01,2.50847849,0,836734,2022-09-12,1887934,2026-10-05,DUE_REST_OF_2026,DUST_WHOLEBOX_CLAIMABLE
a0cf43458cc310a73da8b3a07625105b3577f01c2a15f00156e0bb8c07fadf2d,9gQQpH4HJtmS3wpTFFrZKe6Y8TTQj41gKWhf2NJrFDGCJCHqSn8,0.01,2.1875,0,836918,2022-09-13,1888118,2026-10-05,DUE_REST_OF_2026,DUST_WHOLEBOX_CLAIMABLE
13544a408cf702d7641ab8ab25cafbdf72e29b9028471da4fb2816821636a5f5,9gHZ2kRsaQqRytw6JuMSX988DnwTT6m7w4SXaBkmHMrzCP6J9FD,0.01,2043.22646328,0,837485,2022-09-13,1888685,2026-10-06,DUE_REST_OF_2026,DUST_WHOLEBOX_CLAIMABLE
bbd4de2f0b9c9fb4b75b228d7802b2b169c1c0ccd5618d490e9c4d4102612003,9gH4Sbq7MiK9MnAJAtcsx9uz8qy74PZN5CQUb15JoxctqZe4vmS,0.01,1019.30843637,0,837556,2022-09-13,1888756,2026-10-06,DUE_REST_OF_2026,DUST_WHOLEBOX_CLAIMABLE
f4bf0b433c81c666b1f560c98e9195905e370ca9617fa9cc8ea6df27cc2d4d3e,9hPSUs6P9TypZo8V8vcJXhY9qdKAttNM9UsyvHAetdu7JPY6ZPi,0.01,667.57750703,0,837394,2022-09-13,1888594,2026-10-06,DUE_REST_OF_2026,DUST_WHOLEBOX_CLAIMABLE
44d7ba4f9906cf03e1001019eab98e87af60ed7daa1165acde6027a06761a2c0,9iLTz8aCprFqvxc9aQoZfaF8ob8UiRqCyy3AeG3Tq7T7KFMskUS,0.01,590.15828069,0,837144,2022-09-13,1888344,2026-10-06,DUE_REST_OF_2026,DUST_WHOLEBOX_CLAIMABLE
6a559def88e0e83cd91ba155713eea17fd7fa4ce64f5e9cf28db4f2f1e003303,9fhxJ6Uh6Jvmac7SyG13WU9bKokE5D65zxUuvFqijC4NgLWC48m,0.01,583.36914004,0,837556,2022-09-13,1888756,2026-10-06,DUE_REST_OF_2026,DUST_WHOLEBOX_CLAIMABLE
a8dd9fcb1bf7813fa9dfd3879aba8ef504103f8e9cafeee0cb46d83147c1edca,9hqkgCzaqiTwbREKZDzvbAVfuAxLZ8dWv1TpP1RJeNADVUc1oKS,0.01,550.44020503,0,837421,2022-09-13,1888621,2026-10-06,DUE_REST_OF_2026,DUST_WHOLEBOX_CLAIMABLE
7d0ab97d821f17af58c1b4ad3bd48d0622291790256fa2c5eb03e8304540dd49,9efhfaEG9JPTRmUt1xqK5vx35BYkdgB2kC8onbxmc2NrR5hu6xT,0.01,318.97203276,0,837600,2022-09-14,1888800,2026-10-06,DUE_REST_OF_2026,DUST_WHOLEBOX_CLAIMABLE
fc320300b1ee50b55209c9ad959124149e860d5ff171eb9ab2cb6e1b09abe004,9esvQVaYmKqKnzoipPvbEdUDDgu2Cv3om56e9f7Sb6o2TZ1RbvE,0.01,268.17649985,0,837721,2022-09-14,1888921,2026-10-06,DUE_REST_OF_2026,DUST_WHOLEBOX_CLAIMABLE
d6d198a4f1ad15bbe72802046f7210f317ffff7e1dc29eb6cfb626536fb0b2f7,9hWzHAUVScKmEQNipjnr7jJKiwU6X5RReYtNSBArptTYSQMm3q9,0.01,159.93013765,0,837725,2022-09-14,1888925,2026-10-06,DUE_REST_OF_2026,DUST_WHOLEBOX_CLAIMABLE
7b59380cf89f88fe33ec09d882e3279488468d920443c7985030c096b154515a,9hBMdF7cW4d5qjtH1qgvvQNmsAG8PkdihhSqxWpLXsmcQ3Pmrn1,0.01,154.60011173,0,837394,2022-09-13,1888594,2026-10-06,DUE_REST_OF_2026,DUST_WHOLEBOX_CLAIMABLE
f1adf0d2b49664cb1d241e9b4d564f600727e6ecc209ec9965737dba5a006d97,9hWzHAUVScKmEQNipjnr7jJKiwU6X5RReYtNSBArptTYSQMm3q9,0.01,123.67081959,0,837725,2022-09-14,1888925,2026-10-06,DUE_REST_OF_2026,DUST_WHOLEBOX_CLAIMABLE
facbf77df05986e078b3b074d028140f1a1be559782db8cd79c3912cec13a588,9gJskJGNGTo1gYtmmPmG2BbAJQPNtr8tiMfuVe9w8sVvUTiQQNj,0.01,121.96779768,0,837682,2022-09-14,1888882,2026-10-06,DUE_REST_OF_2026,DUST_WHOLEBOX_CLAIMABLE
6375a1269a04faccce854fc7459be77093b60e53d0408594099a579f536e0a4d,9et9TB8ucVGQhC6oyKCiQNWUqR9WDxfg8SMmf3RHFNTRqwbLGyi,0.01,117.1770398,0,837574,2022-09-13,1888774,2026-10-06,DUE_REST_OF_2026,DUST_WHOLEBOX_CLAIMABLE
c55b8b9478bb8737fcfad85be7e0324658ecb3995daa81a518b5241351438e42,9hgQdtdFjeNQ53zeQj3NsjXaTErYkHvCT4QnA6KwcP6RNzKz3k4,0.01,104.03179855,0,837322,2022-09-13,1888522,2026-10-06,DUE_REST_OF_2026,DUST_WHOLEBOX_CLAIMABLE
4a458778fcc46542c68c33b31dd611c9d6fb68c47aa8d8f90c757d5d7ee5c6af,9f8N4ufyErpqw1PJpZWwaiYfuMzSrvyvxifSYSYB3zoFTt3Swf2,0.01,98.91797344,0,837721,2022-09-14,1888921,2026-10-06,DUE_REST_OF_2026,DUST_WHOLEBOX_CLAIMABLE
ad6599f55e77fd89dad86ea26b7aebf338968f4adee68872dd080a36e898ab54,9fm9kZJpummsbjJpb5ivCff9LpEGhiwVgyK9KLHnHoyxbygwbGm,0.01,73.30858429,0,837152,2022-09-13,1888352,2026-10-06,DUE_REST_OF_2026,DUST_WHOLEBOX_CLAIMABLE
b6f23471f1b0b5807da8760d67bce1d1e0878030ec1e56d8520c029da214138c,9hnYeoW4yfJY1yi8JVaZEr56KErcJf7FHgmM7ip2KDHDRsRyVe9,0.01,58.08600915,0,837578,2022-09-13,1888778,2026-10-06,DUE_REST_OF_2026,DUST_WHOLEBOX_CLAIMABLE
0ceeb392d8bdc91b621d6a13e53eb8b917c25396cda514e0642d99a57c3cf019,9fBSLWBa7xD3YC4htorYST2BAZvcvbjjN9mhS4NqPTj6wnMfK1a,0.01,55.83192279,0,837614,2022-09-14,1888814,2026-10-06,DUE_REST_OF_2026,DUST_WHOLEBOX_CLAIMABLE
30e592524e8d748f64d1c62e307893253703160dff993c909b3da06719d1dd34,9hopTXdG8rHxkoAfufLanLKMbzRxBxznmyHU6E6wVvjSVxwJhq1,0.01,54.6524067,0,837616,2022-09-14,1888816,2026-10-06,DUE_REST_OF_2026,DUST_WHOLEBOX_CLAIMABLE
341b320e75f3b4af428e531a7f1b1224d1a5e5debd4e68afeaa9c13c4b06e516,9hhhp7NGG6UUN947LNo1eJMAUrX1kkixrjy8UxNkpJ9ZTM6cW6f,0.01,54.44119387,0,837428,2022-09-13,1888628,2026-10-06,DUE_REST_OF_2026,DUST_WHOLEBOX_CLAIMABLE
48498901577acc3bad838bd660457b68386366472600a7d0b8e161ebd4b22321,9iGGLzkUB4K9pYjpfapqcj5DRtW4QYL73cYBBTuikZgi4gcxEP3,0.01,49.9188958,0,837674,2022-09-14,1888874,2026-10-06,DUE_REST_OF_2026,DUST_WHOLEBOX_CLAIMABLE
2d60ff795231736a071d0eff7df60457eabb654b118d15a76324d51ba844f57a,9gVUZYawq2u2aqARv4RqszjECf78NgeNKrF3R93x6bb891hnGFf,0.01,49.31689811,0,837150,2022-09-13,1888350,2026-10-06,DUE_REST_OF_2026,DUST_WHOLEBOX_CLAIMABLE
d0a2df33904890b85fb75f4b7703391c133642b645f1ddaabdbb9ef2358e8606,9fmFeNu2kbCrmyt86ijQGjDYPzc5zdDNJktMt5vmMnN5w3KpHtQ,0.01,49.31689811,0,837503,2022-09-13,1888703,2026-10-06,DUE_REST_OF_2026,DUST_WHOLEBOX_CLAIMABLE
f6654b70627b8cb4b60b9d5961c70d57a561c1b996300d7242dc038e3809b1c2,9gLohXAdaeugiSobsz6ZEkRKfHJr7nkkFR1K4JXdnCqCZhdkLiF,0.01,48.7262471,0,837595,2022-09-14,1888795,2026-10-06,DUE_REST_OF_2026,DUST_WHOLEBOX_CLAIMABLE
62acba934f69b61fbba5efa3d27e0a1c24f679341852a980a29a8cae37e776bc,9fivf3AfwpXjCKpoGopFcHHyE3yMoWiZz8an5HmMh1sFMkjAeEB,0.01,48.71490043,0,837332,2022-09-13,1888532,2026-10-06,DUE_REST_OF_2026,DUST_WHOLEBOX_CLAIMABLE
713a2dda43ed2de0563971a4bc528dd87ca205b7018fe27727336890b59c09ff,9gHtjF1uER5rV3urtJCbYEaJYxcH9d2vQrSTbW6f72bnjTidyLj,0.01,47.81190391,0,837331,2022-09-13,1888531,2026-10-06,DUE_REST_OF_2026,DUST_WHOLEBOX_CLAIMABLE
717a60e4fd41cd2ad43ef20a416a96201b7699ebfd126e5cba6f0b1c664520d0,9gX84CimN5NxBpZC7hqnripixFJvCiskRnFyBaDsWQHDTUnjbGM,0.01,47.81190391,0,837526,2022-09-13,1888726,2026-10-06,DUE_REST_OF_2026,DUST_WHOLEBOX_CLAIMABLE
8ae3ccc73928308ac55d412e9c068b0b0ee72cf629395c76c1615a14090c0194,9fwJA7U96ZoSM2rrGNvkUzDd4SkK5p5y5YPmhkPYPqHUxodaa8v,0.01,47.81190391,0,837679,2022-09-14,1888879,2026-10-06,DUE_REST_OF_2026,DUST_WHOLEBOX_CLAIMABLE
3303b0fa2e175428dd0db39acca2c5800eb5f790d8ceab049785ffc569dc1f2b,9fBQsy41R9htUVzS1MN61QkzRByctHjC81JfRLPiEYswfHZPr9w,0.01,47.67143416,0,837417,2022-09-13,1888617,2026-10-06,DUE_REST_OF_2026,DUST_WHOLEBOX_CLAIMABLE
906a9d23686d8439ffe17844c99b3af49bafd8605890a8535023b90bb230a5d3,9iBPp2QcwKCRo1zMGyRq6SHFrtStHGhvCzFfHuQqBDSVdVa3DtB,0.01,47.51090507,0,837526,2022-09-13,1888726,2026-10-06,DUE_REST_OF_2026,DUST_WHOLEBOX_CLAIMABLE
3af96c350c63f415e0475524c95d701ce6c33ed2718ff9812d75c6d151c26fab,9fau4JonBtFvFiajzzh5bw8p3xbkfq4Noo7JT1cDEBczGsKdBKQ,0.01,45.14037018,0,837572,2022-09-13,1888772,2026-10-06,DUE_REST_OF_2026,DUST_WHOLEBOX_CLAIMABLE
3a8456d611d8c4fbc0f28e3ec974f41e5fe2aad941297f81fbc378c63e5202a4,9g7FDg45uY2acSdcHG9hZhbkpDWLYDHaWcfFoq6yFZpWM2SVRop,0.01,45.03966783,0,837623,2022-09-14,1888823,2026-10-06,DUE_REST_OF_2026,DUST_WHOLEBOX_CLAIMABLE
7762a151b6396ac0a87be59c203eb4f5f5f28c5a2c94f5492ea94d6bf764c645,9heLBCXsu6VRrKsqBTAJJjkHPNPJtbY2xURkapY4kT41X8jY9Pf,0.01,41.9518051,0,837661,2022-09-14,1888861,2026-10-06,DUE_REST_OF_2026,DUST_WHOLEBOX_CLAIMABLE
c728e299abce158b737f3d5ba8c33aa9849a03036b4027f82382e18492c01e3b,9hDCc2bBszYaB5Ph9zSQfJ2nM948E4TqoXmfCFQwiyqdgnBdStN,0.01,38.62078093,0,837665,2022-09-14,1888865,2026-10-06,DUE_REST_OF_2026,DUST_WHOLEBOX_CLAIMABLE
74cf29441cb08005dc90dd1d140f82e1fbad35ddd684b7bcad51cc7edb463e20,9hqkgCzaqiTwbREKZDzvbAVfuAxLZ8dWv1TpP1RJeNADVUc1oKS,0.01,35.49031158,0,837420,2022-09-13,1888620,2026-10-06,DUE_REST_OF_2026,DUST_WHOLEBOX_CLAIMABLE
e1c229a9307a4d4769a15e8066a40e5ecf8454f571d34944fcbf1773688b9b4c,9hqkgCzaqiTwbREKZDzvbAVfuAxLZ8dWv1TpP1RJeNADVUc1oKS,0.01,35.27626796,0,837419,2022-09-13,1888619,2026-10-06,DUE_REST_OF_2026,DUST_WHOLEBOX_CLAIMABLE
f74a1709404f09fe540b672b73aa87e9b6ee8b669a4e1c2ebbc55f33261608fd,9hqkgCzaqiTwbREKZDzvbAVfuAxLZ8dWv1TpP1RJeNADVUc1oKS,0.01,34.86945282,0,837420,2022-09-13,1888620,2026-10-06,DUE_REST_OF_2026,DUST_WHOLEBOX_CLAIMABLE
644239c479aa6b149c931342e99dd60854c0f65932ada90299b7dcf071eec968,9gDCc6jBui3eknExgarDg82FJG75hKKyCvT2uyFHgxRCHhRpfHo,0.01,34.30459675,0,837484,2022-09-13,1888684,2026-10-06,DUE_REST_OF_2026,DUST_WHOLEBOX_CLAIMABLE
582af9b737706d8f885a14bcae0f7c919c90008f829d4952508d00146c3ae115,9hqkgCzaqiTwbREKZDzvbAVfuAxLZ8dWv1TpP1RJeNADVUc1oKS,0.01,32.24475721,0,837418,2022-09-13,1888618,2026-10-06,DUE_REST_OF_2026,DUST_WHOLEBOX_CLAIMABLE
8cdb5b54e7297d98b030010052406e5cf0a5f4ba93320ff2214c9d9e72e9dda6,9fHBFLriRSE2p3sBH8eb8red13WJ2Ubf7CFzFssGtQJdbxZ1sdH,0.01,31.02708831,0,837169,2022-09-13,1888369,2026-10-06,DUE_REST_OF_2026,DUST_WHOLEBOX_CLAIMABLE
5a9963c7f0227b3913bb7283e3cb92816c38db105ffbf92fac448807b4def6a1,9eoYXxVZMPkr9GPKUpMj9sPMEHZe3gZSrYnn156tCyiyAXxqR4x,0.01,28.39187175,0,837648,2022-09-14,1888848,2026-10-06,DUE_REST_OF_2026,DUST_WHOLEBOX_CLAIMABLE
3fc46be565ee6ebd530b2f86cd6cc8336e71a09ae7a0ae3a6e763a9842ed6986,9gG4e4URfEeYyWbGMRYYFvY1oA6UREMs6o8oBoJud1u8HDdfGe9,0.01,28.1024998,0,837301,2022-09-13,1888501,2026-10-06,DUE_REST_OF_2026,DUST_WHOLEBOX_CLAIMABLE
33f776860b41c837c447ad27de8fd808e4d0cbdfbce937b05ed8e00dd99467a9,9fBSLWBa7xD3YC4htorYST2BAZvcvbjjN9mhS4NqPTj6wnMfK1a,0.01,27.34916805,0,837614,2022-09-14,1888814,2026-10-06,DUE_REST_OF_2026,DUST_WHOLEBOX_CLAIMABLE
1160872079c1419703bb834f07fa25e26282abfd9c4ddbd19dcb6a09a4d376dc,9hqkgCzaqiTwbREKZDzvbAVfuAxLZ8dWv1TpP1RJeNADVUc1oKS,0.01,25.81137873,0,837418,2022-09-13,1888618,2026-10-06,DUE_REST_OF_2026,DUST_WHOLEBOX_CLAIMABLE
f35c9cf08be26c5c57ae9a5dabe18a62782a58050104065aa53161d58049beff,9f111trviYowUFzt6JvppyQBdxG347D4wj43XWZTR1bzTCRJhVP,0.01,25.21762647,0,837517,2022-09-13,1888717,2026-10-06,DUE_REST_OF_2026,DUST_WHOLEBOX_CLAIMABLE
b60098f78987b80791750b518d44bbd16f9485de409aafed2d9e30dfd615db5b,9gGP2FX52UdbBFypQrGUXBBtmHQSjPpTMEcAQWzhuTcosyS4PCZ,0.01,21.91533084,0,837707,2022-09-14,1888907,2026-10-06,DUE_REST_OF_2026,DUST_WHOLEBOX_CLAIMABLE
0755cdcb1f0075a18044c0fda583f1fe2e0dbda26d599df58491f7b50d0cd27c,9ep8kebdZnTM417NDFJX5j34Tgnv9agkcPWx41JimoVF41r9gzz,0.01,21.55036986,0,837325,2022-09-13,1888525,2026-10-06,DUE_REST_OF_2026,DUST_WHOLEBOX_CLAIMABLE
fe0dfc92a165264487d24717ad15b306f5472225d61470e84dad4ad3f837e1ce,9htNLSpEu98Tavz42y2sLzq5RYUCrJ4S9uEhKN8CKVQ3kHJXnkT,0.01,21.14898414,0,837431,2022-09-13,1888631,2026-10-06,DUE_REST_OF_2026,DUST_WHOLEBOX_CLAIMABLE
33ad575226feb9db419e35eaec557b8e4a5294319cc00bfd2841e7d9ad9ed319,9i78VL9tWYa7GWXRvgxTZG3dA1YjCRcgFEkNGeyMLvPb7C1i5L7,0.01,19.25519659,0,837537,2022-09-13,1888737,2026-10-06,DUE_REST_OF_2026,DUST_WHOLEBOX_CLAIMABLE
fdaffe52fab1b00c8d90274120bd861164967183c654c6d1b83e97efc5d1adc4,9eyyPi6YuAw3g6yfqxtssU3zQprUUjG8XPseysH5p3BdqcxE2eM,0.01,18.37755042,0,837371,2022-09-13,1888571,2026-10-06,DUE_REST_OF_2026,DUST_WHOLEBOX_CLAIMABLE
653af037027255fad5371f65e643e88fb4be9b03bb5fda7389f7401d97743ca6,9h4gxQCx9kGKwoYjNmkVRt2reKSkrNjx8NjxsVpBNedfm2MuUbz,0.01,17.11867929,0,837441,2022-09-13,1888641,2026-10-06,DUE_REST_OF_2026,DUST_WHOLEBOX_CLAIMABLE
f0b089bcb123ba327a43031cd755f42dfb9467f8a87e83f13122281e503bd1ae,9fi1zdzk53LbGyFwPoPJ4g8vYvA5gsbhgs6e1Ksk1DXAzMde9Km,0.01,16.27389818,0,837664,2022-09-14,1888864,2026-10-06,DUE_REST_OF_2026,DUST_WHOLEBOX_CLAIMABLE
670e6166f6807a2c548024c2b7763f23ae3e8103198b8d23db619b67f9c6b2f5,9hpRCxVgXbYmrBRoHKqZmTrWJ385XwiWBcNtnjEGoU2PNTnfUq7,0.01,15.38554267,0,837421,2022-09-13,1888621,2026-10-06,DUE_REST_OF_2026,DUST_WHOLEBOX_CLAIMABLE
a1a92315457b1b67b96e08d066e217abad95198fad9995bec454b93d59ee3bc2,9gx99TpDkQ5bB6p3WdsoYJmzXmB75gb7xt3aXZydH4yffdig3Lc,0.01,14.81318353,0,837664,2022-09-14,1888864,2026-10-06,DUE_REST_OF_2026,DUST_WHOLEBOX_CLAIMABLE
4f4134e616c1b243d94a5bbf3416d2f7e013e5fa5afc97c7df96a87710645ae8,9eu1GSwgzxdD7p8MPtooLMBybRbj7Bp6Ajcb43R57RYrVanyrfC,0.01,13.6469015,0,837488,2022-09-13,1888688,2026-10-06,DUE_REST_OF_2026,DUST_WHOLEBOX_CLAIMABLE
a3ad770c6d19441558540c94e4268264f98d0120a6642b5983e0e11f210b02af,9htNLSpEu98Tavz42y2sLzq5RYUCrJ4S9uEhKN8CKVQ3kHJXnkT,0.01,10.7631077,0,837433,2022-09-13,1888633,2026-10-06,DUE_REST_OF_2026,DUST_WHOLEBOX_CLAIMABLE
7ac92004eca0353b76c0c8948896bd05352ddc8f1d9e4ce974cbcbc4656a4287,9f7767qDC1fz4c67iC88VasWj9dY2reJLZAdp3CsMnKyaj3ZjRo,0.01,10.65314289,0,837686,2022-09-14,1888886,2026-10-06,DUE_REST_OF_2026,DUST_WHOLEBOX_CLAIMABLE
88f9d8c831b318f89cdd8e05e5d4b02781e1e40dcb7c9041d9d20877ec7b0dac,9gnW3Lrpsyq5Jk2HftAnTHwv18Rf4P8cGMi7QgJADSME1Uupdg7,0.01,9.70855057,0,837635,2022-09-14,1888835,2026-10-06,DUE_REST_OF_2026,DUST_WHOLEBOX_CLAIMABLE
031f7cda2c9f8aa90c81563a322d84d6769a73e606a24098177140b25f3f25a1,9iBKpT83g1oJgAFTYLrSN4KhhXuxHL8pk8JbVs5RB7jcbTcPBif,0.01,8.83884625,0,837623,2022-09-14,1888823,2026-10-06,DUE_REST_OF_2026,DUST_WHOLEBOX_CLAIMABLE
e8e12e43f967db5ab9c6ca099e947f7d503fd02eeb456fc86e442f30c2e511f9,9hAWUYxj6BLHrL7c8gdfcgXvK8YikDbbjrWdB2Z2QbyW6ecw9Pf,0.01,8.1875,0,837053,2022-09-13,1888253,2026-10-06,DUE_REST_OF_2026,DUST_WHOLEBOX_CLAIMABLE
87383b6ea102de304199e0ac73e376d6949f048a7bda53040e84390afb84b003,9gyGY1V6nd8okfRYHA2qVn2rXhGYBx7VJQTSVRSuirHQyGxsHAd,0.01,7.6676323,0,837609,2022-09-14,1888809,2026-10-06,DUE_REST_OF_2026,DUST_WHOLEBOX_CLAIMABLE
fbd2bec7c595706c700c2f429d94ca3e996364b789b5676d753ad73510e6a00e,9ematGjQuSCeWF3G6zcmNQ88NfJZw5ez8M45tWm8pHFykoUEsG3,0.01,7.47745894,0,837349,2022-09-13,1888549,2026-10-06,DUE_REST_OF_2026,DUST_WHOLEBOX_CLAIMABLE
a5782a0430a009aa17d7240a03b5f2efacde966343818892dae03feb543fa014,9gkyjPL7ZSxT2vBs6mS3VYVGzyiNzV7CDig8YfPxqRoBKG88h3i,0.01,6.318577,0,837293,2022-09-13,1888493,2026-10-06,DUE_REST_OF_2026,DUST_WHOLEBOX_CLAIMABLE
d74bcc12a9dc26bf75a43f72e7bddc1fbf31579d1c7520e9744f16411dff8540,9gVUZYawq2u2aqARv4RqszjECf78NgeNKrF3R93x6bb891hnGFf,0.01,6.125,0,837149,2022-09-13,1888349,2026-10-06,DUE_REST_OF_2026,DUST_WHOLEBOX_CLAIMABLE
a3d4398d69e5df7e394f26d557ba6ab4d0c9c6c1f78563448477f4d067f3db5c,9gX84CimN5NxBpZC7hqnripixFJvCiskRnFyBaDsWQHDTUnjbGM,0.01,6.01696308,0,837526,2022-09-13,1888726,2026-10-06,DUE_REST_OF_2026,DUST_WHOLEBOX_CLAIMABLE
99b172460dc679c93acf33a93af690eed3c9a305e4c109791bc69cf1f8e6dff3,9gqxmN2xSwudGQgYkT7RmhHxLunB2yQXtKGK8EUfFpry13p6jR3,0.01,5.0,0,837387,2022-09-13,1888587,2026-10-06,DUE_REST_OF_2026,DUST_WHOLEBOX_CLAIMABLE
9c0972e37a608b7941d20e9aea447aaa4b3846f375563043e42298c5f8fa88ff,9fTh5ERJVAi7AxSJZJXYHj8TDMcmBYurf37M5zg5aMeytMTbGQT,0.01,4.81621633,0,837611,2022-09-14,1888811,2026-10-06,DUE_REST_OF_2026,DUST_WHOLEBOX_CLAIMABLE
0e8a276459540127d0a33fb584de2f27abd2d83cc4b423ba992184803b5593d8,9et9TB8ucVGQhC6oyKCiQNWUqR9WDxfg8SMmf3RHFNTRqwbLGyi,0.01,4.70218101,0,837574,2022-09-13,1888774,2026-10-06,DUE_REST_OF_2026,DUST_WHOLEBOX_CLAIMABLE
2e9213dd39649c7c39d2437945c24c8f449ccd041d027eea3092c8a50fc7503f,9fFJfWUugqb1zPsVw18FHYzrvWRemGU3u23ibbo3YDqebEFef1E,0.01,4.38362302,0,837444,2022-09-13,1888644,2026-10-06,DUE_REST_OF_2026,DUST_WHOLEBOX_CLAIMABLE
57d19fd387eb54a43911c529a94d293977a8c46c17661e3e4ddf464a4fe090d9,9gJsudYdTAYEVALsJTBi42ThGwRTGyAjXQaDKgkpEdaLHjidKMe,0.01,3.74404438,0,837650,2022-09-14,1888850,2026-10-06,DUE_REST_OF_2026,DUST_WHOLEBOX_CLAIMABLE
6b32a87bc15cadb30ac61457a749a37b9ea0c3026bbe3bc7f4b418c14229e237,9h4AVb9RUhMnQhAQiL11JE1cNfMg9DbnP7fDVbtbHFnPk1UMWsi,0.01,3.65984689,0,837310,2022-09-13,1888510,2026-10-06,DUE_REST_OF_2026,DUST_WHOLEBOX_CLAIMABLE
e2c69b862185823ba01e1cfe1b21a6a533c52a81bd5c94f060c970aa54277ab1,9gJ1hhcsoutG4UXrhnUQ5o7mrHwqz1aa2LWf1v5qQKSKoTNeKEa,0.01,3.16949361,0,837472,2022-09-13,1888672,2026-10-06,DUE_REST_OF_2026,DUST_WHOLEBOX_CLAIMABLE
e86d883895fb63bb8225b09195d13d2978adb5b9ff4d549332e626c2572a5d2e,9eoNPsYKBVZe7hkcW8MBZinkcNKDEA8UCFvP7GAnm7cVuuqoWYx,0.01,2.14011177,0,837520,2022-09-13,1888720,2026-10-06,DUE_REST_OF_2026,DUST_WHOLEBOX_CLAIMABLE
f39fe5ea8c38f8db226d6a97ab060681b5a5277e542340c91a5e7e9f7772f6fb,9ematGjQuSCeWF3G6zcmNQ88NfJZw5ez8M45tWm8pHFykoUEsG3,0.01,1.64855976,0,837349,2022-09-13,1888549,2026-10-06,DUE_REST_OF_2026,DUST_WHOLEBOX_CLAIMABLE
edd6d0da438a4f351d6afdccb0cf51b60ef93fe9e8554aa0d2155c2e9281c547,9fzASXJQezFYdyrWxrJEfpYUACbXoitnjYe5PitUjmL792bm4Ms,0.01,1.54503761,0,837681,2022-09-14,1888881,2026-10-06,DUE_REST_OF_2026,DUST_WHOLEBOX_CLAIMABLE
2b14710f600f2f7bac3611a0ecf2009965658d090eb1c4f91059aed0a90eff7e,9eo56VtcE8xJhfTbdJnwQw7rVjUQfNwKPDRq85XvUufVL6wBGwg,0.01,0.9257188,0,837471,2022-09-13,1888671,2026-10-06,DUE_REST_OF_2026,DUST_WHOLEBOX_CLAIMABLE
ff571f65b6ab977acacee11d884558fe6e22b454a1b326983b620f0ff4b49052,9evshSMCQM6SjUmsA39rogXTmVCce1wHACJbFGPbgrJDMpc7w8R,0.01,0.6109282,0,837737,2022-09-14,1888937,2026-10-06,DUE_REST_OF_2026,DUST_WHOLEBOX_CLAIMABLE
ac63361fc3c6c33669b43e94f02283bc365b4d8b8c3fdc4acc6e73e4f93250c3,9gyFg9NoNaZSCjdXdEsqSd66JCBJnFMnEqzomcWkfPV6zAT5GKG,0.01,0.5053651,0,837563,2022-09-13,1888763,2026-10-06,DUE_REST_OF_2026,DUST_WHOLEBOX_CLAIMABLE
74ea400170c68cb9dbab02c46a081c876c2ec9b123ca5e6271b9de6180a3046c,9eeX8vRH64gY4kuvtuJD2KjQ4eszk9meQbVzzrRoJrXC9j3racp,0.01,4286.91235915,0,838403,2022-09-15,1889603,2026-10-07,DUE_REST_OF_2026,DUST_WHOLEBOX_CLAIMABLE
47dca652d411c5c8836c32cc0d908673fcee05dd491e92bc473f6e4c1ff993b6,9gQWJLuUBzSgBKpHeXYyVbr8oZn1YPowNvWi4ZD9Zi3k3wDTf69,0.01,4284.50436842,0,838396,2022-09-15,1889596,2026-10-07,DUE_REST_OF_2026,DUST_WHOLEBOX_CLAIMABLE
90411d9b83dc19afc425c979f923281dde07eeb67b417e083e9e7957ce5ee9bd,9eeX8vRH64gY4kuvtuJD2KjQ4eszk9meQbVzzrRoJrXC9j3racp,0.01,2192.76308928,0,838400,2022-09-15,1889600,2026-10-07,DUE_REST_OF_2026,DUST_WHOLEBOX_CLAIMABLE
aec24d58a9706bb1d83b6eb74fababb7589d646e82237a01d779492950642585,9gQWJLuUBzSgBKpHeXYyVbr8oZn1YPowNvWi4ZD9Zi3k3wDTf69,0.01,2191.86009276,0,838395,2022-09-15,1889595,2026-10-07,DUE_REST_OF_2026,DUST_WHOLEBOX_CLAIMABLE
0133a9d5bcb4f12829a990bb3563878e6024cd201ee1d9baa0dd8fb71a9ab934,9heFTfjz485iUJmKXqFpQbuAiBzFNrUKCC84d24VuGNqihKT78h,0.01,772.57028977,0,838383,2022-09-15,1889583,2026-10-07,DUE_REST_OF_2026,DUST_WHOLEBOX_CLAIMABLE
60583a6b230a0e512705fb0ce2a5312e85c02731201877aded93435ed0e33008,9hRg82rSqhDbfRAUbuhnW8Ws5uEg6KV4hjEPExnV71BmUgPzGPS,0.01,718.70487621,0,838145,2022-09-14,1889345,2026-10-07,DUE_REST_OF_2026,DUST_WHOLEBOX_CLAIMABLE
5d704c4db846c268813c60e2a62143d0f6d170408e0be54eff0031623230d78d,9h7oYDFKAWppZycmgjcVgeTvnfFni7Mg3LrZwdMx86AhDRumfSj,0.01,674.926267,0,838139,2022-09-14,1889339,2026-10-07,DUE_REST_OF_2026,DUST_WHOLEBOX_CLAIMABLE
e199250b54851fee033386fcfa21c4d22ab455f9ff88a5c38a0257926a67517f,9h7oYDFKAWppZycmgjcVgeTvnfFni7Mg3LrZwdMx86AhDRumfSj,0.01,674.42460227,0,838124,2022-09-14,1889324,2026-10-07,DUE_REST_OF_2026,DUST_WHOLEBOX_CLAIMABLE
3393eb93c0f0c5f85e483c1c9cbb534de0e1981d7495d6a3e15fa33198ae8b5c,9i7itrRMXAEWRi5BURWjGQGfYqevpyfvKRvBXYS2dwfDh3D5jL2,0.01,672.41794333,0,838257,2022-09-14,1889457,2026-10-07,DUE_REST_OF_2026,DUST_WHOLEBOX_CLAIMABLE
fe2ff1734b80f387b0d5560d8ba47e303d46f196ab435a5abae5df2d92f820bb,9gouP4Q6z4XZDBVZ1u3NJShP9pcLV4QJtrccgT2n1Ff8NuJQjvU,0.01,664.39130757,0,838287,2022-09-14,1889487,2026-10-07,DUE_REST_OF_2026,DUST_WHOLEBOX_CLAIMABLE
83ac7d477908f184ec2916275dd819e958d31877c03cb7f60aa3e131cdde3b31,9gAdjxh6jtSpWHXbqJtjnmVREPvUCS7W2uoyESSwrnuaNxGoHGY,0.01,565.66805885,0,837815,2022-09-14,1889015,2026-10-07,DUE_REST_OF_2026,DUST_WHOLEBOX_CLAIMABLE
64758600bd4529dcbeb9560af6a922904c77d0c33a85b87e2db3288bb4829f7b,9i7itrRMXAEWRi5BURWjGQGfYqevpyfvKRvBXYS2dwfDh3D5jL2,0.01,498.17894797,0,838257,2022-09-14,1889457,2026-10-07,DUE_REST_OF_2026,DUST_WHOLEBOX_CLAIMABLE
3cde52033bab2705654e1e4bcd46fb3c4a277e650c575d06aec68578dd449749,9heFTfjz485iUJmKXqFpQbuAiBzFNrUKCC84d24VuGNqihKT78h,0.01,417.59456973,0,838390,2022-09-15,1889590,2026-10-07,DUE_REST_OF_2026,DUST_WHOLEBOX_CLAIMABLE
55d0883e632a81097b2377bbbeeff1fa5d665a753373cbc1dc9f8e79488ed713,9heFTfjz485iUJmKXqFpQbuAiBzFNrUKCC84d24VuGNqihKT78h,0.01,417.43403702,0,838387,2022-09-15,1889587,2026-10-07,DUE_REST_OF_2026,DUST_WHOLEBOX_CLAIMABLE
38ae08b28e6ad488ef15dd886ee6f101d0903edc72f50b79a155d8097ea716e1,9hRg82rSqhDbfRAUbuhnW8Ws5uEg6KV4hjEPExnV71BmUgPzGPS,0.01,394.0318671,0,838147,2022-09-14,1889347,2026-10-07,DUE_REST_OF_2026,DUST_WHOLEBOX_CLAIMABLE
251c90acf8b46e3ed79de56fbe44c2dd2fd85cf1c222943622179a19fc4ad573,9hRg82rSqhDbfRAUbuhnW8Ws5uEg6KV4hjEPExnV71BmUgPzGPS,0.01,388.78445397,0,838146,2022-09-14,1889346,2026-10-07,DUE_REST_OF_2026,DUST_WHOLEBOX_CLAIMABLE
dfcf4477d16d7f099f6acb28694f4bddf383be6e12d4a00a831df689768f9447,9gBkxviaRuBwrdd5yvj43s9MrakNn5RH2YkWzGNbGGQdpdMffPe,0.01,334.55597617,0,838134,2022-09-14,1889334,2026-10-07,DUE_REST_OF_2026,DUST_WHOLEBOX_CLAIMABLE
d9dd009ed6adff96b5be664f6ae894ff22e970d5cc13d93e93f89448d060e9e9,9hF7Kqh8w6wYexupLZoDP1LVeCFrWFspWx8Mg8Lz5YbxhQfS2ZM,0.01,299.2118349,0,838068,2022-09-14,1889268,2026-10-07,DUE_REST_OF_2026,DUST_WHOLEBOX_CLAIMABLE
7d98b30509ca93c272fe1a8bc3e3ed8e3b9163bc7a7f3a3bb9775cdce911de66,9g2pabe13hJTxze4gtws4yyUfXNguq91p6ZLT6vb72W7sE9LbKu,0.01,265.15195149,0,838316,2022-09-15,1889516,2026-10-07,DUE_REST_OF_2026,DUST_WHOLEBOX_CLAIMABLE
e61d277a27be9470142bfd698e574496041885abca562fa7c31cc13348c682d5,9hF7Kqh8w6wYexupLZoDP1LVeCFrWFspWx8Mg8Lz5YbxhQfS2ZM,0.01,248.55570173,0,838068,2022-09-14,1889268,2026-10-07,DUE_REST_OF_2026,DUST_WHOLEBOX_CLAIMABLE
1c24f75355f4e2ace72c149ce5dc524b358f0da46256e72fbbe50d87750b3401,9fqWSjA4KgcPX2huVkpQk47AD4DwwTBTXquWxBy6LiBkYb9igam,0.01,210.83474549,0,838292,2022-09-14,1889492,2026-10-07,DUE_REST_OF_2026,DUST_WHOLEBOX_CLAIMABLE
6b9ccc00d059cac8f4ee086a3af3c2185cf34da2f0efc8e5e546681814362baf,9ern77AwEGmLaFxB3fbK4FwF3bekWAahHQTA6VgEPFiRiMUx6au,0.01,188.45650903,0,838086,2022-09-14,1889286,2026-10-07,DUE_REST_OF_2026,DUST_WHOLEBOX_CLAIMABLE
8b4a3e71b71cbc3625bd3a4e5e9d944d8a2b79a88282d3e37a004cfe321b5e01,9ftaAvck9QBerRksF8fDM2EcWYreyGPGdRRDtGswn6WuG9pqWg9,0.01,171.7173766,0,838442,2022-09-15,1889642,2026-10-07,DUE_REST_OF_2026,DUST_WHOLEBOX_CLAIMABLE
fb1ccf315c78739fa5f1fa51ed54f7a4fd299a7752e8e95bf1a3b7d1bb9e32db,9euwpxfoje9Az8svokxJgNANUeECQhThNKXkFwiXeMTqdbRyumQ,0.01,170.33807618,0,838411,2022-09-15,1889611,2026-10-07,DUE_REST_OF_2026,DUST_WHOLEBOX_CLAIMABLE
ca9583af700917673e8bfd0c5b1c09d1bc1c53364b04136b9b6399c259d3037d,9h7oYDFKAWppZycmgjcVgeTvnfFni7Mg3LrZwdMx86AhDRumfSj,0.01,163.39967763,0,838139,2022-09-14,1889339,2026-10-07,DUE_REST_OF_2026,DUST_WHOLEBOX_CLAIMABLE
c56bfc9c0939833caa3de6f3c0228671a8698bf40ef8672fdaf79ee4e652a177,9hgTjKzdmA7mtUKaVffXkECQqStsnZgmGTV1cc5YZ5tfrW89pmb,0.01,162.20060311,0,838053,2022-09-14,1889253,2026-10-07,DUE_REST_OF_2026,DUST_WHOLEBOX_CLAIMABLE
6a02a9d827061e07e2914ce7834940f100a5cc90eb8427fe3bfe8d96dd27281a,9hx4dUtpneqEB3oNNqcPu8ypFaFS4PeMQz4WE4vAq4GCe4SCeUr,0.01,161.74384397,0,837984,2022-09-14,1889184,2026-10-07,DUE_REST_OF_2026,DUST_WHOLEBOX_CLAIMABLE
30618608fe4dbba5612328fdcdcdd252fd8317dc83d0005144c085b6ce72e8d6,9htGhFV5UqH3hbQDYPPpGDMgLTAW44fjXwnorPfcDRDcT478M5b,0.01,156.63997437,0,838420,2022-09-15,1889620,2026-10-07,DUE_REST_OF_2026,DUST_WHOLEBOX_CLAIMABLE
adf9bb0bf7f8f3d4b8bf3ae2f753ebab10f5ea2a4bf46ba2bde6165aed818791,9gouP4Q6z4XZDBVZ1u3NJShP9pcLV4QJtrccgT2n1Ff8NuJQjvU,0.01,139.54446527,0,838287,2022-09-14,1889487,2026-10-07,DUE_REST_OF_2026,DUST_WHOLEBOX_CLAIMABLE
91122e633880ecbc0d27aade2ccdca3bbe9fc12bee3bc676edfefbb28c391244,9h7oYDFKAWppZycmgjcVgeTvnfFni7Mg3LrZwdMx86AhDRumfSj,0.01,122.5625,0,838140,2022-09-14,1889340,2026-10-07,DUE_REST_OF_2026,DUST_WHOLEBOX_CLAIMABLE
6efd05e722449c6a6e19b1c2aa181dcd6d540ca31b0923cce2075b96d1a5d09a,9gHZ2kRsaQqRytw6JuMSX988DnwTT6m7w4SXaBkmHMrzCP6J9FD,0.01,114.11941339,0,838262,2022-09-14,1889462,2026-10-07,DUE_REST_OF_2026,DUST_WHOLEBOX_CLAIMABLE
2bb2e13b593fab46923cc2ec97b68e3676ac90c495a7bf66309ec775d7de4cc9,9gHZ2kRsaQqRytw6JuMSX988DnwTT6m7w4SXaBkmHMrzCP6J9FD,0.01,114.06590248,0,838261,2022-09-14,1889461,2026-10-07,DUE_REST_OF_2026,DUST_WHOLEBOX_CLAIMABLE
9b9a74a325334928be8a7261f3f2a4367e7887ae7464a17b6567126f06b631c5,9etrFyKiYkEuHaxR5a3vFhatcBqAU6gbZuCpCsc7Ft3Cu7kxiSk,0.01,111.97478252,0,838130,2022-09-14,1889330,2026-10-07,DUE_REST_OF_2026,DUST_WHOLEBOX_CLAIMABLE
d4c3d21c48f36b8fa9555555b915008f18c4032ba646fe995d5be5dd74f1c97c,9goV4q9mkM1do7sXFDfxqEaeTZqR38qe3MFzBcRvWVDeMdA4Cgg,0.01,106.29594443,0,838019,2022-09-14,1889219,2026-10-07,DUE_REST_OF_2026,DUST_WHOLEBOX_CLAIMABLE
1bfb0da595a6180430f2e8ed1c816242ee092c8f60f0a977931d13c275a85cfc,9hcmAaeWDPKQWPi5EaygfaEaNuycM8JKqbbcc2eACfHZ2Avx3GE,0.01,103.23184396,0,838385,2022-09-15,1889585,2026-10-07,DUE_REST_OF_2026,DUST_WHOLEBOX_CLAIMABLE
0657a855c5a8233760283af31036ef192cdbd0312530c905107955cb6ca94292,9fgUCP6jeAb6jKUCkq9Ycj4f9if2NMMy1Kdu3kH83QznCqcUaU9,0.01,101.02181014,0,838189,2022-09-14,1889389,2026-10-07,DUE_REST_OF_2026,DUST_WHOLEBOX_CLAIMABLE
69eeb74db2767eccd481f0491ccb7c33c2fe3c611f2ae58985ca67ab31fc3449,9fT1KYuW91xyfwk2UYJpmob7GdTn5r2zfmWcPs1HuFfBhhGtoUn,0.01,90.74953828,0,838287,2022-09-14,1889487,2026-10-07,DUE_REST_OF_2026,DUST_WHOLEBOX_CLAIMABLE
02356df69293fe12a7fcf035c92ccc5ded14b5a2eab65988d8359cb659b0713b,9gxGUBgHahvd6sEeArBwHdZ9ScyAXy9Q6hvjrTpNEHX9kcMz75b,0.01,73.12554577,0,838432,2022-09-15,1889632,2026-10-07,DUE_REST_OF_2026,DUST_WHOLEBOX_CLAIMABLE
9d5ca13ed834c91a435599ba1eb09493f19e2d54a79a9431cdd7f1056e841a37,9hGdRHSorA5bShLmTez1fBLcbNBrHrRMA4G9JbwcwfQjHjt7qV1,0.01,71.98131644,0,837861,2022-09-14,1889061,2026-10-07,DUE_REST_OF_2026,DUST_WHOLEBOX_CLAIMABLE
8e0b785e7c294e2bf9f63eb0e2ab698c42725997607ba8a5688e63bb6508c426,9g9VyHMx8YVcayVDuzVQzVfNESxQUzXspDD3Tr6TR89e6PpPWHs,0.01,67.2864508,0,838431,2022-09-15,1889631,2026-10-07,DUE_REST_OF_2026,DUST_WHOLEBOX_CLAIMABLE
72d3ba6a4f8291dd2d9e29478c24e494d6ae73d0bfb91c789cfa1527724a0341,9h7oYDFKAWppZycmgjcVgeTvnfFni7Mg3LrZwdMx86AhDRumfSj,0.01,60.6875,0,838140,2022-09-14,1889340,2026-10-07,DUE_REST_OF_2026,DUST_WHOLEBOX_CLAIMABLE
0bd4557c687fc7497465c07b1c2c46f9823fbf44c380d6172f91626abd10cf43,9heFTfjz485iUJmKXqFpQbuAiBzFNrUKCC84d24VuGNqihKT78h,0.01,58.7315029,0,838387,2022-09-15,1889587,2026-10-07,DUE_REST_OF_2026,DUST_WHOLEBOX_CLAIMABLE
e7b9e5828b3cffab3ade201a01a47dda0fc5d101c74c9e7e3522bf63886ab8ee,9fBxqgv9znbEftFqGTzmxoCiFWGNjpx3uHsmTgVfTiy6CkzCF3v,0.01,57.99060027,0,837806,2022-09-14,1889006,2026-10-07,DUE_REST_OF_2026,DUST_WHOLEBOX_CLAIMABLE
fecedc4a622ac66b16201aa713826867550d82d9462ce675764a0fb56f6cb6c4,9hgkGVy6GNDUG9g1d2gdxkr8d4J5MQz7KqkiT5S8hgGF8Qie1Xe,0.01,57.32202792,0,837916,2022-09-14,1889116,2026-10-07,DUE_REST_OF_2026,DUST_WHOLEBOX_CLAIMABLE
64374aee98da0731ac4864521d301216a2663c71e8cf287e91182c6c5e312d67,9heFTfjz485iUJmKXqFpQbuAiBzFNrUKCC84d24VuGNqihKT78h,0.01,55.82181751,0,838385,2022-09-15,1889585,2026-10-07,DUE_REST_OF_2026,DUST_WHOLEBOX_CLAIMABLE
ba86362b6a186797cfbd3d812b43e255779029f89e84e325ec6bbdf435ca90eb,9fgYQZXYCgzbSVSgxLaStLstT7U43qtPSuR8Ys5daMoKRBZNcav,0.01,54.74111989,0,838366,2022-09-15,1889566,2026-10-07,DUE_REST_OF_2026,DUST_WHOLEBOX_CLAIMABLE
b3b0da10988bceebee826e1d069bbb1ae873ba44ff1b2f2149dd8be87f43d27f,9g1ejtdKBRkoczaRb11cLmaXbqy1gSpSXFBg5bCi9HTzLgMCKTF,0.01,53.77788314,0,838060,2022-09-14,1889260,2026-10-07,DUE_REST_OF_2026,DUST_WHOLEBOX_CLAIMABLE
6de798572912bcb9dc27504fbaf980fe2cecb2a26eae0b03a3dbb2fc71bbaae0,9heFTfjz485iUJmKXqFpQbuAiBzFNrUKCC84d24VuGNqihKT78h,0.01,52.52755242,0,838384,2022-09-15,1889584,2026-10-07,DUE_REST_OF_2026,DUST_WHOLEBOX_CLAIMABLE
23993c1fd54928fe13a896be4a83783f2cbe7b258e739e973925975e7307a2a9,9gSvUpYEdSjjUAri5zjHdi6q57hbeGtBqsqEr1imG2kEjJCqczh,0.01,51.3603771,0,837838,2022-09-14,1889038,2026-10-07,DUE_REST_OF_2026,DUST_WHOLEBOX_CLAIMABLE
76a6b186d1c78d0ba692bde5de974a0b139314119a91db4b159d14d0f88ff815,9fqg2y15qFd2mWCRxUYy21fiuxK77fhH42DRoAo297kntQaoKU6,0.01,50.72373614,0,837948,2022-09-14,1889148,2026-10-07,DUE_REST_OF_2026,DUST_WHOLEBOX_CLAIMABLE
f15559e9bec8440096f95ea971b5969297e868a9cfe489f9158c1c91c487a90c,9gnM5CsGSD49dvcc3NpAT5LD3EfdLmJ7nHBh34KzCxLiEQqDmPX,0.01,50.49689919,0,837959,2022-09-14,1889159,2026-10-07,DUE_REST_OF_2026,DUST_WHOLEBOX_CLAIMABLE
9824a94897268656ee73b69841b3744acd6ae1e027e428a473f6083ae711bb60,9g2pabe13hJTxze4gtws4yyUfXNguq91p6ZLT6vb72W7sE9LbKu,0.01,49.75116179,0,838315,2022-09-15,1889515,2026-10-07,DUE_REST_OF_2026,DUST_WHOLEBOX_CLAIMABLE
c80e6060ddc02847716a2e439668f663fd518982b597f39c707577c4eee05f8a,9fnx81XAB639D7vyU6jyeELrq67yyvVGXMv8vkMSiuXQ9pz7AUT,0.01,49.31689811,0,838390,2022-09-15,1889590,2026-10-07,DUE_REST_OF_2026,DUST_WHOLEBOX_CLAIMABLE
b3122e4c7a88a031b2d8fe2afeed4ab2cc4c7042f6815ef720a4d24f77f49f75,9gWanL6cYFeGc4hoaqhhJgEcb1wubS9yeL37iumxhtJnMbhasnU,0.01,49.26338641,0,838242,2022-09-14,1889442,2026-10-07,DUE_REST_OF_2026,DUST_WHOLEBOX_CLAIMABLE
93198b99e1c87caf54ec7a7bb23b824ebd5c4e21c4f9a9c5c9876e30d05e73bd,9heVFtADSnqfXnStTbfSC7aGuY7nQ82RHqP5NgDsjDJMGF26SE7,0.01,49.01589927,0,838377,2022-09-15,1889577,2026-10-07,DUE_REST_OF_2026,DUST_WHOLEBOX_CLAIMABLE
001b6d8fd91a92ed8a753d4b28d96ae9fab906941186603730f387f1594e4530,9eiGcT6rjwxrxBn6bgyRh2mMfcBkYqF11KBohTwsvFApGGXaR3y,0.01,48.97518693,0,837844,2022-09-14,1889044,2026-10-07,DUE_REST_OF_2026,DUST_WHOLEBOX_CLAIMABLE
2bc5144ff493d1adce3c1312ce61c516689e0349c5918c5134f7655191c4cb40,9haKpgizU76AyXA8ipkVM4Nnjs5kL2vPoRfQodWB5bZgSgA8kVb,0.01,48.59364087,0,838299,2022-09-15,1889499,2026-10-07,DUE_REST_OF_2026,DUST_WHOLEBOX_CLAIMABLE
729f0a7505dcdf437af5a4a9bd19b89605c597e9e2b0432e468c2ba4b92d30e5,9fGAqmUd7A1f1DiPXjwWZv9Dzu1R3Ra4iUKnEFaFNPuSV2u6BSa,0.01,48.41390159,0,837949,2022-09-14,1889149,2026-10-07,DUE_REST_OF_2026,DUST_WHOLEBOX_CLAIMABLE
fb79980f0cd1e8ec8aac213e1ba979cdda2594297750b777a6025c3826fb40a7,9etaoiYJ8ATi3VHbb4vifpdvKmiuefDNUNUdP7gqGVf1mKLhD95,0.01,47.81190391,0,838072,2022-09-14,1889272,2026-10-07,DUE_REST_OF_2026,DUST_WHOLEBOX_CLAIMABLE
bd1d1ac45519036f8ca48fc2e448c4984567b9822c2263d14fe1dc7bad708636,9fGXsRqtbSxdJLPdoZva4JpRfgEFRXJDwKYLXrcfkd3f6TR5wLr,0.01,47.81190391,0,838199,2022-09-14,1889399,2026-10-07,DUE_REST_OF_2026,DUST_WHOLEBOX_CLAIMABLE
62d95fd703de675713c93cd390b5d16c8d4b2c91c7b7fc4b916118d1c490a526,9gZPj4XMk8RTFN2WVqUGPbMT2H5yrZxaoMgLyLbMYmNAbdG7gz1,0.01,47.51090507,0,838376,2022-09-15,1889576,2026-10-07,DUE_REST_OF_2026,DUST_WHOLEBOX_CLAIMABLE
c8a2a630e2e250be39c298787130d22c3678ed6adf90e576fa6d3dc7840a8f4b,9gBvMqZZBHspEo8yQmB8PCPjxLJR4rXa9WaR8w9QRNQiqhTUy6o,0.01,45.15421553,0,837899,2022-09-14,1889099,2026-10-07,DUE_REST_OF_2026,DUST_WHOLEBOX_CLAIMABLE
2f075f293c492f99a55f682f32bc360e2d09df0772f0d6a546483b0b8cddddbf,9i7itrRMXAEWRi5BURWjGQGfYqevpyfvKRvBXYS2dwfDh3D5jL2,0.01,44.75,0,838257,2022-09-14,1889457,2026-10-07,DUE_REST_OF_2026,DUST_WHOLEBOX_CLAIMABLE
4ffd7b16a9a9d5ceb31891c2310e44cdffcde6801735d1a961f0056beaf78f66,9gsHAQykKeQgYvB5qQyChrstkprmAvNJYkzeRhwCVSBqdizdqbe,0.01,38.89960594,0,837909,2022-09-14,1889109,2026-10-07,DUE_REST_OF_2026,DUST_WHOLEBOX_CLAIMABLE
574436dc88dcbfc3df3c7e647a4e526734c0fa7b903641986e0472c5aaf63e2d,9hDCvu4xFJcQedRZgSENmb6UzZdRp6taRTvLScJaCGnSQs9V46Z,0.01,36.63647504,0,838051,2022-09-14,1889251,2026-10-07,DUE_REST_OF_2026,DUST_WHOLEBOX_CLAIMABLE
9dbb259fd7ddfb30f9574455c9863e60b1f00b6073ade427e95682db5f74ed39,9hRg82rSqhDbfRAUbuhnW8Ws5uEg6KV4hjEPExnV71BmUgPzGPS,0.01,35.24857665,0,838145,2022-09-14,1889345,2026-10-07,DUE_REST_OF_2026,DUST_WHOLEBOX_CLAIMABLE
3dc1f3b3d5024726316dcce9dd82d789b5a7744c9bba8bcd15e8b3a8dede4cb4,9gFrH6Yx2Kp3nRzFen1kXGX7Z4CyRXXG1GgZaiqZ7E1BJFSUnC1,0.01,32.47182421,0,838194,2022-09-14,1889394,2026-10-07,DUE_REST_OF_2026,DUST_WHOLEBOX_CLAIMABLE
470859df8bd5ab82e3a322b3973e168232c6775033a54a77a0ebc31c24a1c9ff,9hRg82rSqhDbfRAUbuhnW8Ws5uEg6KV4hjEPExnV71BmUgPzGPS,0.01,32.33889127,0,838145,2022-09-14,1889345,2026-10-07,DUE_REST_OF_2026,DUST_WHOLEBOX_CLAIMABLE
4a77284d5d4bdf7bfa1fe00158042f45005a4fe152fc1fc69467fe1dc5624be6,9ffHDkLqvRXd3kkqUHtm9NH8AbQqUQzCbj9dAAgLo1hUufo8F2p,0.01,31.51118726,0,838252,2022-09-14,1889452,2026-10-07,DUE_REST_OF_2026,DUST_WHOLEBOX_CLAIMABLE
1cb65d55d40e013712ea05043b481c220acb27a70a2819a014caf110d1b07d9b,9fnTN4B5T8S25kqxrawqkbcWx4SmyWmfPrBg7eA9yUF3nnqWvqm,0.01,30.92260155,0,838122,2022-09-14,1889322,2026-10-07,DUE_REST_OF_2026,DUST_WHOLEBOX_CLAIMABLE
3bdcc1adc2130678498f3d22a70ccdd076866c38a5b3d8455f41b0d9aff9ec5a,9htGhFV5UqH3hbQDYPPpGDMgLTAW44fjXwnorPfcDRDcT478M5b,0.01,30.58919442,0,838420,2022-09-15,1889620,2026-10-07,DUE_REST_OF_2026,DUST_WHOLEBOX_CLAIMABLE
d7cdd0965ffb8f06b32c1e8076432f7f27427d0975dbc2f2d90704959fbc45fc,9iFxMYaSwHWQQmQc6inf4bGqpdKovaHd3Uv6epADTzGGaUdPWVL,0.01,30.3125,0,838184,2022-09-14,1889384,2026-10-07,DUE_REST_OF_2026,DUST_WHOLEBOX_CLAIMABLE
d1553c641d8909da597c16090919125d8a122f00be44f3cd8fc823027c669c86,9g2pabe13hJTxze4gtws4yyUfXNguq91p6ZLT6vb72W7sE9LbKu,0.01,30.31243599,0,838316,2022-09-15,1889516,2026-10-07,DUE_REST_OF_2026,DUST_WHOLEBOX_CLAIMABLE
c671a584846cf2a548e48be968f0dd125edb4a468e9a4bee7c28a98005f52fc5,9hRg82rSqhDbfRAUbuhnW8Ws5uEg6KV4hjEPExnV71BmUgPzGPS,0.01,30.26868813,0,838145,2022-09-14,1889345,2026-10-07,DUE_REST_OF_2026,DUST_WHOLEBOX_CLAIMABLE
c6be68be26db2c541a6376b8741d79c473d3598d97d1391b2f384fde54432725,9fGXsRqtbSxdJLPdoZva4JpRfgEFRXJDwKYLXrcfkd3f6TR5wLr,0.01,30.03776738,0,838199,2022-09-14,1889399,2026-10-07,DUE_REST_OF_2026,DUST_WHOLEBOX_CLAIMABLE
ec8f17920d91578c232e0164e07e1634c0a79903b8f98c16a5adf159f34ad6b5,9hgKAeZhAGd65eXcgLpmvSuYbbxo3JdQzeFJ4NYXWt8Gvfy3kEp,0.01,29.84716843,0,838299,2022-09-15,1889499,2026-10-07,DUE_REST_OF_2026,DUST_WHOLEBOX_CLAIMABLE
5981ba36e5408476adf08635392e980879cbf181538f2a2a9afbcd81454c3e90,9iCGWaHZxPtJvxfXoh3fuwfQkYZX6rFLQfRSXTp4AkfPMxFDp68,0.01,27.15034529,0,837782,2022-09-14,1888982,2026-10-07,DUE_REST_OF_2026,DUST_WHOLEBOX_CLAIMABLE
591960aca4edf728f4040066b791889f5fb7123e71be9cf7d49cea3ed941a4b9,9hBiXt7LRAc26b4RfcMdHjyBtNF1kukVKQSz3Y5CwfzAhDUbWgk,0.01,26.87079263,0,838123,2022-09-14,1889323,2026-10-07,DUE_REST_OF_2026,DUST_WHOLEBOX_CLAIMABLE
35769f560643da354c209a0eca594717c773d55b991112cb7493dd3b311c462f,9ftaAvck9QBerRksF8fDM2EcWYreyGPGdRRDtGswn6WuG9pqWg9,0.01,26.51893424,0,838442,2022-09-15,1889642,2026-10-07,DUE_REST_OF_2026,DUST_WHOLEBOX_CLAIMABLE
0c9cf13a4f4412d0e1f5876f5110b94700055a3ac66db3090a946e70f0241711,9ftaAvck9QBerRksF8fDM2EcWYreyGPGdRRDtGswn6WuG9pqWg9,0.01,26.35840152,0,838442,2022-09-15,1889642,2026-10-07,DUE_REST_OF_2026,DUST_WHOLEBOX_CLAIMABLE
68da3fd668963d83ab1201a4bc08801be4201309d6151d3eee15fa1932012da5,9ftaAvck9QBerRksF8fDM2EcWYreyGPGdRRDtGswn6WuG9pqWg9,0.01,25.95424048,0,838442,2022-09-15,1889642,2026-10-07,DUE_REST_OF_2026,DUST_WHOLEBOX_CLAIMABLE
4f0a489986fe9a368f81ca6525621c5cb11af99de5d89a5e47d8f38a9e1aa313,9gKUDfCGjw9buguZCncyf2NZUviK6qb4yg4V9B6YzGQdfQox4gB,0.01,21.94578762,0,838186,2022-09-14,1889386,2026-10-07,DUE_REST_OF_2026,DUST_WHOLEBOX_CLAIMABLE
061724f278bb7c72c9d54e9651e848fc6c053c9ebd0ef451e00419f06310aadf,9fp9shDK9HLamKabMDTN6duZ1kNVnhRh8cPKweAC3hBj2oT3exY,0.01,21.70366438,0,838053,2022-09-14,1889253,2026-10-07,DUE_REST_OF_2026,DUST_WHOLEBOX_CLAIMABLE
0cfb8e047fa77d6546e2def2cb2f783ab40dc8b82b91944c8fc72e6ecbb69bd6,9et4iVMXcRt9HjF9dm1Lxyu5Q3AUmjCY3TxkhSLU9gnCg2dg27q,0.01,21.46283215,0,838068,2022-09-14,1889268,2026-10-07,DUE_REST_OF_2026,DUST_WHOLEBOX_CLAIMABLE
6cf15f8da22e4a3e45ba22536b7bffc21874a2276437d5b7fcbea87081bf2f65,9gQWJLuUBzSgBKpHeXYyVbr8oZn1YPowNvWi4ZD9Zi3k3wDTf69,0.01,20.0949273,0,838398,2022-09-15,1889598,2026-10-07,DUE_REST_OF_2026,DUST_WHOLEBOX_CLAIMABLE
22b96f039e3b78b6a54e65775de979dfe8dad67c2d7259243a14763fd7afd8b0,9h5mJadFg7keoYNvsrs31uZsNkbnJasY3Py1PhZGLCQHmbwNiNo,0.01,16.88616808,0,837756,2022-09-14,1888956,2026-10-07,DUE_REST_OF_2026,DUST_WHOLEBOX_CLAIMABLE
19ef1de68cf84ae50602c8c6732406b1b1e5d5abbd3f58c6d00c81fd26372ac4,9hsR4VKoR5zgi3htqm2ZpE3qV3ePeikbP6jjG488XV93JUSXEVr,0.01,16.56372775,0,838184,2022-09-14,1889384,2026-10-07,DUE_REST_OF_2026,DUST_WHOLEBOX_CLAIMABLE
8be6f812b7dcae5074a09c5061eb23a37104b278d5ce7675b6f9556da13d8e56,9hHaSpGVXXzHPQMGDHJaJ1fRNorspdRrVUqdab5mD4aMdc7CnME,0.01,16.04612177,0,838064,2022-09-14,1889264,2026-10-07,DUE_REST_OF_2026,DUST_WHOLEBOX_CLAIMABLE
68b6eb84b712756eb079c280a4d56f9cad7cdd496ce59cb96343b063b0f89a98,9eeX8vRH64gY4kuvtuJD2KjQ4eszk9meQbVzzrRoJrXC9j3racp,0.01,15.97461753,0,838410,2022-09-15,1889610,2026-10-07,DUE_REST_OF_2026,DUST_WHOLEBOX_CLAIMABLE
c985232306b11798ab5b2040ff4ebb002a1f131980d6d82b730c286c2b0e32a8,9fFoRtNB1y1bt5oGSpkM6Zqd9rHoTgBgK9Q8s24oF6VuNgGgUPc,0.01,15.84264225,0,838105,2022-09-14,1889305,2026-10-07,DUE_REST_OF_2026,DUST_WHOLEBOX_CLAIMABLE
afde18f0f93b9343b19267b45c1f5a6fc75d781f636e7dae8f9ebd43c1b0d2ea,9gQWJLuUBzSgBKpHeXYyVbr8oZn1YPowNvWi4ZD9Zi3k3wDTf69,0.01,15.52311927,0,838398,2022-09-15,1889598,2026-10-07,DUE_REST_OF_2026,DUST_WHOLEBOX_CLAIMABLE
13c25390814cbb54d3f7cfa66e9a22f70cccfc7d59c01dc4a53bc2e42d6a9ecf,9gQWJLuUBzSgBKpHeXYyVbr8oZn1YPowNvWi4ZD9Zi3k3wDTf69,0.01,15.33965574,0,838395,2022-09-15,1889595,2026-10-07,DUE_REST_OF_2026,DUST_WHOLEBOX_CLAIMABLE
6c11764f065d9110a5ed8c22c6b56116a962668afcb0ccc06065fc9abac465cc,9ffyhPzJJTXvw6Kgs8YUSWnRSYXA7xGSLnrvv5h6fsijjbLYgUX,0.01,15.29606625,0,838377,2022-09-15,1889577,2026-10-07,DUE_REST_OF_2026,DUST_WHOLEBOX_CLAIMABLE
7ada165a31cd84623173f683c61532d39a8930f25b16788337b513f93cb7e625,9gPqPMp7N93jy5sAqLaYdctjHQhFHLSuc3EhPe6HFF5cn1YMdZ1,0.01,14.81527803,0,838051,2022-09-14,1889251,2026-10-07,DUE_REST_OF_2026,DUST_WHOLEBOX_CLAIMABLE
b10b63177c617d26194fbb2e2e77809bd6be26e6dc86644a85e8a201d80114ca,9fwtVF7NCcrkPdV7gEZC3NyXjNQyHLwmbWsgv81Ut8LofKA5GyX,0.01,14.74662144,0,838211,2022-09-14,1889411,2026-10-07,DUE_REST_OF_2026,DUST_WHOLEBOX_CLAIMABLE
b2ffc32a5bd4806c0556c10be2e991e66d4ec1df3d3350dae5961115e9a501fa,9hwFw9ZtfL8n3yk1789Q6KWRaw43K44Tj4VdoMaLazfjGoUVaNn,0.01,14.2175658,0,838036,2022-09-14,1889236,2026-10-07,DUE_REST_OF_2026,DUST_WHOLEBOX_CLAIMABLE
009e48e368e7a61a5fc5115f947c6cfd7bc8e8811301078b87327dd0b6bb0724,9eeX8vRH64gY4kuvtuJD2KjQ4eszk9meQbVzzrRoJrXC9j3racp,0.01,14.13515025,0,838404,2022-09-15,1889604,2026-10-07,DUE_REST_OF_2026,DUST_WHOLEBOX_CLAIMABLE
d6c9ad1126c9262b87dd1579ddc9e9758cbd368099c15bbdcc5e00a65b7ee5ca,9fowo5FttsnEona948eLtbRwtTjvXSwTRRa5FF7P9DJjXc3rHdS,0.01,14.0,0,838313,2022-09-15,1889513,2026-10-07,DUE_REST_OF_2026,DUST_WHOLEBOX_CLAIMABLE
32db17d1969b121073ab7df0a5889e682cc02f646a64025a7077c2b4986ccfe8,9eeX8vRH64gY4kuvtuJD2KjQ4eszk9meQbVzzrRoJrXC9j3racp,0.01,13.97461753,0,838412,2022-09-15,1889612,2026-10-07,DUE_REST_OF_2026,DUST_WHOLEBOX_CLAIMABLE
87c9d50db75f6f7d1623180e24de148010cca3e73758b3f141abafe4075ac0cd,9i22jdqPiwEKMHpoCo7bGFLfZ8LAkSePVAdW2j18sQxsYSTTXMB,0.01,13.8869145,0,837957,2022-09-14,1889157,2026-10-07,DUE_REST_OF_2026,DUST_WHOLEBOX_CLAIMABLE
31dd36b0423776a54a1751c18309eecb38a3cc9a0886d329cf8d86145a738e93,9eeX8vRH64gY4kuvtuJD2KjQ4eszk9meQbVzzrRoJrXC9j3racp,0.01,13.86759572,0,838412,2022-09-15,1889612,2026-10-07,DUE_REST_OF_2026,DUST_WHOLEBOX_CLAIMABLE
1717ab3944d2abd40dafef57a92a0b240d263b58c5252ead8b72fe43768b6a80,9gQWJLuUBzSgBKpHeXYyVbr8oZn1YPowNvWi4ZD9Zi3k3wDTf69,0.01,13.41609746,0,838397,2022-09-15,1889597,2026-10-07,DUE_REST_OF_2026,DUST_WHOLEBOX_CLAIMABLE
3fd30120a4faf6415764a976f0b898901e4071fd07ef818c58f409fd377853cb,9eyF21bNR2d8UqzwSMWEMDJ9Q8JiJuqq7rdJoF5CgQhEfvZToLK,0.01,13.35082798,0,838342,2022-09-15,1889542,2026-10-07,DUE_REST_OF_2026,DUST_WHOLEBOX_CLAIMABLE
26cd72c0d479ec2dc0c22d0e566d23dcfaf4cf820e447b6d0a71119d079fd827,9eeX8vRH64gY4kuvtuJD2KjQ4eszk9meQbVzzrRoJrXC9j3racp,0.01,13.06493215,0,838404,2022-09-15,1889604,2026-10-07,DUE_REST_OF_2026,DUST_WHOLEBOX_CLAIMABLE
d682e099b036acab796f1807d0d83de6ec5cd87864258fdedf2eb345f56faee9,9i5cZ2RTRRwBVixWpZp4x5WsFxZJU1Wka6HdMTbguCvXECzvQzs,0.01,11.96416965,0,838412,2022-09-15,1889612,2026-10-07,DUE_REST_OF_2026,DUST_WHOLEBOX_CLAIMABLE
e8fcaec3a0d193a30064e7fbb716fcee8da1f5b9953d04b6e1372d95bd43a66a,9hxZqJ886g5vnxjapQHE1TGaiXEj3TgLhKTXEeev7QKLZ3w6bJm,0.01,10.60952278,0,838095,2022-09-14,1889295,2026-10-07,DUE_REST_OF_2026,DUST_WHOLEBOX_CLAIMABLE
4bdb109aba54b8270c547baad14a20c6052a15f02805fef29c2125ddf50e47bb,9fEV7x8uGH6cRMZ1MrPXZSGKDZG8YuhBmHK5h5k2dmi2XjtfAYC,0.01,10.19005487,0,837774,2022-09-14,1888974,2026-10-07,DUE_REST_OF_2026,DUST_WHOLEBOX_CLAIMABLE
42e9aa04b5b20070a385566bc910ee2c4ccc50bf24c1feaa5e6f8a4a7508f6a5,9hx4dUtpneqEB3oNNqcPu8ypFaFS4PeMQz4WE4vAq4GCe4SCeUr,0.01,9.78827845,0,837984,2022-09-14,1889184,2026-10-07,DUE_REST_OF_2026,DUST_WHOLEBOX_CLAIMABLE
20eead3e6218763fca1f7ade178df6a9600f5df4ef30ec7de29516c2e5120750,9gfyxbQDMe4fAKonv1apiCQodU8sNfTF5teq5mq7f7yCUnU2KDv,0.01,9.37719116,0,838345,2022-09-15,1889545,2026-10-07,DUE_REST_OF_2026,DUST_WHOLEBOX_CLAIMABLE
f1acf9ddc6c10b7dd4aec25e46674fe2a899b50a7a4f43e4e0bd1c562c92951c,9gQWJLuUBzSgBKpHeXYyVbr8oZn1YPowNvWi4ZD9Zi3k3wDTf69,0.01,9.23723022,0,838396,2022-09-15,1889596,2026-10-07,DUE_REST_OF_2026,DUST_WHOLEBOX_CLAIMABLE
f8645125eed08ddf2ec5d024d74300ab1e905d4f0e356fac613e29e12be72e6d,9gQWJLuUBzSgBKpHeXYyVbr8oZn1YPowNvWi4ZD9Zi3k3wDTf69,0.01,9.18371931,0,838398,2022-09-15,1889598,2026-10-07,DUE_REST_OF_2026,DUST_WHOLEBOX_CLAIMABLE
9adcd15c8eff94e2fae2de68a48916cb47f3de2c9dedc6b61bd15b0553d39018,9iQTZSXbi3zBKFPVGTjGBMviQa4wwXqUXRmMBe5pGxn9wdEa4oU,0.01,8.92149888,0,837971,2022-09-14,1889171,2026-10-07,DUE_REST_OF_2026,DUST_WHOLEBOX_CLAIMABLE
bbe10cea189b57874185e7d80d8f9c3a2f3964a0e6a427016cd2c30d05434b45,9goqikhnpBaBbrkVHmKyW5BKvXmuLsDFZDp4Z7nXvnHVuzNjWEd,0.01,8.87607442,0,838119,2022-09-14,1889319,2026-10-07,DUE_REST_OF_2026,DUST_WHOLEBOX_CLAIMABLE
c1c6cc0bd1e25751c1ed562e7cb4a39f3eb148c225f10a404a9d34614081eea4,9ewYU77rE6hpah2tYVmsnzwqJoykfzZCoWKZebzJn52ABLjPgEL,0.01,7.90992692,0,838014,2022-09-14,1889214,2026-10-07,DUE_REST_OF_2026,DUST_WHOLEBOX_CLAIMABLE
f4abc0cf8c140b8090052038ca138d9a134fdf947e02ff8e8fb24459738b38a3,9epRwdRNSpn685tJR5JbzTQEs8aodhY2UYNEobPrxXWwZAhugU6,0.01,7.58228485,0,837818,2022-09-14,1889018,2026-10-07,DUE_REST_OF_2026,DUST_WHOLEBOX_CLAIMABLE
0e52fa4e8fb24c910d3ac0dd2fd696b003126ac8e904eb68d394aebae8f4c708,9hhw8cRi7NRXskBRp1QYqeaxCFdQYi8qQ3eMpPswp4Vwru6C3Um,0.01,7.25,0,838201,2022-09-14,1889401,2026-10-07,DUE_REST_OF_2026,DUST_WHOLEBOX_CLAIMABLE
a103717edec36df1b90478509c2712b03681399cfeff599befcee0b771c0e68d,9iKZJgzKwkmh1X7gLpq4HBn4H29J6zF72P79bvYHsVMRgfZvZxW,0.01,7.14925731,0,837992,2022-09-14,1889192,2026-10-07,DUE_REST_OF_2026,DUST_WHOLEBOX_CLAIMABLE
51c72baa73524c27b69d3ca0a4f59f3a69940cfbb8d4947ed9ddd55baeb01f52,9huYVHMMfNiUkWT8ANingBGsVjbeTX9JnTqt7x54fQkiqZR6dDF,0.01,7.10391683,0,837960,2022-09-14,1889160,2026-10-07,DUE_REST_OF_2026,DUST_WHOLEBOX_CLAIMABLE
9601dfc14a47ac502704750fd438a3a700b400ddb61c59124e330b25b124c97e,9fr2p48UfFHnS92tuBEHZo1CV5x66Es61o8xtiqMVY82XNEStDy,0.01,7.00717391,0,838429,2022-09-15,1889629,2026-10-07,DUE_REST_OF_2026,DUST_WHOLEBOX_CLAIMABLE
26a17b091b2881f8f3db5d5a2d9379c9eb39a8721a8d4e4a90afbda492b46504,9eeu1xLjz6acv4XQLYg4csgChXBHPhagf419tyGk25n1A1Wv2xU,0.01,5.9379351,0,838174,2022-09-14,1889374,2026-10-07,DUE_REST_OF_2026,DUST_WHOLEBOX_CLAIMABLE
2b80d7d1751576f3ed769f2446511f8f7dc2084773c74e72f20365f9514817f3,9iBKpT83g1oJgAFTYLrSN4KhhXuxHL8pk8JbVs5RB7jcbTcPBif,0.01,5.8277844,0,838273,2022-09-14,1889473,2026-10-07,DUE_REST_OF_2026,DUST_WHOLEBOX_CLAIMABLE
55a78ab9f2c340fd7a5128be162008929eec3c1a8405c677b2329e728767fc1c,9hzjuXbYvBMB7rVUA5CSX4gqLUGcghqxfsU9VxQ9s22cyjK4Xhn,0.01,5.67821317,0,837777,2022-09-14,1888977,2026-10-07,DUE_REST_OF_2026,DUST_WHOLEBOX_CLAIMABLE
c56bf7b1c18f3060abd0b80fc405195590bea7c3d11ef9b5736cbc040922e8d8,9gWanL6cYFeGc4hoaqhhJgEcb1wubS9yeL37iumxhtJnMbhasnU,0.01,4.41626693,0,838242,2022-09-14,1889442,2026-10-07,DUE_REST_OF_2026,DUST_WHOLEBOX_CLAIMABLE
1c8022bfc781f83fb5366c7fcf3e338ba40f2ab67d670b1c19d6fb33019931d3,9gZPj4XMk8RTFN2WVqUGPbMT2H5yrZxaoMgLyLbMYmNAbdG7gz1,0.01,3.76429368,0,838376,2022-09-15,1889576,2026-10-07,DUE_REST_OF_2026,DUST_WHOLEBOX_CLAIMABLE
20d3e11fe4228634442f4da783143b570de71bb3800c1301d0742b37a2af8351,9hGYr8hEs5iBuXcZtuvGnzwaAvPP9JzGJPH7iTcv1FYDybxVSHU,0.01,3.34603948,0,838435,2022-09-15,1889635,2026-10-07,DUE_REST_OF_2026,DUST_WHOLEBOX_CLAIMABLE
cad85da6d309dfbb0a18d3fea9e71e6d85ff56596df613ced87efdf0bcb66afd,9fVP1DSUzVrDhZWZaooWeCFdn7JaWUD8neqfDeXW95aVd4E8RaG,0.01,3.06108677,0,838043,2022-09-14,1889243,2026-10-07,DUE_REST_OF_2026,DUST_WHOLEBOX_CLAIMABLE
c196d353f03d419efaf3d83fe26d3a7d8879cbeb26471e467d24775af80baef7,9hUw9drWRKQgeG9s86SdNPzpmeoSLiN378ZfS4UeDgcwDoCJAFS,0.01,2.46678149,0,838123,2022-09-14,1889323,2026-10-07,DUE_REST_OF_2026,DUST_WHOLEBOX_CLAIMABLE
7ea026511ae0b3691a67b0d7c6431137df51d70470639091a9b498cbf9637b09,9hydsEySX2eQAMXrWmNjwTe7yUz8bYeoaUmANaG89j24FyLiz8S,0.01,2.45801267,0,838009,2022-09-14,1889209,2026-10-07,DUE_REST_OF_2026,DUST_WHOLEBOX_CLAIMABLE
eb459a82384de28164ef4552ac5a8a4c61a00dee55e0e3ee01c5a136a07d9a13,9h3XJ8VMkZjWYf5Di3yMwZjh1rjHbtTWZE3W8kYNaNY7x2Kaskt,0.01,1.08127585,0,838202,2022-09-14,1889402,2026-10-07,DUE_REST_OF_2026,DUST_WHOLEBOX_CLAIMABLE
2dbb11ae715df54bd06fa2889ee0372611e4fd146eb75dce023bdfb285eee480,9gWanL6cYFeGc4hoaqhhJgEcb1wubS9yeL37iumxhtJnMbhasnU,0.01,0.42135041,0,838242,2022-09-14,1889442,2026-10-07,DUE_REST_OF_2026,DUST_WHOLEBOX_CLAIMABLE
d45107689471bcfcd17fa4b9f22f073e4ec0fd53294ee000d2b256dff228f083,9fdqVRQYGC8JMG2s3auGMouHhysDD7fiSL5cm5Byz7M9x4oUBjk,0.01,0.18763033,0,837997,2022-09-14,1889197,2026-10-07,DUE_REST_OF_2026,DUST_WHOLEBOX_CLAIMABLE
054eef005ead9d2faa740ac33d891921525e475624d583c7658e8d09f1abe620,9iBog26749mjhNw8qRCFzA7TZE4ysGczFaTeaBevAKwD2pipfgN,0.01,0.12021995,0,838097,2022-09-14,1889297,2026-10-07,DUE_REST_OF_2026,DUST_WHOLEBOX_CLAIMABLE
7b39198344891b63e4f05ae16a2ba3cd6ac2426e469aae0219d8756386dee7c1,9fSC7pwRCmRV3YoWqoc5CoeS5Fb9rG3Au9hQXkWczfPWuWHny8S,0.01,2743.92994916,0,838956,2022-09-15,1890156,2026-10-08,DUE_REST_OF_2026,DUST_WHOLEBOX_CLAIMABLE
92454a2966a381454422c65b0662e126d15bdcef8a46fbec618e703688c00dd2,9fSC7pwRCmRV3YoWqoc5CoeS5Fb9rG3Au9hQXkWczfPWuWHny8S,0.01,2310.26405066,0,838956,2022-09-15,1890156,2026-10-08,DUE_REST_OF_2026,DUST_WHOLEBOX_CLAIMABLE
27ffba687a5ec8b072a8f138d43b8ddc7b186d198e745161d9594eb1e9b9df48,9fSC7pwRCmRV3YoWqoc5CoeS5Fb9rG3Au9hQXkWczfPWuWHny8S,0.01,475.59279453,0,838961,2022-09-15,1890161,2026-10-08,DUE_REST_OF_2026,DUST_WHOLEBOX_CLAIMABLE
7333bce331290fef68a2207f4eed90de67bcfd09786f3ac734baae482379263a,9fd7QZNHTiwb38DDQss9bYh2Xv6LaWEKjDBkUANe8NJ3pnmmLhZ,0.01,375.58022949,0,838466,2022-09-15,1889666,2026-10-08,DUE_REST_OF_2026,DUST_WHOLEBOX_CLAIMABLE
f9e2210ac7001f4d58c94d7f7a71d5e1356bc59066546d0d6741cbd55e0b0133,9gDCc6jBui3eknExgarDg82FJG75hKKyCvT2uyFHgxRCHhRpfHo,0.01,247.9543146,0,838535,2022-09-15,1889735,2026-10-08,DUE_REST_OF_2026,DUST_WHOLEBOX_CLAIMABLE
56b07c7c7098b1da38beef857f23b61120eb6e50de39f74efb8ccfd1c71a25a9,9fGrv96eFJGVKCp75Pt6CdQwDQ33q1a7kz2jBYt6vaCrtUz8831,0.001,158.1447013,0,838686,2022-09-15,1889886,2026-10-08,DUE_REST_OF_2026,DUST_WHOLEBOX_CLAIMABLE
fc18d6524acb0d464eab7b0157b3cbbeca394016ef2b260c21f80ac55fb9e35a,9eY5cdHjisdhhRXy8hfBN9DsAsUtTog4QwYBbrSHfkZZUWUaVrh,0.01,63.32229681,0,838477,2022-09-15,1889677,2026-10-08,DUE_REST_OF_2026,DUST_WHOLEBOX_CLAIMABLE
3a4b28d249f50c8083927e9d57b13225e57fc31015ac98a4f600da7d84e53803,9i5rEkKRnkwez3Tvh6MtTqPKpSPizuJHPv9pktSSNWYFwh3QTba,0.01,61.94572214,0,838520,2022-09-15,1889720,2026-10-08,DUE_REST_OF_2026,DUST_WHOLEBOX_CLAIMABLE
3257b544de88945e081924ea4c116f2d928947deedd568fd8b7b9121267fe6b4,9ffErbqbRVMVsLW9Hr75i7oNoCEAi12vsbnNnCQecJ4m557e2ku,0.01,56.32625287,0,838696,2022-09-15,1889896,2026-10-08,DUE_REST_OF_2026,DUST_WHOLEBOX_CLAIMABLE
92d9e993c080debffdf6847e05c0e923a6043bbd57de47f18ff1079399d82944,9hyB4Hji3YfBsTMinEj5pjHcjdXY6Jayj92CeaJ1pcR2eQxNZnw,0.01,52.53983711,0,838501,2022-09-15,1889701,2026-10-08,DUE_REST_OF_2026,DUST_WHOLEBOX_CLAIMABLE
48f59644b4c06525394207eb908b73b885b60fd9cac7de7015060ebe52a9fb2f,9fi2S9445cbYZun9sNPez6eaaV48jHU77LEuoYF8yTVpEEdjb1t,0.01,49.31689811,0,838936,2022-09-15,1890136,2026-10-08,DUE_REST_OF_2026,DUST_WHOLEBOX_CLAIMABLE
54c917d59724e916217e0bd1339e86e5aeeac439b92f829fa12759a57b8ec9bb,9hyP6tUYPgbBQu1oafteJ6iY8NsHGBebFdBmvPptomcyCcjZ2mJ,0.001,46.42681276,0,838460,2022-09-15,1889660,2026-10-08,DUE_REST_OF_2026,DUST_WHOLEBOX_CLAIMABLE
3f5d1147fa2430ecdd2001a723eee8cb95456a0f3bb2a7c4e164dfa0e0415fe2,9hy4hzffQQABtMkxjBc1iPdFHv4tUNvjtqs2QiELd1BS8pfrAPD,0.01,35.21118066,0,838966,2022-09-15,1890166,2026-10-08,DUE_REST_OF_2026,DUST_WHOLEBOX_CLAIMABLE
f2cb28c62c3c226b1c5731ab12090e6c369177d399076961235e68ab6c69813c,9h77grPf7Z4yX7aNyejJX7oQWm9qxdra8euQ6AQQUeCFsUzMn6b,0.01,32.81748045,0,838802,2022-09-15,1890002,2026-10-08,DUE_REST_OF_2026,DUST_WHOLEBOX_CLAIMABLE
f4dc948a0ef80e6b488273b5a96e23ce8fc4fcc4a3a71dab7d1243d18a796dc0,9gQf2Ts7w1n6FH5EmD1deWMZ8QSNTBKcoxjMEyDj5jwHoQJtSqc,0.01,32.2770665,0,838520,2022-09-15,1889720,2026-10-08,DUE_REST_OF_2026,DUST_WHOLEBOX_CLAIMABLE
2e29c220e4b028be441af41baa3a34728da681ade0fb58c8e85f313ebfa81c0a,9g9BM3feiBUyBXcepQBzTKJ4RRXXzZGZCKwDmy9DWyxVoTG1DRc,0.01,29.79668375,0,838691,2022-09-15,1889891,2026-10-08,DUE_REST_OF_2026,DUST_WHOLEBOX_CLAIMABLE
8a99c0277cf66da3dffd1c16340603d1c859d99962ae639e2d4775d33b0a0ecc,9iG7ziZLWNSb7A2wgkq6P4sE49WKDdULLNjhCJr9WZqEbDMSAwZ,0.01,29.05512167,0,838475,2022-09-15,1889675,2026-10-08,DUE_REST_OF_2026,DUST_WHOLEBOX_CLAIMABLE
066a86b2ce85e4324930d952049526abb8e02886fb4a8d946486b9edd03ec54d,9hvijVaG21Stcsv6qgtbdFknP88Rf5hBEQTYDe6gcByLJhJeCzd,0.01,27.28024193,0,838556,2022-09-15,1889756,2026-10-08,DUE_REST_OF_2026,DUST_WHOLEBOX_CLAIMABLE
820b1816a50e8e0141307b50ad6b5086de193e816ea5945ba1660fc6ca16d09e,9hcN4d1qfU1PEo9LEESJwzkadPQRTVo454tKmBLoPeDFf6azW9U,0.01,25.73139186,0,838530,2022-09-15,1889730,2026-10-08,DUE_REST_OF_2026,DUST_WHOLEBOX_CLAIMABLE
8c16953edef6ccfbf7546ae27459f7cc98cc3c460b08c3a47acb9493113ca3dc,9h5iB3Yr3kduwY6z1ad56ShP3jfsLb1cvmBsrUiC8cpcqy1owti,0.01,23.31166847,0,838730,2022-09-15,1889930,2026-10-08,DUE_REST_OF_2026,DUST_WHOLEBOX_CLAIMABLE
9c8ad0768063e75c0c1342201552e26a4faf84251de98f71cbaa23316a20930f,9gFLnnJtNai4EiQZsS4PmQE1fzYZrD9N45mqLpHjaWcLLQgrDwp,0.01,16.7099733,0,838509,2022-09-15,1889709,2026-10-08,DUE_REST_OF_2026,DUST_WHOLEBOX_CLAIMABLE
2f926b8539af79b18ae46f3969c75d11477e3374244da5222d3667750c1acbe6,9gr1keTs3EbKQYz1p2Z1KdJSGTEww4hwF2YMoEL1JVU5yLoe7MQ,0.01,15.20616564,0,838675,2022-09-15,1889875,2026-10-08,DUE_REST_OF_2026,DUST_WHOLEBOX_CLAIMABLE
3f192bafaa3086b8af68e98770d0419be865ac1e31b2d932e0eeea6e9923c72f,9fHr2gSQxaXzrmgtE3thgJiYm4vGmmK37JyX1tYbxjTsTWY44uM,0.01,13.84988425,0,838722,2022-09-15,1889922,2026-10-08,DUE_REST_OF_2026,DUST_WHOLEBOX_CLAIMABLE
a8336ce1101fd0868ee731a0e9755ece91f64b25cc5cbe8e6e5eb96ee077f0a5,9fG4MvPhnCPAgUns4ALz6XeDDMbsxuzMbiEm73LmDNoA5RE9A16,0.01,8.8326841,0,838578,2022-09-15,1889778,2026-10-08,DUE_REST_OF_2026,DUST_WHOLEBOX_CLAIMABLE
7584590dd4707059f3705489f7a0e89879f7caa174dd764794361fbd2fbaa21e,9eXtJeVa5nmXsFgHkvfZLERPJ475eMWxHf1d1XtnAuW4WnynAqS,0.01,5.71514597,0,838461,2022-09-15,1889661,2026-10-08,DUE_REST_OF_2026,DUST_WHOLEBOX_CLAIMABLE
214b5d446526699f57c135104ca90fefd3beeb17527c7750010118ccf25f3ee9,9erSsnbARiCrowp2NkRXxFRcu6oCVGNBajwBGUdP9vM6ZAUBPca,0.01,3.84457766,0,838499,2022-09-15,1889699,2026-10-08,DUE_REST_OF_2026,DUST_WHOLEBOX_CLAIMABLE
2d9e65b15e924127449e8a677c288b2028c7505ee31a4bb63e0ebaf49e2219a0,9etWwQACRnjXDk8yYp26N2wvxjqhTmpizgKqfu7oowXu3GsmoCA,0.01,3.74651906,0,838849,2022-09-15,1890049,2026-10-08,DUE_REST_OF_2026,DUST_WHOLEBOX_CLAIMABLE
fb4b46147ce0be5c19ee3dd4c90dbf3fac7936d8ff96409506ebb047cf09b3da,9gUMWGHUhzagHwGRicM3yoNWbEjF8veZQJQR6CbSjZhN8ZzR5PQ,0.01,1.00568026,0,838990,2022-09-15,1890190,2026-10-08,DUE_REST_OF_2026,DUST_WHOLEBOX_CLAIMABLE
75b319f45dd6b6eee31cf2fbbf1ce84f683dc81ef283d9e0885db7d263ded99b,9hASe2eBGzTpT5UZP8gR4RKJKPTJrsZjCd96WDMA5n6hnbXXbik,0.01,0.90064219,0,838668,2022-09-15,1889868,2026-10-08,DUE_REST_OF_2026,DUST_WHOLEBOX_CLAIMABLE
1b67e13bfe23d3e9567817b535e712526a49ea35714dbe6523a9b2866c7275b1,9ewP76piZ8VSofZUQLtKhknS6dYuTqjhQYyC3ki3h1F1SXr3NTp,0.01,0.02392746,0,838975,2022-09-15,1890175,2026-10-08,DUE_REST_OF_2026,DUST_WHOLEBOX_CLAIMABLE
8c9863aaba7ddc0e684b26c14d9baaf095c0ed63938bdd2e9305a1e8e7c69435,9iPSNuLGL5EeGv5S7WiVV9ZyX8HRAa3Lr9DQ5GSQMxQangbw3Kf,0.01,561.67043107,0,839407,2022-09-16,1890607,2026-10-09,DUE_REST_OF_2026,DUST_WHOLEBOX_CLAIMABLE
d2a2e24243cd95f4775703891875cb3c4cac3a420f1335ab97e9ce978d2cc80b,9iPSNuLGL5EeGv5S7WiVV9ZyX8HRAa3Lr9DQ5GSQMxQangbw3Kf,0.01,561.01492784,0,839408,2022-09-16,1890608,2026-10-09,DUE_REST_OF_2026,DUST_WHOLEBOX_CLAIMABLE
94bae0f8a009c1ed7f0faeb1b873762a6886d594252aabfd303f3213a0daf37d,9hQZum5oCTNyzc9nXhHU5YkCiWS6wPWcHafEZBLSMQed3ezCCiC,0.01,174.05913818,0,839387,2022-09-16,1890587,2026-10-09,DUE_REST_OF_2026,DUST_WHOLEBOX_CLAIMABLE
0a133a7a2e801af7e23201af81d0b7d479c3587e620adebc8beeb897ab19eefb,9gwCUiF52NiMetinGuMfFCcUWXh8ncVD3N8NgXgQ89jwscvCLMW,0.01,96.3125,0,839477,2022-09-16,1890677,2026-10-09,DUE_REST_OF_2026,DUST_WHOLEBOX_CLAIMABLE
6b73911807d36c66ae64bc805c4a8be1e4fcdc9ab8102c1b05bd350648ab347b,9iPSNuLGL5EeGv5S7WiVV9ZyX8HRAa3Lr9DQ5GSQMxQangbw3Kf,0.01,65.42517302,0,839394,2022-09-16,1890594,2026-10-09,DUE_REST_OF_2026,DUST_WHOLEBOX_CLAIMABLE
fd9f7fb3ebaf516d70657b3a2eb92d4d7b04b32ee3c76f41f7c67fc93ce8c9cd,9iPSNuLGL5EeGv5S7WiVV9ZyX8HRAa3Lr9DQ5GSQMxQangbw3Kf,0.01,56.75,0,839389,2022-09-16,1890589,2026-10-09,DUE_REST_OF_2026,DUST_WHOLEBOX_CLAIMABLE
d0e7fa5809313cd3adca351fadf3527cf2229ad34d1aa98bdcd412e893e59678,9iPSNuLGL5EeGv5S7WiVV9ZyX8HRAa3Lr9DQ5GSQMxQangbw3Kf,0.01,55.625,0,839401,2022-09-16,1890601,2026-10-09,DUE_REST_OF_2026,DUST_WHOLEBOX_CLAIMABLE
b178516e93891a2e6792d6c65d76e04775906405ce3791cff9576395f0f2e1d0,9gP23L4LrdRVwWAJPJ9Yfz7yyk72gzBbjB8UUw16EZRN6EKe2Bx,0.01,49.58421501,0,839767,2022-09-17,1890967,2026-10-09,DUE_REST_OF_2026,DUST_WHOLEBOX_CLAIMABLE
2095f79dd20dd4a9cfd360276b4262db7413ebdaae815f3ccbad3fd1fb130706,9h3vU7pnBizqtFTztAK13kVXtEnzvcGA98g959iUZFDhDs5HQuw,0.01,49.31689811,0,839194,2022-09-16,1890394,2026-10-09,DUE_REST_OF_2026,DUST_WHOLEBOX_CLAIMABLE
7572d66364cdd58668a075653141e4cc520936f3976bd9ff7a70b1fb0e07d077,9hPwdkSPbYYMg6nKPbjC6PaDjndV3DQbFvQxmmqLxniG3XNM4CE,0.01,49.01589927,0,839582,2022-09-16,1890782,2026-10-09,DUE_REST_OF_2026,DUST_WHOLEBOX_CLAIMABLE
2f1bab1cdc25d393b963c8c0194ca89d62bc48406bd322e09c976cb8a1e42565,9hfZ1VKGEvE7hkiundzzGSXsTYCo4bhPz47vH1netSWjnXrmcmG,0.01,49.01589927,0,839607,2022-09-16,1890807,2026-10-09,DUE_REST_OF_2026,DUST_WHOLEBOX_CLAIMABLE
7cff5f7b38d2e7b4155315d7828924a41a9ca2b026ee50bfcd5502ef58b92803,9fdUV95WPP72T1AHxbcMKmVpgGSkhkVRWUjyPBEqnUURVo1ULvV,0.01,47.81198209,0,839502,2022-09-16,1890702,2026-10-09,DUE_REST_OF_2026,DUST_WHOLEBOX_CLAIMABLE
95f6c66414d331d79b91a6c97b46930920d370558bb0de25ea6e9347d4c27545,9gPxGKT7ty8ENX4hkMPjJmE6ZUF4qmk6nmhcx4pGbaPNcRVnegv,0.01,47.81190426,0,839770,2022-09-17,1890970,2026-10-09,DUE_REST_OF_2026,DUST_WHOLEBOX_CLAIMABLE
8a7c2c64a60826a430f2c8acd94bc871436d724278ced7047dd0de8c183cfd68,9hkgwSj7DR7mhoCu3JBt6i3uRACBbw8ufhdGG1sQvZCv73cc8UZ,0.01,47.51090507,0,839167,2022-09-16,1890367,2026-10-09,DUE_REST_OF_2026,DUST_WHOLEBOX_CLAIMABLE
ed4d2ab6cc2aeb4b272bcd12d2a57d292b0ec52d311688b95ea3a54f0042da7d,9esN36xWDVQuvR6tNoLBDnCJoNkUmE1Gdvo8siKr1VgwbLBQKBN,0.01,47.51090507,0,839505,2022-09-16,1890705,2026-10-09,DUE_REST_OF_2026,DUST_WHOLEBOX_CLAIMABLE
16e6f84c5afce56be6438ad733688596102c824f279bcb6e45761646f498a8ec,9fM7U2yzE1HMAizNbWxUPtVWkxBMMZADQ9Lzu5cQno4E9zroYom,0.01,31.52642498,0,839194,2022-09-16,1890394,2026-10-09,DUE_REST_OF_2026,DUST_WHOLEBOX_CLAIMABLE
cd418c073fb34055d029511092b8ae57a3776051cbdc8ba1186de099d72f4c7c,9iPSNuLGL5EeGv5S7WiVV9ZyX8HRAa3Lr9DQ5GSQMxQangbw3Kf,0.01,29.75435273,0,839405,2022-09-16,1890605,2026-10-09,DUE_REST_OF_2026,DUST_WHOLEBOX_CLAIMABLE
91afc4b53075cec785d1d7e32ba05e30a7c24bc3bbafd9d7f62a81a527d61b28,9eoWs3FGNDAeomCPkHuP24SRxPbwAnDTUs1kkKHxV8pASSeam5o,0.01,21.18652189,0,839665,2022-09-16,1890865,2026-10-09,DUE_REST_OF_2026,DUST_WHOLEBOX_CLAIMABLE
5a97c2fbac230d4907bcbc8cbedad295753913070304533e5c22461462f6cefc,9hbooFJN3JRKzUKoLGZc8peyi7zQqNvtzc2sw9kpZuRZtF5GvFY,0.01,20.5960442,0,839229,2022-09-16,1890429,2026-10-09,DUE_REST_OF_2026,DUST_WHOLEBOX_CLAIMABLE
d7d77883fb874a274af6bccf8fc77cf227b56864e1f6bc4e59b24c9f7d2ca1b4,9gqxmN2xSwudGQgYkT7RmhHxLunB2yQXtKGK8EUfFpry13p6jR3,0.01,17.67730998,0,839358,2022-09-16,1890558,2026-10-09,DUE_REST_OF_2026,DUST_WHOLEBOX_CLAIMABLE
2f551c70c1842b5a4069e0fe09463a3a7b5080667fb3308e514452db71eae326,9fxFwkfDoRaUSq2g1PWS6CseKfJ2o1iVkEuwQcB91GxiGQ9uTXy,0.01,15.03297025,0,839327,2022-09-16,1890527,2026-10-09,DUE_REST_OF_2026,DUST_WHOLEBOX_CLAIMABLE
00cdf88104ddaecbd4bcf9bd07334dd2801c209c877de1f5e3b5779cb01551d7,9i3Mbh2y5gt8fdGxAptfyjyDzkkbeBW4Xjdb7Ls7bzt1HaC8sKe,0.01,13.64841986,0,839832,2022-09-17,1891032,2026-10-09,DUE_REST_OF_2026,DUST_WHOLEBOX_CLAIMABLE
e64095d4a5cd6c12faecbaa6f14a2ead90e3592c715644829018efc3a53a9f34,9gPxGKT7ty8ENX4hkMPjJmE6ZUF4qmk6nmhcx4pGbaPNcRVnegv,0.01,13.40736471,0,839768,2022-09-17,1890968,2026-10-09,DUE_REST_OF_2026,DUST_WHOLEBOX_CLAIMABLE
4a96eea4bd3122971538888f8cb3f41c51cd44f838afe1863ac9e3f7c9f0bf22,9iKd369Ys1db4TNpHJqmh2h4WGu9tSBbpYcpVgUwdHnmHSuE9Qg,0.01,8.05570568,0,839691,2022-09-16,1890891,2026-10-09,DUE_REST_OF_2026,DUST_WHOLEBOX_CLAIMABLE
52fc0f25c574bfcc03946656c2c9129654ca99aa752af9aab406cedaef737bfd,9hkgwSj7DR7mhoCu3JBt6i3uRACBbw8ufhdGG1sQvZCv73cc8UZ,0.01,8.05361879,0,839167,2022-09-16,1890367,2026-10-09,DUE_REST_OF_2026,DUST_WHOLEBOX_CLAIMABLE
842f1e1da5742b4f74ee9daac66c2c7a732a5592ea12497fe1faf09568e26827,9fQ2da36jJ1JRzp5ScB9cJsRdymTddTqFA5DcaQnRrhDjbErcbf,0.01,5.3034071,0,839740,2022-09-17,1890940,2026-10-09,DUE_REST_OF_2026,DUST_WHOLEBOX_CLAIMABLE
3adee59f4c30bf1cc379f12610360e6e037989e7ec79f169713b894d35a6bb5d,9fM7U2yzE1HMAizNbWxUPtVWkxBMMZADQ9Lzu5cQno4E9zroYom,0.01,3.90548925,0,839195,2022-09-16,1890395,2026-10-09,DUE_REST_OF_2026,DUST_WHOLEBOX_CLAIMABLE
31ceb52140b7f7cffbc1160f479d7c345659227eeb0c8b6cd16337ac43329640,9fSBN5aRPNDUuobraLhpijeEnJuFFVurGze451ci2yahRriTCUQ,0.01,3.3125,0,839628,2022-09-16,1890828,2026-10-09,DUE_REST_OF_2026,DUST_WHOLEBOX_CLAIMABLE
35e4e91c6a08bc0d7c8ee47ecbbaf5524c6337481e883a1cad9f4303ec3fdddc,9hQZum5oCTNyzc9nXhHU5YkCiWS6wPWcHafEZBLSMQed3ezCCiC,0.01,1.18441883,0,839391,2022-09-16,1890591,2026-10-09,DUE_REST_OF_2026,DUST_WHOLEBOX_CLAIMABLE
c3fc816f452fcd2ed63e8a688475011d9af4b26054dcdb2774b8f22d5b1f7e92,9fe8AgMP8gQ56xZkQfdG15FJ53yJBnzhTZuuTbQKZYcuU5BW41K,0.01,1.09172224,0,839424,2022-09-16,1890624,2026-10-09,DUE_REST_OF_2026,DUST_WHOLEBOX_CLAIMABLE
908c30a5f58d923bc2fc08e15c73ab639ed01c44eb434ddd643fad5c71660d7c,9hNwTPALLpmRTzNgAjsLYxBu8mB1kA42egUxnQoHFSUyuoKA5Yx,0.01,0.08124509,0,839354,2022-09-16,1890554,2026-10-09,DUE_REST_OF_2026,DUST_WHOLEBOX_CLAIMABLE
4b9ea3481e8e93a9a0ea1903126d6a79dd2820b599be79184d9d3b080d0811b9,9i9Lsr9ZyNLCLeKCyfwcJz4rkgUx5mYULjUNsQQna3Gb6LXyyRX,0.001,1423.57079991,0,839961,2022-09-17,1891161,2026-10-10,DUE_REST_OF_2026,DUST_WHOLEBOX_CLAIMABLE
049ea302c91d7e66b43b3868c7821cde8b7eb6fa8dcc2c98e025fd9a02e1a675,9h2aGCJgouv3BBthvbGU4ZGMYt7BZBFMYfjR9wmetK6UeUwgT1t,0.01,673.4212728,0,840071,2022-09-17,1891271,2026-10-10,DUE_REST_OF_2026,DUST_WHOLEBOX_CLAIMABLE
8017f692a6d7cf8c50f5efe10bc6998f4c42c509d64ca5f311f85c631a99ef11,9i9Lsr9ZyNLCLeKCyfwcJz4rkgUx5mYULjUNsQQna3Gb6LXyyRX,0.01,159.73539447,0,839939,2022-09-17,1891139,2026-10-10,DUE_REST_OF_2026,DUST_WHOLEBOX_CLAIMABLE
3dadccec98f2dfa8d3aa3511494e857277de82d4c53f4e97f23e7bba6c624dd5,9i9Lsr9ZyNLCLeKCyfwcJz4rkgUx5mYULjUNsQQna3Gb6LXyyRX,0.01,95.375,0,839940,2022-09-17,1891140,2026-10-10,DUE_REST_OF_2026,DUST_WHOLEBOX_CLAIMABLE
c4d5fd317ecd99fb1978472f6c048d222d12d279e2e8d2f3deddf47f6c1bb8d7,9ga4H6hbDPCi8dKGdxxkQdk4Xf1u54EPoJgM7VnZthCXkgnCzNY,0.01,71.35712405,0,840206,2022-09-17,1891406,2026-10-10,DUE_REST_OF_2026,DUST_WHOLEBOX_CLAIMABLE
a545c796b4f304cebc3208c118cfc3c58c5229c2a827d4803e0a721d5c702830,9iH1FUE1ejPS7HrXJNCbJdUx8DWjJCbwx35JkFqSz1h4Uwtcb1U,0.01,66.42368196,0,839940,2022-09-17,1891140,2026-10-10,DUE_REST_OF_2026,DUST_WHOLEBOX_CLAIMABLE
50b0fc00d6513b3db3d9181ba2ac4b8e2a01183d6ace7bec623c136ae2f59baa,9ewooQEiCs3yg6Gj8dRLQR5oM4MkWHzsWfqNe9uUD4dSZz1vrM4,0.01,55.28569939,0,840238,2022-09-17,1891438,2026-10-10,DUE_REST_OF_2026,DUST_WHOLEBOX_CLAIMABLE
ddb14cf7e68579547fafa9e3b4ee503bc26f60ffc35118bb7b039f04b9c1df2d,9fcrxuEvccKrUXP565beuMvTnhtD6HfWSEfAjzYyi9iVYeZYEne,0.01,53.9251115,0,839936,2022-09-17,1891136,2026-10-10,DUE_REST_OF_2026,DUST_WHOLEBOX_CLAIMABLE
1e03e79c7c515c05ebb704159f9b909c1864db4fa7f4ba9315ce62128ef0ecae,9fhKCWMH96HVuPJSXnFhwW2MrYJjj4PSp9udmr6rUpxpNKoUq2d,0.01,49.9188958,0,840107,2022-09-17,1891307,2026-10-10,DUE_REST_OF_2026,DUST_WHOLEBOX_CLAIMABLE
ac117fbf4c1642a2cde8807d12af94ccc97463fb85f93e7057dd8e852784a72e,9ffErbqbRVMVsLW9Hr75i7oNoCEAi12vsbnNnCQecJ4m557e2ku,0.01,49.31689811,0,839904,2022-09-17,1891104,2026-10-10,DUE_REST_OF_2026,DUST_WHOLEBOX_CLAIMABLE
99c67866d02961995a9f9943a8346c5b39abebe674b09b31a52ccb675740b3ec,9h5osQ5ywm1Lx8sEQGTrzV3JWNzVSvuZ8zfN4gY5ACokqJmqRrF,0.01,49.01589927,0,840162,2022-09-17,1891362,2026-10-10,DUE_REST_OF_2026,DUST_WHOLEBOX_CLAIMABLE
e49a2837171e2646ab57c4b99ce60c259a95e3d10b779ee00295d477ba851260,9h3vU7pnBizqtFTztAK13kVXtEnzvcGA98g959iUZFDhDs5HQuw,0.01,48.71490043,0,840167,2022-09-17,1891367,2026-10-10,DUE_REST_OF_2026,DUST_WHOLEBOX_CLAIMABLE
ff395d4ca2e27fe49414cb7dd1661dd7f46639762a6bd58c78b84089f44b02f1,9hpxuoos7D5utG55wsjR5B2VMoiWyJwAL8JKhpQWKLj6E2zRBDx,0.01,47.51090507,0,840139,2022-09-17,1891339,2026-10-10,DUE_REST_OF_2026,DUST_WHOLEBOX_CLAIMABLE
4b20daca7787a5d8c485fa1922a7a8260193a5685cfe54fc1350a67f4ce118ae,9i9Lsr9ZyNLCLeKCyfwcJz4rkgUx5mYULjUNsQQna3Gb6LXyyRX,0.01,20.1875,0,839940,2022-09-17,1891140,2026-10-10,DUE_REST_OF_2026,DUST_WHOLEBOX_CLAIMABLE
6b6d366ec1aa1bc5580b17c4625497e943b06f96ce1d52fd301523b9daeb12f3,9ezWKVXTNxz7Kk7xX61bE5pvrqfBpHaGJ5S73qKpYx23FsFYfQg,0.01,13.58359006,0,840210,2022-09-17,1891410,2026-10-10,DUE_REST_OF_2026,DUST_WHOLEBOX_CLAIMABLE
d8cf33a6935624bdd2af60b4ac1b779ef6ac90c697fa3a77c9d1e193c2b41b1e,9hphhkjTfatRRhrj6beLtDctKpQuzXU2isq95gSzJn9oHougUcK,0.01,12.42758026,0,840249,2022-09-17,1891449,2026-10-10,DUE_REST_OF_2026,DUST_WHOLEBOX_CLAIMABLE
4d94b085bf8a7d432c27029c482f2e0e622de0ea7b1de97c6d53f4c5d735bfce,9fmG9MXiyzuaovJAiFsKo1qMHSFQ69tSiwc1hZmY6LXkec9CCbV,0.01,12.01261805,0,839988,2022-09-17,1891188,2026-10-10,DUE_REST_OF_2026,DUST_WHOLEBOX_CLAIMABLE
303b619bf6039d6437a8202726f5033e10d71c22fffef3ae31043aee89e12d71,9g9ZkcJRtdaEfd5rkTGHhxNGxaSquQhCgJJdGb2PrmQu55t95mM,0.01,11.27351401,0,840073,2022-09-17,1891273,2026-10-10,DUE_REST_OF_2026,DUST_WHOLEBOX_CLAIMABLE
03faf76125fcea142b2d75931aa7b1e687d9b7ddb47c444d5580da54e4799b63,9hsyg34XFqyU1ZWiCDCTw9huzyHsDQY8txAjb3aFktfwzRvgYKw,0.01,11.11772042,0,840298,2022-09-17,1891498,2026-10-10,DUE_REST_OF_2026,DUST_WHOLEBOX_CLAIMABLE
1427ca8d0cf79a1577349e081d625a0f9f5bb5522c5c4ff81ecba962ec4a5009,9g3vhDVbzFjSHJR5C8Ak3zJjfPf1veoff31uqKXLnLjrcB5UoDM,0.01,7.08860304,0,840051,2022-09-17,1891251,2026-10-10,DUE_REST_OF_2026,DUST_WHOLEBOX_CLAIMABLE
0a7321c7731836c440691207cb8f35afdd4a35f9bad36b8bb1c6f694e0e14ce5,9h1k1ctm8Gj7jcxgCizT3F8m2X1KmxtnGUQFqdce92n6Dazi3bd,0.01,6.4619624,0,840298,2022-09-17,1891498,2026-10-10,DUE_REST_OF_2026,DUST_WHOLEBOX_CLAIMABLE
f1012d26a3400a02a6bc718a7801e7a7122940c98e841fbef46a7cf0a90be30d,9h3vU7pnBizqtFTztAK13kVXtEnzvcGA98g959iUZFDhDs5HQuw,0.01,6.125,0,840169,2022-09-17,1891369,2026-10-10,DUE_REST_OF_2026,DUST_WHOLEBOX_CLAIMABLE
4fb19a78eb9fa773789597f7d79372c6aa3c51706291741f50d33a5994850d3b,9g2QZDpDCsiL1unV5noXeKGQzUPrt7gFW9AAJdeNHUHx9bavEX7,0.01,5.39380911,0,840081,2022-09-17,1891281,2026-10-10,DUE_REST_OF_2026,DUST_WHOLEBOX_CLAIMABLE
0ff57b9061ce34e35cd895d0d19a38ad794d248a44b00e8746daf05c65a26340,9h2aGCJgouv3BBthvbGU4ZGMYt7BZBFMYfjR9wmetK6UeUwgT1t,0.01,2.90089685,0,840071,2022-09-17,1891271,2026-10-10,DUE_REST_OF_2026,DUST_WHOLEBOX_CLAIMABLE
80ae3b259be856d84505db69c482cf7485b3e33cdd86fe2106d41428b007b7c9,9hTmE4H2vWt6ZA22UEicm2vUdpZ3rkeNFsDY6X8PGQpMtKVeL95,0.01,2.09487102,0,840092,2022-09-17,1891292,2026-10-10,DUE_REST_OF_2026,DUST_WHOLEBOX_CLAIMABLE
941460708630ff786c9ba90fd3b2b0ac902fcffb01d8c5bd7ca554f979a5c1ef,9f5LN3eX7rTogcMGEtevRFkZzdqN5d8veTpEcmphn6xpu99Wgt7,0.01,1.44565299,0,840232,2022-09-17,1891432,2026-10-10,DUE_REST_OF_2026,DUST_WHOLEBOX_CLAIMABLE
5a79b5a4eee034b459fb5ccc0b36903b0071b451177b2dc190a4efa6cd6d1254,9eeF1iEFRLXr2RjqhL6tyQnKjbV6wgXn3eUacAHq8nFnhELSGSk,0.01,0.69423837,0,840188,2022-09-17,1891388,2026-10-10,DUE_REST_OF_2026,DUST_WHOLEBOX_CLAIMABLE
ef9439e2c2e06d63ccec71e685ca069bcb002bd030f6d8e804695d5b934ce66d,9edXtMWA3bfRjKVco7x1Hd6pYFxw9s8tAkRs1uE9GkM5d1qziX3,0.01,0.25424448,0,840080,2022-09-17,1891280,2026-10-10,DUE_REST_OF_2026,DUST_WHOLEBOX_CLAIMABLE
4c4ede5e25bc25445a0ab6822f908410aa4d47bfb62385dbe2d2477669b4e208,9fSC7pwRCmRV3YoWqoc5CoeS5Fb9rG3Au9hQXkWczfPWuWHny8S,0.01,4274.92590853,0,840991,2022-09-18,1892191,2026-10-11,DUE_REST_OF_2026,DUST_WHOLEBOX_CLAIMABLE
f8491e003bd69238f45ae6317a77e7884f9b2b4efe1257085c0db93d017a0e9f,9fSC7pwRCmRV3YoWqoc5CoeS5Fb9rG3Au9hQXkWczfPWuWHny8S,0.01,2877.56727816,0,840988,2022-09-18,1892188,2026-10-11,DUE_REST_OF_2026,DUST_WHOLEBOX_CLAIMABLE
483ad35c37a7df453dd31678bded9fcb8d82bbbf5ad75c8c47816bb0a7805902,9fSC7pwRCmRV3YoWqoc5CoeS5Fb9rG3Au9hQXkWczfPWuWHny8S,0.01,2846.35032399,0,840988,2022-09-18,1892188,2026-10-11,DUE_REST_OF_2026,DUST_WHOLEBOX_CLAIMABLE
903f528fe93b11967f62e5f6ee2e33e52ec57562371b0db025a26293e96f78a5,9fSC7pwRCmRV3YoWqoc5CoeS5Fb9rG3Au9hQXkWczfPWuWHny8S,0.01,2721.31325292,0,840989,2022-09-18,1892189,2026-10-11,DUE_REST_OF_2026,DUST_WHOLEBOX_CLAIMABLE
29ae5781f5f27c0e793bf29fddc01878c0a79923dc68f8cf289bc427706503bc,9fSC7pwRCmRV3YoWqoc5CoeS5Fb9rG3Au9hQXkWczfPWuWHny8S,0.01,2720.61761116,0,840988,2022-09-18,1892188,2026-10-11,DUE_REST_OF_2026,DUST_WHOLEBOX_CLAIMABLE
fe3c77e19a5c0a00de2073242a927138025d6aee58384a42f455a7caf5493924,9fSC7pwRCmRV3YoWqoc5CoeS5Fb9rG3Au9hQXkWczfPWuWHny8S,0.01,2144.06816567,0,840993,2022-09-18,1892193,2026-10-11,DUE_REST_OF_2026,DUST_WHOLEBOX_CLAIMABLE
514231a804ad9d46bcafaddc259ba9e2dd082c39f2f841bbce094e1785f036eb,9fSC7pwRCmRV3YoWqoc5CoeS5Fb9rG3Au9hQXkWczfPWuWHny8S,0.01,2142.8641703,0,840992,2022-09-18,1892192,2026-10-11,DUE_REST_OF_2026,DUST_WHOLEBOX_CLAIMABLE
c7e7785f27c93d7d82485656757c54ec6603a41e99894cb2670775e573e748ab,9fSC7pwRCmRV3YoWqoc5CoeS5Fb9rG3Au9hQXkWczfPWuWHny8S,0.01,2142.8641703,0,841000,2022-09-18,1892200,2026-10-11,DUE_REST_OF_2026,DUST_WHOLEBOX_CLAIMABLE
132b021a1f5431eada1a791b1503afe4d293e3f9db8327f5830fce0d9bbe3a86,9fSC7pwRCmRV3YoWqoc5CoeS5Fb9rG3Au9hQXkWczfPWuWHny8S,0.01,2141.66017494,0,840994,2022-09-18,1892194,2026-10-11,DUE_REST_OF_2026,DUST_WHOLEBOX_CLAIMABLE
90fb7a354c6e688ee53619522b84566feeeda88f3f466424d665fd7672fe55cf,9fSC7pwRCmRV3YoWqoc5CoeS5Fb9rG3Au9hQXkWczfPWuWHny8S,0.01,2134.43620276,0,841001,2022-09-18,1892201,2026-10-11,DUE_REST_OF_2026,DUST_WHOLEBOX_CLAIMABLE
1cf5bbaa210eb27867fa2f470412b7338be8dab3add637712e2f410092cbb597,9fSC7pwRCmRV3YoWqoc5CoeS5Fb9rG3Au9hQXkWczfPWuWHny8S,0.01,2134.43620276,0,841120,2022-09-18,1892320,2026-10-11,DUE_REST_OF_2026,DUST_WHOLEBOX_CLAIMABLE
d7f10a1bb30bfa79fd0a0a64f545bc2e6d2afb010b60630e96478c7f929f948d,9fSC7pwRCmRV3YoWqoc5CoeS5Fb9rG3Au9hQXkWczfPWuWHny8S,0.01,2134.43620276,0,841120,2022-09-18,1892320,2026-10-11,DUE_REST_OF_2026,DUST_WHOLEBOX_CLAIMABLE
2a3305176aa4215ef2ff3e6a256af3a47f9ce4b1865bc3b097af2a120ac197ff,9fSC7pwRCmRV3YoWqoc5CoeS5Fb9rG3Au9hQXkWczfPWuWHny8S,0.01,1088.35151154,0,840992,2022-09-18,1892192,2026-10-11,DUE_REST_OF_2026,DUST_WHOLEBOX_CLAIMABLE
37b681e84e1007b8771d5372a3c0157de52fafb6e602d07ec453427e1a4c1d59,9fSC7pwRCmRV3YoWqoc5CoeS5Fb9rG3Au9hQXkWczfPWuWHny8S,0.01,1064.21809817,0,840994,2022-09-18,1892194,2026-10-11,DUE_REST_OF_2026,DUST_WHOLEBOX_CLAIMABLE
46961c44ecaa25d03015981f6155e41b588528c2cfe0532decd323f34b76bd02,9eySRcSoQKUiyddwjvbBiTEWpkQf5is8qA6YvdCEcm53inHSi5u,0.01,285.81176272,0,841239,2022-09-19,1892439,2026-10-11,DUE_REST_OF_2026,DUST_WHOLEBOX_CLAIMABLE
41e94725cf127aab073e2a267056ff94ee7d7e561ef410b222906ee93a54389e,9ergG9Zd9i6FzsWmfyceyFuGPzYtoMuuUB3sYJXt56DoR52C3tg,0.01,212.6637176,0,841254,2022-09-19,1892454,2026-10-11,DUE_REST_OF_2026,DUST_WHOLEBOX_CLAIMABLE
e76d4efe5b266e947b5b77ac2c306b1ee36d5f99a7c410e1db87eef66e3c335e,9fZfBiRDXvkkgE4CrsGoLtFUEPNpr5h19wL29kUQwGwdHjBheWf,0.01,154.91891411,0,840840,2022-09-18,1892040,2026-10-11,DUE_REST_OF_2026,DUST_WHOLEBOX_CLAIMABLE
348ddbdbdf8ef10aa51187386ba7ff8edbe9b685b1d31b6c793bcc2027fc64d7,9iEEbmVNaEuQiA1YQNLVsoSpAfG2ZLvfUKZQ2QQ3om19cWwAqHF,0.01,110.59867566,0,841036,2022-09-18,1892236,2026-10-11,DUE_REST_OF_2026,DUST_WHOLEBOX_CLAIMABLE
9ff7b3ce94ee29f66e1e7fc71f02bda234a1580dfb31705d0519ed86432187c0,9fRDvHJAbBC9om9zphP9rS7ik3y4eDEye72eH5UdJqrXrFhnuGv,0.01,109.28918507,0,841105,2022-09-18,1892305,2026-10-11,DUE_REST_OF_2026,DUST_WHOLEBOX_CLAIMABLE
00d58b8d499bac7fa6b712b9f8d18b4a75265233ad93c80c3a0a51a76a0c417e,9iPTdzE67rJzYGwqufMrA73YvzCww3tGvD8BS1b4tMuBM6mJrxu,0.01,103.42980087,0,840906,2022-09-18,1892106,2026-10-11,DUE_REST_OF_2026,DUST_WHOLEBOX_CLAIMABLE
80b8861635abb1dba2502d2a04c2d2d104b19d9f75b61e4b4df99cc71003b1ad,9faCLHfruMJUyvm7AJ5UGyXgtgTHSHvgbYhHZX5CQm4yj1nUCj6,0.01,60.18200157,0,841059,2022-09-18,1892259,2026-10-11,DUE_REST_OF_2026,DUST_WHOLEBOX_CLAIMABLE
0c91595bc292027fab00a34684e143be953561883e77248a4ec12bea77940092,9ecg9NcTND4m9rMLwGbJUFJ9sDwQevYH2DR9wCGUUKHQc8SUFWN,0.01,59.53091818,0,841008,2022-09-18,1892208,2026-10-11,DUE_REST_OF_2026,DUST_WHOLEBOX_CLAIMABLE
25a2e48e808f02d8f3b352d70f578ef23f20cab4d70abce11e2bf6d573f4f617,9gqxmN2xSwudGQgYkT7RmhHxLunB2yQXtKGK8EUfFpry13p6jR3,0.01,48.71490043,0,841146,2022-09-19,1892346,2026-10-11,DUE_REST_OF_2026,DUST_WHOLEBOX_CLAIMABLE
e86c2a80ced532c780d07208ac90e0ab725c95cc900b60891fd7dc016aab2bed,9fZfBiRDXvkkgE4CrsGoLtFUEPNpr5h19wL29kUQwGwdHjBheWf,0.01,48.68814498,0,840843,2022-09-18,1892043,2026-10-11,DUE_REST_OF_2026,DUST_WHOLEBOX_CLAIMABLE
955f20d2ecb027e715814a44eb5398f3faf3dc63bbe0cf6a42f3dd74a51a3e6a,9gWdCq7qpmzzT3UoFjU6rQQNVNyXAurpf3SMoaCqm53zYz643aq,0.01,48.11290275,0,840901,2022-09-18,1892101,2026-10-11,DUE_REST_OF_2026,DUST_WHOLEBOX_CLAIMABLE
aebab7faf2f298a3aed40129b2a4611b3b99721be17ace74e8d40937ff47640a,9hhH6fRXtAFcrDrBK4wHN6nupgf3Jr4uYDGGhz2xXVoLiux4dSN,0.01,48.11290275,0,841082,2022-09-18,1892282,2026-10-11,DUE_REST_OF_2026,DUST_WHOLEBOX_CLAIMABLE
4a71d030aa171ec6b309d2b89b88ec7d59254370e1204604172829fd46bf134b,9g1HM1GUHTJrydjGtEne8mWg1KXYT3qKdGATVAJxoa4RVKn4VXh,0.01,47.51090507,0,840830,2022-09-18,1892030,2026-10-11,DUE_REST_OF_2026,DUST_WHOLEBOX_CLAIMABLE
c9b61f391dbfee10181280bcff7acd9646945952c24b2b84c55e09aa0b3dd3f7,9ep8EPb4SwY6AhYzdRSVJsom2kbpfqUA2BuHHhhcUSQXeZ9svCF,0.001,47.51090507,0,840833,2022-09-18,1892033,2026-10-11,DUE_REST_OF_2026,DUST_WHOLEBOX_CLAIMABLE
5d4070637e06d6e55d7b847c1adf884125900ed5a488eb985aca815eacb66e7a,9fSC7pwRCmRV3YoWqoc5CoeS5Fb9rG3Au9hQXkWczfPWuWHny8S,0.01,27.875,0,840990,2022-09-18,1892190,2026-10-11,DUE_REST_OF_2026,DUST_WHOLEBOX_CLAIMABLE
ccb6914f3c2bdb85f0d08388cf82ed18ed6db25b7bea7842703bafda71d5c896,9fn33f9hrYaCdbLgbnDSbNmRDGxP76bhwwKLm9MDx58ckQiiQ3n,0.01,26.7405312,0,841106,2022-09-18,1892306,2026-10-11,DUE_REST_OF_2026,DUST_WHOLEBOX_CLAIMABLE
a9d1d699af551cc0184ab4f415a2017649a79c23e710b67a498c827c659c91e1,9eySRcSoQKUiyddwjvbBiTEWpkQf5is8qA6YvdCEcm53inHSi5u,0.01,23.17636039,0,841239,2022-09-19,1892439,2026-10-11,DUE_REST_OF_2026,DUST_WHOLEBOX_CLAIMABLE
010c53399d82a4e6640e7c1f7716eb21a9822a0ff76e77963b0f18d150aad869,9fifipffxSZdXWHFFJNQhKHXgppULe3uCZ1enWqUFJ6DUGJdsGd,0.01,23.05516726,0,841068,2022-09-18,1892268,2026-10-11,DUE_REST_OF_2026,DUST_WHOLEBOX_CLAIMABLE
12dcf2cf54352f9ef0c98d2b63bdf86478d97ec1ff8002741aeb7ee971f87762,9eySRcSoQKUiyddwjvbBiTEWpkQf5is8qA6YvdCEcm53inHSi5u,0.01,19.67806656,0,841239,2022-09-19,1892439,2026-10-11,DUE_REST_OF_2026,DUST_WHOLEBOX_CLAIMABLE
25b59f10d87a3f6b6a987be037b6483fa81dd34241a41744aa18083633e9c143,9epXcZB1hYEEEooHSX19NbpJ3KN3cKaRUWp3hYe2DxdyZdLMmTN,0.01,18.33705255,0,841278,2022-09-19,1892478,2026-10-11,DUE_REST_OF_2026,DUST_WHOLEBOX_CLAIMABLE
b6b44d9e9790f8352cec71fcfb3690927a9f111dea0f977569111a2b8900ccae,9grXrKbwxpgpVgNCh7NN36nUqYGYppqh3vEDwcgUBr67tzzo9am,0.01,12.09373459,0,840891,2022-09-18,1892091,2026-10-11,DUE_REST_OF_2026,DUST_WHOLEBOX_CLAIMABLE
131a2d51071cb24ff5c70024a649307b708e0dfee7a3dff56401fe08fe9859ea,9iPTdzE67rJzYGwqufMrA73YvzCww3tGvD8BS1b4tMuBM6mJrxu,0.01,10.0625,0,840910,2022-09-18,1892110,2026-10-11,DUE_REST_OF_2026,DUST_WHOLEBOX_CLAIMABLE
ffb2d2be151f51bbbc37def96b70c9599591e4b89d73845a8c167c2e66d179a8,9iKhzxS41BUw2hbQ2pX7hmnp1Fm1eTNauurDQABBKPM6NSzHtQa,0.01,6.36556341,0,841074,2022-09-18,1892274,2026-10-11,DUE_REST_OF_2026,DUST_WHOLEBOX_CLAIMABLE
30243e842d27fd7629a8c459abf24057abaee1f2872c89a2201550ca5f601d73,9iPTdzE67rJzYGwqufMrA73YvzCww3tGvD8BS1b4tMuBM6mJrxu,0.01,6.13376488,0,840906,2022-09-18,1892106,2026-10-11,DUE_REST_OF_2026,DUST_WHOLEBOX_CLAIMABLE
375f5185c19acfe804ec0dc171b3fa9bfc5602db177e00a47609b150606e77a5,9g5cA6sXZS57UV1g8gVEDo9yAagHYo1jT64WXs33y5xVXDuA196,0.01,3.51485149,0,840880,2022-09-18,1892080,2026-10-11,DUE_REST_OF_2026,DUST_WHOLEBOX_CLAIMABLE
9285844826ac37a88670e8293f0babfad6f4d80f149dbc8734258057f9efe3e9,9esV8EVmjqxX7muqoQ3Ffy3ojNmED9UKWussWBotAHwVQ7JcutY,0.01,3.44422336,0,841066,2022-09-18,1892266,2026-10-11,DUE_REST_OF_2026,DUST_WHOLEBOX_CLAIMABLE
1431ce13f35cd7718ae00edf134c58034dc82f9f4442d739c3b30b359529adca,9h7LtB3rfnSHeCshUm6oj8jfAwLsCxuwwoSCEshgZaGs92nwWFP,0.01,3.20054973,0,841096,2022-09-18,1892296,2026-10-11,DUE_REST_OF_2026,DUST_WHOLEBOX_CLAIMABLE
bd78740eacd9292273bb909b77a07cd36dbcf5078c54ffe812c639ec2b009031,9esRHQFdYdGeMdYpqi9XmogqzhRHdRbqoqUnepE9Xva7Q7QvF6N,0.01,2.10094756,0,840909,2022-09-18,1892109,2026-10-11,DUE_REST_OF_2026,DUST_WHOLEBOX_CLAIMABLE
9ed8dbf5424d5fa58d0dc2135e87b0b3f91ee8368fa6d1e15d73c77068bfefd4,9f29kxq3qsZbWsBKAx9L8dorkerYJmWEaujYdz2P58jEchKpu6R,0.01,2.06507597,0,841251,2022-09-19,1892451,2026-10-11,DUE_REST_OF_2026,DUST_WHOLEBOX_CLAIMABLE
304f9e9046deca0424d088c235f9909547d28c58de0e9530064f54c215844816,9ednHRCebuoQAFS82AWbSJb3pP8cTDm6XwxPVCLDGXbaAXWzTkr,0.01,1.8822942,0,841090,2022-09-18,1892290,2026-10-11,DUE_REST_OF_2026,DUST_WHOLEBOX_CLAIMABLE
3ba241026318dc4802b15265fe58ffcc98fdf9b74864f611c360423b4a36444a,9fCv8JsqrbLn5EKJbaDuc8ZGULQLgdkJrgWtDE4AUkGdFfmxLPY,0.01,1.40022624,0,840860,2022-09-18,1892060,2026-10-11,DUE_REST_OF_2026,DUST_WHOLEBOX_CLAIMABLE
f2c43ac443fb8ad8c424431b9180bca1d994c3420589505885c947af5274ebf7,9gcdydQN4BoUNuFZyUBwpNcZAt6dMJerRfzdzjXBTfvRrBFGgTt,0.01,662.88631336,0,841929,2022-09-20,1893129,2026-10-12,DUE_REST_OF_2026,DUST_WHOLEBOX_CLAIMABLE
1b896eb699ed3e8e13f4e04287b746b5010de0d3db500e61009a3c43329a2165,9fydKAB8wJaVXc26PJntTu2LDBhoTGjhFpGwb7p83R6wPyftPq1,0.01,609.39784127,0,841367,2022-09-19,1892567,2026-10-12,DUE_REST_OF_2026,DUST_WHOLEBOX_CLAIMABLE
1bbbf9cc5c9b7cbece2a02bfe95638f765633525ec0c701f21ef41dda33cf74e,9hiC4gUKkYoG58dsjEon5fV6skHU657mTdPNK4g2tnzMjsvYeUG,0.01,461.83511577,0,841312,2022-09-19,1892512,2026-10-12,DUE_REST_OF_2026,DUST_WHOLEBOX_CLAIMABLE
98a07f39ca36e8881d369c7cc73b2c72d647b12668de3ba2c4ad4f2ef7810a1b,9hBZoS5i2qer2YksMUTMXczc6D4e3riCCFgo1zeGAfPht27H9kR,0.01,180.28542734,0,841915,2022-09-20,1893115,2026-10-12,DUE_REST_OF_2026,DUST_WHOLEBOX_CLAIMABLE
731559f71ad46766ae6ddc071b4b7bcb511fc3ddd376d22087fb6c99a972f666,9egxEzGP8VBq9Etd1jQLQu2Y6EgG5k8emoqKFyj4oxYBPzMcszV,0.01,167.29301349,0,841943,2022-09-20,1893143,2026-10-12,DUE_REST_OF_2026,DUST_WHOLEBOX_CLAIMABLE
258a1d60212ab2b8841b3d04cc942a414897b5895746a203412ccc816c6e8103,9gaWjiWcaTa9pSqvjN2bFmokfMKdXAk5EriebLhDuAuFdV8Ndf2,0.01,121.2174766,0,841650,2022-09-19,1892850,2026-10-12,DUE_REST_OF_2026,DUST_WHOLEBOX_CLAIMABLE
25822492b3208df70091687a4546b7c1bafa89048a66c7de17a037e08fd6a68e,9gneTQ6cGXtpKq1z2Gtvgs8RDeXsxJVhjNi9t19tvgHeWKp7pMq,0.01,102.52680609,0,841761,2022-09-19,1892961,2026-10-12,DUE_REST_OF_2026,DUST_WHOLEBOX_CLAIMABLE
6b13b915e0556575186a50e62cc0f8489deb1c5cb5cc97c5a70ee6fdf3d762ee,9hG6j8SmRyfiwgv2vFgFnjr98KRVfHpJqzjcHJTt439Asx5sjWK,0.01,101.62380782,0,841598,2022-09-19,1892798,2026-10-12,DUE_REST_OF_2026,DUST_WHOLEBOX_CLAIMABLE
a13949d3837ab887956816f0a4e846fae5ed383f1db75f6b4afc6359fc5c8c7c,9g55EKoMFmD6siA5fhQbm5zxyL2ZuYYRWiWUW1z3VUKCXFyQw6Z,0.001,86.0,0,841407,2022-09-19,1892607,2026-10-12,DUE_REST_OF_2026,DUST_WHOLEBOX_CLAIMABLE
8b06cafb92d36ba21b3a90e1446ca0959aad7b8bf9106916e216e38e3144ae16,9fPGc23hmmErLwBq2FyZmz84maNUUkk6uP99G4ScuRuwRY9TDP5,0.01,80.4680221,0,841477,2022-09-19,1892677,2026-10-12,DUE_REST_OF_2026,DUST_WHOLEBOX_CLAIMABLE
07beed623290cfd7aad6dcd5a289da5005b497140c765588e69569f7511c0c2f,9iHVhHaGL8yaa9MFPggafc8KX5b5xxzcFZsKR22YzHsUAcTYMiK,0.01,69.02126057,0,841990,2022-09-20,1893190,2026-10-12,DUE_REST_OF_2026,DUST_WHOLEBOX_CLAIMABLE
9c0426e0f33fece224145b7c2f33e77ea1f45bb14d839b8021805457bc08a1b1,9h1BhGj1TuF87LYzK6RymsdK7enVrSqCUXXxkdnjERhPU4uQmqh,0.01,59.28219116,0,841308,2022-09-19,1892508,2026-10-12,DUE_REST_OF_2026,DUST_WHOLEBOX_CLAIMABLE
fb114be289296876d03118400cef793d1b1f96cf86e3a09ff8d06e8de7356c0b,9fMSK2E5vTHaC3TF3TNB4f1LhDMHQ9vEn4KsuLfNvroaq125qmV,0.01,56.4504882,0,841935,2022-09-20,1893135,2026-10-12,DUE_REST_OF_2026,DUST_WHOLEBOX_CLAIMABLE
71d9129c35638c41e2a2bff8615c05336a08421a7db37ac65c696080a42691ba,9ea5rYnY3r9Ge5oz4TqAt4Goqa6VBvaen9F7Y1FvDD9tWdQQVwV,0.01,55.88848099,0,841457,2022-09-19,1892657,2026-10-12,DUE_REST_OF_2026,DUST_WHOLEBOX_CLAIMABLE
87cd622da7f56e65b17a1480a77d7d243d58c34404bff3cc8c6834e7fcf92dec,9ghQMkMsktuYQw8NGGeNJeZo667hrUWjbCCgqqsVnF8jqmeNCjV,0.01,50.43454963,0,841343,2022-09-19,1892543,2026-10-12,DUE_REST_OF_2026,DUST_WHOLEBOX_CLAIMABLE
9eed99fcdf718c6be2a997e8698a0cb645e453c42fa85759be84241b2d210b7c,9hytavBzavwZh7q8BefQNczCrECXoTxGFKsHabjhKg332BgJNAZ,0.01,49.31689811,0,841532,2022-09-19,1892732,2026-10-12,DUE_REST_OF_2026,DUST_WHOLEBOX_CLAIMABLE
569c21382daa91da35ea5cb7a5623b06cd1a16361adda0b6f96f3a6c326c2eaa,9gQrSb1566idGHMbmgDdfMmfAff18yyKFPBHFsp9X5Zm9ADTNkx,0.01,49.00191257,0,841377,2022-09-19,1892577,2026-10-12,DUE_REST_OF_2026,DUST_WHOLEBOX_CLAIMABLE
8d11509dfde5a7af83cf81b71c528e4a62e7f4deb5df4ff5a59535c0e4baab7c,9fwLjWCW14wq38voSH1qMYJ8Mkj5ZHc7VW1tz63pscg88uXabxh,0.01,48.71490043,0,841297,2022-09-19,1892497,2026-10-12,DUE_REST_OF_2026,DUST_WHOLEBOX_CLAIMABLE
b74b99cfba2da3768827f827eb926e22e024c3cdf4e90a8aae6aad1f889bb83e,9ghQMkMsktuYQw8NGGeNJeZo667hrUWjbCCgqqsVnF8jqmeNCjV,0.01,48.71490043,0,841346,2022-09-19,1892546,2026-10-12,DUE_REST_OF_2026,DUST_WHOLEBOX_CLAIMABLE
d26f9d5329726b7545bff324e9b227af0fca75148d3b5306a6ca99fae2de0ef9,9hbdoU7C3RGYeLLRPharAsUzxtx3hcB4nDE5UKe6hgzdqeJw3nD,0.01,48.71490043,0,841776,2022-09-19,1892976,2026-10-12,DUE_REST_OF_2026,DUST_WHOLEBOX_CLAIMABLE
ea453230ed777a72087a31e436ad717fe2da016ff465458e0047e475b251e773,9grorQ7R7zvnit5pi41VUA276pApTXiLKBXCduVTPWVUWNAANEg,0.01,48.14931692,0,841375,2022-09-19,1892575,2026-10-12,DUE_REST_OF_2026,DUST_WHOLEBOX_CLAIMABLE
028933f670234d506b8f2438f0237c5d0263d3f22ad06c66aa22d1a8f9471c85,9fMwddgARxpgNWhm8vPKGgWEK1wWweUZU8vPS9JXJCh2PBJjU7F,0.01,47.61769943,0,841934,2022-09-20,1893134,2026-10-12,DUE_REST_OF_2026,DUST_WHOLEBOX_CLAIMABLE
7153fa4865d01ba42a669962732e4ad82deac074b7cfa2bed407b76c9b048bbc,9gtaLJdPbXSXS9dwC1PZsr7zdkcjg4qG9C9m5ebEYVmrWzL3hHM,0.01,45.6875,0,841415,2022-09-19,1892615,2026-10-12,DUE_REST_OF_2026,DUST_WHOLEBOX_CLAIMABLE
45ec34c3291beef228e145e7828f35780d933211b71118aff16fdabb0cc07ac1,9h9KB8ghvxP2MPsDrWkNeUNZz5VZB6umgM9Af6VXiy22dvA88Dh,0.01,38.33475545,0,841922,2022-09-20,1893122,2026-10-12,DUE_REST_OF_2026,DUST_WHOLEBOX_CLAIMABLE
ce99de4008ca20bf766861fea01b2acadf85d769cb03eba21e907996caf2d092,9fhv5dh9WtGpzsystCvpakKgSiZvugQFpgGjdL1EnA8wdt111Ln,0.01,35.43270019,0,841859,2022-09-20,1893059,2026-10-12,DUE_REST_OF_2026,DUST_WHOLEBOX_CLAIMABLE
dc611a4c66cbdb8d4af3585d810781bcb1374abf553affe83d2ef483a68adb95,9hG6j8SmRyfiwgv2vFgFnjr98KRVfHpJqzjcHJTt439Asx5sjWK,0.01,32.5864712,0,841598,2022-09-19,1892798,2026-10-12,DUE_REST_OF_2026,DUST_WHOLEBOX_CLAIMABLE
cdd674fc018024decd1c5dc6091e58fddf0214d938432ce531d9b8630b0e65ce,9fhCwTpCaGt2xAyRaxxpKxJvv5yz4NPFSFFxv7HMMu8LYtgd1wG,0.01,31.12296063,0,841534,2022-09-19,1892734,2026-10-12,DUE_REST_OF_2026,DUST_WHOLEBOX_CLAIMABLE
62c1ab9df9eee016e54d00ef27a732092f9ea50bda20cedc19b6413716b71d6b,9hG6j8SmRyfiwgv2vFgFnjr98KRVfHpJqzjcHJTt439Asx5sjWK,0.01,30.6560746,0,841598,2022-09-19,1892798,2026-10-12,DUE_REST_OF_2026,DUST_WHOLEBOX_CLAIMABLE
48ac74e5eda4716136e0cb0b521336221f12377c7de92a2611efdbcafc9d7bdd,9gLG3wfNtQzphs6hGYzjkdiTfXWDuGwpuneT3xeAvj3ReBDSmn7,0.01,30.0384764,0,841811,2022-09-19,1893011,2026-10-12,DUE_REST_OF_2026,DUST_WHOLEBOX_CLAIMABLE
cdcc6703b4977c665cb784542d2c463f2a543f5f46453506c6458ca25647827a,9h9KB8ghvxP2MPsDrWkNeUNZz5VZB6umgM9Af6VXiy22dvA88Dh,0.01,25.29873555,0,841922,2022-09-20,1893122,2026-10-12,DUE_REST_OF_2026,DUST_WHOLEBOX_CLAIMABLE
734646c7c3fa4259bb7bd0f49844df108696e39095fee0761c69ea1534b8f387,9gdRqNeTD95TwZuQG92f2WpLEG4Tr1J5E1qd1wMpJDRERXJ27xo,0.01,17.375,0,841584,2022-09-19,1892784,2026-10-12,DUE_REST_OF_2026,DUST_WHOLEBOX_CLAIMABLE
74032a336f4cfee8018af53c228348bc4542d574102f3315a508c296b0d10b79,9gVtHK6gz8TR7Edi8ASQuwjxWWSufxeJKh77dCuikjDttnAhTnT,0.01,16.40793881,0,841928,2022-09-20,1893128,2026-10-12,DUE_REST_OF_2026,DUST_WHOLEBOX_CLAIMABLE
90da6177c836d6a8d4016333769c01999f62cfdd568d53c69447960b0322442a,9fhv5dh9WtGpzsystCvpakKgSiZvugQFpgGjdL1EnA8wdt111Ln,0.01,16.36696671,0,841859,2022-09-20,1893059,2026-10-12,DUE_REST_OF_2026,DUST_WHOLEBOX_CLAIMABLE
aa74e6ade6f860851e13cc483ba132210bdb37088b754139e2da7f8fbdd58a7f,9fnhH7ZtaTmdegrFyvxvzMvxBhr9kHFyptwg6AwZUvmiUftMCfd,0.01,12.49197986,0,841635,2022-09-19,1892835,2026-10-12,DUE_REST_OF_2026,DUST_WHOLEBOX_CLAIMABLE
e9d51547ceda9136813dfbb6f9aac4c1ebd81ce18ace8f05af09ba1329a0b28b,9gEd6EfcK61Y8RQpizGfThRpN5PSArRyZSz8Xk86ikTMGypG49c,0.01,11.68834894,0,841527,2022-09-19,1892727,2026-10-12,DUE_REST_OF_2026,DUST_WHOLEBOX_CLAIMABLE
4a164f8c4d85df7b341722098af7682a5e933cb464acce2b894b1de96f800923,9f4JetJfF6gBsXeRmP7XX1hzuS4nTiViWai13JnTkWmpN3q4vJT,0.01,10.61392645,0,841503,2022-09-19,1892703,2026-10-12,DUE_REST_OF_2026,DUST_WHOLEBOX_CLAIMABLE
38fb585fdfa2bc2c99cdcc4b63eaaaaf604d50a70d7d60caaf78c03e3e864094,9fmnh8xSMNNFVwLcfPTibUbyYLUg4smQ5BLcuTop5eJjd4dmp3h,0.01,10.47604291,0,841914,2022-09-20,1893114,2026-10-12,DUE_REST_OF_2026,DUST_WHOLEBOX_CLAIMABLE
8cc2907549f05eb84e55afe383b496a19e586569f476335b87e9339288d0561f,9gW13NbPSLhPiUvnkQ3HBUS8g8TdLtLBdtp4EBDrozANNYA3fhD,0.01,7.8125,0,841552,2022-09-19,1892752,2026-10-12,DUE_REST_OF_2026,DUST_WHOLEBOX_CLAIMABLE
4efe099a401211a81c48906f0575f371136b2bea0ebc87b7fbe07f8cd601fea3,9i9PCpKoBtW7EjbYRbj1qFvWdUhMrDRdmMAQ85WkQgQMaocufy4,0.01,5.58994409,0,841986,2022-09-20,1893186,2026-10-12,DUE_REST_OF_2026,DUST_WHOLEBOX_CLAIMABLE
bcee6ef4463ca99605c8899ad48f21ba5a635124e0eb28ec260e261afb7acdaf,9gopTQWiC843XLgiawCCYiUhhK2NAwGrqmu1DWWFU6kCX2Sipix,0.01,5.37013095,0,841333,2022-09-19,1892533,2026-10-12,DUE_REST_OF_2026,DUST_WHOLEBOX_CLAIMABLE
0c3e92b4f407b43355e2e64024c8ce5c785f6b17d3528c8614a8ddc21926ba97,9ghQMkMsktuYQw8NGGeNJeZo667hrUWjbCCgqqsVnF8jqmeNCjV,0.01,5.0,0,841346,2022-09-19,1892546,2026-10-12,DUE_REST_OF_2026,DUST_WHOLEBOX_CLAIMABLE
77334ae87ba6e7e582ecb4da1fa480d06f6cca9c1352a8987e70e9756c946a6e,9gKpUrS7HPdpaPU7EdX1biPhb34sEaZzSyZyYu4nGz48svAWHyA,0.01,4.66956655,0,841500,2022-09-19,1892700,2026-10-12,DUE_REST_OF_2026,DUST_WHOLEBOX_CLAIMABLE
5ff880e499f64e6ead5b0f20b17e931068e940d3bb4b89137020bf50fc75508f,9fh3S4WjzLubnWjJhBN1CrUxXFy5ZZx2rAXB2K3cJpcPYgwFce5,0.01,4.61949354,0,841440,2022-09-19,1892640,2026-10-12,DUE_REST_OF_2026,DUST_WHOLEBOX_CLAIMABLE
64ff06a1d46dc1a0e8af300f68f8f9b8ddb98b6077890c003d1ed3651f11eba2,9h9KB8ghvxP2MPsDrWkNeUNZz5VZB6umgM9Af6VXiy22dvA88Dh,0.01,4.14254437,0,841923,2022-09-20,1893123,2026-10-12,DUE_REST_OF_2026,DUST_WHOLEBOX_CLAIMABLE
286d9d33ca1d34387114e34dd4934cd932f3df623b9e7957f86e4128ad84b83b,9ewVt1kmNanW5rVtaTpniviD4QTm3ok8QbuPfWPAE5wuBhdBzTm,0.01,3.98626728,0,841811,2022-09-19,1893011,2026-10-12,DUE_REST_OF_2026,DUST_WHOLEBOX_CLAIMABLE
eb6baf772f2dfe2478ebdadc4146c6e8d7d498a841f7a81a78b4233a130e3148,9h9KB8ghvxP2MPsDrWkNeUNZz5VZB6umgM9Af6VXiy22dvA88Dh,0.01,3.92850075,0,841922,2022-09-20,1893122,2026-10-12,DUE_REST_OF_2026,DUST_WHOLEBOX_CLAIMABLE
899086d1598977d4742fcacd34bd9ed38b66e28b16028d6b7f647089cc9f6501,9g9X9qNfqQqjmVziQfenpSbdUmTczUoiHzEdig9SFcWzpQcZzav,0.01,2.93806537,0,841503,2022-09-19,1892703,2026-10-12,DUE_REST_OF_2026,DUST_WHOLEBOX_CLAIMABLE
e077fe8aaadf6a1ab3c514131c20dc413c2cc461a4105c9bd35acf82e9fed399,9ggha1h7KDV1m32XNRoLpptxjToZbCPLcmmtYSyyfy3sCB4xeYY,0.01,2.84062149,0,841964,2022-09-20,1893164,2026-10-12,DUE_REST_OF_2026,DUST_WHOLEBOX_CLAIMABLE
b9b606cfce4a9cb887d51b4b4a2f7fe78601292432154a1b678edd7ca637de84,9euRGHaKrxBPomDQSijVLz76oPJu7iWR7thPweR9G4BhrtX9wdz,0.01,1.80128045,0,841385,2022-09-19,1892585,2026-10-12,DUE_REST_OF_2026,DUST_WHOLEBOX_CLAIMABLE
089986d4fd52db8144eae8824bf77922e5a2809a360c867e0a53648dfe3979a2,9ejvx1X8vrP2QHobdW8pMzBxjrrhai2LxrHHyEAv1BBdMJgELKi,0.01,0.34925198,0,841491,2022-09-19,1892691,2026-10-12,DUE_REST_OF_2026,DUST_WHOLEBOX_CLAIMABLE
1ddcd133f8bc3687a44a537b1aa2eb41e19647a389e8347527402dbd389ff6f6,9fvTFfNi8fjDJjBmNxJmdoTh3gmYr5rYknDqBvztepmNsB5GsRx,0.008,9.696e-05,0,841938,2022-09-20,1893138,2026-10-12,DUE_REST_OF_2026,DUST_WHOLEBOX_CLAIMABLE
ee75f5552a73308211c6d549d54141fe30b96449b52df533992a099d399357e2,9iNSyJSSfUdG1q5desz93GyiY69pYUJ8dLJ3AdKXvWKkHEqWkB5,0.01,1335.28427987,0,842175,2022-09-20,1893375,2026-10-13,DUE_REST_OF_2026,DUST_WHOLEBOX_CLAIMABLE
7f7667cad143c09dedf24cd37ace93be869121d6b2238d84d8011c9e31198e13,9gkpnrzBHwcPE5vU85pS4QqwQn7VBP78ZwRgHPmALDLryeChQ1R,0.01,662.93982427,0,842457,2022-09-20,1893657,2026-10-13,DUE_REST_OF_2026,DUST_WHOLEBOX_CLAIMABLE
83594f6583ec3fc29c7ebb2fee4838d71161d671eb81fa4b6ecc606a1cfb3fdf,9iNSyJSSfUdG1q5desz93GyiY69pYUJ8dLJ3AdKXvWKkHEqWkB5,0.01,487.18925961,0,842175,2022-09-20,1893375,2026-10-13,DUE_REST_OF_2026,DUST_WHOLEBOX_CLAIMABLE
a5b1c80bcf5a79ede0eece01855ad77b8b5466e4a67744c2ac4de7ffdec4beeb,9gyHGJi7atG3ZoAWFitg2opAbvMxmapJiKryMy2DUUxEvdxU7QB,0.01,423.29123592,0,842108,2022-09-20,1893308,2026-10-13,DUE_REST_OF_2026,DUST_WHOLEBOX_CLAIMABLE
893ee4c49a1c46200d5c3c841f647c2e8e09ef2905b48377845ba2713a2247d3,9grjNnt2VdVok4regDUnqsYPfwkXEXQ7hHNicpQ2cwH5naJTWXd,0.01,133.11005238,0,842457,2022-09-20,1893657,2026-10-13,DUE_REST_OF_2026,DUST_WHOLEBOX_CLAIMABLE
802b691bc21a6ee7a2e2c7b2a37afffc81747205e6f5bbfcaeb42bdf798629f4,9f4JstckNjsncP4vfWmMUHJyzWFSNdvRzqYYQgs29DX4BtnSgpn,0.01,105.23579391,0,842346,2022-09-20,1893546,2026-10-13,DUE_REST_OF_2026,DUST_WHOLEBOX_CLAIMABLE
855c68f4be449ea8388747617faaddb28b45a772dcb158691f2b0ac57652b321,9gyHGJi7atG3ZoAWFitg2opAbvMxmapJiKryMy2DUUxEvdxU7QB,0.01,105.22213167,0,842108,2022-09-20,1893308,2026-10-13,DUE_REST_OF_2026,DUST_WHOLEBOX_CLAIMABLE
7f4ac5b27af100e7934675e601fcb493bc1c334832dfbc292a5e48f41f411b26,9g448aUBQbqDnCtg5jetrSLPmsYm4AAwztzwutqCV2YN5984AGX,0.01,103.42980087,0,842290,2022-09-20,1893490,2026-10-13,DUE_REST_OF_2026,DUST_WHOLEBOX_CLAIMABLE
60d0d6ae797ade2bc27cd3c82f4c108752d8977a20186398b7b70d3065e55ffa,9ham9iCDN7c8av4Ch2MSFsYbRnNYjQkMarbCrrLdmBT71bWeETB,0.01,76.25,0,842668,2022-09-21,1893868,2026-10-13,DUE_REST_OF_2026,DUST_WHOLEBOX_CLAIMABLE
bc7eccac1848901c361b3e0d95d826ebfe5fa2ad84277df6601a8e54864b9e61,9gtF7b2mipoeNxgL13TnHECYfR5hrRZtYWjNyMABEvT2sNLh5uz,0.01,74.10582489,0,842304,2022-09-20,1893504,2026-10-13,DUE_REST_OF_2026,DUST_WHOLEBOX_CLAIMABLE
766d293b50d9a03779729b31533a9daec7dd2110abd1419fcd268dffd656276b,9hyndCrmiDbSFfCoquZZmUzLrLC2FgszyvM3LURenAiGMyobxJC,0.01,68.19193614,0,842022,2022-09-20,1893222,2026-10-13,DUE_REST_OF_2026,DUST_WHOLEBOX_CLAIMABLE
eb8823e9a65d062b23d1b5f2d8d950bfd25b1458bc34e76720fd7b9eb0291336,9fem3oMwBe83sVASReUZRfQXq5kyGLK8wUj3UoWjdiWdk5WEpxv,0.01,63.5,0,842069,2022-09-20,1893269,2026-10-13,DUE_REST_OF_2026,DUST_WHOLEBOX_CLAIMABLE
0ad8d7f42b7153d6ac1cd2c14ec12edd3503072c2dfa00cd7b10dca1227ef5bc,9eukmLsVk7P7UJ1Lgqpc9etUz6dBBaN6AaaRNVWPNhx68dmPJQV,0.01,60.875,0,842209,2022-09-20,1893409,2026-10-13,DUE_REST_OF_2026,DUST_WHOLEBOX_CLAIMABLE
f683ab7cc8bd22054784b1f02fca668cbfbb4a4862e04591e4283766affcb14d,9fniY2radrjDWPLbzptjoUiZ9VgGojFN6LsCePLFnoGchzRA3gq,0.01,57.36599605,0,842097,2022-09-20,1893297,2026-10-13,DUE_REST_OF_2026,DUST_WHOLEBOX_CLAIMABLE
e4d6539daefcb4b63427d3419801eda6a18af629c045693118d60430ef546552,9g3Pxk3XfuPMuM4ZCJ4UtZsjCYVDMTVurEFJVZNzvdtnp6w2KDP,0.01,56.18643348,0,842480,2022-09-20,1893680,2026-10-13,DUE_REST_OF_2026,DUST_WHOLEBOX_CLAIMABLE
d2021c5ae8f86fbd7505bf9fefc2e33e35e22539e66aac3d2ef8be00b004224e,9hTPULo9oXBvpnEiqSjbdxmjvVLEXYxczLAV5MriyoNr1BMcomN,0.01,52.28417206,0,842130,2022-09-20,1893330,2026-10-13,DUE_REST_OF_2026,DUST_WHOLEBOX_CLAIMABLE
5292b5ca1bac2e4029f09a19e6a73fbb24c9eebf3f16f837448a47f78c6c703b,9grUKmVYqkUkTehzBf7RK6D8fboXF9XKb6THbmZjQQLFoFDz6xx,0.01,50.36651394,0,842122,2022-09-20,1893322,2026-10-13,DUE_REST_OF_2026,DUST_WHOLEBOX_CLAIMABLE
57a4d199aec7a222a6a10fd9456125b0438e9601b697b74b1d48ab0173f434ef,9ez1mpGJH8J1dUz3SFoAY5cZApvKy2xc2yfHdNU44oAa7AQ8ZYL,0.01,49.31689811,0,842043,2022-09-20,1893243,2026-10-13,DUE_REST_OF_2026,DUST_WHOLEBOX_CLAIMABLE
3c6121ab55b6abd5d79c41da21b99e0c8c01805c43ee724cc8bee284d50322e7,9i8yRMny8beFEnHt9e4mJdQiTMopYZWb4CZDyfYUqyTzpScRm3r,0.01,49.01589927,0,842413,2022-09-20,1893613,2026-10-13,DUE_REST_OF_2026,DUST_WHOLEBOX_CLAIMABLE
d144df83e22fa00721ae046b0d2131a0e14add8a3bd7217302914e634d6685cd,9gtF7b2mipoeNxgL13TnHECYfR5hrRZtYWjNyMABEvT2sNLh5uz,0.01,48.71490043,0,842304,2022-09-20,1893504,2026-10-13,DUE_REST_OF_2026,DUST_WHOLEBOX_CLAIMABLE
20c79ffa646190da4e97e0a59389df9c1a5146a9cb63b32cc7bfc408da5cd171,9haMvDTKTCrQVGEKJmNghxdMYCJJeLbDtV7aXGpakQ1DhSySvDK,0.01,48.61304125,0,842651,2022-09-21,1893851,2026-10-13,DUE_REST_OF_2026,DUST_WHOLEBOX_CLAIMABLE
b2b4a28e0ff99e0c6566ef85ade96bbcfad6f038f2e65a504f166fb00fd5a22b,9ffXhm4Z6tzPVJBYjMrmfrLKWVJsw4n7KjzBQaAB8h7g3ieph48,0.01,47.51090507,0,842078,2022-09-20,1893278,2026-10-13,DUE_REST_OF_2026,DUST_WHOLEBOX_CLAIMABLE
c8162ae578a010d679bd7dc9b8dc7c08997a605873f1ec9eeee1175f641b027d,9fYJrJD1kAp5n4mzwYGJ9L3PitNz3gHewyCgxpU2DWwGF63kFTb,0.01,40.06384609,0,842599,2022-09-21,1893799,2026-10-13,DUE_REST_OF_2026,DUST_WHOLEBOX_CLAIMABLE
e6d39bdfd836614f1f42509de64d664768917482cbf9092101842c2eda107f37,9gia4nLAUiMVU8LToRxVo2KoaUtB1EY3R2Yoiw63RQQW6t5zHxH,0.01,37.39641823,0,842092,2022-09-20,1893292,2026-10-13,DUE_REST_OF_2026,DUST_WHOLEBOX_CLAIMABLE
9862834b989ee7885bd3fb292c05b3bcdf02166360c9f3900b346c3148d7205b,9iP7cLbGdxkKnY4gqgvjQZjhGL7UVRjfcWM2hi4SwYTLy32o3wD,0.01,35.37388252,0,842536,2022-09-20,1893736,2026-10-13,DUE_REST_OF_2026,DUST_WHOLEBOX_CLAIMABLE
8c434dd9c1926784cb7a8b93b5b827bc24d2ad920db7c23cecac4b4e11a3222d,9fR6LjtSZnrMrMoriPCsvzw7ZWfbKEAhYeXE6PetZSuW9o4D72L,0.01,33.45672129,0,842282,2022-09-20,1893482,2026-10-13,DUE_REST_OF_2026,DUST_WHOLEBOX_CLAIMABLE
123d11661859b56520541f1e93106816c5a46b8b9f4a873ff04d6803692c63ff,9grUKmVYqkUkTehzBf7RK6D8fboXF9XKb6THbmZjQQLFoFDz6xx,0.01,32.02056827,0,842122,2022-09-20,1893322,2026-10-13,DUE_REST_OF_2026,DUST_WHOLEBOX_CLAIMABLE
c4f5d5835dba81b4a92f92f639511deeb6ff6ca936d060847c41a8a2741e75a4,9h2knrJKcwpjDxBVps67o9vAHGQBeKkVft7T4qy1gqrh8JABiUC,0.01,30.39049292,0,842503,2022-09-20,1893703,2026-10-13,DUE_REST_OF_2026,DUST_WHOLEBOX_CLAIMABLE
ae6d3d4498e3addeb1bbd426aa31fd3f50d1eff527c173fa015d1a42de8d21e6,9g2pabe13hJTxze4gtws4yyUfXNguq91p6ZLT6vb72W7sE9LbKu,0.01,30.36594689,0,842021,2022-09-20,1893221,2026-10-13,DUE_REST_OF_2026,DUST_WHOLEBOX_CLAIMABLE
61b1c22fe02b0083278915848b95900ad2f31113218f406f21fde38ba872c2b5,9gkpnrzBHwcPE5vU85pS4QqwQn7VBP78ZwRgHPmALDLryeChQ1R,0.01,26.9375,0,842459,2022-09-20,1893659,2026-10-13,DUE_REST_OF_2026,DUST_WHOLEBOX_CLAIMABLE
8def6033d3272c71b2c24b6421d807f983d4d374cad2633230ee5b2bee339895,9iF5hN4ccGmeufNAt4PUy9osyeBbhJjCiwgnGeRg8SAi6Qt9ryy,0.01,25.83856731,0,842034,2022-09-20,1893234,2026-10-13,DUE_REST_OF_2026,DUST_WHOLEBOX_CLAIMABLE
922669f50eaddf72f46ec9999dc1e388bb1ff04d6ab7a6f1c2848a7a9fec9864,9fYyPiTw2BMdrf8doxLNj7XMJBs7c4mgifDHSoBnRTSHFqwVYzZ,0.01,25.00283221,0,842130,2022-09-20,1893330,2026-10-13,DUE_REST_OF_2026,DUST_WHOLEBOX_CLAIMABLE
fb6596a4d27c8f6f68d0d375c6080114780363fe68e3c61029c7765baa45b9d5,9esK3LX3FV3FpiFXCuH6m7PbjDy8qi9ZmqY8BUprPbUHU99pwVs,0.01,24.22733388,0,842138,2022-09-20,1893338,2026-10-13,DUE_REST_OF_2026,DUST_WHOLEBOX_CLAIMABLE
a8e23c018c8328c3db50b0780eadab0b38eb4c8fe54b183c6d25964d8d96c7c7,9i3gnK1vJWfVwrzk4Lb221x5koFrP8nRXgoRoA3tu1DWxC8Jprm,0.01,23.68750922,0,842042,2022-09-20,1893242,2026-10-13,DUE_REST_OF_2026,DUST_WHOLEBOX_CLAIMABLE
bb2ce16fe98ec9330a1d5f63bc184765b7f09f5a156d8813c993dd761af7cbf8,9exWm3RrTLQjvV8hhnqC9TR6qLKnQurtJRL3Wh6a44hz5B5JEMK,0.01,21.72323521,0,842403,2022-09-20,1893603,2026-10-13,DUE_REST_OF_2026,DUST_WHOLEBOX_CLAIMABLE
f1ce56f484ec539d32536c310e3340f4ed4c946c530c484ff67c04f6c3f3f621,9ez1mpGJH8J1dUz3SFoAY5cZApvKy2xc2yfHdNU44oAa7AQ8ZYL,0.01,20.84863553,0,842043,2022-09-20,1893243,2026-10-13,DUE_REST_OF_2026,DUST_WHOLEBOX_CLAIMABLE
8d73d7e0a5afa04447d154f3b184bb18a77caca7c3536cce2d4340c9b835d7de,9foNSJANgafkTgXP7NTo2ZmbMMXuNvW9vDrYKXgZogLiCYvSjuE,0.01,20.78785804,0,842700,2022-09-21,1893900,2026-10-13,DUE_REST_OF_2026,DUST_WHOLEBOX_CLAIMABLE
d9220d8cdd10fd234c170ba351ce07417919de7a4da3ade2e6220ea816b9e076,9fjL8BqhC5xEEjabvrVrfWywChDL7AoryeVxFt7KeTBEYfz3gnh,0.01,20.33810098,0,842164,2022-09-20,1893364,2026-10-13,DUE_REST_OF_2026,DUST_WHOLEBOX_CLAIMABLE
8c14320da5c4cfdfb5ac0009e299422bfc459848c2b64a179eee85674ea6c175,9f4JstckNjsncP4vfWmMUHJyzWFSNdvRzqYYQgs29DX4BtnSgpn,0.01,18.5,0,842348,2022-09-20,1893548,2026-10-13,DUE_REST_OF_2026,DUST_WHOLEBOX_CLAIMABLE
7803992b80cec568c190a99503c664abb560069ac5ec27e924ba22c7c8702244,9feXBSDRTXHa3gi4z3tkLJK6cC11EikoyktANyEFBvPmxwhBQHt,0.01,17.14848852,0,842105,2022-09-20,1893305,2026-10-13,DUE_REST_OF_2026,DUST_WHOLEBOX_CLAIMABLE
ec8938920085b04e6ce1c985c2be740f2429e31f1cd1edfe97bdf0673103badc,9fj7KhH1cZhg9CTbzwwE2NVmtYvQHmbmp7AwgmDmhQFPMnELY6C,0.01,15.60441557,0,842232,2022-09-20,1893432,2026-10-13,DUE_REST_OF_2026,DUST_WHOLEBOX_CLAIMABLE
319f2ca689d82d4403c9def7b144fbf210155b69cae9681d04db91d60b30b76b,9eg94tx7mCEvQy6ZCjXhSzZJnz3SVxWBhTQX6tSR7hF8VmuCx54,0.01,15.45462627,0,842420,2022-09-20,1893620,2026-10-13,DUE_REST_OF_2026,DUST_WHOLEBOX_CLAIMABLE
31f5433d6f0a45fd9725bd4f48e3c0edf00f60031abf852fbf4de7f38ac56877,9gxFArfteBKD4tZ4K7dqLcidAkxKEXTouxzPGz3mjut1PNV44LF,0.01,15.14372537,0,842085,2022-09-20,1893285,2026-10-13,DUE_REST_OF_2026,DUST_WHOLEBOX_CLAIMABLE
efdcab858829bc54c7a74fe75b6804a90fb45041c83b87aa0bd97e417842a2c9,9ez22UrRY96vXqEKBfwg8QnBPQJJFQZLy7CvptU24pqjHJ7j3Z5,0.01,11.86117973,0,842256,2022-09-20,1893456,2026-10-13,DUE_REST_OF_2026,DUST_WHOLEBOX_CLAIMABLE
c69de022ae32c40ab77b4651347cade9117a1c868e4b96748095251a57303c87,9gFzCS8qFRnZYZBipYQrLGK4kiNBUtTGvKLUbsEPUp2iysHfaQk,0.01,11.02610783,0,842456,2022-09-20,1893656,2026-10-13,DUE_REST_OF_2026,DUST_WHOLEBOX_CLAIMABLE
6afa2cd9f323000ab0d755b027dd0669c45c5a925ad24954c605243bc8674602,9hiZ9WM3s98SsfKAjEeL9YQmsmui59vVyjAXPwwkuncz5HJgSnv,0.01,11.00535129,0,842035,2022-09-20,1893235,2026-10-13,DUE_REST_OF_2026,DUST_WHOLEBOX_CLAIMABLE
9c002bf2b95f34181f5d5bc18bea3185c3c2d7a9f29c0ff419d4857b1e609014,9hndcPJ1TjQNHFksJPdWSXo8rL5G79ZmXX3BBiVp41fbdiDxq1E,0.01,8.8161359,0,842375,2022-09-20,1893575,2026-10-13,DUE_REST_OF_2026,DUST_WHOLEBOX_CLAIMABLE
87158ef4ad0f00b7918fe1e8889117c8e88a4f39ac86bc0c222bd8e8ed6a84de,9i1FYD81oDCFQM55N3xXuv1LWs2Ggch2XaEXycJZtqwiupUFRfS,0.01,8.08704217,0,842403,2022-09-20,1893603,2026-10-13,DUE_REST_OF_2026,DUST_WHOLEBOX_CLAIMABLE
8001ec0c9a4eaa0ec5a97581ef72562bd94d124c7bacd6f73fe023895a6ed969,9fSQmvpFDCHB47igVhAfyGyraLbMNZcLrEdVfU5tLE1iPHSWpzn,0.01,8.0474313,0,842352,2022-09-20,1893552,2026-10-13,DUE_REST_OF_2026,DUST_WHOLEBOX_CLAIMABLE
61bbd8955fdce85deda68d330da75987a75a927119ced9ca2c0918e943570110,9fKtTMG3mJh7ysBxZ5XcyshbiKmzr5VmYeudDD9fBGo7wSYwprN,0.01,7.13788024,0,842501,2022-09-20,1893701,2026-10-13,DUE_REST_OF_2026,DUST_WHOLEBOX_CLAIMABLE
09231f34e2962ed43d80a5f474e7ee926e51e9bb645c0fd960556d57801e9848,9gyHb4akJEC8YSq4bVGMtnP6pLL2uYewd8Hiu2kyVLWffWFEiub,0.01,6.85887325,0,842004,2022-09-20,1893204,2026-10-13,DUE_REST_OF_2026,DUST_WHOLEBOX_CLAIMABLE
b239ef471e0ecac6736ca5d2ba0198248c6a08169a0100ecc60d3619ec94d398,9i1ycev4Br3gm8tBNVn9o88LvxkTRhy183JWUVFSe8HGubNxgQA,0.01,6.5914164,0,842408,2022-09-20,1893608,2026-10-13,DUE_REST_OF_2026,DUST_WHOLEBOX_CLAIMABLE
dd6168f69cde901921e6b8ed98eb64fd33313f2f68e58f5c6a1ad425bd5434aa,9gKzSnbvQdofZ5fA6KZnxkYsFTq8KWPceFGSnsN42hf27RY6mSy,0.01,6.35093762,0,842000,2022-09-20,1893200,2026-10-13,DUE_REST_OF_2026,DUST_WHOLEBOX_CLAIMABLE
381b4a2295f02342b3815eeb60ff53b92dfc3a14711160777c734e0e0f384c8d,9etBXnoRXZYTjEZ95tZAe79XeJ8h4CbAs3SoDkj21Nd32RJq125,0.01,5.77468383,0,842061,2022-09-20,1893261,2026-10-13,DUE_REST_OF_2026,DUST_WHOLEBOX_CLAIMABLE
71a36a5cc70eea90de9856003dbafd24faaa3e628eb375aec61809fbbd3fed4b,9h714ite9jv83AtLuEgLMBbeSgJD8YvB72MEV1nJKaLWZVY9Y8a,0.01,5.16205327,0,842352,2022-09-20,1893552,2026-10-13,DUE_REST_OF_2026,DUST_WHOLEBOX_CLAIMABLE
c90a96bf38d3b0ba68ca5a3c4b918c4884ff51c57069417b130999f7311ac42f,9guuExG2F1Pou9hgjEv3dzVWtPG8bNkfVma7MmcWPrLBwkt8Cqy,0.01,4.82717953,0,842344,2022-09-20,1893544,2026-10-13,DUE_REST_OF_2026,DUST_WHOLEBOX_CLAIMABLE
a62b0eae3120388452520fa981e6f052cc07603e34339b4a43177eb7f434d7b8,9h1P9c8vM6VaJkgn1NXQwcg6WfsKz8pzji1CK6Bzt97fJsk6fA4,0.01,4.49116516,0,842003,2022-09-20,1893203,2026-10-13,DUE_REST_OF_2026,DUST_WHOLEBOX_CLAIMABLE
d6f78ad9dd71a5f60e066cb7ad7071d30224e1402806097e0531f2f083af3e68,9fJmbumWd5VJJhmG66AtrkmhQeiWxPCURjqiutCBJzqa6cZq48S,0.01,4.4375,0,842304,2022-09-20,1893504,2026-10-13,DUE_REST_OF_2026,DUST_WHOLEBOX_CLAIMABLE
b45aa010fec56cd7b26218cab84cd398fec1e3a6561f4e4e1b60bed7346fec66,9gQwWncHRpqeTt5FTD8uXvL5VHM8DLjdzYPo5bK9biMrDwtbsq3,0.01,3.50348206,0,842647,2022-09-21,1893847,2026-10-13,DUE_REST_OF_2026,DUST_WHOLEBOX_CLAIMABLE
397f2a19517dd6770e4727c66c3dfbabd4afb1875602bfd807db402dff9c1432,9gPZzNBU2xgoftza6YZywaVwUw3cjVbmVjawDAqaav6yAwf7QZt,0.01,3.0415,0,842591,2022-09-21,1893791,2026-10-13,DUE_REST_OF_2026,DUST_WHOLEBOX_CLAIMABLE
354a0b05db45085ddfda1b9fbf8c636a764847b4785548696c93e204228fc99b,9gxG69tc3eQyZnAcWfq3tj39UaDjdkKkz5GcSqokHi1ZgatAY4p,0.01,2.1875,0,842376,2022-09-20,1893576,2026-10-13,DUE_REST_OF_2026,DUST_WHOLEBOX_CLAIMABLE
75a6a03f7a67cf8be90fd98f7529d223582464b2181d285f984a2adf78e6ee8d,9fvTvsuDyFoiGR6xHBzBPEnDprudx1Ui26LYRiM3CAAa9vv3A4A,0.01,1.63264332,0,842118,2022-09-20,1893318,2026-10-13,DUE_REST_OF_2026,DUST_WHOLEBOX_CLAIMABLE
4358f5ab4d473389f1d2380f1c6a3644b1713c369deb56917566862411f7f61d,9fji35rFkP6m1U6pWsmDXXmcoTGLybpapN3hZ9RiSrH9GaCHKLm,0.01,1.43930202,0,842142,2022-09-20,1893342,2026-10-13,DUE_REST_OF_2026,DUST_WHOLEBOX_CLAIMABLE
21fecf4267bcdc9466079c1d88db2071cfaa97163f441e0a014023b47af62beb,9ezTo35aHMWu5mvBn3pEdSgqgHxoF6hBScayCBkfm45tSNxVbbe,0.01,0.89124126,0,842664,2022-09-21,1893864,2026-10-13,DUE_REST_OF_2026,DUST_WHOLEBOX_CLAIMABLE
8bc3676dc76bf728bf2676a0e4f137c6e01cbb195cf6b93fc1ad7141cceafb3a,9fGFABcaFqwwbsZu6XWcKUb3yL9gkoGivnoQbDBppCk7wHxDMPo,0.01,0.34478296,0,842005,2022-09-20,1893205,2026-10-13,DUE_REST_OF_2026,DUST_WHOLEBOX_CLAIMABLE
1b448fedbe5717e2185b294b91766df6ab151094d3edca7d5f14e3863d76ab8c,9f8J9VTEdB7nsk8SQs75o1F1UiYaYCHCm36nxNqnatwM9X6eyvZ,0.01,0.27470509,0,842092,2022-09-20,1893292,2026-10-13,DUE_REST_OF_2026,DUST_WHOLEBOX_CLAIMABLE
6b19749b8cc2efaead42d7023733d88affcfe79cdcecf360c8b479e6b1409672,9gd3zgjyXPycqbFm1LKPU1WHTcoesed4MQhSBcjEh2y868m6gB3,0.01,4738.29072027,0,843346,2022-09-22,1894546,2026-10-14,DUE_REST_OF_2026,DUST_WHOLEBOX_CLAIMABLE
df355ecec677ca5fc6b59b37e437e86abdb57f838178e8b571f5315b09cc843b,9fmuJUsDauFhLeQrvyA7NpYsJAzBND3WSXXmBZ5QoGxgSi5M2k3,0.01,3669.00598905,0,843316,2022-09-22,1894516,2026-10-14,DUE_REST_OF_2026,DUST_WHOLEBOX_CLAIMABLE
d73ec58466a5e34d6eb7805caa4c3c554af8a5006384fd6d40d0033a84074cde,9gLG3wfNtQzphs6hGYzjkdiTfXWDuGwpuneT3xeAvj3ReBDSmn7,0.01,673.92293753,0,842816,2022-09-21,1894016,2026-10-14,DUE_REST_OF_2026,DUST_WHOLEBOX_CLAIMABLE
a1764a3eb1b00d52b8958e2623b75117fad4421c81dd771ef73fb31aa01dc076,9i8R3EsJDXv3ZMmJJf5WqwMqkfzSbgcWZ84VKDJ3gN8Y4wFD47y,0.01,604.38683452,0,842774,2022-09-21,1893974,2026-10-14,DUE_REST_OF_2026,DUST_WHOLEBOX_CLAIMABLE
9e0fdbac1c23a0f1f39e4bffe915678cdb3778ee2b3a9687fb945d04e2b2ee85,9hQT7FTYj2Dcjjcu8HNWN83kDjp492xUWb2qZLicSeoK3P3CQDo,0.01,576.36867651,0,842816,2022-09-21,1894016,2026-10-14,DUE_REST_OF_2026,DUST_WHOLEBOX_CLAIMABLE
429f9bf4c4ec957abda1d9d6c41e79e938c88b8fbdc762a2cc158a5f9d55ec1f,9fQj3MfVeraECKMGMijzgkVW1Nf79MGJwN8KZJN8n4p1PCUL7uf,0.01,503.19977237,0,842772,2022-09-21,1893972,2026-10-14,DUE_REST_OF_2026,DUST_WHOLEBOX_CLAIMABLE
fca6175993509f388568903f5d4f5df0f80645e24734fe717efa18d623481efd,9iP8AA6dTam1vc9rPzPPKUv9FiqoCbZa7g73H5up1NaWmWBdy13,0.01,410.01039976,0,843198,2022-09-21,1894398,2026-10-14,DUE_REST_OF_2026,DUST_WHOLEBOX_CLAIMABLE
78ac1a222bc6aba90b7f36a9083aa5e6c43e0743dc24a4f026199a04914d9270,9gd3zgjyXPycqbFm1LKPU1WHTcoesed4MQhSBcjEh2y868m6gB3,0.01,242.5625,0,843407,2022-09-22,1894607,2026-10-14,DUE_REST_OF_2026,DUST_WHOLEBOX_CLAIMABLE
28d4fb39e9c9cc415e3a24e431f36237cdf17ed6c2929c3583c32a9abac191c5,9hm2e1aBvQ3181K6CjuQSQ2RXdshTPs6fEdz688Ck9BXKU9vMKb,0.01,226.66545157,0,843240,2022-09-21,1894440,2026-10-14,DUE_REST_OF_2026,DUST_WHOLEBOX_CLAIMABLE
d26fd039a4dec5e815ffdf4f7bd4773efbe1955bcf9a3170b50e43a240a90927,9gyZWbmpuaB8hQLnWQsDWfAa9BvWeEaxQFiycUo8kYf7mkCYNf2,0.01,209.7267124,0,843316,2022-09-22,1894516,2026-10-14,DUE_REST_OF_2026,DUST_WHOLEBOX_CLAIMABLE
ec9771155d19e2b1deb9ff1301d9c61f0d8ca4b51581de8a6f54129d18322cfe,9hJFtRuGymNu23JkHAp3pp5B64Ss6gLFutCijQPP1kEe9bhYCY6,0.01,203.43199562,0,843110,2022-09-21,1894310,2026-10-14,DUE_REST_OF_2026,DUST_WHOLEBOX_CLAIMABLE
3afa1a5a76155e855d97fa4595eba7b6172c2549a161df7f01dbbe62db69667f,9hJFtRuGymNu23JkHAp3pp5B64Ss6gLFutCijQPP1kEe9bhYCY6,0.01,176.00567422,0,843110,2022-09-21,1894310,2026-10-14,DUE_REST_OF_2026,DUST_WHOLEBOX_CLAIMABLE
aa4c5c28040c974bf81346446817c67e888a5129b021acfc263e61b1766d579c,9fAKUCU8AUa7JM1ErVdfcavbzicw1fPQBMxehvEYSWHHYPZmGcs,0.01,166.2670892,0,843356,2022-09-22,1894556,2026-10-14,DUE_REST_OF_2026,DUST_WHOLEBOX_CLAIMABLE
b2f334ba6c4505dad8ceab719cd2e896afa860627b6b9c77bc2b5cd75d2d5d14,9gd3zgjyXPycqbFm1LKPU1WHTcoesed4MQhSBcjEh2y868m6gB3,0.01,159.6875,0,843407,2022-09-22,1894607,2026-10-14,DUE_REST_OF_2026,DUST_WHOLEBOX_CLAIMABLE
1441408e6e1c680b60d343cace43929cdd2838f95b7df6f020e0edf30e3a7560,9gd3zgjyXPycqbFm1LKPU1WHTcoesed4MQhSBcjEh2y868m6gB3,0.01,155.1875,0,843407,2022-09-22,1894607,2026-10-14,DUE_REST_OF_2026,DUST_WHOLEBOX_CLAIMABLE
3c2f3c0ad1187a3bd9a41e12e9b332fa40a540d1b9f7dd4c5a63b322e217aca6,9gd3zgjyXPycqbFm1LKPU1WHTcoesed4MQhSBcjEh2y868m6gB3,0.01,151.8125,0,843407,2022-09-22,1894607,2026-10-14,DUE_REST_OF_2026,DUST_WHOLEBOX_CLAIMABLE
7100696fd36c75d29ef72892eb0929810aafbe8aea6cc0ae1d5d3cbb8aa7f264,9gd3zgjyXPycqbFm1LKPU1WHTcoesed4MQhSBcjEh2y868m6gB3,0.01,141.6875,0,843407,2022-09-22,1894607,2026-10-14,DUE_REST_OF_2026,DUST_WHOLEBOX_CLAIMABLE
1b08be45f4350757683c5e0b8486c644e43206c08163e9bfcae945351d0fa516,9gNvZrh2JZCxE6Zo5kkDKBHwF8LyAjJdHqJcSNBwUFQEt7iWB31,0.01,131.86902806,0,842964,2022-09-21,1894164,2026-10-14,DUE_REST_OF_2026,DUST_WHOLEBOX_CLAIMABLE
d3d1e1884eb582f0e4a067283710b69ce7fcef64d3aa6c1f9bd32bf90bcc8ab9,9fKo1fu4nvVQyXvgaoHDCyPM6X9XbiPnVV5QMqsKjSnniZBqPxa,0.01,120.46401919,0,843134,2022-09-21,1894334,2026-10-14,DUE_REST_OF_2026,DUST_WHOLEBOX_CLAIMABLE
3b69be90cb410af4139da5050f7de3499b927799ba76779691be394b5ba521a5,9gd3zgjyXPycqbFm1LKPU1WHTcoesed4MQhSBcjEh2y868m6gB3,0.01,106.8125,0,843407,2022-09-22,1894607,2026-10-14,DUE_REST_OF_2026,DUST_WHOLEBOX_CLAIMABLE
69018d261ca9fbb0d9d5f87a48c3229feefeb8b51919c018dc462fcf9116f975,9gd3zgjyXPycqbFm1LKPU1WHTcoesed4MQhSBcjEh2y868m6gB3,0.01,105.6875,0,843407,2022-09-22,1894607,2026-10-14,DUE_REST_OF_2026,DUST_WHOLEBOX_CLAIMABLE
9145a871fbb72a1341d33381575a23f222ed0c162e547c10448c4f9a68cf801a,9gLG3wfNtQzphs6hGYzjkdiTfXWDuGwpuneT3xeAvj3ReBDSmn7,0.01,62.5625,0,842816,2022-09-21,1894016,2026-10-14,DUE_REST_OF_2026,DUST_WHOLEBOX_CLAIMABLE
7c029f40e6211d7347c23945af9752ad9d75bc66f717891c3afee1a1a9237940,9gFfzSYzL8YDzQrrQmTrDAY1QwJnLZFFT2YgaYU4zwvFEs6sHiL,0.01,61.33122339,0,843318,2022-09-22,1894518,2026-10-14,DUE_REST_OF_2026,DUST_WHOLEBOX_CLAIMABLE
f0f7094cd7177ab633c8e8098f27a449cc736834d03d038bf2b9b45c5a9bd19a,9gFT9FFeRU5WZmKhQboqsctBFpzgREFr4waE8LWSPxWk8oFuRJp,0.01,58.62998249,0,843276,2022-09-22,1894476,2026-10-14,DUE_REST_OF_2026,DUST_WHOLEBOX_CLAIMABLE
bf8e178d3f8aa4f3d9556782f2c0c29099ece75a0f48ad3da0af6d52b59f54d5,9gttiYW2g6GwqYM1jCGC9f1NoVRH6os39gjdtmsXMkb5DzuA84k,0.01,58.12637166,0,843391,2022-09-22,1894591,2026-10-14,DUE_REST_OF_2026,DUST_WHOLEBOX_CLAIMABLE
85018f9aefb2349d03ab6ac6fc973d943ca5acf5f535d8af27c9823f378f2d6c,9f5jnHe9KvXg9HcvrEbtEvRiiRLzaopXYbnAHv1kNHhhYWaq78t,0.01,57.54053151,0,842858,2022-09-21,1894058,2026-10-14,DUE_REST_OF_2026,DUST_WHOLEBOX_CLAIMABLE
34321020032b08787de50cf81db23d09f759c72c937d76dfb97a7a198b471fbb,9fWFG7wtkHfrmdgxb3tzSnKKU4TXufhLLUrT9nPdSmxw8jH6GCz,0.01,53.1875,0,843175,2022-09-21,1894375,2026-10-14,DUE_REST_OF_2026,DUST_WHOLEBOX_CLAIMABLE
0712119f85eb9a7202f5058d719b45e373d230449182dc7440c7710dca072f4f,9gWUAzfgKoCp97pcdtoGsBjGpFWFL3AyY9WtMnrvUFeTVWsyV1S,0.01,49.5190885,0,843367,2022-09-22,1894567,2026-10-14,DUE_REST_OF_2026,DUST_WHOLEBOX_CLAIMABLE
21a427d8a92accb8715c72b8840d82f5df7c040673784655a581fb39b1709c52,9gtaLJdPbXSXS9dwC1PZsr7zdkcjg4qG9C9m5ebEYVmrWzL3hHM,0.01,49.51090507,0,843303,2022-09-22,1894503,2026-10-14,DUE_REST_OF_2026,DUST_WHOLEBOX_CLAIMABLE
b89dd2180e6d5454186d870d1055f37190aecff5bd53ae66d3d9919cf417c048,9gutKrVcYhYaUhD637NAhKPN3iD7Eyo5DQ6qa86jqMDZyTxHrri,0.01,49.4375,0,843406,2022-09-22,1894606,2026-10-14,DUE_REST_OF_2026,DUST_WHOLEBOX_CLAIMABLE
5eb6e1bb2b1e3367b0c059361ad29b461bfb43927e65beba5f18239cc1837df9,9gLG3wfNtQzphs6hGYzjkdiTfXWDuGwpuneT3xeAvj3ReBDSmn7,0.01,49.31689811,0,842816,2022-09-21,1894016,2026-10-14,DUE_REST_OF_2026,DUST_WHOLEBOX_CLAIMABLE
09f4d7c7bc53ed89ba7fc55257f2ae2702e68166dd8a29389fde0655679eb323,9eyTFa5j12eXQrhxq3jNUpMSEf41pX8aPk9HqVuM3SuVD9Gqedy,0.01,49.31689811,0,842960,2022-09-21,1894160,2026-10-14,DUE_REST_OF_2026,DUST_WHOLEBOX_CLAIMABLE
e13ab4695b7f4e797d36fd315a61219886e5c26dd363e99ed711e3e618cb1884,9gyvWuhfFhq916kdwhb7jjYvJes8Hnq9G56CcGbNwfFQ63wBfnK,0.01,49.31689811,0,843393,2022-09-22,1894593,2026-10-14,DUE_REST_OF_2026,DUST_WHOLEBOX_CLAIMABLE
f42ce587be578a37bc836a42b11782e1b28f4ac09eb5de3f51874dcdf2f3c116,9fKXkXJRCvQP4VjNKAhVFXiXTwQToj94fXBeRmE6gWiYzDDEZJq,0.01,49.24245374,0,843092,2022-09-21,1894292,2026-10-14,DUE_REST_OF_2026,DUST_WHOLEBOX_CLAIMABLE
de94891dedc92345b5d4830d64c10a698231ee7399a8908f932eb63e468b7a10,9gWUAzfgKoCp97pcdtoGsBjGpFWFL3AyY9WtMnrvUFeTVWsyV1S,0.01,48.76841134,0,843367,2022-09-22,1894567,2026-10-14,DUE_REST_OF_2026,DUST_WHOLEBOX_CLAIMABLE
b5e71b4d15a75a32d3c91ed99e35dd7c99d1d013ce89e505dd94d7e7cff17274,9gqCNDoYu5MnzVFQn9W72uEy1rmkwHfEQzrPr4Fokvbce3pNLxe,0.01,48.71490043,0,843154,2022-09-21,1894354,2026-10-14,DUE_REST_OF_2026,DUST_WHOLEBOX_CLAIMABLE
a47026287dc327b135b3d96a62f4da7a27a5f8747324aa74e0b30388ec0b6d7f,9fxQZw3NGmPb3j6EDNuARJVXTuC6Pc6WoDUaX9pnGbL7DN1fj3K,0.01,48.41390159,0,842724,2022-09-21,1893924,2026-10-14,DUE_REST_OF_2026,DUST_WHOLEBOX_CLAIMABLE
135610e741b18d62fa32c297aaf72ec97369ee1ce1ec8e8b441e89ad8891d7ec,9fqwNk4M2qs5Qk7rynjww1cXFjbrutstYZi23ANKNSbU2AwePzn,0.01,48.41390159,0,843279,2022-09-22,1894479,2026-10-14,DUE_REST_OF_2026,DUST_WHOLEBOX_CLAIMABLE
48a0f5bc42cde8bff42270676d107a2c1fa064ed2e8f7878ca20827993425d62,9gyZWbmpuaB8hQLnWQsDWfAa9BvWeEaxQFiycUo8kYf7mkCYNf2,0.01,48.11290275,0,843316,2022-09-22,1894516,2026-10-14,DUE_REST_OF_2026,DUST_WHOLEBOX_CLAIMABLE
985cb17697bfa38a49b60e374216edccfe19740e94279cf568d902efc92d089d,9hGEY6R9x2jC5HcUMesQkJq6JPdqj11Q7s9SJFZA9J7LBMLgUgz,0.01,47.8401048,0,843115,2022-09-21,1894315,2026-10-14,DUE_REST_OF_2026,DUST_WHOLEBOX_CLAIMABLE
3c76d172d60b397baf6e19a48bcc1f9d7af71b0c11f244bf25c24af10ea78ba5,9fZ1cb6RnqKsVgDb6y3XcSLjcL1RiYDdvZzb9dD3iR6Eo1TieJk,0.01,47.81190391,0,842816,2022-09-21,1894016,2026-10-14,DUE_REST_OF_2026,DUST_WHOLEBOX_CLAIMABLE
1c2df524571e2ed7188214cff1e57d2ae635d9e57808ab1d58e78ef99a485166,9gjqrgNGPegBvHerNTrqG58r5SmVWePwCFbWDmgWAMySB4fDVFv,0.01,47.51090507,0,842858,2022-09-21,1894058,2026-10-14,DUE_REST_OF_2026,DUST_WHOLEBOX_CLAIMABLE
4ad05aec159712f940e78cde27d59396ae9dacf78658272652493fbc6b14ad6f,9fJ553UDgFP3DtenSJtR26pXkRod4gXrHffZ4KXZT9vv35DvRxY,0.01,47.51090507,0,842858,2022-09-21,1894058,2026-10-14,DUE_REST_OF_2026,DUST_WHOLEBOX_CLAIMABLE
db12d1c30575c532d2c7c3c58f13412b8e20196ade0e95bbbc84c0c3a3248115,9hnChEN6fkZkEG52yjCsr4YVuwE4GGJjUZBFvQ5NMRnkVCuptPV,0.01,47.51090507,0,842858,2022-09-21,1894058,2026-10-14,DUE_REST_OF_2026,DUST_WHOLEBOX_CLAIMABLE
84fb2d62178eb269a0dfb38cc39d9b25fc049bf3f8df6a575405d1d5636c838a,9iJbx1Wft1vFHH7yTWLTXb2ZU4kQUsifxr5Q3dq6C1bdgumqM1C,0.01,47.51090507,0,842959,2022-09-21,1894159,2026-10-14,DUE_REST_OF_2026,DUST_WHOLEBOX_CLAIMABLE
8db415878a0a86785a6726deacca3374657fa2e78d5d0089a5612ccca846586b,9fEpR8YdDjP9Ghfetc1yDuKmYdB5kicRtrXgVpFY7q3PhVBMJEi,0.01,47.51090507,0,843104,2022-09-21,1894304,2026-10-14,DUE_REST_OF_2026,DUST_WHOLEBOX_CLAIMABLE
f97dd022604feb83d043fd4892c4e01a3abf197bcb1f50abd7f5c2047ecf3f85,9ev9uFfzMA6Z6X3rfbx9t78pDCvFQ7QemyApuMuKmDgFe8gZnMo,0.01,43.0008909,0,842873,2022-09-21,1894073,2026-10-14,DUE_REST_OF_2026,DUST_WHOLEBOX_CLAIMABLE
6804da9ad0bebe1dffbc36a32598144b0e9a5dea224e20b56a9f0fee468081c8,9gd3zgjyXPycqbFm1LKPU1WHTcoesed4MQhSBcjEh2y868m6gB3,0.01,40.56789506,0,843346,2022-09-22,1894546,2026-10-14,DUE_REST_OF_2026,DUST_WHOLEBOX_CLAIMABLE
8a171e864754fa1ee4909c86eddc183395bde5ae938d35595fdf9f0f7871688d,9fk4mnx3Af7mLd8Dz9zTVYCG4NfD2or2SQ68LkgHv1XftTvziKd,0.01,40.09025498,0,842929,2022-09-21,1894129,2026-10-14,DUE_REST_OF_2026,DUST_WHOLEBOX_CLAIMABLE
92792d5fb894a513a5df7d7998a152bc2fbd52b006f3cfcf583e28de70d90d12,9gWDYJQ7YEZ6YKVTN5jFdH5uHPcr9py9Cd5RuWSogsTBZ4Ab9cC,0.01,38.76289403,0,842831,2022-09-21,1894031,2026-10-14,DUE_REST_OF_2026,DUST_WHOLEBOX_CLAIMABLE
d8c3f4ed17dc899c2b79b68ea883b895dafbb51a918fa91a23a345c5d9da5eae,9fmt4kLGwQYwYJCYtbY2s813gJVquTo17vUZjiyEJzmZGUQvzxi,0.01,38.51499685,0,842767,2022-09-21,1893967,2026-10-14,DUE_REST_OF_2026,DUST_WHOLEBOX_CLAIMABLE
8808e8ab2e068d9ea04c4cb8cb8b3c25bf4a43443d01b62257802d5cfe65405e,9fzoory7rWN2Q9gobB2ACusXeMMEUzqSLVtNXXxiFDSiLCx5fx3,0.01,37.70353671,0,843223,2022-09-21,1894423,2026-10-14,DUE_REST_OF_2026,DUST_WHOLEBOX_CLAIMABLE
bfc03e253fe0fda968eb96a234e55406c5db6f60bd822abe0f18196101712f9e,9fQj3MfVeraECKMGMijzgkVW1Nf79MGJwN8KZJN8n4p1PCUL7uf,0.01,37.47224047,0,842772,2022-09-21,1893972,2026-10-14,DUE_REST_OF_2026,DUST_WHOLEBOX_CLAIMABLE
0b931d687b27e76841f413671da936ebc6c87bbad9f92f09f3d1d67c600e5239,9hmT11zuxLDiihb5T388nYZD3DuHBTbhdks6G7TraBuA42kuKz8,0.01,34.4375,0,843277,2022-09-22,1894477,2026-10-14,DUE_REST_OF_2026,DUST_WHOLEBOX_CLAIMABLE
5c4431f87776494592aef5e5aba021bfe11cf09b188faa753d85d3c7c3b614b4,9gtCWVshJzCmUrazLQNthn5je56F4KGujQh5dPe83qibvcAQgEy,0.01,33.99297868,0,842835,2022-09-21,1894035,2026-10-14,DUE_REST_OF_2026,DUST_WHOLEBOX_CLAIMABLE
cb6183fedbb857d64a281256701818b29caf44b891d766af62e8512841cb85d0,9fQj3MfVeraECKMGMijzgkVW1Nf79MGJwN8KZJN8n4p1PCUL7uf,0.01,33.6528697,0,842772,2022-09-21,1893972,2026-10-14,DUE_REST_OF_2026,DUST_WHOLEBOX_CLAIMABLE
e3f22775b665eeb3402efd204fab919081e47e08c5dded3028a1ba751c450fd0,9gr1PKtLBio5H4MZp8byQwM3kUiXeaDT1zNKt3he576WqJoen5a,0.01,33.20092222,0,842824,2022-09-21,1894024,2026-10-14,DUE_REST_OF_2026,DUST_WHOLEBOX_CLAIMABLE
b6f4aae24c36ba1b9c26ee5b1297addbbfbaf9068a9841d1e1b5ca3ed316199c,9gbJg2vb6AbwRryw6gx9LHBoL6CcY33CTywYUeFB2QfQV2uKAab,0.01,33.04815543,0,843372,2022-09-22,1894572,2026-10-14,DUE_REST_OF_2026,DUST_WHOLEBOX_CLAIMABLE
57df2bc90bc37169deede2926e9faaa9f2b8b86c13353c9b14f75b28e0f7f55f,9fQj3MfVeraECKMGMijzgkVW1Nf79MGJwN8KZJN8n4p1PCUL7uf,0.01,30.13049245,0,842774,2022-09-21,1893974,2026-10-14,DUE_REST_OF_2026,DUST_WHOLEBOX_CLAIMABLE
b5f7b698aee041b02a829fe8d9bd2c6dca4bb7ecbd6871d614be541b321649b2,9fQj3MfVeraECKMGMijzgkVW1Nf79MGJwN8KZJN8n4p1PCUL7uf,0.01,30.02347064,0,842772,2022-09-21,1893972,2026-10-14,DUE_REST_OF_2026,DUST_WHOLEBOX_CLAIMABLE
86c4e19deea2659564c474db97d68d9ca9ccbba5db3aff97534321f7a8a5ae2a,9eqJ7KibgwGiiY9G8HBVAQB6efVDS6WgQDKDU32wqn22LNZbLAm,0.01,26.79383667,0,843217,2022-09-21,1894417,2026-10-14,DUE_REST_OF_2026,DUST_WHOLEBOX_CLAIMABLE
44e8936070f207544e3809895993d393bd90a745e8f67b39cf4286258c4d1508,9gRsZZuPha5n5vBNfrapzaNjRRr6LXyEpxds66JU75wyh6skrez,0.01,22.36318879,0,842961,2022-09-21,1894161,2026-10-14,DUE_REST_OF_2026,DUST_WHOLEBOX_CLAIMABLE
a054ede72d73a20f717d3aa0e6a91afd2fbf73a34edd47ccd74c28c1a5c31769,9ezpXh8Mr9pya4kgYisapxpSCWDsWnjrGf6caMcwXW8EGdBBUZp,0.01,21.88602695,0,842746,2022-09-21,1893946,2026-10-14,DUE_REST_OF_2026,DUST_WHOLEBOX_CLAIMABLE
63b8f98b92af83e608ccb93f776acf32db6b6aa2d853f0d637db5132fde0b236,9i5tHmyVgW6W8WFjediwpMeK15sNqvnf6RgfQgkttVLLQtUMySn,0.01,18.56150543,0,843176,2022-09-21,1894376,2026-10-14,DUE_REST_OF_2026,DUST_WHOLEBOX_CLAIMABLE
c407987f2048be4a64056cb56e231127b9f67fddce77cc8f2307f66dbb388032,9fuudD3vDgPkLGnCucMdZGLrYJSFYxzJ2phjNyhf76xvoipAPhV,0.01,18.23288961,0,842723,2022-09-21,1893923,2026-10-14,DUE_REST_OF_2026,DUST_WHOLEBOX_CLAIMABLE
d93062b5e84ea642473357538ffbefd854e0cee592cef7e0cdb55ce51f979967,9gY8mWj6PunT9DjJxUL6QF5j5dh352HPwwxsDghSasibg1VwuAE,0.01,18.22521381,0,842950,2022-09-21,1894150,2026-10-14,DUE_REST_OF_2026,DUST_WHOLEBOX_CLAIMABLE
944e3d5be6b7b56d17b0268fd122bcf3398af3acf720c0153e284cde995171f1,9fiScTuRT7jXyx737JQyQPGPrtP6Z2wdPxuRUWfxm8bYjJ5EJcp,0.01,17.89107163,0,843379,2022-09-22,1894579,2026-10-14,DUE_REST_OF_2026,DUST_WHOLEBOX_CLAIMABLE
ec3517dd206108d0acc1626f3bc71dcad59270a21e3f857a9eafb406bb7fc293,9gVz23P2yzAicPNu13AEokaEEjZ7HR9TGjszTH7X6NdHbqJV6Gb,0.01,17.49167795,0,842723,2022-09-21,1893923,2026-10-14,DUE_REST_OF_2026,DUST_WHOLEBOX_CLAIMABLE
1ca9590e1f2ba97267d10c90a0e6e62ac83be1cf35586fa905ac109e2666807f,9hZErVMu47dpL1swNJp6JC1RroFEzZMHbnRZjSzkwQKUYD13YJS,0.01,14.64783636,0,842758,2022-09-21,1893958,2026-10-14,DUE_REST_OF_2026,DUST_WHOLEBOX_CLAIMABLE
c588a7ba73657e065f1fe76f799c3d7054e24d9c0ea2d947e3e6d6d42fc5cf1b,9fRghHrxi8c8YMiGRhFBhtA8mv534XAj2PyY6nve5yjRWLHqjNz,0.01,14.45883533,0,843165,2022-09-21,1894365,2026-10-14,DUE_REST_OF_2026,DUST_WHOLEBOX_CLAIMABLE
bbd17e79baa6e96c3bc345ac897ad9fc5af1c4259ccbe360c4cdeca65e7ff15e,9hya83q5MCsYmWLfxcgnjpBzqAVWi2SfWh22X3Y2n8hcNqs8mnh,0.01,14.1268427,0,843305,2022-09-22,1894505,2026-10-14,DUE_REST_OF_2026,DUST_WHOLEBOX_CLAIMABLE
c1d778f3e3cabdce3efdf87c7104176ba763c2566495b8fecb92971d19c84e76,9g5dGYQW38hMMPsw15jxM8ReBakSrg1CtTFFaNJ5ijqVGjpWJMW,0.01,10.65894979,0,842868,2022-09-21,1894068,2026-10-14,DUE_REST_OF_2026,DUST_WHOLEBOX_CLAIMABLE
323c909a8731ec272a6a772b07775db8d8c609bd40269aa30052a1937917b0ff,9hMegqkaAgYwLmuRjTzdZ5W2G4KQHAHbiKLM5urfrtkZUZLLdfq,0.01,10.38974058,0,842952,2022-09-21,1894152,2026-10-14,DUE_REST_OF_2026,DUST_WHOLEBOX_CLAIMABLE
929857dca1b464819a112d858d8a6e77a676c3169fd11365e60bda457f2332c3,9fauzsQ9xWEBzmPsWQtACnkJRfsatJqBBEcp1GEHJ99nApCrbnJ,0.01,8.06525869,0,842808,2022-09-21,1894008,2026-10-14,DUE_REST_OF_2026,DUST_WHOLEBOX_CLAIMABLE
52f98bc6bd1a74984bc4bf187bc84dfcd3e751348cfd1df7fe3f9878884bcbd6,9fqhJv7ZNjAiQJwYfk18WhKKaihjx9EewMj4K6cNPbCC6WZZueY,0.01,7.96075453,0,842827,2022-09-21,1894027,2026-10-14,DUE_REST_OF_2026,DUST_WHOLEBOX_CLAIMABLE
e628194ed4d20ee925b568cff9104cb2971875c3138e409cd07b5f5f574f1caa,9gyvWuhfFhq916kdwhb7jjYvJes8Hnq9G56CcGbNwfFQ63wBfnK,0.01,7.74643931,0,843393,2022-09-22,1894593,2026-10-14,DUE_REST_OF_2026,DUST_WHOLEBOX_CLAIMABLE
f07acad9544fbf3b477d8b61aecf728486b94abc36e6b9c75cc630c59a59d91b,9hnxc2Qz6TyjywAoysZciLWcpbTWrypYrUym1p3baURia7KF7NZ,0.01,7.34525382,0,842873,2022-09-21,1894073,2026-10-14,DUE_REST_OF_2026,DUST_WHOLEBOX_CLAIMABLE
f149835eaa8c399902557bac84e1f121abfffd363c387d90c7c098001bd6842d,9hdXruNwGeCsUiYMLeHEk4UiZWv9hwLjSxM8okWSxnjSKmW2C7N,0.01,7.25,0,842924,2022-09-21,1894124,2026-10-14,DUE_REST_OF_2026,DUST_WHOLEBOX_CLAIMABLE
585cf9d2d84bc3db8992e7ebc42db4de7a2a4f5083766f9f1dd58e3a3819d7f6,9ez1mpGJH8J1dUz3SFoAY5cZApvKy2xc2yfHdNU44oAa7AQ8ZYL,0.01,6.6875,0,842965,2022-09-21,1894165,2026-10-14,DUE_REST_OF_2026,DUST_WHOLEBOX_CLAIMABLE
e17a0c5377c56830ff7520dceba71860e112d385850f015153bb9207708f65b2,9gi78gzoiUFtT52rEUeYzsF3GPKJqx1PNNBy2CMGeqezgDKxifq,0.01,5.66972759,0,843346,2022-09-22,1894546,2026-10-14,DUE_REST_OF_2026,DUST_WHOLEBOX_CLAIMABLE
6de814994b8b63607a266e2ffd75e88370c2ddf66d64736fc5b681693d1485eb,9gftg3ymmyr2M8EH73Pbb1Pq8SsNf9CZNQKBYsVFVQCBYtf5h6x,0.01,5.65792456,0,842758,2022-09-21,1893958,2026-10-14,DUE_REST_OF_2026,DUST_WHOLEBOX_CLAIMABLE
822c3d2d728f82cd8cdc1d20f94d89eb7d38792f807d6bd19d1546688de2eb10,9fVfAvX5TLEu5RVczJjiek61aLA6GGoGbeEZDZRFJYVZAHPwJpN,0.01,5.5625,0,842797,2022-09-21,1893997,2026-10-14,DUE_REST_OF_2026,DUST_WHOLEBOX_CLAIMABLE
f1aba2318a85adfc2bd8b7be60af4e07220f1a2efab379cb57a2c1c2c1a769a0,9fEpR8YdDjP9Ghfetc1yDuKmYdB5kicRtrXgVpFY7q3PhVBMJEi,0.01,5.0896401,0,843104,2022-09-21,1894304,2026-10-14,DUE_REST_OF_2026,DUST_WHOLEBOX_CLAIMABLE
0ade1552fca1b11fecd6dd7bab00cf3158f1fe99f36402d7fa1551ef04de89dd,9hFumdbtuCYH1b7dKXko5p6RQdBbWweTetzRhx8JJ8x58kyjHUr,0.01,4.95359155,0,842889,2022-09-21,1894089,2026-10-14,DUE_REST_OF_2026,DUST_WHOLEBOX_CLAIMABLE
0f545b843be86935a480392b65dc27a081b8ba7735819f0ef9f2607bd0b0bf67,9ftwEvbfqPX6gzucMgBnFtzedugkDXwiVMkBAxDHqwVzwQQ1UBg,0.01,4.7966664,0,843229,2022-09-21,1894429,2026-10-14,DUE_REST_OF_2026,DUST_WHOLEBOX_CLAIMABLE
b88cc60a16ab2f445e5582b93ede53a49ed9e8bcf16912c06770682f4acc40c5,9fNLMbjgDAvAc1ARer2wbudAy8A79eDZttD1x8aAtUVCUDuaSv4,0.01,4.59575496,0,843370,2022-09-22,1894570,2026-10-14,DUE_REST_OF_2026,DUST_WHOLEBOX_CLAIMABLE
2e9116a920640fb3cc430904675a940327817359db5e5991a0533f5d7232d5e2,9fqwNk4M2qs5Qk7rynjww1cXFjbrutstYZi23ANKNSbU2AwePzn,0.01,3.875,0,843277,2022-09-22,1894477,2026-10-14,DUE_REST_OF_2026,DUST_WHOLEBOX_CLAIMABLE
e7d6f627076fd2e46454c8a46099e6ded948f7d34c2ecad69a8122f0357cb9d0,9fQpzp8PYw7EQKCsuTQ9cfWYnFsrUkouDRWrAvf9maBUpvKtAvq,0.01,3.31040518,0,842965,2022-09-21,1894165,2026-10-14,DUE_REST_OF_2026,DUST_WHOLEBOX_CLAIMABLE
ec1cdc7feac2460772371ba7a0ac337e5df72dd24d468c7fbfeb04ee2936f3b5,9gYMfYJ2WQzFXLtXhEcKsWhiptuVAEY8v6iFh7EzwbaBR8oDHm8,0.01,2.81641923,0,843365,2022-09-22,1894565,2026-10-14,DUE_REST_OF_2026,DUST_WHOLEBOX_CLAIMABLE
6e8cf6af82bb3887a65ae2d36650c183e87c04740a9363f0d38f159e8d023ae3,9hMegqkaAgYwLmuRjTzdZ5W2G4KQHAHbiKLM5urfrtkZUZLLdfq,0.01,2.4148873,0,842952,2022-09-21,1894152,2026-10-14,DUE_REST_OF_2026,DUST_WHOLEBOX_CLAIMABLE
40f2c97f56b1ba94b8e26da5200fdd9a1b8a0ef5e6a1271b56297dd9a0bb710d,9eaxQt2uci1WY6p6io8QCimXnHwwtQKnfrhAjAyMfyCHyPTqorT,0.01,1.49668765,0,843168,2022-09-21,1894368,2026-10-14,DUE_REST_OF_2026,DUST_WHOLEBOX_CLAIMABLE
b53a0c342d3b0042df4266edcde61802fecc3f5773179b23b10f37486fedf162,9g6FvHG5p8N6wt9RUQkyr62bvRb1poK78ZEVDTgsGRrbB86UmoP,0.01,1.36805472,0,842756,2022-09-21,1893956,2026-10-14,DUE_REST_OF_2026,DUST_WHOLEBOX_CLAIMABLE
7169cb03d2b26e08168afb074836c7373d431f13cff61e96ec6bb5b1536114e5,9hvzLqzDQv42tkUCk6FRxRTNkeC7UaDnqJfYJUz5qjM1nmFShha,0.01,1.25772604,0,843200,2022-09-21,1894400,2026-10-14,DUE_REST_OF_2026,DUST_WHOLEBOX_CLAIMABLE
91d586cf768b6ff9b68207c83cebafc7dc37102af392cfb6a49ab09c181485b7,9ekjWkTRTRpp59NMwMWUewT13AQsiYzyQRtDf2z2mKc4z6STv18,0.01,1.0858059,0,842770,2022-09-21,1893970,2026-10-14,DUE_REST_OF_2026,DUST_WHOLEBOX_CLAIMABLE
d202dd4fbc8ce37b74349bb7b53460249fc40c3c39c3244726aee602c6812a10,9hQBJ4s2yRqcFhnEcd449CEjeRQ21Wdz4YAYnhJc3JYioAYyxaZ,0.0079,0.01090507,0,843302,2022-09-22,1894502,2026-10-14,DUE_REST_OF_2026,DUST_WHOLEBOX_CLAIMABLE
e8e4ff58c73eb9017a7a52ffad62905ce2d6a0ac1fc996d8fef2aca2a6b083cb,9gAT65NksBP1uQnTinsTi12HCxLm6FEXmkYcPakuRTxJasf1M4e,0.01,2884.73932207,0,843619,2022-09-22,1894819,2026-10-15,DUE_REST_OF_2026,DUST_WHOLEBOX_CLAIMABLE
64e00afaa94c654e10c435bd03fb40c2a1d0336aeac52fbce57a900134da7f86,9fAGjMwk9XxziSKMQya27Bx6yu8naoKcUwbWaZ2cH9RRHmkSdWx,0.01,742.72835651,0,843491,2022-09-22,1894691,2026-10-15,DUE_REST_OF_2026,DUST_WHOLEBOX_CLAIMABLE
473cc029119b9a060b29717e7d1835ede4d25434be97e375ae82b595849c8e0d,9fAGjMwk9XxziSKMQya27Bx6yu8naoKcUwbWaZ2cH9RRHmkSdWx,0.01,662.88631336,0,843493,2022-09-22,1894693,2026-10-15,DUE_REST_OF_2026,DUST_WHOLEBOX_CLAIMABLE
fffaf591a3bbb83ef974b3b01f7fccec5a190722e2c6d98490351a5cfdc77dd7,9gAT65NksBP1uQnTinsTi12HCxLm6FEXmkYcPakuRTxJasf1M4e,0.01,268.25,0,843926,2022-09-22,1895126,2026-10-15,DUE_REST_OF_2026,DUST_WHOLEBOX_CLAIMABLE
c1ded976367a0f9233941d1ef235eb10505d91c734997eb533e9056614cf17bc,9fvjyT764DRUAP2pm4punjq4pGHjPkuMQVjuXtbyEmu3YqXcwEX,0.01,158.44570014,0,843601,2022-09-22,1894801,2026-10-15,DUE_REST_OF_2026,DUST_WHOLEBOX_CLAIMABLE
501ea0a3d68b4a9ae14fd7a7fefbb49135496cab33200a7b820f5b6e5eacadfd,9h9zse5QLhc67mQ5GT4SPJKLyW6EJacqWRMwk8VyrwwaRcNCHXu,0.01,137.39942904,0,843874,2022-09-22,1895074,2026-10-15,DUE_REST_OF_2026,DUST_WHOLEBOX_CLAIMABLE
817f675777a8850f551331e16af2c9e9902853d57e0c1bab6555dabe531ad003,9gKrwBeNtnr2yFS7aXheo2R9duWNfyjARbcqYdR5aeEuMJ2LUTU,0.01,128.52865241,0,843449,2022-09-22,1894649,2026-10-15,DUE_REST_OF_2026,DUST_WHOLEBOX_CLAIMABLE
2a6c320c701307fc537b6c2b32d02f5efc18cc31ae5bb088c0e56d92360de6c4,9eg8rvs2sV6VJEP1Bx6v4Wrp1qRdkcGgJo4fQ87numoVeWw8iAW,0.01,99.33590076,0,843915,2022-09-22,1895115,2026-10-15,DUE_REST_OF_2026,DUST_WHOLEBOX_CLAIMABLE
7d5f1bfd36f7522b141583f45dfe70c0ec6641e77660858052aeee8a3e70dabb,9fAGjMwk9XxziSKMQya27Bx6yu8naoKcUwbWaZ2cH9RRHmkSdWx,0.01,94.4375,0,843494,2022-09-22,1894694,2026-10-15,DUE_REST_OF_2026,DUST_WHOLEBOX_CLAIMABLE
8d358f80c2d44233951327375cb676cf9b39019791e1e2b2be7377c7af1ea3f2,9eg8rvs2sV6VJEP1Bx6v4Wrp1qRdkcGgJo4fQ87numoVeWw8iAW,0.01,82.80969145,0,843914,2022-09-22,1895114,2026-10-15,DUE_REST_OF_2026,DUST_WHOLEBOX_CLAIMABLE
9a5f27d899ffa07593990e29bcf9abe7e58a1fc5829b970c1059552fcaf4f734,9hGWDhiWyAx3VStSbCnpyvk1YVTYCxEhhH1W8AeiaBsmK5MoFQp,0.01,74.60564877,0,843545,2022-09-22,1894745,2026-10-15,DUE_REST_OF_2026,DUST_WHOLEBOX_CLAIMABLE
dd19f717984e525a6bd2ca7264adcfe37e1defccb13c6f99c4da72ce5ce5a933,9eshw47Ko5BtveYp2TbFcoyKoUnRko51jWurrrKvwfMhjsQwEtR,0.01,70.30659344,0,843896,2022-09-22,1895096,2026-10-15,DUE_REST_OF_2026,DUST_WHOLEBOX_CLAIMABLE
eb66603180e678b93689edeca2d2c9c4aa9640301c9ce69dc6f05d24df3bde65,9gJFX6YjKJdq9NgTHyw4BvUrGu7hAm3uX3rZzyzfHVrQdbMfLfS,0.01,51.10990663,0,843924,2022-09-22,1895124,2026-10-15,DUE_REST_OF_2026,DUST_WHOLEBOX_CLAIMABLE
964475fc8385ccd65b216f41bc8be876c5a845e802711af3c1f4d3f92b955eae,9eamaynFf7Cb29q9sWiMQD8d2EKKiLnviGYoSjVbUn9Sv2hsVYa,0.01,49.01589927,0,843443,2022-09-22,1894643,2026-10-15,DUE_REST_OF_2026,DUST_WHOLEBOX_CLAIMABLE
9941f731fe3cffdfe7d60ebf11640731a76c2f9b843af32623b0a4e56e22e837,9f2m7MNMcXAuhAkVYxqJnjpRLSfnpY89X3by7oVQFPGgw65386P,0.01,49.01589927,0,844108,2022-09-23,1895308,2026-10-15,DUE_REST_OF_2026,DUST_WHOLEBOX_CLAIMABLE
39230521452e64770a123da9052f24e64a1a9aeee71d8f4025afc7f5ee8a4e13,9ehdsZmWfs9vkTcJ7zMZ6zWtdkigoZvTBhPdHrTxxyFkPuSgyyC,0.01,49.01589626,0,843885,2022-09-22,1895085,2026-10-15,DUE_REST_OF_2026,DUST_WHOLEBOX_CLAIMABLE
68ad9195beb6f2545618692b0b2923cae76fc01a8fd5c2736e4da3b22555c94a,9gD9K4Tum3A8voMopBbdfJEsJTgcmfiZN5uCo1Ve4xN6szd8wcQ,0.01,48.71495374,0,843418,2022-09-22,1894618,2026-10-15,DUE_REST_OF_2026,DUST_WHOLEBOX_CLAIMABLE
55bd90532456832f61f217275976e8454f39cb32dc02b88e949ae743925029e3,9hs81WyNVUaXyXG5AujqLCrAPyLPozpx9swRioMoo13WLK9AeNt,0.01,48.56774544,0,843649,2022-09-22,1894849,2026-10-15,DUE_REST_OF_2026,DUST_WHOLEBOX_CLAIMABLE
fe3ae166deb5bdfdcf1137c22d92f13df74976f25b19e35943cda53bc68565fa,9hs81WyNVUaXyXG5AujqLCrAPyLPozpx9swRioMoo13WLK9AeNt,0.01,47.51090507,0,843649,2022-09-22,1894849,2026-10-15,DUE_REST_OF_2026,DUST_WHOLEBOX_CLAIMABLE
121b10f8991d6918405af1f9ce45158d74c8a999639b6a17162603a30ca77c46,9eg8rvs2sV6VJEP1Bx6v4Wrp1qRdkcGgJo4fQ87numoVeWw8iAW,0.01,40.35893576,0,843914,2022-09-22,1895114,2026-10-15,DUE_REST_OF_2026,DUST_WHOLEBOX_CLAIMABLE
573b388611cb93e7d8ec39936807520f5c9635cc65c1b4e05c15f61d4e2b8deb,9fHCosouSoXyzLq5w1k6yWz3dobN4iWGf5YgbkmqYSdWGqd6oEr,0.01,32.21457731,0,843427,2022-09-22,1894627,2026-10-15,DUE_REST_OF_2026,DUST_WHOLEBOX_CLAIMABLE
6535e95654760ad28898f2163b985cf386be6acc93cfa08b8d39af103d8a0a87,9g6EDdprUMUNQaCiAkMrRQCKeCkcbc1kzmuihxmArUQzhkyTsop,0.01,29.37620382,0,843496,2022-09-22,1894696,2026-10-15,DUE_REST_OF_2026,DUST_WHOLEBOX_CLAIMABLE
8780a0e5443400225753dbf7748df55bee56998ac4c62bc3487de3fee8072d2d,9eeN6ifXBzYHRXEKzq3fHxW2KhywjyMG7ooteU2vAFCNuffZSgw,0.01,26.61403073,0,843923,2022-09-22,1895123,2026-10-15,DUE_REST_OF_2026,DUST_WHOLEBOX_CLAIMABLE
853cafc77412da0f7ff63156fdcdfd4079055638b6247ab784630300ce80d11a,9fZZiM7QbiHxJ4v3tpHe7wxN1RqJVUhjfMasfwAAdSLsfP83FZn,0.01,26.09983914,0,843634,2022-09-22,1894834,2026-10-15,DUE_REST_OF_2026,DUST_WHOLEBOX_CLAIMABLE
24651ddd506b5af24532a2673578f3a1101bc757b6100ac81948641f62ee72b4,9feqWUvph2j9eZcRfezo27CK9X2635ctCN6sJnLvAo3TLQyxz4H,0.01,23.37413077,0,843587,2022-09-22,1894787,2026-10-15,DUE_REST_OF_2026,DUST_WHOLEBOX_CLAIMABLE
7ce73db81a67bb5a964921a536f17a26ff82ff8b24e371ef5e267cf914577798,9hu79TKnpsMjrkiSWppCTZe7tvXDcy67tjiCJPVaCRxabxKK2eR,0.01,23.0,0,843570,2022-09-22,1894770,2026-10-15,DUE_REST_OF_2026,DUST_WHOLEBOX_CLAIMABLE
c74a4ea6ddfd440ad5e2cacb29dd3bc2fb9c5af25c93c719ce358756fcb71c74,9eg8rvs2sV6VJEP1Bx6v4Wrp1qRdkcGgJo4fQ87numoVeWw8iAW,0.01,18.03439953,0,843915,2022-09-22,1895115,2026-10-15,DUE_REST_OF_2026,DUST_WHOLEBOX_CLAIMABLE
8d20961c84dcde959a0b012a69f77cdfa5b207e9fcff0d3d26ab32bc14623b46,9et68AhRnkC48th52MRQSJc6y68JCUsMG4q49bgXxacdMopT1hn,0.01,18.00922633,0,843886,2022-09-22,1895086,2026-10-15,DUE_REST_OF_2026,DUST_WHOLEBOX_CLAIMABLE
57a0e77392f98e687b085cbdb1cfb565d61daacc3367ea628e147825c113ce4a,9hdeAJXwNfvFNmjuAxetznnvNLX8icFhL1vHyZqMjoLvJj1mkRi,0.01,17.00617355,0,843877,2022-09-22,1895077,2026-10-15,DUE_REST_OF_2026,DUST_WHOLEBOX_CLAIMABLE
1a38e15f90f1b1cc4b701a0f78d2cbad3caeeb7eae692d3e447278d57377f018,9hV5j2hsMqzE6wj66J51AjJZk1dF4dHVrS4tnU4G4UyyQHnzbbk,0.01,16.93413263,0,843614,2022-09-22,1894814,2026-10-15,DUE_REST_OF_2026,DUST_WHOLEBOX_CLAIMABLE
c000b67200adadcfe2009a040e5d6901d1ab1c81c83613b1063a65a3ed3cf5fc,9fgyvpWkb1F9w1RbWaCVzRsjpz996zZbmx72mw7KLNchZuSk9Tf,0.01,15.88408264,0,843452,2022-09-22,1894652,2026-10-15,DUE_REST_OF_2026,DUST_WHOLEBOX_CLAIMABLE
0fdbdd0efe3e1b10726a8706f7fd4d833133e5bd04aae39935841bbf9667bdc9,9fAGjMwk9XxziSKMQya27Bx6yu8naoKcUwbWaZ2cH9RRHmkSdWx,0.01,15.6875,0,843493,2022-09-22,1894693,2026-10-15,DUE_REST_OF_2026,DUST_WHOLEBOX_CLAIMABLE
274bc43bb4dce53a6b043e9dc5f6ee093016dac12f493dbd2d6a36ef9110934c,9gbZLa9D9NGGJJaKjkzHQHBM3v2DWuYeTJRXregHdPMVtiK349m,0.01,15.00915116,0,844103,2022-09-23,1895303,2026-10-15,DUE_REST_OF_2026,DUST_WHOLEBOX_CLAIMABLE
81510295f52a87d385c083adb1e8fc3f96de66ef26f19d1552e442ae7c0ee0df,9h8mn9sYh83sWab2xq5cSx79mdr6BeAStsJZCnEfPqYvFUz4RPy,0.01,14.86925298,0,843645,2022-09-22,1894845,2026-10-15,DUE_REST_OF_2026,DUST_WHOLEBOX_CLAIMABLE
1ac0f6a2548042d01623d60dbafd47cfee51847282a11529399782ff4e839908,9hDY66QfQBs74N2yUaC58yXpxJ77NF5r2SkJpbeUJXYKyfviMov,0.01,14.70349936,0,843582,2022-09-22,1894782,2026-10-15,DUE_REST_OF_2026,DUST_WHOLEBOX_CLAIMABLE
9c28a06252f093adc1fcfeb3964c0e493dc4f93ca0c59233c906b4786b9284c9,9emcmmi7u7DBLGeVpkaYpXhfQJT6TfHxbWMzwvLjuZWBiH4Vz9L,0.01,14.1493231,0,843642,2022-09-22,1894842,2026-10-15,DUE_REST_OF_2026,DUST_WHOLEBOX_CLAIMABLE
c9176a381c541731e97039eb5949903e6bcf115c1d72552f322c016322eedfbd,9gvp5NGFqqk2VgUtZuGjbxsvoLhkrRamnmMgNjDswAaK97Yjwyq,0.01,13.97697517,0,843621,2022-09-22,1894821,2026-10-15,DUE_REST_OF_2026,DUST_WHOLEBOX_CLAIMABLE
7c9c137e9e2874bdb8e8f46758f73893afc8dc8fd7a024b0f79aa6ef1533aebc,9gpvV2YThZCHUFWwAbdwHQ64tgsgmif3uGgQzBEjvmRacESMFrJ,0.01,13.77559344,0,843480,2022-09-22,1894680,2026-10-15,DUE_REST_OF_2026,DUST_WHOLEBOX_CLAIMABLE
30af0e3539e44bc9bde2bd4815e65f09f158bff95d096f9ad4a01a102d071d71,9hs81WyNVUaXyXG5AujqLCrAPyLPozpx9swRioMoo13WLK9AeNt,0.01,13.13825284,0,843649,2022-09-22,1894849,2026-10-15,DUE_REST_OF_2026,DUST_WHOLEBOX_CLAIMABLE
c07668a07163cb6cd185b8e2e4e234a7c246619bda410745d0614b6861a5b14d,9hXRLBqCXkLb8QLKCnK9pfDVzrU76bhFUhBLwUNj5a2oGzZpNo9,0.01,12.64229938,0,843615,2022-09-22,1894815,2026-10-15,DUE_REST_OF_2026,DUST_WHOLEBOX_CLAIMABLE
d9d2f0f4dcf3a025f6e135a931930f35dc51b612d1143ce0b83bbcf857a5e260,9eg8rvs2sV6VJEP1Bx6v4Wrp1qRdkcGgJo4fQ87numoVeWw8iAW,0.01,12.10843893,0,843917,2022-09-22,1895117,2026-10-15,DUE_REST_OF_2026,DUST_WHOLEBOX_CLAIMABLE
cf62d900de197fee62cc0ea2ce26b6f9d35f6122b9343f412b9cc909c2708725,9eg8rvs2sV6VJEP1Bx6v4Wrp1qRdkcGgJo4fQ87numoVeWw8iAW,0.01,11.62684079,0,843917,2022-09-22,1895117,2026-10-15,DUE_REST_OF_2026,DUST_WHOLEBOX_CLAIMABLE
bcc3b3ba4a15878c9db0cfa897addb99714cccd967d44e50a19cbb1e209bd023,9h9Zv8AKG4SBsCJqSWSNj64UKXGX7SiDWwza8ZVzNiqX2YDMzxw,0.01,8.79329641,0,843485,2022-09-22,1894685,2026-10-15,DUE_REST_OF_2026,DUST_WHOLEBOX_CLAIMABLE
507bd50956f48361f87ead9d40d41c1e7e8e3f535dcd2630f3f92477aa3980c1,9eg8rvs2sV6VJEP1Bx6v4Wrp1qRdkcGgJo4fQ87numoVeWw8iAW,0.01,8.13993311,0,843916,2022-09-22,1895116,2026-10-15,DUE_REST_OF_2026,DUST_WHOLEBOX_CLAIMABLE
26af1c4246fdd2477a3113fc9222ace75efb6fb1f7280f2c48049a49064e4c27,9iN3My8Joznv6x6noc5GQLS1Bq9Supvc9AKSk7fN6r5apTjuVUs,0.01,4.70228804,0,843431,2022-09-22,1894631,2026-10-15,DUE_REST_OF_2026,DUST_WHOLEBOX_CLAIMABLE
796a8189ece44fb8a8ca2c64046af771cffc69185e40eb17c26e9a50af91f045,9gV2ug1mrgqvTJYeRyDtBXnhhE18Adc55JgpoFb1YL1UEGXbySu,0.01,4.29513922,0,843944,2022-09-22,1895144,2026-10-15,DUE_REST_OF_2026,DUST_WHOLEBOX_CLAIMABLE
f15cbab729621d6997e9f2489c79c7416a8481115384668c59e83328f0a9fc75,9hSGfRrxeeirJxaUthT5y4EacyUD5LUfuNczBrftw2iJvELPvto,0.01,3.46043454,0,843618,2022-09-22,1894818,2026-10-15,DUE_REST_OF_2026,DUST_WHOLEBOX_CLAIMABLE
3a07e6e95626dff74b78fecf2f2d20655177bc429d03f4985966fc22237fd6d5,9eg8rvs2sV6VJEP1Bx6v4Wrp1qRdkcGgJo4fQ87numoVeWw8iAW,0.01,3.05270884,0,843916,2022-09-22,1895116,2026-10-15,DUE_REST_OF_2026,DUST_WHOLEBOX_CLAIMABLE
95aef340e1301d014ebeba6a85ce8b529a65fa185094e400398dbc9b7a86e44e,9fPpjDWrYbhye7CX67TuUQvacfQ88HrMNYZEtUMuZeh3fA8irAM,0.01,2.98258219,0,843885,2022-09-22,1895085,2026-10-15,DUE_REST_OF_2026,DUST_WHOLEBOX_CLAIMABLE
741e9f0fb87bc3c53362f2249a45dfb274b2b85c195831d4b84e34038eda4139,9gbZLa9D9NGGJJaKjkzHQHBM3v2DWuYeTJRXregHdPMVtiK349m,0.01,2.46133632,0,844103,2022-09-23,1895303,2026-10-15,DUE_REST_OF_2026,DUST_WHOLEBOX_CLAIMABLE
f3071244c469c5fbc01de57cdfa3c7fc16d71d50a0c0674edf87e271843ef426,9eg8rvs2sV6VJEP1Bx6v4Wrp1qRdkcGgJo4fQ87numoVeWw8iAW,0.01,1.52186584,0,843916,2022-09-22,1895116,2026-10-15,DUE_REST_OF_2026,DUST_WHOLEBOX_CLAIMABLE
f78b0d563066f84f1e6b8c147a7b15357a5ee3b4492ba0c5d9bacd652932e982,9hdJ3x4qybMZon6dHWetAyK9nHoxmvPvAQ15cMKx1Ynz5TmGQrj,0.01,0.45449924,0,843898,2022-09-22,1895098,2026-10-15,DUE_REST_OF_2026,DUST_WHOLEBOX_CLAIMABLE
1b6a56f44c13e2ec1229c6ecb4e2c37a2833f80eb3dc9e221acd1cc455bd4002,9fyc1or8DjyK9EDtHzVWkQXe96Ya57pthWsVzwxW7X9qa6YVzR4,0.01,2156.10811931,0,844628,2022-09-23,1895828,2026-10-16,DUE_REST_OF_2026,DUST_WHOLEBOX_CLAIMABLE
076b5a2eeefefdcf09c2c9bc092b9ee8113cac21ef4a7ff30d627c59126320c1,9ebfFTje365dLu9qr7UHjUUzZayPQPJYzjjVe8zQGPZ3eWFHg2Y,0.01,2018.98960298,0,844391,2022-09-23,1895591,2026-10-16,DUE_REST_OF_2026,DUST_WHOLEBOX_CLAIMABLE
b8e1975612ce1bee85e05e8ada9a249a1ecbe98fddcaf039653a50f7ecd200b5,9fjW8hxh8ZWCVXRJApqCZNR1qe7tupe8ieZGvihNx3DvLmDPxyG,0.01,673.92293753,0,844577,2022-09-23,1895777,2026-10-16,DUE_REST_OF_2026,DUST_WHOLEBOX_CLAIMABLE
78cc1106fde07c46912126d502f028093c230e5b8b93aac8c4684407c4a8fae1,9fs92mmEUCoiWDW3Q9VxoeRRDQ5Gmc2qA3xWVtKi4gQMpWeCbFH,0.01,670.76008804,0,844234,2022-09-23,1895434,2026-10-16,DUE_REST_OF_2026,DUST_WHOLEBOX_CLAIMABLE
587782ad4e50c565d79aa4464b0d5a17278ebaf9cad71802770dd5c6c6b14ade,9eYcJ1evZSgdbeNcbi33g38XFRSyqcZH4GvCcoyoRQZUNY9HFbj,0.01,284.12604126,0,844640,2022-09-23,1895840,2026-10-16,DUE_REST_OF_2026,DUST_WHOLEBOX_CLAIMABLE
39d42f5f42cf9361dc9bafd0f76971af3beba4b0857eb6ca49b2740d6732500b,9fjW8hxh8ZWCVXRJApqCZNR1qe7tupe8ieZGvihNx3DvLmDPxyG,0.01,197.78004983,0,844577,2022-09-23,1895777,2026-10-16,DUE_REST_OF_2026,DUST_WHOLEBOX_CLAIMABLE
35cda31175413babc0c66dabf2ad07943ab2ea0abdc049050dd6597f72044d74,9fbxvJDTJiZ6GZJyHhnguvKzrxHqk7EAYdWWKhBVb4yJrddZU9f,0.01,158.49921044,0,844640,2022-09-23,1895840,2026-10-16,DUE_REST_OF_2026,DUST_WHOLEBOX_CLAIMABLE
ab28f7a5a492e10101e743e21f0bc6b31297fd86659c018283fe8d99c4237ee0,9gogyeg6cjxpVSwkYaCb1ndyYoJurfr2gF6XJCUR33CGWKEVyRf,0.01,157.33527497,0,844272,2022-09-23,1895472,2026-10-16,DUE_REST_OF_2026,DUST_WHOLEBOX_CLAIMABLE
4c348193f9b9d59dc1b5554e9f9d72abcadeaa98beb2f66e096215013a6aeb75,9eYcJ1evZSgdbeNcbi33g38XFRSyqcZH4GvCcoyoRQZUNY9HFbj,0.01,133.47163789,0,844641,2022-09-23,1895841,2026-10-16,DUE_REST_OF_2026,DUST_WHOLEBOX_CLAIMABLE
8fd8dae33f1ec48843e9be4afb7a9765cbc9de5787c20a3417b89245d335af50,9ebfFTje365dLu9qr7UHjUUzZayPQPJYzjjVe8zQGPZ3eWFHg2Y,0.01,114.125,0,844391,2022-09-23,1895591,2026-10-16,DUE_REST_OF_2026,DUST_WHOLEBOX_CLAIMABLE
5f5c6ed41a8327185dba7490e72db29d881f34ab33098daa4975ef54e3ad33e7,9fjW8hxh8ZWCVXRJApqCZNR1qe7tupe8ieZGvihNx3DvLmDPxyG,0.01,105.72581723,0,844578,2022-09-23,1895778,2026-10-16,DUE_REST_OF_2026,DUST_WHOLEBOX_CLAIMABLE
354b33127691b69823d79e0f90d00ec6cf51aa399244407a25233dd660ec3aee,9iJyUqAAhPcXEZcaZSEEr8DVNo4hG9vjTWMqjh5Ri9wnw9y4YLu,0.01,103.3841604,0,844379,2022-09-23,1895579,2026-10-16,DUE_REST_OF_2026,DUST_WHOLEBOX_CLAIMABLE
55f4795a9b56f06ba7edba8e869f276a7f8fe40c6cef44fce40be31bfae5f222,9gRxz6Dy8dTdX2qVJ5bhPBNbqiLJb7e2YXXRkCTRGBuAbjjvagS,0.01,101.02205805,0,844374,2022-09-23,1895574,2026-10-16,DUE_REST_OF_2026,DUST_WHOLEBOX_CLAIMABLE
b9ae2a7211b4339ba349c8da56585aa1e71a57174fdb722ea442838f3590da70,9hxEkqp2SEzgQdbv94GJP1T1U1JVEjtVxGpuYYsByamrtPHnYGx,0.01,101.02181014,0,844398,2022-09-23,1895598,2026-10-16,DUE_REST_OF_2026,DUST_WHOLEBOX_CLAIMABLE
893da95ad37db1da25805114d030c19ac9d39d7fdf89e365fd9634f67f9fc02f,9i4L9sFma8D5KtLj9wTxLHcjphpt6YV9ms1VDcUo4eEGTdpwET4,0.01,99.50828411,0,844430,2022-09-23,1895630,2026-10-16,DUE_REST_OF_2026,DUST_WHOLEBOX_CLAIMABLE
fd8e66c8802c3bb0d889c8f12b96d3176ac3ddf2791e0460e3f614b22fbd741a,9gHQDtphrtZBRgxVmiMXjD1GxUCbgHWXoEECpumAgXGJvNzZaRf,0.01,74.90848202,0,844700,2022-09-24,1895900,2026-10-16,DUE_REST_OF_2026,DUST_WHOLEBOX_CLAIMABLE
fbc12bb4950f02dc139a061979ea18bb8404db69d3aa120dcd4052db1691b391,9iF1G6QmRPNHHmE7DfqAzCrMYutgvWKgbABQ4DextkoL2gbxLdH,0.01,71.86689508,0,844162,2022-09-23,1895362,2026-10-16,DUE_REST_OF_2026,DUST_WHOLEBOX_CLAIMABLE
0069674b5860c602da1b28a79eec7dcc2919038e34ede51642318913749c579d,9fjW8hxh8ZWCVXRJApqCZNR1qe7tupe8ieZGvihNx3DvLmDPxyG,0.01,66.52700851,0,844577,2022-09-23,1895777,2026-10-16,DUE_REST_OF_2026,DUST_WHOLEBOX_CLAIMABLE
84a60bfe7e4bf7224d616601cb53a0208a0e23eebee94678c62006402e4c9c64,9fjW8hxh8ZWCVXRJApqCZNR1qe7tupe8ieZGvihNx3DvLmDPxyG,0.01,64.9489757,0,844578,2022-09-23,1895778,2026-10-16,DUE_REST_OF_2026,DUST_WHOLEBOX_CLAIMABLE
914379d2f685207b77eef260c93b002fcf4ac4749d8f29916e0c37ce493d348c,9f4PdcUZmi7z3Xm5j4adpMmcFUPATDwNcevFcRrRSvXS8znsXPF,0.01,64.02815568,0,844611,2022-09-23,1895811,2026-10-16,DUE_REST_OF_2026,DUST_WHOLEBOX_CLAIMABLE
f17faba79399064aa668d43d3c1f935ef2a0894b75f11ea7cdaa3ab19ded059a,9fjW8hxh8ZWCVXRJApqCZNR1qe7tupe8ieZGvihNx3DvLmDPxyG,0.01,63.68143613,0,844578,2022-09-23,1895778,2026-10-16,DUE_REST_OF_2026,DUST_WHOLEBOX_CLAIMABLE
a9f0b3d53ced0c1caeae081d9e58a830cae9e303ac222561922cd3c155d9c6ef,9f5Y44Z8RcgkudERtDQAwwpJQCp7WqLYW4zb8coxaq7YYie199A,0.01,59.91205732,0,844274,2022-09-23,1895474,2026-10-16,DUE_REST_OF_2026,DUST_WHOLEBOX_CLAIMABLE
7d8ff436595be81e458eb7c4a15c313ac24dcb30b917687eb7701762b4902c95,9hxEkqp2SEzgQdbv94GJP1T1U1JVEjtVxGpuYYsByamrtPHnYGx,0.01,57.95378919,0,844398,2022-09-23,1895598,2026-10-16,DUE_REST_OF_2026,DUST_WHOLEBOX_CLAIMABLE
a23133633e4f7f4eecbb4275863d317ae9cd10b284d04028293ad0079f3c9015,9fiZcrhE1SyrzH9citi2AD8DEHpdra3xkmW9fM4rAGgUfQCjwHD,0.01,52.97363776,0,844520,2022-09-23,1895720,2026-10-16,DUE_REST_OF_2026,DUST_WHOLEBOX_CLAIMABLE
8bf8e2437298c053dc4d631b6c0d302474a2afb738bd2cbf23dee24bbc68156f,9fszKQj5NiFeztXpv11Uxy6jFvv2A9XNJKy3wjYfMXz47ZfSGm2,0.01,50.29928061,0,844632,2022-09-23,1895832,2026-10-16,DUE_REST_OF_2026,DUST_WHOLEBOX_CLAIMABLE
0cf473a093ebb1218f918b29b425f878be69341bf2812a48ebd9e4b1f5efe680,9iDBi4VG8Noh1e5cU82ntTc3k4eLuCsGcgdQSiZHLZLyZihRugB,0.01,49.31689811,0,844201,2022-09-23,1895401,2026-10-16,DUE_REST_OF_2026,DUST_WHOLEBOX_CLAIMABLE
fa43046f14fa5f2fabd17260d775b8dceae6f0a14ca7437e61e053f97be5e866,9i4L9sFma8D5KtLj9wTxLHcjphpt6YV9ms1VDcUo4eEGTdpwET4,0.01,49.31689811,0,844430,2022-09-23,1895630,2026-10-16,DUE_REST_OF_2026,DUST_WHOLEBOX_CLAIMABLE
ce89510b31c793cb6eb006ebdf5e18c15a7ea0a639444be4b9ed36b6649d52df,9gMbuSeCLTG9ov9B7jKNt7UBHqd4rJALQ1mXa5sjipGLAL9nfiZ,0.01,49.01589927,0,844239,2022-09-23,1895439,2026-10-16,DUE_REST_OF_2026,DUST_WHOLEBOX_CLAIMABLE
7b8044a887dc4fd54b77c570fd83e4c7c2ed33519472065efd87024c2ea6a681,9gcfBvJuu9LfCb6Uij8twVzLtwhMpKDUuJhkcx2z9efcZ6ghkky,0.01,48.11290275,0,844299,2022-09-23,1895499,2026-10-16,DUE_REST_OF_2026,DUST_WHOLEBOX_CLAIMABLE
4360618b2b159f7b67850b106b24effc3fcf0bbe0062c1ceb240d0c4ba4fcc22,9grKwWXQYA1pQaXKFqXWEpu2L32KzhdyfXhEn8vkEaZkzRvEWWx,0.01,48.11290275,0,844615,2022-09-23,1895815,2026-10-16,DUE_REST_OF_2026,DUST_WHOLEBOX_CLAIMABLE
093da235a9be0459a0106bd9db30ef362a059cbc2edf747f8e8b2e8fabba3f36,9gogyeg6cjxpVSwkYaCb1ndyYoJurfr2gF6XJCUR33CGWKEVyRf,0.01,47.51090507,0,844272,2022-09-23,1895472,2026-10-16,DUE_REST_OF_2026,DUST_WHOLEBOX_CLAIMABLE
d66dbb3605274a8fbacaac75e2096d558d8296be135ea605fbc1f202443b8c61,9hmd5ht42wrErw9MyDcxXs2KGeuUfgPnpNe3mid63BC5WfVcm7o,0.01,47.51090507,0,844628,2022-09-23,1895828,2026-10-16,DUE_REST_OF_2026,DUST_WHOLEBOX_CLAIMABLE
b5acad4e62e5e83517ef6b1de078d439b26534f05dc21ca12a777ad46a5de04e,9eYHRFXY6eA3iXKk93nAoh2biYXRam8qVptSngxFbLdjsDEdrz7,0.01,47.26731036,0,844628,2022-09-23,1895828,2026-10-16,DUE_REST_OF_2026,DUST_WHOLEBOX_CLAIMABLE
a6d1686a021bf79e67efbb1af9d491b87abef4b354afe416c4a13d45338671fc,9erQ3yXQ6UCdfzVfc845kukvfGybhGo529gsPbpE2FfGawd8Mzt,0.01,38.79792187,0,844499,2022-09-23,1895699,2026-10-16,DUE_REST_OF_2026,DUST_WHOLEBOX_CLAIMABLE
acf503b961eb75613c3b38af6e87290c690ab917ac31fc2ff8a92e3ba95b1758,9hFetvphCJM1sQzcfKZZyJg8fZs6biBd9crdBjhB3u7T7a6yLs7,0.01,37.51844237,0,844412,2022-09-23,1895612,2026-10-16,DUE_REST_OF_2026,DUST_WHOLEBOX_CLAIMABLE
2321a0a774534c63c78cc7a70da309b850af23dbee107f4041b947a582853b90,9gCDMKWXxGUicpL1huEVUceLaAhiG8UBcz9r6t7pVhkoqvrwXeb,0.01,34.99031429,0,844295,2022-09-23,1895495,2026-10-16,DUE_REST_OF_2026,DUST_WHOLEBOX_CLAIMABLE
f58a9d4cd1e573cf82631cfd2e162fec15d2bcd54f72781f821160fd5cc5ee50,9iJyUqAAhPcXEZcaZSEEr8DVNo4hG9vjTWMqjh5Ri9wnw9y4YLu,0.01,32.29575325,0,844379,2022-09-23,1895579,2026-10-16,DUE_REST_OF_2026,DUST_WHOLEBOX_CLAIMABLE
a4b56f29c6d19f4405a65792d9e020a6896ef6727bf31ab218f9cd462f82ad66,9iJyUqAAhPcXEZcaZSEEr8DVNo4hG9vjTWMqjh5Ri9wnw9y4YLu,0.01,32.18873144,0,844379,2022-09-23,1895579,2026-10-16,DUE_REST_OF_2026,DUST_WHOLEBOX_CLAIMABLE
3780909f8d925d207fed313babfcac421bb8a29218bf95602c6c246601c2e8b2,9gjMt2aFPsSvM3fmMxK3BtuFDXyFoTkQdG7cewkKsLhtQ9YvgKE,0.01,30.9777835,0,844580,2022-09-23,1895780,2026-10-16,DUE_REST_OF_2026,DUST_WHOLEBOX_CLAIMABLE
902493955f43c9fa43c206a30681490459febbd1a8337166f4fa080b1105ce5e,9gXxrV6EgKBPJ381UbQpo3rfmG2G7STUfa6C2dsTvGfrY5jL4Lz,0.01,30.83715718,0,844431,2022-09-23,1895631,2026-10-16,DUE_REST_OF_2026,DUST_WHOLEBOX_CLAIMABLE
05993051334989aee9bb4115b96a367f01b30af08288c854acffabdb35686570,9hdi9GcF6BXPe1wCQuCHu41a6CDAwmXSrMZwTCrriKYNxCsGba7,0.01,30.125,0,844623,2022-09-23,1895823,2026-10-16,DUE_REST_OF_2026,DUST_WHOLEBOX_CLAIMABLE
749c8e4d42b51e93d197f80734beb2b64df4c260a14d547469d46d81bd4c78b0,9hx4dUtpneqEB3oNNqcPu8ypFaFS4PeMQz4WE4vAq4GCe4SCeUr,0.01,26.375,0,844400,2022-09-23,1895600,2026-10-16,DUE_REST_OF_2026,DUST_WHOLEBOX_CLAIMABLE
e2f2c7c3314494adb3a839641fcfc04cb6f012cfb947668b9f2e2bde221428fb,9gAT65NksBP1uQnTinsTi12HCxLm6FEXmkYcPakuRTxJasf1M4e,0.01,23.55320251,0,844150,2022-09-23,1895350,2026-10-16,DUE_REST_OF_2026,DUST_WHOLEBOX_CLAIMABLE
5d838893225c2d9d1fcf750fe4a5124e2ee56f3d53eab4c2c430516346f64cd1,9goCmGosw6VgE1AXP1b9QB28s2XBsCPeMNkS32BkurnkY2q5cTt,0.01,22.86670759,0,844402,2022-09-23,1895602,2026-10-16,DUE_REST_OF_2026,DUST_WHOLEBOX_CLAIMABLE
130e2af6e3be9b0b62df1cfde39bf38753fd39372a8016e721135090d5ea2042,9i3hWEBFRVDCfPs8dmdELMsRwfEefybo9t41YyA7cyi8TowvhtN,0.01,22.44402612,0,844467,2022-09-23,1895667,2026-10-16,DUE_REST_OF_2026,DUST_WHOLEBOX_CLAIMABLE
ca330005ae2fcc3d256fd66c720d9146bb2f1e8dbe6d514dbf1ccdc956fc1dcd,9f6ptKd9GwMiobaBWDKM91fb3rSjzoUdxbo3NXnuyNRqZyY7N9g,0.01,20.448217,0,844184,2022-09-23,1895384,2026-10-16,DUE_REST_OF_2026,DUST_WHOLEBOX_CLAIMABLE
e94d2cbfc871625123e11ca9a92535a44cd54336d02a24c1e89b2234320a9a4a,9fF4qcerD71g4PSd98A1PwijyM3TYFfQLWNARS6X1DspkVLPv2B,0.01,18.45614778,0,844522,2022-09-23,1895722,2026-10-16,DUE_REST_OF_2026,DUST_WHOLEBOX_CLAIMABLE
4fb97db6cfd13d7658f966231ebbc1e9214e9699b160bae2b3d8f34e4f9412eb,9hCiqTLLwKqFLuqov4eRV2do5xoRGnwnpHfm77Dq5fDeodcvL4H,0.01,17.55712718,0,844169,2022-09-23,1895369,2026-10-16,DUE_REST_OF_2026,DUST_WHOLEBOX_CLAIMABLE
4ccb2a0863eb565392a4065ce61c52c46270b5103bb5f31af1434c8f6e65a2bd,9gXFHL14rTstZ5xtaZWSwR5TsCy7Y7VuBCwoi9Ai6Bucgic1vfh,0.01,17.0930673,0,844654,2022-09-23,1895854,2026-10-16,DUE_REST_OF_2026,DUST_WHOLEBOX_CLAIMABLE
bc5441a2e4f52ddb3020147838bc10748edf3dbc1bb7a576d1c4f4a60453cd1d,9hsR4VKoR5zgi3htqm2ZpE3qV3ePeikbP6jjG488XV93JUSXEVr,0.01,16.34968413,0,844365,2022-09-23,1895565,2026-10-16,DUE_REST_OF_2026,DUST_WHOLEBOX_CLAIMABLE
557b248f356281a71d8574cd081c6ed073776320d57ec0706458f5baadef7979,9fwdyTrpjsNVYZKKQt34Gws38ycPnFHdVHCv9khqfA423KqBv1Z,0.01,16.20214906,0,844464,2022-09-23,1895664,2026-10-16,DUE_REST_OF_2026,DUST_WHOLEBOX_CLAIMABLE
7bee551ecca192c338ac23706334fde7fec48b2cf6dbc6cc2b3f90f91ee2b6f3,9h9WCMYCy4mY13z7SiKH2siCSkFX9MhiPxmXbSdmwxZhtgsPrWg,0.01,13.72489471,0,844634,2022-09-23,1895834,2026-10-16,DUE_REST_OF_2026,DUST_WHOLEBOX_CLAIMABLE
73a924f2f1a4e437282e67fb36002bab89ed7af2b4aa61b05541ac7d29be952a,9epW3u2SgCo5NbATDjeMyYuFg3vWsfZySZeggHXyvRSPYAANHHk,0.01,13.16948274,0,844414,2022-09-23,1895614,2026-10-16,DUE_REST_OF_2026,DUST_WHOLEBOX_CLAIMABLE
3af26c44148b406da9388ff70a2443ae9a1bd3dcfc47110f7d0dd6610cae3bbd,9hsR4VKoR5zgi3htqm2ZpE3qV3ePeikbP6jjG488XV93JUSXEVr,0.01,12.79345434,0,844365,2022-09-23,1895565,2026-10-16,DUE_REST_OF_2026,DUST_WHOLEBOX_CLAIMABLE
d220849bcf72ed142f6cd9d6505d1a1718dffe49fb6e0a36702356ccf1c67b64,9fYZKaCuJhUYowRULjupVkhQWg3StZk49TcwnnqucgPgCauUq2t,0.01,12.32304856,0,844169,2022-09-23,1895369,2026-10-16,DUE_REST_OF_2026,DUST_WHOLEBOX_CLAIMABLE
8d252847a40e3a04112d3e11d39c4752292a7667638f2e7f5fc8c85675a4f049,9hsR4VKoR5zgi3htqm2ZpE3qV3ePeikbP6jjG488XV93JUSXEVr,0.01,10.52912955,0,844365,2022-09-23,1895565,2026-10-16,DUE_REST_OF_2026,DUST_WHOLEBOX_CLAIMABLE
babbf31aff66e8c16dd0234e55a87fdbd92d9ab169e4b7319bf0055dbb8abab9,9ebPNqzmWERqcHc7wBD6cxsPpisM7AK1zvDgcUXSULhXcS2aCnr,0.01,9.96718736,0,844167,2022-09-23,1895367,2026-10-16,DUE_REST_OF_2026,DUST_WHOLEBOX_CLAIMABLE
af9172be2bbd1b17a523f65479aabe913415a3cb356fecd6377b21f9d31c309e,9g8h8QESQ2B9uCf1mwGq1BpZ2hv7PE58duRDuVV6e8VTS5ohcKd,0.01,7.8125,0,844438,2022-09-23,1895638,2026-10-16,DUE_REST_OF_2026,DUST_WHOLEBOX_CLAIMABLE
09b3c7704810ba0fddbe05d6337e11337a47973aefd8f9a06e21cd85bf82d643,9f1McvNnCucTTfWTNWUzPUw46gorJwX4zDmdqsV9RoLGWvos2hw,0.01,7.48234715,0,844367,2022-09-23,1895567,2026-10-16,DUE_REST_OF_2026,DUST_WHOLEBOX_CLAIMABLE
f61858591952aa1ffd312076ba2ea761b992c1a366fd6ccaf100bea4ce53097d,9fFXVudkbMJXYRj4dp9WxktX4gszy8ZXqoGhXX7zxMCFW9kmdWQ,0.01,7.45752945,0,844188,2022-09-23,1895388,2026-10-16,DUE_REST_OF_2026,DUST_WHOLEBOX_CLAIMABLE
62bf3817eefe3f3fb73afb8698005d20ec3945992252a269a4e3c70c479f7513,9fe2x95UCmgwLmiYzsfFXsZz4xU5DjVEJbAhGo91Y32ET1Ap3yi,0.01,6.81519746,0,844779,2022-09-24,1895979,2026-10-16,DUE_REST_OF_2026,DUST_WHOLEBOX_CLAIMABLE
4ce8420ad0608656aa903e72eb6ac09bef76b6cb88b834874cd011b394a18f6d,9gvop7dKQ4As3M3S2ymUsG1iJU75PsyQVv8uS2dk4zndwbs3W4G,0.01,6.125,0,844478,2022-09-23,1895678,2026-10-16,DUE_REST_OF_2026,DUST_WHOLEBOX_CLAIMABLE
d582fd9d998db882bde2824a9f012c959de111b5dee75c68c052a6c6af380d77,9hbM7imgDpeg72trg48pjZ4YjVq2LPfVS4m7QJrKKE5s7wqS4CF,0.01,5.05696477,0,844311,2022-09-23,1895511,2026-10-16,DUE_REST_OF_2026,DUST_WHOLEBOX_CLAIMABLE
8af8f4f744d74a04b2804f0fb1af0bca2ae0b52eb8ad542bc1671005e023e423,9fGwYU3shsCiGuFQn3ptHR7Avu8UdwefbTYUyiZSymAxpR4qE7H,0.001,5.0,0,844201,2022-09-23,1895401,2026-10-16,DUE_REST_OF_2026,DUST_WHOLEBOX_CLAIMABLE
3fa200cb4fdcd9e603664d99b76d8e6fbcfeae919b2094d76491e41eaf4aaae4,9epW3u2SgCo5NbATDjeMyYuFg3vWsfZySZeggHXyvRSPYAANHHk,0.01,4.77200145,0,844414,2022-09-23,1895614,2026-10-16,DUE_REST_OF_2026,DUST_WHOLEBOX_CLAIMABLE
75e6e34e9f9d1090cb7b46f50b2ae6c707cb16ec786935dbf2a92ffff9608f85,9gzu5CDQSgoQdEoZVSZ5DhwRyKEQQZ5dC23PRz861hTwMR1qBJU,0.01,4.0341551,0,844390,2022-09-23,1895590,2026-10-16,DUE_REST_OF_2026,DUST_WHOLEBOX_CLAIMABLE
bb396d8de6866b92a1dc4b5783dca4058fafa0552c8db058a6d8755a6fc66192,9gJGotAPHmcx2DutnjCBL8Rmna93E9EqwZtQvPVf6dz7a2BRxvK,0.01,3.16068017,0,844562,2022-09-23,1895762,2026-10-16,DUE_REST_OF_2026,DUST_WHOLEBOX_CLAIMABLE
4ec260076b96c21e2c7e1377769c34814dee64fb96d2fc4d0c162a5cf279fd1c,9hWGdDL22zGmMnhsh4CpShEXuN7ceBrvGCDbhPzJQT85dx8Ae2P,0.01,2.6975693,0,844179,2022-09-23,1895379,2026-10-16,DUE_REST_OF_2026,DUST_WHOLEBOX_CLAIMABLE
bb92627c5dfbc0179be135450580a5b0965ae854eb71782f631ffe0101d372ce,9fe2x95UCmgwLmiYzsfFXsZz4xU5DjVEJbAhGo91Y32ET1Ap3yi,0.01,2.20824076,0,844748,2022-09-24,1895948,2026-10-16,DUE_REST_OF_2026,DUST_WHOLEBOX_CLAIMABLE
ebde684b56f6cde425298b8fa965636553de679b7330c0768267613d97f91a78,9gtdyNTVfziFsGzH7KNjMcUj4v8MtADx4Z3prg6MWyHCCWz9NJM,0.001,2500000.0,0,845196,2022-09-24,1896396,2026-10-17,DUE_REST_OF_2026,DUST_WHOLEBOX_CLAIMABLE
8a80359cc06a9af0e53c6a460c93786757b411177ad5ee75601d5dd791ac595d,9heFTfjz485iUJmKXqFpQbuAiBzFNrUKCC84d24VuGNqihKT78h,0.01,1091.75,0,845455,2022-09-25,1896655,2026-10-17,DUE_REST_OF_2026,DUST_WHOLEBOX_CLAIMABLE
292d56355f6f7fc67bfa9b4d14093085609fa559e941c4a1f9c7fda0f360267d,9hRg82rSqhDbfRAUbuhnW8Ws5uEg6KV4hjEPExnV71BmUgPzGPS,0.01,656.65625,0,845468,2022-09-25,1896668,2026-10-17,DUE_REST_OF_2026,DUST_WHOLEBOX_CLAIMABLE
bc1e138246f10555da4f3f65eb8d4b26bb5815f888b035eb477c28427a52c9e1,9eeX8vRH64gY4kuvtuJD2KjQ4eszk9meQbVzzrRoJrXC9j3racp,0.01,596.75,0,845481,2022-09-25,1896681,2026-10-17,DUE_REST_OF_2026,DUST_WHOLEBOX_CLAIMABLE
d4a7f807bd69e3a2198f5d1b52cccf32040006b84428256a65f0d5bcddf38e01,9gQWJLuUBzSgBKpHeXYyVbr8oZn1YPowNvWi4ZD9Zi3k3wDTf69,0.01,590.0,0,845476,2022-09-25,1896676,2026-10-17,DUE_REST_OF_2026,DUST_WHOLEBOX_CLAIMABLE
f072a041da59dd4f6679023c34172b01d4a39679e450ae4ebf5919ebb54ff1cb,9hRWJAiAKHt1HDoJLKiy1Jx81itLr2oFvvwuDEMLL7BjmwsySF2,0.01,261.85552419,0,845528,2022-09-25,1896728,2026-10-17,DUE_REST_OF_2026,DUST_WHOLEBOX_CLAIMABLE
97c52d0b6cd357dfc882e745cea77af2bd5bf164a4a4fc11f4ec3d017165e1dc,9gQWJLuUBzSgBKpHeXYyVbr8oZn1YPowNvWi4ZD9Zi3k3wDTf69,0.01,154.625,0,845479,2022-09-25,1896679,2026-10-17,DUE_REST_OF_2026,DUST_WHOLEBOX_CLAIMABLE
26df9fb90eecec9e4c0fcdac34000843a1195bbcb864ddc3ce1e260d98bc9ef8,9eeX8vRH64gY4kuvtuJD2KjQ4eszk9meQbVzzrRoJrXC9j3racp,0.01,146.75,0,845484,2022-09-25,1896684,2026-10-17,DUE_REST_OF_2026,DUST_WHOLEBOX_CLAIMABLE
3162a4644b728b2ec93aad23c41e9059cbe415e518df7094c1a6533ec3f2fcf1,9heFTfjz485iUJmKXqFpQbuAiBzFNrUKCC84d24VuGNqihKT78h,0.01,145.4375,0,845453,2022-09-25,1896653,2026-10-17,DUE_REST_OF_2026,DUST_WHOLEBOX_CLAIMABLE
05409e0e83c75a76838cb0965fc4480920aa802d0e40cf3be53d97dc66456ebc,9f1FndbU5RAWTUwfar7MPWWtoaPoyiBTcs6YsvLVAj4XQzDCMSR,0.01,141.37005544,0,844933,2022-09-24,1896133,2026-10-17,DUE_REST_OF_2026,DUST_WHOLEBOX_CLAIMABLE
55d2d4cfbafd1656b46ae971e1d852a719c862500d3e580e934b123482c2041d,9hRg82rSqhDbfRAUbuhnW8Ws5uEg6KV4hjEPExnV71BmUgPzGPS,0.01,139.4375,0,845471,2022-09-25,1896671,2026-10-17,DUE_REST_OF_2026,DUST_WHOLEBOX_CLAIMABLE
3b8d2688280548c73d1f360aafbed8a501c40ea80d2b4a905fd95d2238e3e993,9eeX8vRH64gY4kuvtuJD2KjQ4eszk9meQbVzzrRoJrXC9j3racp,0.01,81.78125,0,845487,2022-09-25,1896687,2026-10-17,DUE_REST_OF_2026,DUST_WHOLEBOX_CLAIMABLE
dd942afa3ff0afefd98230885b47927a990c269527842378540d301c6be353ab,9hbvBm1jH2mitLLvL5skvW3QVswwEtmb7qniwD3zJFmDjjotCRQ,0.01,63.44782847,0,845340,2022-09-24,1896540,2026-10-17,DUE_REST_OF_2026,DUST_WHOLEBOX_CLAIMABLE
d5ebf292804c0358a35bc9baba2935c129eda24da4a2c5e4d345627e8aecd58f,9guGRZRN6owu945a7DdK66rdJN8hTnkgz6iu8KXVxQBmTzxY36B,0.01,51.05739605,0,845053,2022-09-24,1896253,2026-10-17,DUE_REST_OF_2026,DUST_WHOLEBOX_CLAIMABLE
903d5ab4cbb286716fc26b4e44dc1f3bcdff07516efeabe958039c85c7e36c9d,9gyogctCc21JnZYL2NHYX4BjHdsqHGRMgcngAQQiFQ9Nw6PwhQs,0.01,49.6153031,0,845404,2022-09-25,1896604,2026-10-17,DUE_REST_OF_2026,DUST_WHOLEBOX_CLAIMABLE
fe6bbc751cdff933ce1617016266b3f4a7971a876802b73d9b156021eb92b34e,9f7WSq5mqBoeofmdF7pR8CuLmfYGQk8AqqPWXYfYGpRTfeSGSFr,0.01,48.11290275,0,845369,2022-09-24,1896569,2026-10-17,DUE_REST_OF_2026,DUST_WHOLEBOX_CLAIMABLE
7df1e555a73a00b7ff81ac023b60c7715d2e660f3ed1c2ae2d8a90e7f91ce26e,9gZKN9moHkESvNN3Zmyomm8ZRVVYdVNkpuDfhAKaWhpbdqboz4r,0.01,47.51090507,0,844992,2022-09-24,1896192,2026-10-17,DUE_REST_OF_2026,DUST_WHOLEBOX_CLAIMABLE
a9a1441a271cb138c7ab4ae5f7869c2de8ad5be4a15518ef7460160954a679a3,9hJHqabC7AN2rTvJHQvHRxvPTjsCLQ6ACd4LFTYeVCTH2rC2Ch8,0.01,20.84128781,0,845359,2022-09-24,1896559,2026-10-17,DUE_REST_OF_2026,DUST_WHOLEBOX_CLAIMABLE
ed559a824972580ba40c2edce4434abe6a71f8ea66ef04382ae8ebb45a52446e,9evMwhFxSjg77Z4iaPo1nEE6BxX33z7nbxBK5QYwBBJ28UbkEEa,0.01,19.41751887,0,845452,2022-09-25,1896652,2026-10-17,DUE_REST_OF_2026,DUST_WHOLEBOX_CLAIMABLE
13f66847ff9bf8a67eb2e6808ad13bd9210fef5cbe50c25c0002aada3668ff26,9gAFrbrtUr7C3zcUtDkmAqh2LMvPJ34UD6cWfUVZdJkQ8a99cJq,0.01,17.51244604,0,845090,2022-09-24,1896290,2026-10-17,DUE_REST_OF_2026,DUST_WHOLEBOX_CLAIMABLE
acfb101378de79dfbc77c2c2ae3d82e7738d9251ed4e6aa68720e312cc37911c,9hbynRhEgcZbK52BAfM24goeY4R8AAZ2z5iJvRgNAEzqc9iKEDr,0.01,11.0855767,0,845031,2022-09-24,1896231,2026-10-17,DUE_REST_OF_2026,DUST_WHOLEBOX_CLAIMABLE
40657a40a0bc1f719e27c12677c00b94c2da45746746d9db6e40aa651efba0b6,9g5C1PvcgoGbQ4hsSUsfs5EmmpdFLzhmS9f18Uqdf9tBT9eAAPy,0.01,10.01007185,0,845007,2022-09-24,1896207,2026-10-17,DUE_REST_OF_2026,DUST_WHOLEBOX_CLAIMABLE
e5b2696a866425398e4b8a0510c11b1bd6286aa53c7208eca2cf151a9e87d76a,9hxUE7yUJGrmm5csKDuEmT5MvETM9uubZcnM4WNtpWsgk8RR9gB,0.01,5.97303454,0,844951,2022-09-24,1896151,2026-10-17,DUE_REST_OF_2026,DUST_WHOLEBOX_CLAIMABLE
1ec501267c4117e9628682b9842d89b02df5406bcee037b7e475113b89d58052,9hpJ2o4DBUBCc7rgV7TAhrPxdbhntsJVcgjopgCsqRBKqhrFp7h,0.01,1.41179098,0,844865,2022-09-24,1896065,2026-10-17,DUE_REST_OF_2026,DUST_WHOLEBOX_CLAIMABLE
2967df85bf62bcdd1c7563993111678126014a309d4233d686651915fb4fb5a2,9gtdyNTVfziFsGzH7KNjMcUj4v8MtADx4Z3prg6MWyHCCWz9NJM,0.001,1000000.0,0,846088,2022-09-25,1897288,2026-10-18,DUE_REST_OF_2026,DUST_WHOLEBOX_CLAIMABLE
3560698457da85ec71cfdc3872742777a0fb3db3e354d4317dcf4014b24dfcd8,9gtdyNTVfziFsGzH7KNjMcUj4v8MtADx4Z3prg6MWyHCCWz9NJM,0.001,300000.0,0,846072,2022-09-25,1897272,2026-10-18,DUE_REST_OF_2026,DUST_WHOLEBOX_CLAIMABLE
aad29105b596f0f0d7ca7f8726fb400e85fcebf0e15fc54a5703b856dff32156,9gtdyNTVfziFsGzH7KNjMcUj4v8MtADx4Z3prg6MWyHCCWz9NJM,0.001,200000.0,0,846084,2022-09-25,1897284,2026-10-18,DUE_REST_OF_2026,DUST_WHOLEBOX_CLAIMABLE
b080471fb3c57001f24a0f052bd0a64bdbcb0c3ddafc0063409d4e689c268771,9eksHPagwWgAmtjdgdcdnjyegL4YDtktrpWvLah87KJesBJEiG2,0.01,662.88631336,0,845965,2022-09-25,1897165,2026-10-18,DUE_REST_OF_2026,DUST_WHOLEBOX_CLAIMABLE
a82a86f27bb322ddae6f61be93c162695591a1d222dd5edd2232e26942ceea3b,9grStNbsnixCprsgjWydnoxNWVLLAdQ4PCbF1SPg5w4XWF8WNwj,0.01,341.71390395,0,845777,2022-09-25,1896977,2026-10-18,DUE_REST_OF_2026,DUST_WHOLEBOX_CLAIMABLE
a1525b334d492c031a41217967d52d3e682a5468f989cbddfabde01a5b6a762c,9fPYu6WLiD8xJPCK1hUAf624mifpqiHTn6VBjPSEjWqmCzHNCE3,0.01,49.52183718,0,845647,2022-09-25,1896847,2026-10-18,DUE_REST_OF_2026,DUST_WHOLEBOX_CLAIMABLE
81172e187ac0d4f1b7e384c5d9a21361eba2512a470b8b9a636c191b0c63dcc1,9hWYJHcckPErv7Y1jQYmJvuo7sH52G3Aef7LwajhjKL15WL8nss,0.01,48.41392969,0,845896,2022-09-25,1897096,2026-10-18,DUE_REST_OF_2026,DUST_WHOLEBOX_CLAIMABLE
832e1b032221d99a3c6d85fee8ec288df4a21fce07dacbf04698f8e9f5a77712,9gxwbtimdWReJpZAwMsT3y8dFauLLPDakdDGMPYhYNtP5QTSqEQ,0.01,18.33415838,0,846039,2022-09-25,1897239,2026-10-18,DUE_REST_OF_2026,DUST_WHOLEBOX_CLAIMABLE
9feba81a01ec916c476d86fd911945dc4387cbc67b20b8455105770d717f8fae,9ffwS1HXKMWmmds6DgsEWDNwdMMrBYqXNbr5o56saQX57HcgtB7,0.008,1.37409757,0,846017,2022-09-25,1897217,2026-10-18,DUE_REST_OF_2026,DUST_WHOLEBOX_CLAIMABLE
2b11cde7fd3eb7021a65252b2f0bb4c968945fc5c504b3b8f747105ec0292e44,9fu8jS7oEkzwvQAZswdZyFy6ufmnKZSNZmiEQjAe83E766j3dd1,0.001,0.5,0,846062,2022-09-25,1897262,2026-10-18,DUE_REST_OF_2026,DUST_WHOLEBOX_CLAIMABLE
2f7d245a573dc5d6ce46297e77029bd11828834897194fc66ec6beabf63a53bc,9gtdyNTVfziFsGzH7KNjMcUj4v8MtADx4Z3prg6MWyHCCWz9NJM,0.001,1000000.0,0,846716,2022-09-26,1897916,2026-10-19,DUE_REST_OF_2026,DUST_WHOLEBOX_CLAIMABLE
75de057a41e17ee7c9396b2b134dfd08a431eb6e622f5a34d230065746ccaff8,9gtdyNTVfziFsGzH7KNjMcUj4v8MtADx4Z3prg6MWyHCCWz9NJM,0.001,1000000.0,0,846719,2022-09-26,1897919,2026-10-19,DUE_REST_OF_2026,DUST_WHOLEBOX_CLAIMABLE
b10febe13df70913a2dbe3ffa48e45f3e751da1013383fd58486af7fdf8f1763,9esgov7xxbKTE7JvstNWnNd82b4fhcBb2jnxsmXuyF6iiaKQZmP,0.01,1860.84151853,0,846648,2022-09-26,1897848,2026-10-19,DUE_REST_OF_2026,DUST_WHOLEBOX_CLAIMABLE
2d4ea06d39cd57113afeffcbf07fd55b3c7399d9040e1b96cb2a8aa888360512,9errFbq769A7qXwCma3rK9MuAq9rLvzuetRe4S3oHJCRpskpaKB,0.01,311.49193061,0,846616,2022-09-26,1897816,2026-10-19,DUE_REST_OF_2026,DUST_WHOLEBOX_CLAIMABLE
2ddfdc1c956dff3b6c7fb84c04de6c9efd2153440e8ed74e1a784d63f865c9bf,9ffdMoU4qSgkbs8VqLoFyokGXAKqvQZREYrJyxaZC6pK4EMcAm3,0.01,253.50086439,0,846638,2022-09-26,1897838,2026-10-19,DUE_REST_OF_2026,DUST_WHOLEBOX_CLAIMABLE
e8d746f28db746e1c4ac1d29c76cb1123be6ae16e333b29e124fc035db579d81,9ffdMoU4qSgkbs8VqLoFyokGXAKqvQZREYrJyxaZC6pK4EMcAm3,0.01,86.23092604,0,846658,2022-09-26,1897858,2026-10-19,DUE_REST_OF_2026,DUST_WHOLEBOX_CLAIMABLE
92292bbc28d7131962aa114f80410a484b1fd2d6f62a1d950dea128a4f17d3eb,9gYcjmHvQMB9ZXd2Y9o5VxDTx74wkrTufYq6xKUwV6HzTVRdyxo,0.01,53.375,0,846620,2022-09-26,1897820,2026-10-19,DUE_REST_OF_2026,DUST_WHOLEBOX_CLAIMABLE
2a2f058f611193ace73faeba54d4c18d60c1b376dc3a34603e914c6396957219,9hegARQcerrJV2o97njDW4dGDT4RzakxRohheuwyaUVHTgfHbEx,0.01,47.81190391,0,846837,2022-09-27,1898037,2026-10-19,DUE_REST_OF_2026,DUST_WHOLEBOX_CLAIMABLE
beff33db914f23bd35b474fe2bb1a7131b501750c71c5e6b51095bed1e7680c2,9f58xWgsuzXU9y2HR5hPjzZz5n6FY4oJJv7pji6Dz2tKp2iqSmy,0.01,24.88785474,0,846669,2022-09-26,1897869,2026-10-19,DUE_REST_OF_2026,DUST_WHOLEBOX_CLAIMABLE
4f784f3615e1996c3e726ec08838b02c0d2de47025d3848b730b90cfa98e729f,9eihciAny96YGNZ6Tdk7CZxjG4AYcZA8TGasmAZoXCacdzS6ZV7,0.01,16.91546908,0,846763,2022-09-26,1897963,2026-10-19,DUE_REST_OF_2026,DUST_WHOLEBOX_CLAIMABLE
9cb5b8f2d3668ad19dcf4748c1e46d60db2003a3dd80656a532f7ae89bbcf4df,9f4foZX9BMC1kD4dXuG1kCom5SvTCSm3kLvwm4ULVAd1dU7yn6B,0.01,13.74179073,0,846818,2022-09-27,1898018,2026-10-19,DUE_REST_OF_2026,DUST_WHOLEBOX_CLAIMABLE
5357b740ebe88b84fba470128f67e7842b3107bca5b86d8a7a783f615669a57e,9eb58PLPCQqEqaUKyMtYMNJ4WQLwiG97y57KgMCcrK2CgsDno6m,0.01,13.61795302,0,846653,2022-09-26,1897853,2026-10-19,DUE_REST_OF_2026,DUST_WHOLEBOX_CLAIMABLE
d32e04badd1a6ede1f4433e1878295aafeca07f37754642d266443fc4eb410bf,9errFbq769A7qXwCma3rK9MuAq9rLvzuetRe4S3oHJCRpskpaKB,0.01,11.56757063,0,846617,2022-09-26,1897817,2026-10-19,DUE_REST_OF_2026,DUST_WHOLEBOX_CLAIMABLE
dee0d17c02b20267d2518fe4adb2216ce23bfaa595a7d47b62cbfabc65a01fe3,9feZd4TA2PEVRXobz1g2oiTRYNZ51ekew4P9rFn9ykrbb2EnuFi,0.01,6.71284788,0,846635,2022-09-26,1897835,2026-10-19,DUE_REST_OF_2026,DUST_WHOLEBOX_CLAIMABLE
6007a448702632534e00e675275cf5599374a2233843e5fc0848628897a716f9,9gE5DyanzSzsjMtvEN5knjTGN1Q9Q4PSNf4uo6ZZKWT1kKYGR6m,0.01,5.36930843,0,846913,2022-09-27,1898113,2026-10-19,DUE_REST_OF_2026,DUST_WHOLEBOX_CLAIMABLE
c818b569c7b65236cdd7e67312167ac43203d7880d6276899ac560f10c56683c,9gqseRP7RKLVZzN8gRtb2qMugbiUnWbJSEZnecNUgfVp3gaiDst,0.01,3.69650898,0,846917,2022-09-27,1898117,2026-10-19,DUE_REST_OF_2026,DUST_WHOLEBOX_CLAIMABLE
87dffe271affe2030f6def83fe258b8090242e8415320336eaab27ae1781a662,9i4Z1m6vEmMusHWC5pf5HnSxTR5MyjPLW6qGdqrBymxpWBsxhYi,0.008,2.0,0,846865,2022-09-27,1898065,2026-10-19,DUE_REST_OF_2026,DUST_WHOLEBOX_CLAIMABLE
90ffaace4a3481356b45f37d2c2e6a15062c6e406a3541d382b6fb7fae5d6a41,9feZd4TA2PEVRXobz1g2oiTRYNZ51ekew4P9rFn9ykrbb2EnuFi,0.01,0.63539504,0,846637,2022-09-26,1897837,2026-10-19,DUE_REST_OF_2026,DUST_WHOLEBOX_CLAIMABLE
374c46d7808fda5d1fd5b96783acceb2ec1e265b533b316115885138198fe01c,9f7CZrjpaLQZ21A9fSWvpE6XYGwTKGgGugvbC1arc2huMdFCWrk,0.0037,0.30213216,0,846896,2022-09-27,1898096,2026-10-19,DUE_REST_OF_2026,DUST_WHOLEBOX_CLAIMABLE
9557c235f70854b976b9807f20cfe5bbed21445bcaa7c3ba5d8d2830fcb7cfd7,9gsWyVHNGUeWmjUqhEnHvP9wCWwdLy7kRLpJUCgQkR1HAnyAVX5,0.008,0.00257246,0,846834,2022-09-27,1898034,2026-10-19,DUE_REST_OF_2026,DUST_WHOLEBOX_CLAIMABLE
5a3a5a200adc789c5e1af5eadfb1f06f0cfb744f664823758a06fc3b807cb2ae,9fwBTCXxpaeArxZk1faYAJQTcD5kUvbeedEA4axKh42oh9ybsTy,0.008,0.00050972,0,846578,2022-09-26,1897778,2026-10-19,DUE_REST_OF_2026,DUST_WHOLEBOX_CLAIMABLE
5142c0c144f97cad2e6c31670b4d789fcf9b9fdd780a4307c7f9969cab72c134,9gtdyNTVfziFsGzH7KNjMcUj4v8MtADx4Z3prg6MWyHCCWz9NJM,0.001,1000000.0,0,847637,2022-09-28,1898837,2026-10-20,DUE_REST_OF_2026,DUST_WHOLEBOX_CLAIMABLE
fbaeb454403b5901ccedab9367423a515713fc95424aa4cd754bbec343331f49,9fekDvB6Fx7o4mR2hKxfkGCgA6QcuAmfmGLVp2Prg6wEpPJr1mV,0.01,2156.10811931,0,847026,2022-09-27,1898226,2026-10-20,DUE_REST_OF_2026,DUST_WHOLEBOX_CLAIMABLE
291d5ce4baa0267ab880ebbf4764cfe5138e7ddef8bf4d671fd88821af87e1d7,9hnWBJbnH7fmT7BfYhwmky9gLvC8UBhFr4ikoLcGXW2u7xBw2Jy,0.01,148.95186086,0,847269,2022-09-27,1898469,2026-10-20,DUE_REST_OF_2026,DUST_WHOLEBOX_CLAIMABLE
82f8831c8b5c52b4d25ada7f437569a4812424146d7976500c7c7a1d10d89007,9ernjZvu1AsmEG6NMSznBvLykUiZwbYtodSSnbQ85yiunFHkDEh,0.01,96.82737629,0,847288,2022-09-27,1898488,2026-10-20,DUE_REST_OF_2026,DUST_WHOLEBOX_CLAIMABLE
1249765d35dabaa7d8bd80027ce03bd47308910c4456bd6ca855a951fb51b09e,9fwgpzDUUXGBWKmqHcvd9v7KQhzzBWvvhZMWYLzWjkELd9PhwAt,0.01,63.8371464,0,847258,2022-09-27,1898458,2026-10-20,DUE_REST_OF_2026,DUST_WHOLEBOX_CLAIMABLE
6854e6df02a943f0abfb6d32fb2958af5518a6958b5becb27815b1abf80a22cf,9ehVyWvtNdL1Bd4GFV8dmNXuGoLcGxsyCQwxfMc8zaHE9eaMYab,0.01,59.1668622,0,847528,2022-09-28,1898728,2026-10-20,DUE_REST_OF_2026,DUST_WHOLEBOX_CLAIMABLE
069f047b5bb48be7420df7440b5fc256b6bf7d9847b52518c120a58aea865ac9,9hT5yuKJKd5GcDPDPALZpbNyZM5tMNeKLAuBjZM8Z7nBxB29hcj,0.01,53.19455554,0,847084,2022-09-27,1898284,2026-10-20,DUE_REST_OF_2026,DUST_WHOLEBOX_CLAIMABLE
6d9b725c5dabb57dec7b3c51ca86085a31d3e779d6e73f79e5254e49051532ca,9iBno79gvLv4Zd89vrGqicwiKNs7p55UZ8nLJkAYeGg4pXWRJzW,0.01,47.56466266,0,847020,2022-09-27,1898220,2026-10-20,DUE_REST_OF_2026,DUST_WHOLEBOX_CLAIMABLE
9c1a1723f8b6f95f1501caf1e144e6351628dc521a12fd6e2ee775c7d5df4d38,9iBno79gvLv4Zd89vrGqicwiKNs7p55UZ8nLJkAYeGg4pXWRJzW,0.01,47.51090507,0,847021,2022-09-27,1898221,2026-10-20,DUE_REST_OF_2026,DUST_WHOLEBOX_CLAIMABLE
48a759a494ffc61c31bc4877e2abac45196767af5692e14a8e52b3373c39c313,9i1KjhFX9sfsYqa2baf2DcKgeAm86nfbtaFgFSjykLTMAezDDCf,0.01,13.52318992,0,847058,2022-09-27,1898258,2026-10-20,DUE_REST_OF_2026,DUST_WHOLEBOX_CLAIMABLE
baeee1fcbeb951044cc5f3dfa5d70168d18be757f5db4571ca49e21a535aae12,9gnNxxcpwvVHh4nSLu279kRdzjUm74FgPCzCF2ZwiexnFwriSkt,0.01,9.43956401,0,846970,2022-09-27,1898170,2026-10-20,DUE_REST_OF_2026,DUST_WHOLEBOX_CLAIMABLE
04e04577f56e0b3c39ca38f7dab9555fa02c3c22c449c000ddbc606286a4a225,9htnHtZPjMGTgiNofGYNERhXAoHQ618SHZZRCzeoiFskYQTpLP7,0.01,8.375,0,847515,2022-09-28,1898715,2026-10-20,DUE_REST_OF_2026,DUST_WHOLEBOX_CLAIMABLE
e68fa059e2953d0d82624a74136674ec53a95a3c178f35d2f64bcd4429be4226,9iBno79gvLv4Zd89vrGqicwiKNs7p55UZ8nLJkAYeGg4pXWRJzW,0.01,4.69685459,0,847022,2022-09-27,1898222,2026-10-20,DUE_REST_OF_2026,DUST_WHOLEBOX_CLAIMABLE
71c1e9d2bdc0ca6d52148105f436fbd7397b723eb59dc55ec20d3326204564bd,9iBno79gvLv4Zd89vrGqicwiKNs7p55UZ8nLJkAYeGg4pXWRJzW,0.01,4.16591715,0,847024,2022-09-27,1898224,2026-10-20,DUE_REST_OF_2026,DUST_WHOLEBOX_CLAIMABLE
535aef18cf16411ab0953cd731e66cf43d7e98bfb304f0b1c2c6171911cb6c9d,9fFWmJsRdZGViZMqjswncWeXLuSMQuRZQRcxU3yjdT7YZZy1eEK,0.01,3.875,0,847666,2022-09-28,1898866,2026-10-20,DUE_REST_OF_2026,DUST_WHOLEBOX_CLAIMABLE
3773977307144f5ffe5526cdd3c61c7f9cdf09d0522bf028125ba47445c87d64,9i18Bzwz333mvXieob2cb692cDZsjHtkV6HJLS3mqUrE7swodsg,0.01,2.0,0,847626,2022-09-28,1898826,2026-10-20,DUE_REST_OF_2026,DUST_WHOLEBOX_CLAIMABLE
0044856bce2b14fd21767ea596c90666d605580c97a88c241a8fddde51324713,9grjRwUPeK3C4Ytt4njcvSxkFqLh22tQsFe2rhk4xPMBvtWEa9h,0.028,1.05547249,0,847373,2022-09-27,1898573,2026-10-20,DUE_REST_OF_2026,DUST_WHOLEBOX_CLAIMABLE
68bc9649081d5ce837530d5ac8990307012bfecdabd7419b7ed97ad506fbdd8d,9fGf4J5pdNrwe8p1dRB2TJtZMuJxBg9VJHkQm4N85pncntydnbN,0.01,0.95111432,0,847622,2022-09-28,1898822,2026-10-20,DUE_REST_OF_2026,DUST_WHOLEBOX_CLAIMABLE
e39013a27084c561147fab1026b115c810936c993c60d519da167b93e56f3b00,9iAErzxkXedq4zgAR5pcqaDXEsh1LJYVENrHRah5MTti2BVa2iy,0.01,47.09510694,0,848299,2022-09-29,1899499,2026-10-21,DUE_REST_OF_2026,DUST_WHOLEBOX_CLAIMABLE
48ef9a09306b112d372091d507081f145de4f561af7134493380897dece1e52c,9hT5yuKJKd5GcDPDPALZpbNyZM5tMNeKLAuBjZM8Z7nBxB29hcj,0.01,43.93893963,0,848072,2022-09-28,1899272,2026-10-21,DUE_REST_OF_2026,DUST_WHOLEBOX_CLAIMABLE
0f9d67a035b66df12cf66e62cd330776459f850667c07a00841dc2e7a997a93d,9gDywg3sHC8vbJx8pdPUfW5hLjwZU8z9xXph2qf5jdm9aLyV4w4,0.01,26.90822737,0,848352,2022-09-29,1899552,2026-10-21,DUE_REST_OF_2026,DUST_WHOLEBOX_CLAIMABLE
114846c4add3be5b714d70642dc91a63ad2fea44b351e16e08ab3007f17b5a84,9hYp26qGAvn77PR8kFHwuKogAqYqdH9bbgrB6iQFWBvpynUQkX6,0.01,22.17255031,0,848017,2022-09-28,1899217,2026-10-21,DUE_REST_OF_2026,DUST_WHOLEBOX_CLAIMABLE
f384d9296c871a4b994b43f58adc2a3a79e0bdaee8672664d4b282e874a46022,9hh7dNXdoRkPgpnUuAorfpyVtvNdUh55FmFHAf9fEm8ctNaC4bq,0.01,12.82166015,0,847700,2022-09-28,1898900,2026-10-21,DUE_REST_OF_2026,DUST_WHOLEBOX_CLAIMABLE
b39bdd732feaf0a426b0c4787d7bedbd7723bf7b2b054f5a38401359b22df3ae,9gQEk2TmfNyd77qrghMUX7rUyBKhEemLBbRumZVjxsqAVsnR5ZK,0.01,4.3197919,0,848364,2022-09-29,1899564,2026-10-21,DUE_REST_OF_2026,DUST_WHOLEBOX_CLAIMABLE
1405a2fbc09c6c386ce03a19b6b9ee4f6d799ff2b0f7a3be66ef9938c1580924,9fYftT5BjWcwibfyxjsBorYHNPhfbzbsQWDnwPVuRaszvU6rwmF,0.01,2.61174414,0,848289,2022-09-29,1899489,2026-10-21,DUE_REST_OF_2026,DUST_WHOLEBOX_CLAIMABLE
7cf659a9ac6a25009a704b9fd614b283feab7570cf113e8e15eaffcd0e47db5b,9gfmqhBEpSPuhRWPvkxmqy3DVo2VhqMNpffh5JMnoW4Tx3dNot8,0.01,1.75356945,0,848177,2022-09-28,1899377,2026-10-21,DUE_REST_OF_2026,DUST_WHOLEBOX_CLAIMABLE
6cbae4010e5c39348605667e30c03098e9be43fc976af066f94512f38e050458,9gxN7wPBLB3eZEkrPzbgo2gntSLnU7K7C6imhquN1tG6LKbmGHc,0.008,0.77191486,0,848331,2022-09-29,1899531,2026-10-21,DUE_REST_OF_2026,DUST_WHOLEBOX_CLAIMABLE
1dbf31880b9238920f3ab0a612c23376bdff4610232dad1e8ce03750c04b72da,9gtdyNTVfziFsGzH7KNjMcUj4v8MtADx4Z3prg6MWyHCCWz9NJM,0.001,500000.0,0,848382,2022-09-29,1899582,2026-10-22,DUE_REST_OF_2026,DUST_WHOLEBOX_CLAIMABLE
b080169372a59faad96801663c0484cee3aa95643ac92c03067fc897062220dc,9fdArZnASQSZsu8Lwa8z5h8JZtWVWLikXnoNkEfrKgWaGD4e3d6,0.01,478.92919325,0,848507,2022-09-29,1899707,2026-10-22,DUE_REST_OF_2026,DUST_WHOLEBOX_CLAIMABLE
59b5e960e4536256eabcebc783766a0343f6f226238e7c72fdef098ad3c2788b,9gojexdTxE4Bay289kbe3aZUTomxZ5ZNKi2s8jnUrMrVuXmGKrX,0.01,276.4945624,0,848485,2022-09-29,1899685,2026-10-22,DUE_REST_OF_2026,DUST_WHOLEBOX_CLAIMABLE
812d72a78283a3dcbac30fb0d189b46062112abde8fbf6089560edaee7c54095,9gH6bmpXnC2Jm7CvRKq2PNDjztjJRFQNiGTZ65FMb4VTowAFKfc,0.001,157.24174758,0,848902,2022-09-29,1900102,2026-10-22,DUE_REST_OF_2026,DUST_WHOLEBOX_CLAIMABLE
a868fbbc3f49dbbe88a1864b71aabe1042381ea066c6b487ebf65e146205ce3b,9ehEgifXzbeM2MP6qFeg6ySrXKVFVLmZ56mAvjL7xsw8Qay3NRz,0.01,100.45284275,0,849034,2022-09-30,1900234,2026-10-22,DUE_REST_OF_2026,DUST_WHOLEBOX_CLAIMABLE
e087ed4671fa6b0a1a9839099763c1dc71f1438f17366649f9b7de45cbca60eb,9gDWi6aupLnnzCpFU4925y3kLgyDcXbVvEu6BH9idqTmSRmSvJ8,0.01,85.31376122,0,848919,2022-09-29,1900119,2026-10-22,DUE_REST_OF_2026,DUST_WHOLEBOX_CLAIMABLE
950f379ea47b2808b020c67d82e6f1ff04e2b8dbff7a14fea188ebca1bffdd96,9ftgsAT7VKsiBtyY1QhSoTUiRd5hfY31xigQwtCS15iCaR8Dz87,0.01,48.71490043,0,848911,2022-09-29,1900111,2026-10-22,DUE_REST_OF_2026,DUST_WHOLEBOX_CLAIMABLE
bc2e52d8111d540d5b0e5cb660d0df154e0955a41924ffeca28897925d78cced,9ejCp74JSk3FFpZtgZU3NJeQxCRmWGwYdUZVG47Uxrf2peFR4rh,0.01,48.41390159,0,849072,2022-09-30,1900272,2026-10-22,DUE_REST_OF_2026,DUST_WHOLEBOX_CLAIMABLE
e83066f0df4e82af626163e1fc266b1be7f6c8f9ec6079317179f61c128b522c,9ejCp74JSk3FFpZtgZU3NJeQxCRmWGwYdUZVG47Uxrf2peFR4rh,0.01,38.26356952,0,849070,2022-09-30,1900270,2026-10-22,DUE_REST_OF_2026,DUST_WHOLEBOX_CLAIMABLE
6dfa5a4dc89cd401380c8006de23d4a62b77a7f78d7daadbbf0f1a3d935e372e,9hUgrPDyXVz1kB3TNrcthLUa253ejtvNVWyTtKE5Q8RRym71r6A,0.01,36.27244977,0,848981,2022-09-30,1900181,2026-10-22,DUE_REST_OF_2026,DUST_WHOLEBOX_CLAIMABLE
54c0c0a2c114b80ad1c89a50669542129e16a7290691e5bc8155696a33bcee42,9er6MgWEjTCdYErwGajT3RggK3GQS77jgHnsGgefkG4iWoerHzd,0.01,20.4946049,0,848859,2022-09-29,1900059,2026-10-22,DUE_REST_OF_2026,DUST_WHOLEBOX_CLAIMABLE
3be10eccba9337f438cdce6fa10a8b791a76795828bbce940cb13387c7b3f5d1,9hpmt8hKv3nAVnkxBX6PQ6wJGioUGT7RPWVbUnrCtxW1EaEGHXt,0.01,17.77093393,0,848504,2022-09-29,1899704,2026-10-22,DUE_REST_OF_2026,DUST_WHOLEBOX_CLAIMABLE
d4317e1f1a1d3d52e5c61d35666c1485d9f14670ee9350cd7a3c1e5703c0ea7f,9fMVG1KJq4D4fRiv29GuqDVCeoaqtEe8FgdbypY6YbWegu4DhSs,0.01,15.13685031,0,849070,2022-09-30,1900270,2026-10-22,DUE_REST_OF_2026,DUST_WHOLEBOX_CLAIMABLE
0dd2f9b9e4cdee01e18d3d480c848a19cfe924393b60e67f85e122faee213aab,9gHVanyKK1rhDPt7NDeSbgdi72YDrXR3MEubNcwAPEuU7DujdC1,0.01,8.33196318,0,848875,2022-09-29,1900075,2026-10-22,DUE_REST_OF_2026,DUST_WHOLEBOX_CLAIMABLE
ce90f2b75b093058a308fc6b12990e4aecf9b59829bee535e7b4a342e9e4e258,9gH6bmpXnC2Jm7CvRKq2PNDjztjJRFQNiGTZ65FMb4VTowAFKfc,0.001,6.125,0,849059,2022-09-30,1900259,2026-10-22,DUE_REST_OF_2026,DUST_WHOLEBOX_CLAIMABLE
974eee18133766c6b1b8f7510f9b754d1719485a72b0076ace2e5f2ebcc1af68,9gHLS93S4SJAbAr2QCaaVeWik6CghjQcikSib7qp7aRAs5DhcYa,0.01,3.80110018,0,849017,2022-09-30,1900217,2026-10-22,DUE_REST_OF_2026,DUST_WHOLEBOX_CLAIMABLE
fa766e9cdcce0f924db367c9cc275d89ebfa525867f6d95c1ab4620d202e7232,9h6bdnvzPtAQ8thSWcAyiRjMNVgxN1MktBuzeupbu2weJhVttBP,0.01,2.24891094,0,848494,2022-09-29,1899694,2026-10-22,DUE_REST_OF_2026,DUST_WHOLEBOX_CLAIMABLE
87cf242aa508110577358b570b2533932d9e06c439a1ff0396a57a1cd4df3c63,9hceyMfvaQnFsN8rY2QfPmJ9TQr53TUQcUAW6Wmzmz7ogiGyFPk,0.008,0.19285125,0,848539,2022-09-29,1899739,2026-10-22,DUE_REST_OF_2026,DUST_WHOLEBOX_CLAIMABLE
e0a824397c6853244dae20db91f760473201f9f579737a6479f3bbf7d7968098,9fSC7pwRCmRV3YoWqoc5CoeS5Fb9rG3Au9hQXkWczfPWuWHny8S,0.01,1323.5,0,849719,2022-10-01,1900919,2026-10-23,DUE_REST_OF_2026,DUST_WHOLEBOX_CLAIMABLE
ab344171ebdb07fec17fbeefa700a053a4116277c5e321ab8596545eabcc036a,9fSC7pwRCmRV3YoWqoc5CoeS5Fb9rG3Au9hQXkWczfPWuWHny8S,0.01,155.75,0,849717,2022-10-01,1900917,2026-10-23,DUE_REST_OF_2026,DUST_WHOLEBOX_CLAIMABLE
43ef0872e15f0f674e63e98eddde4e04a562a1257080847fda61a8c611b2ec5e,9fSC7pwRCmRV3YoWqoc5CoeS5Fb9rG3Au9hQXkWczfPWuWHny8S,0.01,151.25,0,849726,2022-10-01,1900926,2026-10-23,DUE_REST_OF_2026,DUST_WHOLEBOX_CLAIMABLE
f14b3d9c1a6d5f6b21fd9350e63c94d30143169b7181a4f76721ab3d1daba714,9fSC7pwRCmRV3YoWqoc5CoeS5Fb9rG3Au9hQXkWczfPWuWHny8S,0.01,119.75,0,849724,2022-10-01,1900924,2026-10-23,DUE_REST_OF_2026,DUST_WHOLEBOX_CLAIMABLE
c0b289e5ba80b1ada1fb354ffc84ae64ffe87e2fccf41492d60b7254d146f01e,9h6cdkxh767ZQ6fToJ4sHpnwhLA4XcjbjekHv3rNjgd2Af8EgS4,0.01,101.02550756,0,849576,2022-09-30,1900776,2026-10-23,DUE_REST_OF_2026,DUST_WHOLEBOX_CLAIMABLE
313df8f68d0b8dbe171e15911d618de37954a62311c8822416c53b5007f66976,9fSC7pwRCmRV3YoWqoc5CoeS5Fb9rG3Au9hQXkWczfPWuWHny8S,0.01,99.5,0,849733,2022-10-01,1900933,2026-10-23,DUE_REST_OF_2026,DUST_WHOLEBOX_CLAIMABLE
2f0c34fd47fe04f166300cf79fca13f1862a438db22c62c9706251be3d2c97c4,9fSC7pwRCmRV3YoWqoc5CoeS5Fb9rG3Au9hQXkWczfPWuWHny8S,0.01,59.0,0,849722,2022-10-01,1900922,2026-10-23,DUE_REST_OF_2026,DUST_WHOLEBOX_CLAIMABLE
3711ae97ea8c148c937095a921f6e3912c1020f8abaf89a4c511b9ecad6bd54f,9fvjyT764DRUAP2pm4punjq4pGHjPkuMQVjuXtbyEmu3YqXcwEX,0.01,13.4375,0,849787,2022-10-01,1900987,2026-10-23,DUE_REST_OF_2026,DUST_WHOLEBOX_CLAIMABLE
9d7e1b7554d4ade0146c2381e9af41608940705023ea1166b0e43502595fb35c,9fYW5TgD3cvrHzCHU7WTq6ex1q6PvWuCy1T9PDzi4dCd1KjzcT7,0.01,5.13031106,0,849137,2022-09-30,1900337,2026-10-23,DUE_REST_OF_2026,DUST_WHOLEBOX_CLAIMABLE
93ca86efe43cbe6cb1e27ce292688d31b30fe0a39e130ca0f203b7109e453799,9hKAuL9V9e9x5JshJtg9o4oUD6SZ5J3qLMMaBvihPczArCQDbDq,0.008,2.0,0,849593,2022-09-30,1900793,2026-10-23,DUE_REST_OF_2026,DUST_WHOLEBOX_CLAIMABLE
d792c401149acdd24c5cc799a16b47256561516afd0bfd26803283e61ccf9834,9hVyvPqtKwLZVwecKKDmHhQ8CegwMbttf88TwWjCrFfuoRwftvM,0.01,1.44990518,0,849736,2022-10-01,1900936,2026-10-23,DUE_REST_OF_2026,DUST_WHOLEBOX_CLAIMABLE
122812c883aa93e6b0aaa5fe8b76da29aa10828221d98987a848136c934c3852,9iPzH5Faa6J8aCcg2me6ZaazztYBo46ejrdTQJqmXxyhcVekDtw,0.01,1.04390657,0,849316,2022-09-30,1900516,2026-10-23,DUE_REST_OF_2026,DUST_WHOLEBOX_CLAIMABLE
294b2547771e4e2c85712c93a68420190b1dc45cc2603fd846d486677041c9e3,9fxd8URXKKwzkn2zTmWDb4cDbpDNf9m5d8pbKRRfAJZvkrwPLCP,0.01,0.84290565,0,849752,2022-10-01,1900952,2026-10-23,DUE_REST_OF_2026,DUST_WHOLEBOX_CLAIMABLE
a768eea907d0dde1fbfcb96f09674cbd80e7013d4a2b3ec32ddd069c2bed18d8,9eaUnubL4TA419gwBcBg26BMyY61e8gPSS6ZHjmEdr5zJ191iqG,0.01,309.3128613,0,850046,2022-10-01,1901246,2026-10-24,DUE_REST_OF_2026,DUST_WHOLEBOX_CLAIMABLE
5ea1f7e3dd8c5b7de1545edca2066fe98c68110d1e5fd71ec2af7c590b7189e3,9eaUnubL4TA419gwBcBg26BMyY61e8gPSS6ZHjmEdr5zJ191iqG,0.01,296.88391762,0,850048,2022-10-01,1901248,2026-10-24,DUE_REST_OF_2026,DUST_WHOLEBOX_CLAIMABLE
cd857d8d737ecc391f4fc5505f0cb60d8901ae7002c3c2655a0888aee5d7d655,9eaUnubL4TA419gwBcBg26BMyY61e8gPSS6ZHjmEdr5zJ191iqG,0.01,283.48609484,0,850046,2022-10-01,1901246,2026-10-24,DUE_REST_OF_2026,DUST_WHOLEBOX_CLAIMABLE
af15cceba718434eb25811dabc7b7a298813b296147c9e1fef9ff3740f6038b3,9eaUnubL4TA419gwBcBg26BMyY61e8gPSS6ZHjmEdr5zJ191iqG,0.01,81.65621359,0,850044,2022-10-01,1901244,2026-10-24,DUE_REST_OF_2026,DUST_WHOLEBOX_CLAIMABLE
0322bc37972f8a337c6f2bdf69d9ad77c2a5c4a9429a145261373e0b37ec9153,9eaUnubL4TA419gwBcBg26BMyY61e8gPSS6ZHjmEdr5zJ191iqG,0.01,63.69932573,0,850050,2022-10-01,1901250,2026-10-24,DUE_REST_OF_2026,DUST_WHOLEBOX_CLAIMABLE
3837caddf6db2fdca2b5ea7fa07a393b4297864cd1d8543a6a5551a2ba9aeae5,9eaUnubL4TA419gwBcBg26BMyY61e8gPSS6ZHjmEdr5zJ191iqG,0.01,63.43177121,0,850048,2022-10-01,1901248,2026-10-24,DUE_REST_OF_2026,DUST_WHOLEBOX_CLAIMABLE
2021612b89e190286b765cecdcd287106803d4ad3056bb41e4e19146f42b1dd6,9gzyAxdt8gJakFTHMKSUXH7vr6eo92LR2Arrpsu3KVH52tpRNYG,0.01,51.19316613,0,850133,2022-10-01,1901333,2026-10-24,DUE_REST_OF_2026,DUST_WHOLEBOX_CLAIMABLE
55c34407c339374938b12951ed2697c559a1e9f2911683fa954e40f2bbac323f,9hwnLVdTHro56RyqpmxSXqHquMyfYKwvwpskh5fV5M9TxtQn3mj,0.01,50.0417351,0,850400,2022-10-02,1901600,2026-10-24,DUE_REST_OF_2026,DUST_WHOLEBOX_CLAIMABLE
d9e0c62d87e9879962893e31ab53db1b70da677cf0c9999a910c992d2a20f584,9fvueiA4A3CYbynvk5nRLsymTSRfh7FRousGR2UJJvSKK4U38Wc,0.01,49.01589927,0,850219,2022-10-01,1901419,2026-10-24,DUE_REST_OF_2026,DUST_WHOLEBOX_CLAIMABLE
bce58644c564e84c9c698fa1987dca4890085993f4b81d09e4a1e3b241ecc545,9ezceBm52nZp3nN13CBGMACFictqypWzXrL5HvJiaoshxyjY1zU,0.01,6.76603708,0,850310,2022-10-01,1901510,2026-10-24,DUE_REST_OF_2026,DUST_WHOLEBOX_CLAIMABLE
4adfccb330590e785a032d6c68a316b851647b343c4aa021620f29e51002e978,9gzyAxdt8gJakFTHMKSUXH7vr6eo92LR2Arrpsu3KVH52tpRNYG,0.01,6.6875,0,850130,2022-10-01,1901330,2026-10-24,DUE_REST_OF_2026,DUST_WHOLEBOX_CLAIMABLE
46fdcdb5caac5d6e79d2d2ae6569c9900173550178d167d01d5d3497cce71e5d,9h8wcnDs7WLEDAHBZGDqF27JVDXfuXf566GXyko2V9Lqf4F9y2U,0.01,6.13003056,0,849851,2022-10-01,1901051,2026-10-24,DUE_REST_OF_2026,DUST_WHOLEBOX_CLAIMABLE
c0d31c33ee0385a39e5a110b57021bbc4383b4d13a4f9d01724b1625d6b485f2,9hjK4kimChxLtTCzHE2kL3A59Ed7xnHi5HNgEAwrD54JAbuFKJg,0.01,2.75,0,850133,2022-10-01,1901333,2026-10-24,DUE_REST_OF_2026,DUST_WHOLEBOX_CLAIMABLE
255724e6f3eb62e3d7cbbf51b300c74b98260eb256b99fee9b36cfb82fa4764a,9gpv17CKH1tevmJomJLW22S71t3AgU6JwmBS4XjpdFuQSwcJzre,0.01,1.3727957,0,850426,2022-10-02,1901626,2026-10-24,DUE_REST_OF_2026,DUST_WHOLEBOX_CLAIMABLE
da9ddf207303c762293de82d3691b71bd7c342f17589d0e5319545b494ff310f,9gdxjaHMayX6WHDTqW7CDb2g33PaGXg2NgJSujFuAmgNefk5WBM,0.01,0.45267012,0,850146,2022-10-01,1901346,2026-10-24,DUE_REST_OF_2026,DUST_WHOLEBOX_CLAIMABLE
a65a6aa10a9b76c1e9ef15109874870613f5a8029eec37fc881a1e822ef118fc,9ehHanSBNySJpgoj6Tkh1uo7iQcfDqanT6vyeJRGr1Qwznq7w4E,0.01,86.9375,0,850704,2022-10-02,1901904,2026-10-25,DUE_REST_OF_2026,DUST_WHOLEBOX_CLAIMABLE
e5ba5eabe77bf0700f75d355af290d4a97ab888a20db704675494f7529b3d9ac,9gXh6NfCjUiVBEjYrkAfAjJKfFJk4RDhoZGW2GuLMVGin9MLpAR,0.01,85.19102549,0,850521,2022-10-02,1901721,2026-10-25,DUE_REST_OF_2026,DUST_WHOLEBOX_CLAIMABLE
6b4172cf29dd7f03bf62439d6f48becd8df8421a3944006a369e154c3cc8793e,9gbTrAxrnuBkGnDX1UDodovuHtsWj5CymFWzyhtBJ44jchJ7ybY,0.01,59.5625,0,850638,2022-10-02,1901838,2026-10-25,DUE_REST_OF_2026,DUST_WHOLEBOX_CLAIMABLE
890c622e85625dedfab9e4a4803046680f20bd03bd6b9a44e4559618f24cbe38,9es6aN9w47BjQaAjkjEUdnkUGbUqcocAZBskz84v9nt7dfFsLei,0.01,48.84500748,0,851207,2022-10-03,1902407,2026-10-25,DUE_REST_OF_2026,DUST_WHOLEBOX_CLAIMABLE
5c74c9f420ad9f8b255a7d5a8e63d331df919b776f44db3e2bec79629d127889,9gM7Py7pfpRFGBM9CHhr2MhNXdrNhLY337NJyeH916QZuX98oaw,0.01,36.75521315,0,851044,2022-10-02,1902244,2026-10-25,DUE_REST_OF_2026,DUST_WHOLEBOX_CLAIMABLE
df809cb757fd0cd0fd16c778f67c98d4bc22b41ed57824b248b608537f3f8cc2,9gd3zgjyXPycqbFm1LKPU1WHTcoesed4MQhSBcjEh2y868m6gB3,0.01,34.4375,0,851073,2022-10-03,1902273,2026-10-25,DUE_REST_OF_2026,DUST_WHOLEBOX_CLAIMABLE
08338f096c1e02ada906fda7e19d66493611965c09520c02569b85111e1ecb67,9hcWg6vyaKoQ83LJoXWsCbYUPM2HoRgBkRdEcXfoSc4FuRv2bxD,0.01,8.45079909,0,850662,2022-10-02,1901862,2026-10-25,DUE_REST_OF_2026,DUST_WHOLEBOX_CLAIMABLE
e6963b6f5771f153c118c57917793843847622ade16f928a1590f1924530a50f,9i8R3EsJDXv3ZMmJJf5WqwMqkfzSbgcWZ84VKDJ3gN8Y4wFD47y,0.01,5.5625,0,850616,2022-10-02,1901816,2026-10-25,DUE_REST_OF_2026,DUST_WHOLEBOX_CLAIMABLE
2c358e550d568b977f7c39743a1c71e30071f17e1b669425e14c5c93c882148f,9iGWbao8TryXG93B6Yh1AUV9dr1i7kEQ2Lgwo9hTvzrwqBuf1wZ,0.01,4.46211437,0,850613,2022-10-02,1901813,2026-10-25,DUE_REST_OF_2026,DUST_WHOLEBOX_CLAIMABLE
f82fb9341024e1eb88c2208d5b2a402e2e5e77ae658db36bd4021cf1db185e0f,9gkuq3TL8RseBPUeZ1CKfet3DNDgNDejA4qz5uwm3tdwjsQ4Dhi,0.008,3.755e-05,0,851101,2022-10-03,1902301,2026-10-25,DUE_REST_OF_2026,DUST_WHOLEBOX_CLAIMABLE
e4eb977120827ce86b6c2f4dd352e0a8debf1ead216c44fedf41e67f8ea2bfc6,9fzrq3d3napdy9944pCEC9oFM9oLS8Ct35M5pCFWav5hgbsRk6D,0.01,88.83020148,0,851261,2022-10-03,1902461,2026-10-26,DUE_REST_OF_2026,DUST_WHOLEBOX_CLAIMABLE
1e3c6de001dd6150f1a68437c99eee43ac959a3aa5c3033a300ea95007290dbf,9hNYiqkFm6Zycc4oZpcAAq6kFo3KNLpF8hhV2pFmAvpk6Adw4qz,0.01,67.08588498,0,851225,2022-10-03,1902425,2026-10-26,DUE_REST_OF_2026,DUST_WHOLEBOX_CLAIMABLE
cc08098c3aa0efd9453018a21fac72445a148451205683022cbae298dea8c62e,9gwL8smcCFrNozMhJ2juefGrsp8HBW6U24B6S8biqU8nfjJp5MU,0.01,49.9188958,0,851233,2022-10-03,1902433,2026-10-26,DUE_REST_OF_2026,DUST_WHOLEBOX_CLAIMABLE
7f897476aa96e6306ea624aa931ae730f46c5442c1753675c7bdccd97b580e22,9hUoZqmJx7S7PQkoXvpU8Zu5ggKqE5dNbmEn2SEnshiM5znNBNT,0.01,47.90855531,0,851288,2022-10-03,1902488,2026-10-26,DUE_REST_OF_2026,DUST_WHOLEBOX_CLAIMABLE
99e74db1072b8a58ce85f85295e135fff0afd5dcb8ab1af5f04d05da935ca3f6,9fTNP9YVNazCc57xaDKUfPCpzD6J4SfkzbXNUCXPR3hKkf91Kwn,0.01,4.83763433,0,851230,2022-10-03,1902430,2026-10-26,DUE_REST_OF_2026,DUST_WHOLEBOX_CLAIMABLE
c952c50a8cc87e5e978c388eecd2f248eba9c25e0b21bd137c48d4404b995a71,9fzrq3d3napdy9944pCEC9oFM9oLS8Ct35M5pCFWav5hgbsRk6D,0.01,3.59529059,0,851262,2022-10-03,1902462,2026-10-26,DUE_REST_OF_2026,DUST_WHOLEBOX_CLAIMABLE
ea4ddbdb132285f0c9d4633c471c5e88c7c9729fbbc7777998e622abde8b8978,9iNB13M4497mewahxUVtH9DtTKJnmjZ4Z5NuCMKjnr3RprtPSym,0.001,1.73865181,0,851582,2022-10-03,1902782,2026-10-26,DUE_REST_OF_2026,DUST_WHOLEBOX_CLAIMABLE
d18665413752531097e97f80d5ee747bbde902b564fe5e6178ac905863729789,9gtdyNTVfziFsGzH7KNjMcUj4v8MtADx4Z3prg6MWyHCCWz9NJM,0.001,500000.0,0,852416,2022-10-04,1903616,2026-10-27,DUE_REST_OF_2026,DUST_WHOLEBOX_CLAIMABLE
91cd3a477014bfa24e3153898e0e3868e3eb7c4587d87e88fbdc9457ba431ff3,9hWQQyaLMVtF9YTCBNrLPWEjKQKNfL8tiX66BuKXuQHTTDNvpLU,0.01,671.41461386,0,852606,2022-10-05,1903806,2026-10-27,DUE_REST_OF_2026,DUST_WHOLEBOX_CLAIMABLE
a4b634ef711174888c79b754e2970bfe64f7e0e4a4970035124281906f34f1ad,9hmTd2m6H9fCsBAWd5ny9Fq1RhfRYqJz5iyz4jkKKPG4LELAtci,0.01,349.25,0,852059,2022-10-04,1903259,2026-10-27,DUE_REST_OF_2026,DUST_WHOLEBOX_CLAIMABLE
10f953274a8edf116471a29ee02eb61a4898a66f11bfdbda21e25ba68527522c,9hmTd2m6H9fCsBAWd5ny9Fq1RhfRYqJz5iyz4jkKKPG4LELAtci,0.01,104.0,0,852056,2022-10-04,1903256,2026-10-27,DUE_REST_OF_2026,DUST_WHOLEBOX_CLAIMABLE
be8e719404c595d9173d50676ec1f2ded3d845b7c9f70e5de83412cd2055db86,9hL9FmbDcMgwUfTBw8FfdjP33qTEi5exDD3GE1extreQ7tBWLyG,0.01,16.85619538,0,852105,2022-10-04,1903305,2026-10-27,DUE_REST_OF_2026,DUST_WHOLEBOX_CLAIMABLE
1901069322c789839396fe43423c6b271d519f2c6873e947b3af6a091a0ef437,9hmTd2m6H9fCsBAWd5ny9Fq1RhfRYqJz5iyz4jkKKPG4LELAtci,0.01,7.25,0,852066,2022-10-04,1903266,2026-10-27,DUE_REST_OF_2026,DUST_WHOLEBOX_CLAIMABLE
aa46ebd9394d34c3fbfad0581b70474e04de3e3c79afec6fbbce2eea4490a19d,9hDVtvN5JhpjwPQ5tiRBWiXGcoN367wewAhLLofSXgbPy1jY9up,0.01,5.5625,0,852037,2022-10-04,1903237,2026-10-27,DUE_REST_OF_2026,DUST_WHOLEBOX_CLAIMABLE
e5fbe935ee52c06b84cc5a9dba181ec4ccce074c50f55883b089b6a3ab80dd9a,9g3ykaZcAR9xVVJWjsnttshcpi23b7GVC1NApGStvKTcqf7U4AY,0.01,0.0591898,0,852040,2022-10-04,1903240,2026-10-27,DUE_REST_OF_2026,DUST_WHOLEBOX_CLAIMABLE
a7b146ac7096f71107f2e9a41b2c09cb2cb660f21fa6f909a49d15d7ee7e4536,9eXSTfmSXDwuVpX1QMSSyXmQSZXcUtA6U5mb3eKLP49oyc9rvUB,0.01,51.8292046,0,853121,2022-10-05,1904321,2026-10-28,DUE_REST_OF_2026,DUST_WHOLEBOX_CLAIMABLE
947071505decb36eeb62e9246a43f0f28b172c3deee7d0a706a5bffc5fc53f3c,9gp9NtF78RwbBQfPLbxRvpG9NCByk9ctYfTFCvbFtLHQfppxk8F,0.01,15.68710807,0,852874,2022-10-05,1904074,2026-10-28,DUE_REST_OF_2026,DUST_WHOLEBOX_CLAIMABLE
ab51650cf2937a2ab9e198f37ea72a4ded02b95d73d7c83b104e3d54942504b1,9f6D2q5SnWdVkVi7X41agzzyogfQEP9KAfhK439PDpUecnVXAZD,0.01,4.09301155,0,853154,2022-10-05,1904354,2026-10-28,DUE_REST_OF_2026,DUST_WHOLEBOX_CLAIMABLE
f3ec288e73b9f944ac76b8a9a72f11a344a085b11de57b455b77130f644fff1c,9gtdyNTVfziFsGzH7KNjMcUj4v8MtADx4Z3prg6MWyHCCWz9NJM,0.001,500000.0,0,853614,2022-10-06,1904814,2026-10-29,DUE_REST_OF_2026,DUST_WHOLEBOX_CLAIMABLE
88e283a80683200f7d72457c22d7c80181ec48e48958daaf23473401ceec5e80,9gv9QqkCFu7suSbgTvq12u7ar5uMragZiktgyW7D1RCwN6mkBwW,0.01,53.5076069,0,853397,2022-10-06,1904597,2026-10-29,DUE_REST_OF_2026,DUST_WHOLEBOX_CLAIMABLE
487e31bea9468906b082f0ea58212fdf6472566cce545ff3c5290c897d02a37f,9gC9KUpp3Dwvz2QoxtAjabA9bhdQHv8RfEnLCYKVCM2FDFX2Sj5,0.01,49.75602938,0,853434,2022-10-06,1904634,2026-10-29,DUE_REST_OF_2026,DUST_WHOLEBOX_CLAIMABLE
4e8b440878f2b632cb490c577c2f2a48d2f0bb8c638f474a2093f9c86e7dc688,9hwBKRSJHpzWjPEN8KxkKwq5f2WWzYNz4EXBhtUp49yfuejTZxC,0.01,47.66758439,0,853600,2022-10-06,1904800,2026-10-29,DUE_REST_OF_2026,DUST_WHOLEBOX_CLAIMABLE
c3991ce18d2f852244031379685cb3d392902d04147988b65fc8195e83044bce,9eyYy3dme3uCA6CDFASY4hCjbvhy6prVjgauYfYBfdtHiDw1BJS,0.01,47.51090507,0,853370,2022-10-06,1904570,2026-10-29,DUE_REST_OF_2026,DUST_WHOLEBOX_CLAIMABLE
d146c729fcd2c9247245aa64c75a0e671ef862eaeefde71471b54d0ff3cfac7d,9gaXWS22khYMir5PwqsocpAR9b534eCPYHbWyy3yd5LwAznqW7E,0.01,39.96586745,0,854012,2022-10-07,1905212,2026-10-29,DUE_REST_OF_2026,DUST_WHOLEBOX_CLAIMABLE
b39121ae6bf05607f7cb3e79f5b257c8be427d8576df7d81ecb717829ca23d0e,9gHVanyKK1rhDPt7NDeSbgdi72YDrXR3MEubNcwAPEuU7DujdC1,0.01,34.13798071,0,853508,2022-10-06,1904708,2026-10-29,DUE_REST_OF_2026,DUST_WHOLEBOX_CLAIMABLE
8a0877952a691d6ca3351749cea98b44e3b2e6a85ee99835e4d5b02f45c551c4,9hGUnDQjkfSLM468UDTBV7jShfNoCAwGYTzruDipKthQ4ae9ZDx,0.01,29.75,0,853594,2022-10-06,1904794,2026-10-29,DUE_REST_OF_2026,DUST_WHOLEBOX_CLAIMABLE
f74a829f758f94c253311b4c06fc93c35edcc92631060ef84faa1b37e8585d4a,9f5cXkpdcb2YTRWs1ewLrzojdXTi88fTCFf7wjjVzHEfnEakZs7,0.01,6.53120531,0,853825,2022-10-06,1905025,2026-10-29,DUE_REST_OF_2026,DUST_WHOLEBOX_CLAIMABLE
077a35219857cf59ab028d553b5aa33fd75aaa0f710a21ad4a876ff837168312,9eckHobC4JYpgNP9M3MF7Ug9trY3pcsuESpUwQ94MhAyJhpoEDz,0.01,5.39838974,0,853977,2022-10-07,1905177,2026-10-29,DUE_REST_OF_2026,DUST_WHOLEBOX_CLAIMABLE
11fb40b9f42d1f7fb78f51be6f2d7ebbd25fa1e9d746f8ff78ff3cd3aff86512,9gA32wkMUaUbhGbXAjDpLeRguC9umCqiRsaELZuR4rLFb1Bi9rv,0.01,5.0,0,853949,2022-10-07,1905149,2026-10-29,DUE_REST_OF_2026,DUST_WHOLEBOX_CLAIMABLE
629405db73c34b3635448c60ac0e89bb71f2087ce4ebce87b383d3f44c298556,9fHKdSNvhi3QxNhi2eUA3AWNnWiZib18NDGtzf7Nj31ysFENpRx,0.01,2.75,0,853503,2022-10-06,1904703,2026-10-29,DUE_REST_OF_2026,DUST_WHOLEBOX_CLAIMABLE
4ad4a4e66f00ce01ae8c055b5966bb74356fd42167ba506adc42e0b60efb6719,9iFCPe4nNBTLcGzXXuhLcq2u1ANQLevTRuGGLVeS8Ddvw92KhoS,0.01,188.76831629,0,854738,2022-10-08,1905938,2026-10-30,DUE_REST_OF_2026,DUST_WHOLEBOX_CLAIMABLE
aa08befe8448fec85adb3f095ed65b5a77cf628b9606fb360cafa6831b91cc92,9eYyzMC4AB6HAdE84KzbF9wRGyvqXn29bPzYUxJMu5r3QmFcEey,0.01,165.3125,0,854687,2022-10-08,1905887,2026-10-30,DUE_REST_OF_2026,DUST_WHOLEBOX_CLAIMABLE
003aa1b7d5b3030896b3af85256ced6aaebaee6cb9752dc04687b668e36e0476,9hwDzjAmdiH3UJauQay7iDSR4Uwypi5CbRzj9dQY5yskV31fN4Z,0.01,158.1447013,0,854349,2022-10-07,1905549,2026-10-30,DUE_REST_OF_2026,DUST_WHOLEBOX_CLAIMABLE
f9e86199fef10d45e72c4f7a6b7112532df9ba68acc76431e97a4bcac9c1a3a7,9epjbSQfXJiAq3BE2An5L5vdwsrKL4kxUgHYsEwG67MTN2a5CxN,0.01,48.71490043,0,854591,2022-10-07,1905791,2026-10-30,DUE_REST_OF_2026,DUST_WHOLEBOX_CLAIMABLE
c89c64aedc06d727b185ebea6f130800b9685a2e73a19e8d1622c4eeaad285e0,9gExnCVY68hLaX7S9CK9EPgeByaaFQyBGtve7CfG2LQfhAtP1UR,0.01,48.41390159,0,854414,2022-10-07,1905614,2026-10-30,DUE_REST_OF_2026,DUST_WHOLEBOX_CLAIMABLE
ade050a41eba4d5ad66c31414a184bf2fd91aa15c298760d7ce898623f2cd820,9hwDzjAmdiH3UJauQay7iDSR4Uwypi5CbRzj9dQY5yskV31fN4Z,0.01,26.9375,0,854350,2022-10-07,1905550,2026-10-30,DUE_REST_OF_2026,DUST_WHOLEBOX_CLAIMABLE
38538cea8656735025c85af2c25f02f81ee2fcb6ff042edb68e2455a366735da,9gExnCVY68hLaX7S9CK9EPgeByaaFQyBGtve7CfG2LQfhAtP1UR,0.01,10.0625,0,854415,2022-10-07,1905615,2026-10-30,DUE_REST_OF_2026,DUST_WHOLEBOX_CLAIMABLE
a4d5bf3286e2bc047858396476e21bed62a73d8cb49122ba26d10b5a57c602e7,9hjSkuH5csSwHeUTCxqnkZ3Yf3hTghZcokJEaGfwXPenx8LFbNG,0.01,6.98964475,0,854232,2022-10-07,1905432,2026-10-30,DUE_REST_OF_2026,DUST_WHOLEBOX_CLAIMABLE
da4dce80203515d72b1de2f2007e62e8ced64c55d0b6e6272c023a3bfcff8bc5,9f7mmsR316Y3mSeBZChtx7yBzShX49ae84T2nmxshLzbAZpbx2o,0.008,2.53956651,0,854677,2022-10-08,1905877,2026-10-30,DUE_REST_OF_2026,DUST_WHOLEBOX_CLAIMABLE
fd6c9b2e45da75e33a99bc883dc4a0e8c39090614f1f840ab9e7a35e30a88979,9gN1PNVg5KRX6QqWu8zbjLwaTYtLjtub6v52uMCoQuGTEpB71GR,0.01,1.625,0,854070,2022-10-07,1905270,2026-10-30,DUE_REST_OF_2026,DUST_WHOLEBOX_CLAIMABLE
b48bd8ec9b2e0f7969240e36d446dafc7b2148260031e55e64fe2cf9045c2209,9hEi9GEbVTAPbvuSVxVmxPGNMo5e9kteesVqn6uAFZJgnyuHVxo,0.01,68.03304512,0,854789,2022-10-08,1905989,2026-10-31,DUE_REST_OF_2026,DUST_WHOLEBOX_CLAIMABLE
c98566b3b989df6fb34304e4b4a6f99acff1bad8d0dde461f25fc2bee84d4ef3,9hYWdtcfDirsHmxyZGA5CV78RY5ege7HB4v2jT6obrTyg4htj3t,0.01,48.6487529,0,855064,2022-10-08,1906264,2026-10-31,DUE_REST_OF_2026,DUST_WHOLEBOX_CLAIMABLE
e4ea9c9e8b07e43d25d98951b736e34a7845e497c4da8b1631f4c0979c41bae4,9eYY7bgydPr4wyxCKAzDTMW7J9fgx6sDDSJxhqLGPU7wxiQhasf,0.01,32.5625,0,854867,2022-10-08,1906067,2026-10-31,DUE_REST_OF_2026,DUST_WHOLEBOX_CLAIMABLE
b6a2f53069f70ab3803ca2d26568635bc599a3049f2f557e1ecd454bd8986c16,9exshvpC59AXhqdg62goum5ZeUY8ic7JhxW4qEjWizg5PzVPRh9,0.01,16.6486753,0,854848,2022-10-08,1906048,2026-10-31,DUE_REST_OF_2026,DUST_WHOLEBOX_CLAIMABLE
6712b5c33860f47dfa02a1d8ff285bc72ada5b61cbfa908975ccda6a5faa1343,9emoRvxzJn3e2pJbuwVrtKz6BavRbUyzPMBBM4E4T2wcvp6aXvH,0.01,16.24461176,0,854876,2022-10-08,1906076,2026-10-31,DUE_REST_OF_2026,DUST_WHOLEBOX_CLAIMABLE
54a5b1ef23fd6a2031a6beab5a54222d7a9d1c4a5466bd194349a46ff629251e,9hYWdtcfDirsHmxyZGA5CV78RY5ege7HB4v2jT6obrTyg4htj3t,0.01,5.5625,0,855065,2022-10-08,1906265,2026-10-31,DUE_REST_OF_2026,DUST_WHOLEBOX_CLAIMABLE
b4f8c602fb667b2f5e4846c145c1baa656311d0b6ba5908f5c17570fdf55d5b9,9hZSyLwXAMG3gBT9wJiwiy9H8xuHDjrtSRJenztDJTJu8NNe7k9,0.01,4.80773658,0,854966,2022-10-08,1906166,2026-10-31,DUE_REST_OF_2026,DUST_WHOLEBOX_CLAIMABLE
189c4593e1d960f44c3a03e28271b2f7b2d859511735857d3f6ebc853b7fd728,9hjwCDckv8X52t9JxAxjYfUaJueDXef4opAev7oxXKt75LE5m4f,0.001,1.0,0,854814,2022-10-08,1906014,2026-10-31,DUE_REST_OF_2026,DUST_WHOLEBOX_CLAIMABLE
