box_id,address,erg,flux,other_assets_in_box,created_height,created_date,eligible_height,eligible_date,bucket,funding
2978d2fd94f6e5fee97a65700db5ff7bbc410a55402303306002060c87d78fe5,9fCRg5W4MJ23TyJrMTJvzUYZxMiKadJBjViGKw3k3gMhzN3vHq2,0.01,2.50847849,0,836734,2022-09-12,1887934,2026-10-05,DUE_REST_OF_2026,DUST_WHOLEBOX_CLAIMABLE
18f10944e2ab2e3739e452c8f4d39a02ff3a33616191f8f45a5d6a322e17ab21,9fsbaakwokEntaTicLhKXhEfxe9yeC31AH5fS1Uk5jdc7sFnKQw,0.01,44.00643129,0,836745,2022-09-12,1887945,2026-10-05,DUE_REST_OF_2026,DUST_WHOLEBOX_CLAIMABLE
b719c82df977d31e7a1dc79df6e867692bad9ab029411806c196d801b58bcbed,9fRSzq6UY6c4Aup3VhVD9ZnLdB923QdF2KdF4SNxFUQPYGmnVuJ,0.01,116.39459093,0,836747,2022-09-12,1887947,2026-10-05,DUE_REST_OF_2026,DUST_WHOLEBOX_CLAIMABLE
b01cf4963a055c33023023ba5263c9b733f247ed368f1e25de94c44e6b8744b5,9eqx6YaWQny3hSGedNrqK1RBE2PBfhzxqJRBhtuedow89DS9W1a,0.01,5.28383047,0,836766,2022-09-12,1887966,2026-10-05,DUE_REST_OF_2026,DUST_WHOLEBOX_CLAIMABLE
0f58f2a95e7224e33bde0b2b27c268125baebcf08355ef8d211a39bcfae7d888,9fELPJz6Pm6DVkm4miWVhkY8wkHG4c4sQ8jWPdQ3qimR3HMnZdT,0.01,47.51090507,0,836820,2022-09-12,1888020,2026-10-05,DUE_REST_OF_2026,DUST_WHOLEBOX_CLAIMABLE
f516378e3bbf0710c114a4e03f1badafd8b6ea945e7ee733aa39e48fc34851af,9hdi9GcF6BXPe1wCQuCHu41a6CDAwmXSrMZwTCrriKYNxCsGba7,0.01,164.65855975,0,836822,2022-09-12,1888022,2026-10-05,DUE_REST_OF_2026,DUST_WHOLEBOX_CLAIMABLE
5cfd6a6434bd9a6915478b1e2a284bf40e78c306abb8c2d7c07acd5162428924,9g4xcVdSWLGm15mmogBg8u1TLFN3oFx7V6Ba96XdwHEbJY6nWoi,0.01,5.0,0,836914,2022-09-13,1888114,2026-10-05,DUE_REST_OF_2026,DUST_WHOLEBOX_CLAIMABLE
a0cf43458cc310a73da8b3a07625105b3577f01c2a15f00156e0bb8c07fadf2d,9gQQpH4HJtmS3wpTFFrZKe6Y8TTQj41gKWhf2NJrFDGCJCHqSn8,0.01,2.1875,0,836918,2022-09-13,1888118,2026-10-05,DUE_REST_OF_2026,DUST_WHOLEBOX_CLAIMABLE
e3ad48e4bc76b65a48a8be2d8e271d9849cacb700381fc73a10bef963a4b634e,9hV6DmMEpvHo8Pjodt8U2tFwufWKeh4pMkaxZ5YkDHXSNCBLrvM,0.01,20.97368334,0,837040,2022-09-13,1888240,2026-10-05,DUE_REST_OF_2026,DUST_WHOLEBOX_CLAIMABLE
e8e12e43f967db5ab9c6ca099e947f7d503fd02eeb456fc86e442f30c2e511f9,9hAWUYxj6BLHrL7c8gdfcgXvK8YikDbbjrWdB2Z2QbyW6ecw9Pf,0.01,8.1875,0,837053,2022-09-13,1888253,2026-10-06,DUE_REST_OF_2026,DUST_WHOLEBOX_CLAIMABLE
44d7ba4f9906cf03e1001019eab98e87af60ed7daa1165acde6027a06761a2c0,9iLTz8aCprFqvxc9aQoZfaF8ob8UiRqCyy3AeG3Tq7T7KFMskUS,0.01,590.15828069,0,837144,2022-09-13,1888344,2026-10-06,DUE_REST_OF_2026,DUST_WHOLEBOX_CLAIMABLE
d74bcc12a9dc26bf75a43f72e7bddc1fbf31579d1c7520e9744f16411dff8540,9gVUZYawq2u2aqARv4RqszjECf78NgeNKrF3R93x6bb891hnGFf,0.01,6.125,0,837149,2022-09-13,1888349,2026-10-06,DUE_REST_OF_2026,DUST_WHOLEBOX_CLAIMABLE
2d60ff795231736a071d0eff7df60457eabb654b118d15a76324d51ba844f57a,9gVUZYawq2u2aqARv4RqszjECf78NgeNKrF3R93x6bb891hnGFf,0.01,49.31689811,0,837150,2022-09-13,1888350,2026-10-06,DUE_REST_OF_2026,DUST_WHOLEBOX_CLAIMABLE
ad6599f55e77fd89dad86ea26b7aebf338968f4adee68872dd080a36e898ab54,9fm9kZJpummsbjJpb5ivCff9LpEGhiwVgyK9KLHnHoyxbygwbGm,0.01,73.30858429,0,837152,2022-09-13,1888352,2026-10-06,DUE_REST_OF_2026,DUST_WHOLEBOX_CLAIMABLE
8cdb5b54e7297d98b030010052406e5cf0a5f4ba93320ff2214c9d9e72e9dda6,9fHBFLriRSE2p3sBH8eb8red13WJ2Ubf7CFzFssGtQJdbxZ1sdH,0.01,31.02708831,0,837169,2022-09-13,1888369,2026-10-06,DUE_REST_OF_2026,DUST_WHOLEBOX_CLAIMABLE
a5782a0430a009aa17d7240a03b5f2efacde966343818892dae03feb543fa014,9gkyjPL7ZSxT2vBs6mS3VYVGzyiNzV7CDig8YfPxqRoBKG88h3i,0.01,6.318577,0,837293,2022-09-13,1888493,2026-10-06,DUE_REST_OF_2026,DUST_WHOLEBOX_CLAIMABLE
3fc46be565ee6ebd530b2f86cd6cc8336e71a09ae7a0ae3a6e763a9842ed6986,9gG4e4URfEeYyWbGMRYYFvY1oA6UREMs6o8oBoJud1u8HDdfGe9,0.01,28.1024998,0,837301,2022-09-13,1888501,2026-10-06,DUE_REST_OF_2026,DUST_WHOLEBOX_CLAIMABLE
6b32a87bc15cadb30ac61457a749a37b9ea0c3026bbe3bc7f4b418c14229e237,9h4AVb9RUhMnQhAQiL11JE1cNfMg9DbnP7fDVbtbHFnPk1UMWsi,0.01,3.65984689,0,837310,2022-09-13,1888510,2026-10-06,DUE_REST_OF_2026,DUST_WHOLEBOX_CLAIMABLE
c55b8b9478bb8737fcfad85be7e0324658ecb3995daa81a518b5241351438e42,9hgQdtdFjeNQ53zeQj3NsjXaTErYkHvCT4QnA6KwcP6RNzKz3k4,0.01,104.03179855,0,837322,2022-09-13,1888522,2026-10-06,DUE_REST_OF_2026,DUST_WHOLEBOX_CLAIMABLE
0755cdcb1f0075a18044c0fda583f1fe2e0dbda26d599df58491f7b50d0cd27c,9ep8kebdZnTM417NDFJX5j34Tgnv9agkcPWx41JimoVF41r9gzz,0.01,21.55036986,0,837325,2022-09-13,1888525,2026-10-06,DUE_REST_OF_2026,DUST_WHOLEBOX_CLAIMABLE
713a2dda43ed2de0563971a4bc528dd87ca205b7018fe27727336890b59c09ff,9gHtjF1uER5rV3urtJCbYEaJYxcH9d2vQrSTbW6f72bnjTidyLj,0.01,47.81190391,0,837331,2022-09-13,1888531,2026-10-06,DUE_REST_OF_2026,DUST_WHOLEBOX_CLAIMABLE
62acba934f69b61fbba5efa3d27e0a1c24f679341852a980a29a8cae37e776bc,9fivf3AfwpXjCKpoGopFcHHyE3yMoWiZz8an5HmMh1sFMkjAeEB,0.01,48.71490043,0,837332,2022-09-13,1888532,2026-10-06,DUE_REST_OF_2026,DUST_WHOLEBOX_CLAIMABLE
f39fe5ea8c38f8db226d6a97ab060681b5a5277e542340c91a5e7e9f7772f6fb,9ematGjQuSCeWF3G6zcmNQ88NfJZw5ez8M45tWm8pHFykoUEsG3,0.01,1.64855976,0,837349,2022-09-13,1888549,2026-10-06,DUE_REST_OF_2026,DUST_WHOLEBOX_CLAIMABLE
fbd2bec7c595706c700c2f429d94ca3e996364b789b5676d753ad73510e6a00e,9ematGjQuSCeWF3G6zcmNQ88NfJZw5ez8M45tWm8pHFykoUEsG3,0.01,7.47745894,0,837349,2022-09-13,1888549,2026-10-06,DUE_REST_OF_2026,DUST_WHOLEBOX_CLAIMABLE
fdaffe52fab1b00c8d90274120bd861164967183c654c6d1b83e97efc5d1adc4,9eyyPi6YuAw3g6yfqxtssU3zQprUUjG8XPseysH5p3BdqcxE2eM,0.01,18.37755042,0,837371,2022-09-13,1888571,2026-10-06,DUE_REST_OF_2026,DUST_WHOLEBOX_CLAIMABLE
99b172460dc679c93acf33a93af690eed3c9a305e4c109791bc69cf1f8e6dff3,9gqxmN2xSwudGQgYkT7RmhHxLunB2yQXtKGK8EUfFpry13p6jR3,0.01,5.0,0,837387,2022-09-13,1888587,2026-10-06,DUE_REST_OF_2026,DUST_WHOLEBOX_CLAIMABLE
7b59380cf89f88fe33ec09d882e3279488468d920443c7985030c096b154515a,9hBMdF7cW4d5qjtH1qgvvQNmsAG8PkdihhSqxWpLXsmcQ3Pmrn1,0.01,154.60011173,0,837394,2022-09-13,1888594,2026-10-06,DUE_REST_OF_2026,DUST_WHOLEBOX_CLAIMABLE
f4bf0b433c81c666b1f560c98e9195905e370ca9617fa9cc8ea6df27cc2d4d3e,9hPSUs6P9TypZo8V8vcJXhY9qdKAttNM9UsyvHAetdu7JPY6ZPi,0.01,667.57750703,0,837394,2022-09-13,1888594,2026-10-06,DUE_REST_OF_2026,DUST_WHOLEBOX_CLAIMABLE
3303b0fa2e175428dd0db39acca2c5800eb5f790d8ceab049785ffc569dc1f2b,9fBQsy41R9htUVzS1MN61QkzRByctHjC81JfRLPiEYswfHZPr9w,0.01,47.67143416,0,837417,2022-09-13,1888617,2026-10-06,DUE_REST_OF_2026,DUST_WHOLEBOX_CLAIMABLE
1160872079c1419703bb834f07fa25e26282abfd9c4ddbd19dcb6a09a4d376dc,9hqkgCzaqiTwbREKZDzvbAVfuAxLZ8dWv1TpP1RJeNADVUc1oKS,0.01,25.81137873,0,837418,2022-09-13,1888618,2026-10-06,DUE_REST_OF_2026,DUST_WHOLEBOX_CLAIMABLE
582af9b737706d8f885a14bcae0f7c919c90008f829d4952508d00146c3ae115,9hqkgCzaqiTwbREKZDzvbAVfuAxLZ8dWv1TpP1RJeNADVUc1oKS,0.01,32.24475721,0,837418,2022-09-13,1888618,2026-10-06,DUE_REST_OF_2026,DUST_WHOLEBOX_CLAIMABLE
e1c229a9307a4d4769a15e8066a40e5ecf8454f571d34944fcbf1773688b9b4c,9hqkgCzaqiTwbREKZDzvbAVfuAxLZ8dWv1TpP1RJeNADVUc1oKS,0.01,35.27626796,0,837419,2022-09-13,1888619,2026-10-06,DUE_REST_OF_2026,DUST_WHOLEBOX_CLAIMABLE
74cf29441cb08005dc90dd1d140f82e1fbad35ddd684b7bcad51cc7edb463e20,9hqkgCzaqiTwbREKZDzvbAVfuAxLZ8dWv1TpP1RJeNADVUc1oKS,0.01,35.49031158,0,837420,2022-09-13,1888620,2026-10-06,DUE_REST_OF_2026,DUST_WHOLEBOX_CLAIMABLE
f74a1709404f09fe540b672b73aa87e9b6ee8b669a4e1c2ebbc55f33261608fd,9hqkgCzaqiTwbREKZDzvbAVfuAxLZ8dWv1TpP1RJeNADVUc1oKS,0.01,34.86945282,0,837420,2022-09-13,1888620,2026-10-06,DUE_REST_OF_2026,DUST_WHOLEBOX_CLAIMABLE
670e6166f6807a2c548024c2b7763f23ae3e8103198b8d23db619b67f9c6b2f5,9hpRCxVgXbYmrBRoHKqZmTrWJ385XwiWBcNtnjEGoU2PNTnfUq7,0.01,15.38554267,0,837421,2022-09-13,1888621,2026-10-06,DUE_REST_OF_2026,DUST_WHOLEBOX_CLAIMABLE
a8dd9fcb1bf7813fa9dfd3879aba8ef504103f8e9cafeee0cb46d83147c1edca,9hqkgCzaqiTwbREKZDzvbAVfuAxLZ8dWv1TpP1RJeNADVUc1oKS,0.01,550.44020503,0,837421,2022-09-13,1888621,2026-10-06,DUE_REST_OF_2026,DUST_WHOLEBOX_CLAIMABLE
341b320e75f3b4af428e531a7f1b1224d1a5e5debd4e68afeaa9c13c4b06e516,9hhhp7NGG6UUN947LNo1eJMAUrX1kkixrjy8UxNkpJ9ZTM6cW6f,0.01,54.44119387,0,837428,2022-09-13,1888628,2026-10-06,DUE_REST_OF_2026,DUST_WHOLEBOX_CLAIMABLE
fe0dfc92a165264487d24717ad15b306f5472225d61470e84dad4ad3f837e1ce,9htNLSpEu98Tavz42y2sLzq5RYUCrJ4S9uEhKN8CKVQ3kHJXnkT,0.01,21.14898414,0,837431,2022-09-13,1888631,2026-10-06,DUE_REST_OF_2026,DUST_WHOLEBOX_CLAIMABLE
a3ad770c6d19441558540c94e4268264f98d0120a6642b5983e0e11f210b02af,9htNLSpEu98Tavz42y2sLzq5RYUCrJ4S9uEhKN8CKVQ3kHJXnkT,0.01,10.7631077,0,837433,2022-09-13,1888633,2026-10-06,DUE_REST_OF_2026,DUST_WHOLEBOX_CLAIMABLE
653af037027255fad5371f65e643e88fb4be9b03bb5fda7389f7401d97743ca6,9h4gxQCx9kGKwoYjNmkVRt2reKSkrNjx8NjxsVpBNedfm2MuUbz,0.01,17.11867929,0,837441,2022-09-13,1888641,2026-10-06,DUE_REST_OF_2026,DUST_WHOLEBOX_CLAIMABLE
2e9213dd39649c7c39d2437945c24c8f449ccd041d027eea3092c8a50fc7503f,9fFJfWUugqb1zPsVw18FHYzrvWRemGU3u23ibbo3YDqebEFef1E,0.01,4.38362302,0,837444,2022-09-13,1888644,2026-10-06,DUE_REST_OF_2026,DUST_WHOLEBOX_CLAIMABLE
2b14710f600f2f7bac3611a0ecf2009965658d090eb1c4f91059aed0a90eff7e,9eo56VtcE8xJhfTbdJnwQw7rVjUQfNwKPDRq85XvUufVL6wBGwg,0.01,0.9257188,0,837471,2022-09-13,1888671,2026-10-06,DUE_REST_OF_2026,DUST_WHOLEBOX_CLAIMABLE
e2c69b862185823ba01e1cfe1b21a6a533c52a81bd5c94f060c970aa54277ab1,9gJ1hhcsoutG4UXrhnUQ5o7mrHwqz1aa2LWf1v5qQKSKoTNeKEa,0.01,3.16949361,0,837472,2022-09-13,1888672,2026-10-06,DUE_REST_OF_2026,DUST_WHOLEBOX_CLAIMABLE
644239c479aa6b149c931342e99dd60854c0f65932ada90299b7dcf071eec968,9gDCc6jBui3eknExgarDg82FJG75hKKyCvT2uyFHgxRCHhRpfHo,0.01,34.30459675,0,837484,2022-09-13,1888684,2026-10-06,DUE_REST_OF_2026,DUST_WHOLEBOX_CLAIMABLE
13544a408cf702d7641ab8ab25cafbdf72e29b9028471da4fb2816821636a5f5,9gHZ2kRsaQqRytw6JuMSX988DnwTT6m7w4SXaBkmHMrzCP6J9FD,0.01,2043.22646328,0,837485,2022-09-13,1888685,2026-10-06,DUE_REST_OF_2026,DUST_WHOLEBOX_CLAIMABLE
4f4134e616c1b243d94a5bbf3416d2f7e013e5fa5afc97c7df96a87710645ae8,9eu1GSwgzxdD7p8MPtooLMBybRbj7Bp6Ajcb43R57RYrVanyrfC,0.01,13.6469015,0,837488,2022-09-13,1888688,2026-10-06,DUE_REST_OF_2026,DUST_WHOLEBOX_CLAIMABLE
d0a2df33904890b85fb75f4b7703391c133642b645f1ddaabdbb9ef2358e8606,9fmFeNu2kbCrmyt86ijQGjDYPzc5zdDNJktMt5vmMnN5w3KpHtQ,0.01,49.31689811,0,837503,2022-09-13,1888703,2026-10-06,DUE_REST_OF_2026,DUST_WHOLEBOX_CLAIMABLE
f35c9cf08be26c5c57ae9a5dabe18a62782a58050104065aa53161d58049beff,9f111trviYowUFzt6JvppyQBdxG347D4wj43XWZTR1bzTCRJhVP,0.01,25.21762647,0,837517,2022-09-13,1888717,2026-10-06,DUE_REST_OF_2026,DUST_WHOLEBOX_CLAIMABLE
e86d883895fb63bb8225b09195d13d2978adb5b9ff4d549332e626c2572a5d2e,9eoNPsYKBVZe7hkcW8MBZinkcNKDEA8UCFvP7GAnm7cVuuqoWYx,0.01,2.14011177,0,837520,2022-09-13,1888720,2026-10-06,DUE_REST_OF_2026,DUST_WHOLEBOX_CLAIMABLE
717a60e4fd41cd2ad43ef20a416a96201b7699ebfd126e5cba6f0b1c664520d0,9gX84CimN5NxBpZC7hqnripixFJvCiskRnFyBaDsWQHDTUnjbGM,0.01,47.81190391,0,837526,2022-09-13,1888726,2026-10-06,DUE_REST_OF_2026,DUST_WHOLEBOX_CLAIMABLE
906a9d23686d8439ffe17844c99b3af49bafd8605890a8535023b90bb230a5d3,9iBPp2QcwKCRo1zMGyRq6SHFrtStHGhvCzFfHuQqBDSVdVa3DtB,0.01,47.51090507,0,837526,2022-09-13,1888726,2026-10-06,DUE_REST_OF_2026,DUST_WHOLEBOX_CLAIMABLE
a3d4398d69e5df7e394f26d557ba6ab4d0c9c6c1f78563448477f4d067f3db5c,9gX84CimN5NxBpZC7hqnripixFJvCiskRnFyBaDsWQHDTUnjbGM,0.01,6.01696308,0,837526,2022-09-13,1888726,2026-10-06,DUE_REST_OF_2026,DUST_WHOLEBOX_CLAIMABLE
33ad575226feb9db419e35eaec557b8e4a5294319cc00bfd2841e7d9ad9ed319,9i78VL9tWYa7GWXRvgxTZG3dA1YjCRcgFEkNGeyMLvPb7C1i5L7,0.01,19.25519659,0,837537,2022-09-13,1888737,2026-10-06,DUE_REST_OF_2026,DUST_WHOLEBOX_CLAIMABLE
6a559def88e0e83cd91ba155713eea17fd7fa4ce64f5e9cf28db4f2f1e003303,9fhxJ6Uh6Jvmac7SyG13WU9bKokE5D65zxUuvFqijC4NgLWC48m,0.01,583.36914004,0,837556,2022-09-13,1888756,2026-10-06,DUE_REST_OF_2026,DUST_WHOLEBOX_CLAIMABLE
bbd4de2f0b9c9fb4b75b228d7802b2b169c1c0ccd5618d490e9c4d4102612003,9gH4Sbq7MiK9MnAJAtcsx9uz8qy74PZN5CQUb15JoxctqZe4vmS,0.01,1019.30843637,0,837556,2022-09-13,1888756,2026-10-06,DUE_REST_OF_2026,DUST_WHOLEBOX_CLAIMABLE
ac63361fc3c6c33669b43e94f02283bc365b4d8b8c3fdc4acc6e73e4f93250c3,9gyFg9NoNaZSCjdXdEsqSd66JCBJnFMnEqzomcWkfPV6zAT5GKG,0.01,0.5053651,0,837563,2022-09-13,1888763,2026-10-06,DUE_REST_OF_2026,DUST_WHOLEBOX_CLAIMABLE
3af96c350c63f415e0475524c95d701ce6c33ed2718ff9812d75c6d151c26fab,9fau4JonBtFvFiajzzh5bw8p3xbkfq4Noo7JT1cDEBczGsKdBKQ,0.01,45.14037018,0,837572,2022-09-13,1888772,2026-10-06,DUE_REST_OF_2026,DUST_WHOLEBOX_CLAIMABLE
0e8a276459540127d0a33fb584de2f27abd2d83cc4b423ba992184803b5593d8,9et9TB8ucVGQhC6oyKCiQNWUqR9WDxfg8SMmf3RHFNTRqwbLGyi,0.01,4.70218101,0,837574,2022-09-13,1888774,2026-10-06,DUE_REST_OF_2026,DUST_WHOLEBOX_CLAIMABLE
6375a1269a04faccce854fc7459be77093b60e53d0408594099a579f536e0a4d,9et9TB8ucVGQhC6oyKCiQNWUqR9WDxfg8SMmf3RHFNTRqwbLGyi,0.01,117.1770398,0,837574,2022-09-13,1888774,2026-10-06,DUE_REST_OF_2026,DUST_WHOLEBOX_CLAIMABLE
b6f23471f1b0b5807da8760d67bce1d1e0878030ec1e56d8520c029da214138c,9hnYeoW4yfJY1yi8JVaZEr56KErcJf7FHgmM7ip2KDHDRsRyVe9,0.01,58.08600915,0,837578,2022-09-13,1888778,2026-10-06,DUE_REST_OF_2026,DUST_WHOLEBOX_CLAIMABLE
f6654b70627b8cb4b60b9d5961c70d57a561c1b996300d7242dc038e3809b1c2,9gLohXAdaeugiSobsz6ZEkRKfHJr7nkkFR1K4JXdnCqCZhdkLiF,0.01,48.7262471,0,837595,2022-09-14,1888795,2026-10-06,DUE_REST_OF_2026,DUST_WHOLEBOX_CLAIMABLE
7d0ab97d821f17af58c1b4ad3bd48d0622291790256fa2c5eb03e8304540dd49,9efhfaEG9JPTRmUt1xqK5vx35BYkdgB2kC8onbxmc2NrR5hu6xT,0.01,318.97203276,0,837600,2022-09-14,1888800,2026-10-06,DUE_REST_OF_2026,DUST_WHOLEBOX_CLAIMABLE
87383b6ea102de304199e0ac73e376d6949f048a7bda53040e84390afb84b003,9gyGY1V6nd8okfRYHA2qVn2rXhGYBx7VJQTSVRSuirHQyGxsHAd,0.01,7.6676323,0,837609,2022-09-14,1888809,2026-10-06,DUE_REST_OF_2026,DUST_WHOLEBOX_CLAIMABLE
9c0972e37a608b7941d20e9aea447aaa4b3846f375563043e42298c5f8fa88ff,9fTh5ERJVAi7AxSJZJXYHj8TDMcmBYurf37M5zg5aMeytMTbGQT,0.01,4.81621633,0,837611,2022-09-14,1888811,2026-10-06,DUE_REST_OF_2026,DUST_WHOLEBOX_CLAIMABLE
0ceeb392d8bdc91b621d6a13e53eb8b917c25396cda514e0642d99a57c3cf019,9fBSLWBa7xD3YC4htorYST2BAZvcvbjjN9mhS4NqPTj6wnMfK1a,0.01,55.83192279,0,837614,2022-09-14,1888814,2026-10-06,DUE_REST_OF_2026,DUST_WHOLEBOX_CLAIMABLE
33f776860b41c837c447ad27de8fd808e4d0cbdfbce937b05ed8e00dd99467a9,9fBSLWBa7xD3YC4htorYST2BAZvcvbjjN9mhS4NqPTj6wnMfK1a,0.01,27.34916805,0,837614,2022-09-14,1888814,2026-10-06,DUE_REST_OF_2026,DUST_WHOLEBOX_CLAIMABLE
30e592524e8d748f64d1c62e307893253703160dff993c909b3da06719d1dd34,9hopTXdG8rHxkoAfufLanLKMbzRxBxznmyHU6E6wVvjSVxwJhq1,0.01,54.6524067,0,837616,2022-09-14,1888816,2026-10-06,DUE_REST_OF_2026,DUST_WHOLEBOX_CLAIMABLE
031f7cda2c9f8aa90c81563a322d84d6769a73e606a24098177140b25f3f25a1,9iBKpT83g1oJgAFTYLrSN4KhhXuxHL8pk8JbVs5RB7jcbTcPBif,0.01,8.83884625,0,837623,2022-09-14,1888823,2026-10-06,DUE_REST_OF_2026,DUST_WHOLEBOX_CLAIMABLE
3a8456d611d8c4fbc0f28e3ec974f41e5fe2aad941297f81fbc378c63e5202a4,9g7FDg45uY2acSdcHG9hZhbkpDWLYDHaWcfFoq6yFZpWM2SVRop,0.01,45.03966783,0,837623,2022-09-14,1888823,2026-10-06,DUE_REST_OF_2026,DUST_WHOLEBOX_CLAIMABLE
88f9d8c831b318f89cdd8e05e5d4b02781e1e40dcb7c9041d9d20877ec7b0dac,9gnW3Lrpsyq5Jk2HftAnTHwv18Rf4P8cGMi7QgJADSME1Uupdg7,0.01,9.70855057,0,837635,2022-09-14,1888835,2026-10-06,DUE_REST_OF_2026,DUST_WHOLEBOX_CLAIMABLE
5a9963c7f0227b3913bb7283e3cb92816c38db105ffbf92fac448807b4def6a1,9eoYXxVZMPkr9GPKUpMj9sPMEHZe3gZSrYnn156tCyiyAXxqR4x,0.01,28.39187175,0,837648,2022-09-14,1888848,2026-10-06,DUE_REST_OF_2026,DUST_WHOLEBOX_CLAIMABLE
57d19fd387eb54a43911c529a94d293977a8c46c17661e3e4ddf464a4fe090d9,9gJsudYdTAYEVALsJTBi42ThGwRTGyAjXQaDKgkpEdaLHjidKMe,0.01,3.74404438,0,837650,2022-09-14,1888850,2026-10-06,DUE_REST_OF_2026,DUST_WHOLEBOX_CLAIMABLE
7762a151b6396ac0a87be59c203eb4f5f5f28c5a2c94f5492ea94d6bf764c645,9heLBCXsu6VRrKsqBTAJJjkHPNPJtbY2xURkapY4kT41X8jY9Pf,0.01,41.9518051,0,837661,2022-09-14,1888861,2026-10-06,DUE_REST_OF_2026,DUST_WHOLEBOX_CLAIMABLE
a1a92315457b1b67b96e08d066e217abad95198fad9995bec454b93d59ee3bc2,9gx99TpDkQ5bB6p3WdsoYJmzXmB75gb7xt3aXZydH4yffdig3Lc,0.01,14.81318353,0,837664,2022-09-14,1888864,2026-10-06,DUE_REST_OF_2026,DUST_WHOLEBOX_CLAIMABLE
f0b089bcb123ba327a43031cd755f42dfb9467f8a87e83f13122281e503bd1ae,9fi1zdzk53LbGyFwPoPJ4g8vYvA5gsbhgs6e1Ksk1DXAzMde9Km,0.01,16.27389818,0,837664,2022-09-14,1888864,2026-10-06,DUE_REST_OF_2026,DUST_WHOLEBOX_CLAIMABLE
c728e299abce158b737f3d5ba8c33aa9849a03036b4027f82382e18492c01e3b,9hDCc2bBszYaB5Ph9zSQfJ2nM948E4TqoXmfCFQwiyqdgnBdStN,0.01,38.62078093,0,837665,2022-09-14,1888865,2026-10-06,DUE_REST_OF_2026,DUST_WHOLEBOX_CLAIMABLE
48498901577acc3bad838bd660457b68386366472600a7d0b8e161ebd4b22321,9iGGLzkUB4K9pYjpfapqcj5DRtW4QYL73cYBBTuikZgi4gcxEP3,0.01,49.9188958,0,837674,2022-09-14,1888874,2026-10-06,DUE_REST_OF_2026,DUST_WHOLEBOX_CLAIMABLE
8ae3ccc73928308ac55d412e9c068b0b0ee72cf629395c76c1615a14090c0194,9fwJA7U96ZoSM2rrGNvkUzDd4SkK5p5y5YPmhkPYPqHUxodaa8v,0.01,47.81190391,0,837679,2022-09-14,1888879,2026-10-06,DUE_REST_OF_2026,DUST_WHOLEBOX_CLAIMABLE
edd6d0da438a4f351d6afdccb0cf51b60ef93fe9e8554aa0d2155c2e9281c547,9fzASXJQezFYdyrWxrJEfpYUACbXoitnjYe5PitUjmL792bm4Ms,0.01,1.54503761,0,837681,2022-09-14,1888881,2026-10-06,DUE_REST_OF_2026,DUST_WHOLEBOX_CLAIMABLE
facbf77df05986e078b3b074d028140f1a1be559782db8cd79c3912cec13a588,9gJskJGNGTo1gYtmmPmG2BbAJQPNtr8tiMfuVe9w8sVvUTiQQNj,0.01,121.96779768,0,837682,2022-09-14,1888882,2026-10-06,DUE_REST_OF_2026,DUST_WHOLEBOX_CLAIMABLE
7ac92004eca0353b76c0c8948896bd05352ddc8f1d9e4ce974cbcbc4656a4287,9f7767qDC1fz4c67iC88VasWj9dY2reJLZAdp3CsMnKyaj3ZjRo,0.01,10.65314289,0,837686,2022-09-14,1888886,2026-10-06,DUE_REST_OF_2026,DUST_WHOLEBOX_CLAIMABLE
b60098f78987b80791750b518d44bbd16f9485de409aafed2d9e30dfd615db5b,9gGP2FX52UdbBFypQrGUXBBtmHQSjPpTMEcAQWzhuTcosyS4PCZ,0.01,21.91533084,0,837707,2022-09-14,1888907,2026-10-06,DUE_REST_OF_2026,DUST_WHOLEBOX_CLAIMABLE
4a458778fcc46542c68c33b31dd611c9d6fb68c47aa8d8f90c757d5d7ee5c6af,9f8N4ufyErpqw1PJpZWwaiYfuMzSrvyvxifSYSYB3zoFTt3Swf2,0.01,98.91797344,0,837721,2022-09-14,1888921,2026-10-06,DUE_REST_OF_2026,DUST_WHOLEBOX_CLAIMABLE
fc320300b1ee50b55209c9ad959124149e860d5ff171eb9ab2cb6e1b09abe004,9esvQVaYmKqKnzoipPvbEdUDDgu2Cv3om56e9f7Sb6o2TZ1RbvE,0.01,268.17649985,0,837721,2022-09-14,1888921,2026-10-06,DUE_REST_OF_2026,DUST_WHOLEBOX_CLAIMABLE
d6d198a4f1ad15bbe72802046f7210f317ffff7e1dc29eb6cfb626536fb0b2f7,9hWzHAUVScKmEQNipjnr7jJKiwU6X5RReYtNSBArptTYSQMm3q9,0.01,159.93013765,0,837725,2022-09-14,1888925,2026-10-06,DUE_REST_OF_2026,DUST_WHOLEBOX_CLAIMABLE
f1adf0d2b49664cb1d241e9b4d564f600727e6ecc209ec9965737dba5a006d97,9hWzHAUVScKmEQNipjnr7jJKiwU6X5RReYtNSBArptTYSQMm3q9,0.01,123.67081959,0,837725,2022-09-14,1888925,2026-10-06,DUE_REST_OF_2026,DUST_WHOLEBOX_CLAIMABLE
ff571f65b6ab977acacee11d884558fe6e22b454a1b326983b620f0ff4b49052,9evshSMCQM6SjUmsA39rogXTmVCce1wHACJbFGPbgrJDMpc7w8R,0.01,0.6109282,0,837737,2022-09-14,1888937,2026-10-06,DUE_REST_OF_2026,DUST_WHOLEBOX_CLAIMABLE
22b96f039e3b78b6a54e65775de979dfe8dad67c2d7259243a14763fd7afd8b0,9h5mJadFg7keoYNvsrs31uZsNkbnJasY3Py1PhZGLCQHmbwNiNo,0.01,16.88616808,0,837756,2022-09-14,1888956,2026-10-07,DUE_REST_OF_2026,DUST_WHOLEBOX_CLAIMABLE
4bdb109aba54b8270c547baad14a20c6052a15f02805fef29c2125ddf50e47bb,9fEV7x8uGH6cRMZ1MrPXZSGKDZG8YuhBmHK5h5k2dmi2XjtfAYC,0.01,10.19005487,0,837774,2022-09-14,1888974,2026-10-07,DUE_REST_OF_2026,DUST_WHOLEBOX_CLAIMABLE
55a78ab9f2c340fd7a5128be162008929eec3c1a8405c677b2329e728767fc1c,9hzjuXbYvBMB7rVUA5CSX4gqLUGcghqxfsU9VxQ9s22cyjK4Xhn,0.01,5.67821317,0,837777,2022-09-14,1888977,2026-10-07,DUE_REST_OF_2026,DUST_WHOLEBOX_CLAIMABLE
5981ba36e5408476adf08635392e980879cbf181538f2a2a9afbcd81454c3e90,9iCGWaHZxPtJvxfXoh3fuwfQkYZX6rFLQfRSXTp4AkfPMxFDp68,0.01,27.15034529,0,837782,2022-09-14,1888982,2026-10-07,DUE_REST_OF_2026,DUST_WHOLEBOX_CLAIMABLE
e7b9e5828b3cffab3ade201a01a47dda0fc5d101c74c9e7e3522bf63886ab8ee,9fBxqgv9znbEftFqGTzmxoCiFWGNjpx3uHsmTgVfTiy6CkzCF3v,0.01,57.99060027,0,837806,2022-09-14,1889006,2026-10-07,DUE_REST_OF_2026,DUST_WHOLEBOX_CLAIMABLE
83ac7d477908f184ec2916275dd819e958d31877c03cb7f60aa3e131cdde3b31,9gAdjxh6jtSpWHXbqJtjnmVREPvUCS7W2uoyESSwrnuaNxGoHGY,0.01,565.66805885,0,837815,2022-09-14,1889015,2026-10-07,DUE_REST_OF_2026,DUST_WHOLEBOX_CLAIMABLE
f4abc0cf8c140b8090052038ca138d9a134fdf947e02ff8e8fb24459738b38a3,9epRwdRNSpn685tJR5JbzTQEs8aodhY2UYNEobPrxXWwZAhugU6,0.01,7.58228485,0,837818,2022-09-14,1889018,2026-10-07,DUE_REST_OF_2026,DUST_WHOLEBOX_CLAIMABLE
23993c1fd54928fe13a896be4a83783f2cbe7b258e739e973925975e7307a2a9,9gSvUpYEdSjjUAri5zjHdi6q57hbeGtBqsqEr1imG2kEjJCqczh,0.01,51.3603771,0,837838,2022-09-14,1889038,2026-10-07,DUE_REST_OF_2026,DUST_WHOLEBOX_CLAIMABLE
001b6d8fd91a92ed8a753d4b28d96ae9fab906941186603730f387f1594e4530,9eiGcT6rjwxrxBn6bgyRh2mMfcBkYqF11KBohTwsvFApGGXaR3y,0.01,48.97518693,0,837844,2022-09-14,1889044,2026-10-07,DUE_REST_OF_2026,DUST_WHOLEBOX_CLAIMABLE
9d5ca13ed834c91a435599ba1eb09493f19e2d54a79a9431cdd7f1056e841a37,9hGdRHSorA5bShLmTez1fBLcbNBrHrRMA4G9JbwcwfQjHjt7qV1,0.01,71.98131644,0,837861,2022-09-14,1889061,2026-10-07,DUE_REST_OF_2026,DUST_WHOLEBOX_CLAIMABLE
c8a2a630e2e250be39c298787130d22c3678ed6adf90e576fa6d3dc7840a8f4b,9gBvMqZZBHspEo8yQmB8PCPjxLJR4rXa9WaR8w9QRNQiqhTUy6o,0.01,45.15421553,0,837899,2022-09-14,1889099,2026-10-07,DUE_REST_OF_2026,DUST_WHOLEBOX_CLAIMABLE
4ffd7b16a9a9d5ceb31891c2310e44cdffcde6801735d1a961f0056beaf78f66,9gsHAQykKeQgYvB5qQyChrstkprmAvNJYkzeRhwCVSBqdizdqbe,0.01,38.89960594,0,837909,2022-09-14,1889109,2026-10-07,DUE_REST_OF_2026,DUST_WHOLEBOX_CLAIMABLE
fecedc4a622ac66b16201aa713826867550d82d9462ce675764a0fb56f6cb6c4,9hgkGVy6GNDUG9g1d2gdxkr8d4J5MQz7KqkiT5S8hgGF8Qie1Xe,0.01,57.32202792,0,837916,2022-09-14,1889116,2026-10-07,DUE_REST_OF_2026,DUST_WHOLEBOX_CLAIMABLE
76a6b186d1c78d0ba692bde5de974a0b139314119a91db4b159d14d0f88ff815,9fqg2y15qFd2mWCRxUYy21fiuxK77fhH42DRoAo297kntQaoKU6,0.01,50.72373614,0,837948,2022-09-14,1889148,2026-10-07,DUE_REST_OF_2026,DUST_WHOLEBOX_CLAIMABLE
729f0a7505dcdf437af5a4a9bd19b89605c597e9e2b0432e468c2ba4b92d30e5,9fGAqmUd7A1f1DiPXjwWZv9Dzu1R3Ra4iUKnEFaFNPuSV2u6BSa,0.01,48.41390159,0,837949,2022-09-14,1889149,2026-10-07,DUE_REST_OF_2026,DUST_WHOLEBOX_CLAIMABLE
87c9d50db75f6f7d1623180e24de148010cca3e73758b3f141abafe4075ac0cd,9i22jdqPiwEKMHpoCo7bGFLfZ8LAkSePVAdW2j18sQxsYSTTXMB,0.01,13.8869145,0,837957,2022-09-14,1889157,2026-10-07,DUE_REST_OF_2026,DUST_WHOLEBOX_CLAIMABLE
f15559e9bec8440096f95ea971b5969297e868a9cfe489f9158c1c91c487a90c,9gnM5CsGSD49dvcc3NpAT5LD3EfdLmJ7nHBh34KzCxLiEQqDmPX,0.01,50.49689919,0,837959,2022-09-14,1889159,2026-10-07,DUE_REST_OF_2026,DUST_WHOLEBOX_CLAIMABLE
51c72baa73524c27b69d3ca0a4f59f3a69940cfbb8d4947ed9ddd55baeb01f52,9huYVHMMfNiUkWT8ANingBGsVjbeTX9JnTqt7x54fQkiqZR6dDF,0.01,7.10391683,0,837960,2022-09-14,1889160,2026-10-07,DUE_REST_OF_2026,DUST_WHOLEBOX_CLAIMABLE
9adcd15c8eff94e2fae2de68a48916cb47f3de2c9dedc6b61bd15b0553d39018,9iQTZSXbi3zBKFPVGTjGBMviQa4wwXqUXRmMBe5pGxn9wdEa4oU,0.01,8.92149888,0,837971,2022-09-14,1889171,2026-10-07,DUE_REST_OF_2026,DUST_WHOLEBOX_CLAIMABLE
42e9aa04b5b20070a385566bc910ee2c4ccc50bf24c1feaa5e6f8a4a7508f6a5,9hx4dUtpneqEB3oNNqcPu8ypFaFS4PeMQz4WE4vAq4GCe4SCeUr,0.01,9.78827845,0,837984,2022-09-14,1889184,2026-10-07,DUE_REST_OF_2026,DUST_WHOLEBOX_CLAIMABLE
6a02a9d827061e07e2914ce7834940f100a5cc90eb8427fe3bfe8d96dd27281a,9hx4dUtpneqEB3oNNqcPu8ypFaFS4PeMQz4WE4vAq4GCe4SCeUr,0.01,161.74384397,0,837984,2022-09-14,1889184,2026-10-07,DUE_REST_OF_2026,DUST_WHOLEBOX_CLAIMABLE
a103717edec36df1b90478509c2712b03681399cfeff599befcee0b771c0e68d,9iKZJgzKwkmh1X7gLpq4HBn4H29J6zF72P79bvYHsVMRgfZvZxW,0.01,7.14925731,0,837992,2022-09-14,1889192,2026-10-07,DUE_REST_OF_2026,DUST_WHOLEBOX_CLAIMABLE
d45107689471bcfcd17fa4b9f22f073e4ec0fd53294ee000d2b256dff228f083,9fdqVRQYGC8JMG2s3auGMouHhysDD7fiSL5cm5Byz7M9x4oUBjk,0.01,0.18763033,0,837997,2022-09-14,1889197,2026-10-07,DUE_REST_OF_2026,DUST_WHOLEBOX_CLAIMABLE
7ea026511ae0b3691a67b0d7c6431137df51d70470639091a9b498cbf9637b09,9hydsEySX2eQAMXrWmNjwTe7yUz8bYeoaUmANaG89j24FyLiz8S,0.01,2.45801267,0,838009,2022-09-14,1889209,2026-10-07,DUE_REST_OF_2026,DUST_WHOLEBOX_CLAIMABLE
c1c6cc0bd1e25751c1ed562e7cb4a39f3eb148c225f10a404a9d34614081eea4,9ewYU77rE6hpah2tYVmsnzwqJoykfzZCoWKZebzJn52ABLjPgEL,0.01,7.90992692,0,838014,2022-09-14,1889214,2026-10-07,DUE_REST_OF_2026,DUST_WHOLEBOX_CLAIMABLE
d4c3d21c48f36b8fa9555555b915008f18c4032ba646fe995d5be5dd74f1c97c,9goV4q9mkM1do7sXFDfxqEaeTZqR38qe3MFzBcRvWVDeMdA4Cgg,0.01,106.29594443,0,838019,2022-09-14,1889219,2026-10-07,DUE_REST_OF_2026,DUST_WHOLEBOX_CLAIMABLE
b2ffc32a5bd4806c0556c10be2e991e66d4ec1df3d3350dae5961115e9a501fa,9hwFw9ZtfL8n3yk1789Q6KWRaw43K44Tj4VdoMaLazfjGoUVaNn,0.01,14.2175658,0,838036,2022-09-14,1889236,2026-10-07,DUE_REST_OF_2026,DUST_WHOLEBOX_CLAIMABLE
cad85da6d309dfbb0a18d3fea9e71e6d85ff56596df613ced87efdf0bcb66afd,9fVP1DSUzVrDhZWZaooWeCFdn7JaWUD8neqfDeXW95aVd4E8RaG,0.01,3.06108677,0,838043,2022-09-14,1889243,2026-10-07,DUE_REST_OF_2026,DUST_WHOLEBOX_CLAIMABLE
574436dc88dcbfc3df3c7e647a4e526734c0fa7b903641986e0472c5aaf63e2d,9hDCvu4xFJcQedRZgSENmb6UzZdRp6taRTvLScJaCGnSQs9V46Z,0.01,36.63647504,0,838051,2022-09-14,1889251,2026-10-07,DUE_REST_OF_2026,DUST_WHOLEBOX_CLAIMABLE
7ada165a31cd84623173f683c61532d39a8930f25b16788337b513f93cb7e625,9gPqPMp7N93jy5sAqLaYdctjHQhFHLSuc3EhPe6HFF5cn1YMdZ1,0.01,14.81527803,0,838051,2022-09-14,1889251,2026-10-07,DUE_REST_OF_2026,DUST_WHOLEBOX_CLAIMABLE
061724f278bb7c72c9d54e9651e848fc6c053c9ebd0ef451e00419f06310aadf,9fp9shDK9HLamKabMDTN6duZ1kNVnhRh8cPKweAC3hBj2oT3exY,0.01,21.70366438,0,838053,2022-09-14,1889253,2026-10-07,DUE_REST_OF_2026,DUST_WHOLEBOX_CLAIMABLE
c56bfc9c0939833caa3de6f3c0228671a8698bf40ef8672fdaf79ee4e652a177,9hgTjKzdmA7mtUKaVffXkECQqStsnZgmGTV1cc5YZ5tfrW89pmb,0.01,162.20060311,0,838053,2022-09-14,1889253,2026-10-07,DUE_REST_OF_2026,DUST_WHOLEBOX_CLAIMABLE
b3b0da10988bceebee826e1d069bbb1ae873ba44ff1b2f2149dd8be87f43d27f,9g1ejtdKBRkoczaRb11cLmaXbqy1gSpSXFBg5bCi9HTzLgMCKTF,0.01,53.77788314,0,838060,2022-09-14,1889260,2026-10-07,DUE_REST_OF_2026,DUST_WHOLEBOX_CLAIMABLE
8be6f812b7dcae5074a09c5061eb23a37104b278d5ce7675b6f9556da13d8e56,9hHaSpGVXXzHPQMGDHJaJ1fRNorspdRrVUqdab5mD4aMdc7CnME,0.01,16.04612177,0,838064,2022-09-14,1889264,2026-10-07,DUE_REST_OF_2026,DUST_WHOLEBOX_CLAIMABLE
0cfb8e047fa77d6546e2def2cb2f783ab40dc8b82b91944c8fc72e6ecbb69bd6,9et4iVMXcRt9HjF9dm1Lxyu5Q3AUmjCY3TxkhSLU9gnCg2dg27q,0.01,21.46283215,0,838068,2022-09-14,1889268,2026-10-07,DUE_REST_OF_2026,DUST_WHOLEBOX_CLAIMABLE
d9dd009ed6adff96b5be664f6ae894ff22e970d5cc13d93e93f89448d060e9e9,9hF7Kqh8w6wYexupLZoDP1LVeCFrWFspWx8Mg8Lz5YbxhQfS2ZM,0.01,299.2118349,0,838068,2022-09-14,1889268,2026-10-07,DUE_REST_OF_2026,DUST_WHOLEBOX_CLAIMABLE
e61d277a27be9470142bfd698e574496041885abca562fa7c31cc13348c682d5,9hF7Kqh8w6wYexupLZoDP1LVeCFrWFspWx8Mg8Lz5YbxhQfS2ZM,0.01,248.55570173,0,838068,2022-09-14,1889268,2026-10-07,DUE_REST_OF_2026,DUST_WHOLEBOX_CLAIMABLE
fb79980f0cd1e8ec8aac213e1ba979cdda2594297750b777a6025c3826fb40a7,9etaoiYJ8ATi3VHbb4vifpdvKmiuefDNUNUdP7gqGVf1mKLhD95,0.01,47.81190391,0,838072,2022-09-14,1889272,2026-10-07,DUE_REST_OF_2026,DUST_WHOLEBOX_CLAIMABLE
6b9ccc00d059cac8f4ee086a3af3c2185cf34da2f0efc8e5e546681814362baf,9ern77AwEGmLaFxB3fbK4FwF3bekWAahHQTA6VgEPFiRiMUx6au,0.01,188.45650903,0,838086,2022-09-14,1889286,2026-10-07,DUE_REST_OF_2026,DUST_WHOLEBOX_CLAIMABLE
e8fcaec3a0d193a30064e7fbb716fcee8da1f5b9953d04b6e1372d95bd43a66a,9hxZqJ886g5vnxjapQHE1TGaiXEj3TgLhKTXEeev7QKLZ3w6bJm,0.01,10.60952278,0,838095,2022-09-14,1889295,2026-10-07,DUE_REST_OF_2026,DUST_WHOLEBOX_CLAIMABLE
054eef005ead9d2faa740ac33d891921525e475624d583c7658e8d09f1abe620,9iBog26749mjhNw8qRCFzA7TZE4ysGczFaTeaBevAKwD2pipfgN,0.01,0.12021995,0,838097,2022-09-14,1889297,2026-10-07,DUE_REST_OF_2026,DUST_WHOLEBOX_CLAIMABLE
c985232306b11798ab5b2040ff4ebb002a1f131980d6d82b730c286c2b0e32a8,9fFoRtNB1y1bt5oGSpkM6Zqd9rHoTgBgK9Q8s24oF6VuNgGgUPc,0.01,15.84264225,0,838105,2022-09-14,1889305,2026-10-07,DUE_REST_OF_2026,DUST_WHOLEBOX_CLAIMABLE
bbe10cea189b57874185e7d80d8f9c3a2f3964a0e6a427016cd2c30d05434b45,9goqikhnpBaBbrkVHmKyW5BKvXmuLsDFZDp4Z7nXvnHVuzNjWEd,0.01,8.87607442,0,838119,2022-09-14,1889319,2026-10-07,DUE_REST_OF_2026,DUST_WHOLEBOX_CLAIMABLE
1cb65d55d40e013712ea05043b481c220acb27a70a2819a014caf110d1b07d9b,9fnTN4B5T8S25kqxrawqkbcWx4SmyWmfPrBg7eA9yUF3nnqWvqm,0.01,30.92260155,0,838122,2022-09-14,1889322,2026-10-07,DUE_REST_OF_2026,DUST_WHOLEBOX_CLAIMABLE
591960aca4edf728f4040066b791889f5fb7123e71be9cf7d49cea3ed941a4b9,9hBiXt7LRAc26b4RfcMdHjyBtNF1kukVKQSz3Y5CwfzAhDUbWgk,0.01,26.87079263,0,838123,2022-09-14,1889323,2026-10-07,DUE_REST_OF_2026,DUST_WHOLEBOX_CLAIMABLE
c196d353f03d419efaf3d83fe26d3a7d8879cbeb26471e467d24775af80baef7,9hUw9drWRKQgeG9s86SdNPzpmeoSLiN378ZfS4UeDgcwDoCJAFS,0.01,2.46678149,0,838123,2022-09-14,1889323,2026-10-07,DUE_REST_OF_2026,DUST_WHOLEBOX_CLAIMABLE
e199250b54851fee033386fcfa21c4d22ab455f9ff88a5c38a0257926a67517f,9h7oYDFKAWppZycmgjcVgeTvnfFni7Mg3LrZwdMx86AhDRumfSj,0.01,674.42460227,0,838124,2022-09-14,1889324,2026-10-07,DUE_REST_OF_2026,DUST_WHOLEBOX_CLAIMABLE
9b9a74a325334928be8a7261f3f2a4367e7887ae7464a17b6567126f06b631c5,9etrFyKiYkEuHaxR5a3vFhatcBqAU6gbZuCpCsc7Ft3Cu7kxiSk,0.01,111.97478252,0,838130,2022-09-14,1889330,2026-10-07,DUE_REST_OF_2026,DUST_WHOLEBOX_CLAIMABLE
dfcf4477d16d7f099f6acb28694f4bddf383be6e12d4a00a831df689768f9447,9gBkxviaRuBwrdd5yvj43s9MrakNn5RH2YkWzGNbGGQdpdMffPe,0.01,334.55597617,0,838134,2022-09-14,1889334,2026-10-07,DUE_REST_OF_2026,DUST_WHOLEBOX_CLAIMABLE
5d704c4db846c268813c60e2a62143d0f6d170408e0be54eff0031623230d78d,9h7oYDFKAWppZycmgjcVgeTvnfFni7Mg3LrZwdMx86AhDRumfSj,0.01,674.926267,0,838139,2022-09-14,1889339,2026-10-07,DUE_REST_OF_2026,DUST_WHOLEBOX_CLAIMABLE
ca9583af700917673e8bfd0c5b1c09d1bc1c53364b04136b9b6399c259d3037d,9h7oYDFKAWppZycmgjcVgeTvnfFni7Mg3LrZwdMx86AhDRumfSj,0.01,163.39967763,0,838139,2022-09-14,1889339,2026-10-07,DUE_REST_OF_2026,DUST_WHOLEBOX_CLAIMABLE
72d3ba6a4f8291dd2d9e29478c24e494d6ae73d0bfb91c789cfa1527724a0341,9h7oYDFKAWppZycmgjcVgeTvnfFni7Mg3LrZwdMx86AhDRumfSj,0.01,60.6875,0,838140,2022-09-14,1889340,2026-10-07,DUE_REST_OF_2026,DUST_WHOLEBOX_CLAIMABLE
91122e633880ecbc0d27aade2ccdca3bbe9fc12bee3bc676edfefbb28c391244,9h7oYDFKAWppZycmgjcVgeTvnfFni7Mg3LrZwdMx86AhDRumfSj,0.01,122.5625,0,838140,2022-09-14,1889340,2026-10-07,DUE_REST_OF_2026,DUST_WHOLEBOX_CLAIMABLE
470859df8bd5ab82e3a322b3973e168232c6775033a54a77a0ebc31c24a1c9ff,9hRg82rSqhDbfRAUbuhnW8Ws5uEg6KV4hjEPExnV71BmUgPzGPS,0.01,32.33889127,0,838145,2022-09-14,1889345,2026-10-07,DUE_REST_OF_2026,DUST_WHOLEBOX_CLAIMABLE
60583a6b230a0e512705fb0ce2a5312e85c02731201877aded93435ed0e33008,9hRg82rSqhDbfRAUbuhnW8Ws5uEg6KV4hjEPExnV71BmUgPzGPS,0.01,718.70487621,0,838145,2022-09-14,1889345,2026-10-07,DUE_REST_OF_2026,DUST_WHOLEBOX_CLAIMABLE
9dbb259fd7ddfb30f9574455c9863e60b1f00b6073ade427e95682db5f74ed39,9hRg82rSqhDbfRAUbuhnW8Ws5uEg6KV4hjEPExnV71BmUgPzGPS,0.01,35.24857665,0,838145,2022-09-14,1889345,2026-10-07,DUE_REST_OF_2026,DUST_WHOLEBOX_CLAIMABLE
c671a584846cf2a548e48be968f0dd125edb4a468e9a4bee7c28a98005f52fc5,9hRg82rSqhDbfRAUbuhnW8Ws5uEg6KV4hjEPExnV71BmUgPzGPS,0.01,30.26868813,0,838145,2022-09-14,1889345,2026-10-07,DUE_REST_OF_2026,DUST_WHOLEBOX_CLAIMABLE
251c90acf8b46e3ed79de56fbe44c2dd2fd85cf1c222943622179a19fc4ad573,9hRg82rSqhDbfRAUbuhnW8Ws5uEg6KV4hjEPExnV71BmUgPzGPS,0.01,388.78445397,0,838146,2022-09-14,1889346,2026-10-07,DUE_REST_OF_2026,DUST_WHOLEBOX_CLAIMABLE
38ae08b28e6ad488ef15dd886ee6f101d0903edc72f50b79a155d8097ea716e1,9hRg82rSqhDbfRAUbuhnW8Ws5uEg6KV4hjEPExnV71BmUgPzGPS,0.01,394.0318671,0,838147,2022-09-14,1889347,2026-10-07,DUE_REST_OF_2026,DUST_WHOLEBOX_CLAIMABLE
26a17b091b2881f8f3db5d5a2d9379c9eb39a8721a8d4e4a90afbda492b46504,9eeu1xLjz6acv4XQLYg4csgChXBHPhagf419tyGk25n1A1Wv2xU,0.01,5.9379351,0,838174,2022-09-14,1889374,2026-10-07,DUE_REST_OF_2026,DUST_WHOLEBOX_CLAIMABLE
19ef1de68cf84ae50602c8c6732406b1b1e5d5abbd3f58c6d00c81fd26372ac4,9hsR4VKoR5zgi3htqm2ZpE3qV3ePeikbP6jjG488XV93JUSXEVr,0.01,16.56372775,0,838184,2022-09-14,1889384,2026-10-07,DUE_REST_OF_2026,DUST_WHOLEBOX_CLAIMABLE
d7cdd0965ffb8f06b32c1e8076432f7f27427d0975dbc2f2d90704959fbc45fc,9iFxMYaSwHWQQmQc6inf4bGqpdKovaHd3Uv6epADTzGGaUdPWVL,0.01,30.3125,0,838184,2022-09-14,1889384,2026-10-07,DUE_REST_OF_2026,DUST_WHOLEBOX_CLAIMABLE
4f0a489986fe9a368f81ca6525621c5cb11af99de5d89a5e47d8f38a9e1aa313,9gKUDfCGjw9buguZCncyf2NZUviK6qb4yg4V9B6YzGQdfQox4gB,0.01,21.94578762,0,838186,2022-09-14,1889386,2026-10-07,DUE_REST_OF_2026,DUST_WHOLEBOX_CLAIMABLE
0657a855c5a8233760283af31036ef192cdbd0312530c905107955cb6ca94292,9fgUCP6jeAb6jKUCkq9Ycj4f9if2NMMy1Kdu3kH83QznCqcUaU9,0.01,101.02181014,0,838189,2022-09-14,1889389,2026-10-07,DUE_REST_OF_2026,DUST_WHOLEBOX_CLAIMABLE
3dc1f3b3d5024726316dcce9dd82d789b5a7744c9bba8bcd15e8b3a8dede4cb4,9gFrH6Yx2Kp3nRzFen1kXGX7Z4CyRXXG1GgZaiqZ7E1BJFSUnC1,0.01,32.47182421,0,838194,2022-09-14,1889394,2026-10-07,DUE_REST_OF_2026,DUST_WHOLEBOX_CLAIMABLE
bd1d1ac45519036f8ca48fc2e448c4984567b9822c2263d14fe1dc7bad708636,9fGXsRqtbSxdJLPdoZva4JpRfgEFRXJDwKYLXrcfkd3f6TR5wLr,0.01,47.81190391,0,838199,2022-09-14,1889399,2026-10-07,DUE_REST_OF_2026,DUST_WHOLEBOX_CLAIMABLE
c6be68be26db2c541a6376b8741d79c473d3598d97d1391b2f384fde54432725,9fGXsRqtbSxdJLPdoZva4JpRfgEFRXJDwKYLXrcfkd3f6TR5wLr,0.01,30.03776738,0,838199,2022-09-14,1889399,2026-10-07,DUE_REST_OF_2026,DUST_WHOLEBOX_CLAIMABLE
0e52fa4e8fb24c910d3ac0dd2fd696b003126ac8e904eb68d394aebae8f4c708,9hhw8cRi7NRXskBRp1QYqeaxCFdQYi8qQ3eMpPswp4Vwru6C3Um,0.01,7.25,0,838201,2022-09-14,1889401,2026-10-07,DUE_REST_OF_2026,DUST_WHOLEBOX_CLAIMABLE
eb459a82384de28164ef4552ac5a8a4c61a00dee55e0e3ee01c5a136a07d9a13,9h3XJ8VMkZjWYf5Di3yMwZjh1rjHbtTWZE3W8kYNaNY7x2Kaskt,0.01,1.08127585,0,838202,2022-09-14,1889402,2026-10-07,DUE_REST_OF_2026,DUST_WHOLEBOX_CLAIMABLE
b10b63177c617d26194fbb2e2e77809bd6be26e6dc86644a85e8a201d80114ca,9fwtVF7NCcrkPdV7gEZC3NyXjNQyHLwmbWsgv81Ut8LofKA5GyX,0.01,14.74662144,0,838211,2022-09-14,1889411,2026-10-07,DUE_REST_OF_2026,DUST_WHOLEBOX_CLAIMABLE
2dbb11ae715df54bd06fa2889ee0372611e4fd146eb75dce023bdfb285eee480,9gWanL6cYFeGc4hoaqhhJgEcb1wubS9yeL37iumxhtJnMbhasnU,0.01,0.42135041,0,838242,2022-09-14,1889442,2026-10-07,DUE_REST_OF_2026,DUST_WHOLEBOX_CLAIMABLE
b3122e4c7a88a031b2d8fe2afeed4ab2cc4c7042f6815ef720a4d24f77f49f75,9gWanL6cYFeGc4hoaqhhJgEcb1wubS9yeL37iumxhtJnMbhasnU,0.01,49.26338641,0,838242,2022-09-14,1889442,2026-10-07,DUE_REST_OF_2026,DUST_WHOLEBOX_CLAIMABLE
c56bf7b1c18f3060abd0b80fc405195590bea7c3d11ef9b5736cbc040922e8d8,9gWanL6cYFeGc4hoaqhhJgEcb1wubS9yeL37iumxhtJnMbhasnU,0.01,4.41626693,0,838242,2022-09-14,1889442,2026-10-07,DUE_REST_OF_2026,DUST_WHOLEBOX_CLAIMABLE
4a77284d5d4bdf7bfa1fe00158042f45005a4fe152fc1fc69467fe1dc5624be6,9ffHDkLqvRXd3kkqUHtm9NH8AbQqUQzCbj9dAAgLo1hUufo8F2p,0.01,31.51118726,0,838252,2022-09-14,1889452,2026-10-07,DUE_REST_OF_2026,DUST_WHOLEBOX_CLAIMABLE
2f075f293c492f99a55f682f32bc360e2d09df0772f0d6a546483b0b8cddddbf,9i7itrRMXAEWRi5BURWjGQGfYqevpyfvKRvBXYS2dwfDh3D5jL2,0.01,44.75,0,838257,2022-09-14,1889457,2026-10-07,DUE_REST_OF_2026,DUST_WHOLEBOX_CLAIMABLE
3393eb93c0f0c5f85e483c1c9cbb534de0e1981d7495d6a3e15fa33198ae8b5c,9i7itrRMXAEWRi5BURWjGQGfYqevpyfvKRvBXYS2dwfDh3D5jL2,0.01,672.41794333,0,838257,2022-09-14,1889457,2026-10-07,DUE_REST_OF_2026,DUST_WHOLEBOX_CLAIMABLE
64758600bd4529dcbeb9560af6a922904c77d0c33a85b87e2db3288bb4829f7b,9i7itrRMXAEWRi5BURWjGQGfYqevpyfvKRvBXYS2dwfDh3D5jL2,0.01,498.17894797,0,838257,2022-09-14,1889457,2026-10-07,DUE_REST_OF_2026,DUST_WHOLEBOX_CLAIMABLE
2bb2e13b593fab46923cc2ec97b68e3676ac90c495a7bf66309ec775d7de4cc9,9gHZ2kRsaQqRytw6JuMSX988DnwTT6m7w4SXaBkmHMrzCP6J9FD,0.01,114.06590248,0,838261,2022-09-14,1889461,2026-10-07,DUE_REST_OF_2026,DUST_WHOLEBOX_CLAIMABLE
6efd05e722449c6a6e19b1c2aa181dcd6d540ca31b0923cce2075b96d1a5d09a,9gHZ2kRsaQqRytw6JuMSX988DnwTT6m7w4SXaBkmHMrzCP6J9FD,0.01,114.11941339,0,838262,2022-09-14,1889462,2026-10-07,DUE_REST_OF_2026,DUST_WHOLEBOX_CLAIMABLE
2b80d7d1751576f3ed769f2446511f8f7dc2084773c74e72f20365f9514817f3,9iBKpT83g1oJgAFTYLrSN4KhhXuxHL8pk8JbVs5RB7jcbTcPBif,0.01,5.8277844,0,838273,2022-09-14,1889473,2026-10-07,DUE_REST_OF_2026,DUST_WHOLEBOX_CLAIMABLE
69eeb74db2767eccd481f0491ccb7c33c2fe3c611f2ae58985ca67ab31fc3449,9fT1KYuW91xyfwk2UYJpmob7GdTn5r2zfmWcPs1HuFfBhhGtoUn,0.01,90.74953828,0,838287,2022-09-14,1889487,2026-10-07,DUE_REST_OF_2026,DUST_WHOLEBOX_CLAIMABLE
adf9bb0bf7f8f3d4b8bf3ae2f753ebab10f5ea2a4bf46ba2bde6165aed818791,9gouP4Q6z4XZDBVZ1u3NJShP9pcLV4QJtrccgT2n1Ff8NuJQjvU,0.01,139.54446527,0,838287,2022-09-14,1889487,2026-10-07,DUE_REST_OF_2026,DUST_WHOLEBOX_CLAIMABLE
fe2ff1734b80f387b0d5560d8ba47e303d46f196ab435a5abae5df2d92f820bb,9gouP4Q6z4XZDBVZ1u3NJShP9pcLV4QJtrccgT2n1Ff8NuJQjvU,0.01,664.39130757,0,838287,2022-09-14,1889487,2026-10-07,DUE_REST_OF_2026,DUST_WHOLEBOX_CLAIMABLE
1c24f75355f4e2ace72c149ce5dc524b358f0da46256e72fbbe50d87750b3401,9fqWSjA4KgcPX2huVkpQk47AD4DwwTBTXquWxBy6LiBkYb9igam,0.01,210.83474549,0,838292,2022-09-14,1889492,2026-10-07,DUE_REST_OF_2026,DUST_WHOLEBOX_CLAIMABLE
2bc5144ff493d1adce3c1312ce61c516689e0349c5918c5134f7655191c4cb40,9haKpgizU76AyXA8ipkVM4Nnjs5kL2vPoRfQodWB5bZgSgA8kVb,0.01,48.59364087,0,838299,2022-09-15,1889499,2026-10-07,DUE_REST_OF_2026,DUST_WHOLEBOX_CLAIMABLE
ec8f17920d91578c232e0164e07e1634c0a79903b8f98c16a5adf159f34ad6b5,9hgKAeZhAGd65eXcgLpmvSuYbbxo3JdQzeFJ4NYXWt8Gvfy3kEp,0.01,29.84716843,0,838299,2022-09-15,1889499,2026-10-07,DUE_REST_OF_2026,DUST_WHOLEBOX_CLAIMABLE
d6c9ad1126c9262b87dd1579ddc9e9758cbd368099c15bbdcc5e00a65b7ee5ca,9fowo5FttsnEona948eLtbRwtTjvXSwTRRa5FF7P9DJjXc3rHdS,0.01,14.0,0,838313,2022-09-15,1889513,2026-10-07,DUE_REST_OF_2026,DUST_WHOLEBOX_CLAIMABLE
9824a94897268656ee73b69841b3744acd6ae1e027e428a473f6083ae711bb60,9g2pabe13hJTxze4gtws4yyUfXNguq91p6ZLT6vb72W7sE9LbKu,0.01,49.75116179,0,838315,2022-09-15,1889515,2026-10-07,DUE_REST_OF_2026,DUST_WHOLEBOX_CLAIMABLE
7d98b30509ca93c272fe1a8bc3e3ed8e3b9163bc7a7f3a3bb9775cdce911de66,9g2pabe13hJTxze4gtws4yyUfXNguq91p6ZLT6vb72W7sE9LbKu,0.01,265.15195149,0,838316,2022-09-15,1889516,2026-10-07,DUE_REST_OF_2026,DUST_WHOLEBOX_CLAIMABLE
d1553c641d8909da597c16090919125d8a122f00be44f3cd8fc823027c669c86,9g2pabe13hJTxze4gtws4yyUfXNguq91p6ZLT6vb72W7sE9LbKu,0.01,30.31243599,0,838316,2022-09-15,1889516,2026-10-07,DUE_REST_OF_2026,DUST_WHOLEBOX_CLAIMABLE
3fd30120a4faf6415764a976f0b898901e4071fd07ef818c58f409fd377853cb,9eyF21bNR2d8UqzwSMWEMDJ9Q8JiJuqq7rdJoF5CgQhEfvZToLK,0.01,13.35082798,0,838342,2022-09-15,1889542,2026-10-07,DUE_REST_OF_2026,DUST_WHOLEBOX_CLAIMABLE
20eead3e6218763fca1f7ade178df6a9600f5df4ef30ec7de29516c2e5120750,9gfyxbQDMe4fAKonv1apiCQodU8sNfTF5teq5mq7f7yCUnU2KDv,0.01,9.37719116,0,838345,2022-09-15,1889545,2026-10-07,DUE_REST_OF_2026,DUST_WHOLEBOX_CLAIMABLE
ba86362b6a186797cfbd3d812b43e255779029f89e84e325ec6bbdf435ca90eb,9fgYQZXYCgzbSVSgxLaStLstT7U43qtPSuR8Ys5daMoKRBZNcav,0.01,54.74111989,0,838366,2022-09-15,1889566,2026-10-07,DUE_REST_OF_2026,DUST_WHOLEBOX_CLAIMABLE
1c8022bfc781f83fb5366c7fcf3e338ba40f2ab67d670b1c19d6fb33019931d3,9gZPj4XMk8RTFN2WVqUGPbMT2H5yrZxaoMgLyLbMYmNAbdG7gz1,0.01,3.76429368,0,838376,2022-09-15,1889576,2026-10-07,DUE_REST_OF_2026,DUST_WHOLEBOX_CLAIMABLE
62d95fd703de675713c93cd390b5d16c8d4b2c91c7b7fc4b916118d1c490a526,9gZPj4XMk8RTFN2WVqUGPbMT2H5yrZxaoMgLyLbMYmNAbdG7gz1,0.01,47.51090507,0,838376,2022-09-15,1889576,2026-10-07,DUE_REST_OF_2026,DUST_WHOLEBOX_CLAIMABLE
6c11764f065d9110a5ed8c22c6b56116a962668afcb0ccc06065fc9abac465cc,9ffyhPzJJTXvw6Kgs8YUSWnRSYXA7xGSLnrvv5h6fsijjbLYgUX,0.01,15.29606625,0,838377,2022-09-15,1889577,2026-10-07,DUE_REST_OF_2026,DUST_WHOLEBOX_CLAIMABLE
93198b99e1c87caf54ec7a7bb23b824ebd5c4e21c4f9a9c5c9876e30d05e73bd,9heVFtADSnqfXnStTbfSC7aGuY7nQ82RHqP5NgDsjDJMGF26SE7,0.01,49.01589927,0,838377,2022-09-15,1889577,2026-10-07,DUE_REST_OF_2026,DUST_WHOLEBOX_CLAIMABLE
0133a9d5bcb4f12829a990bb3563878e6024cd201ee1d9baa0dd8fb71a9ab934,9heFTfjz485iUJmKXqFpQbuAiBzFNrUKCC84d24VuGNqihKT78h,0.01,772.57028977,0,838383,2022-09-15,1889583,2026-10-07,DUE_REST_OF_2026,DUST_WHOLEBOX_CLAIMABLE
6de798572912bcb9dc27504fbaf980fe2cecb2a26eae0b03a3dbb2fc71bbaae0,9heFTfjz485iUJmKXqFpQbuAiBzFNrUKCC84d24VuGNqihKT78h,0.01,52.52755242,0,838384,2022-09-15,1889584,2026-10-07,DUE_REST_OF_2026,DUST_WHOLEBOX_CLAIMABLE
1bfb0da595a6180430f2e8ed1c816242ee092c8f60f0a977931d13c275a85cfc,9hcmAaeWDPKQWPi5EaygfaEaNuycM8JKqbbcc2eACfHZ2Avx3GE,0.01,103.23184396,0,838385,2022-09-15,1889585,2026-10-07,DUE_REST_OF_2026,DUST_WHOLEBOX_CLAIMABLE
64374aee98da0731ac4864521d301216a2663c71e8cf287e91182c6c5e312d67,9heFTfjz485iUJmKXqFpQbuAiBzFNrUKCC84d24VuGNqihKT78h,0.01,55.82181751,0,838385,2022-09-15,1889585,2026-10-07,DUE_REST_OF_2026,DUST_WHOLEBOX_CLAIMABLE
0bd4557c687fc7497465c07b1c2c46f9823fbf44c380d6172f91626abd10cf43,9heFTfjz485iUJmKXqFpQbuAiBzFNrUKCC84d24VuGNqihKT78h,0.01,58.7315029,0,838387,2022-09-15,1889587,2026-10-07,DUE_REST_OF_2026,DUST_WHOLEBOX_CLAIMABLE
55d0883e632a81097b2377bbbeeff1fa5d665a753373cbc1dc9f8e79488ed713,9heFTfjz485iUJmKXqFpQbuAiBzFNrUKCC84d24VuGNqihKT78h,0.01,417.43403702,0,838387,2022-09-15,1889587,2026-10-07,DUE_REST_OF_2026,DUST_WHOLEBOX_CLAIMABLE
3cde52033bab2705654e1e4bcd46fb3c4a277e650c575d06aec68578dd449749,9heFTfjz485iUJmKXqFpQbuAiBzFNrUKCC84d24VuGNqihKT78h,0.01,417.59456973,0,838390,2022-09-15,1889590,2026-10-07,DUE_REST_OF_2026,DUST_WHOLEBOX_CLAIMABLE
c80e6060ddc02847716a2e439668f663fd518982b597f39c707577c4eee05f8a,9fnx81XAB639D7vyU6jyeELrq67yyvVGXMv8vkMSiuXQ9pz7AUT,0.01,49.31689811,0,838390,2022-09-15,1889590,2026-10-07,DUE_REST_OF_2026,DUST_WHOLEBOX_CLAIMABLE
13c25390814cbb54d3f7cfa66e9a22f70cccfc7d59c01dc4a53bc2e42d6a9ecf,9gQWJLuUBzSgBKpHeXYyVbr8oZn1YPowNvWi4ZD9Zi3k3wDTf69,0.01,15.33965574,0,838395,2022-09-15,1889595,2026-10-07,DUE_REST_OF_2026,DUST_WHOLEBOX_CLAIMABLE
aec24d58a9706bb1d83b6eb74fababb7589d646e82237a01d779492950642585,9gQWJLuUBzSgBKpHeXYyVbr8oZn1YPowNvWi4ZD9Zi3k3wDTf69,0.01,2191.86009276,0,838395,2022-09-15,1889595,2026-10-07,DUE_REST_OF_2026,DUST_WHOLEBOX_CLAIMABLE
47dca652d411c5c8836c32cc0d908673fcee05dd491e92bc473f6e4c1ff993b6,9gQWJLuUBzSgBKpHeXYyVbr8oZn1YPowNvWi4ZD9Zi3k3wDTf69,0.01,4284.50436842,0,838396,2022-09-15,1889596,2026-10-07,DUE_REST_OF_2026,DUST_WHOLEBOX_CLAIMABLE
f1acf9ddc6c10b7dd4aec25e46674fe2a899b50a7a4f43e4e0bd1c562c92951c,9gQWJLuUBzSgBKpHeXYyVbr8oZn1YPowNvWi4ZD9Zi3k3wDTf69,0.01,9.23723022,0,838396,2022-09-15,1889596,2026-10-07,DUE_REST_OF_2026,DUST_WHOLEBOX_CLAIMABLE
1717ab3944d2abd40dafef57a92a0b240d263b58c5252ead8b72fe43768b6a80,9gQWJLuUBzSgBKpHeXYyVbr8oZn1YPowNvWi4ZD9Zi3k3wDTf69,0.01,13.41609746,0,838397,2022-09-15,1889597,2026-10-07,DUE_REST_OF_2026,DUST_WHOLEBOX_CLAIMABLE
6cf15f8da22e4a3e45ba22536b7bffc21874a2276437d5b7fcbea87081bf2f65,9gQWJLuUBzSgBKpHeXYyVbr8oZn1YPowNvWi4ZD9Zi3k3wDTf69,0.01,20.0949273,0,838398,2022-09-15,1889598,2026-10-07,DUE_REST_OF_2026,DUST_WHOLEBOX_CLAIMABLE
afde18f0f93b9343b19267b45c1f5a6fc75d781f636e7dae8f9ebd43c1b0d2ea,9gQWJLuUBzSgBKpHeXYyVbr8oZn1YPowNvWi4ZD9Zi3k3wDTf69,0.01,15.52311927,0,838398,2022-09-15,1889598,2026-10-07,DUE_REST_OF_2026,DUST_WHOLEBOX_CLAIMABLE
f8645125eed08ddf2ec5d024d74300ab1e905d4f0e356fac613e29e12be72e6d,9gQWJLuUBzSgBKpHeXYyVbr8oZn1YPowNvWi4ZD9Zi3k3wDTf69,0.01,9.18371931,0,838398,2022-09-15,1889598,2026-10-07,DUE_REST_OF_2026,DUST_WHOLEBOX_CLAIMABLE
90411d9b83dc19afc425c979f923281dde07eeb67b417e083e9e7957ce5ee9bd,9eeX8vRH64gY4kuvtuJD2KjQ4eszk9meQbVzzrRoJrXC9j3racp,0.01,2192.76308928,0,838400,2022-09-15,1889600,2026-10-07,DUE_REST_OF_2026,DUST_WHOLEBOX_CLAIMABLE
74ea400170c68cb9dbab02c46a081c876c2ec9b123ca5e6271b9de6180a3046c,9eeX8vRH64gY4kuvtuJD2KjQ4eszk9meQbVzzrRoJrXC9j3racp,0.01,4286.91235915,0,838403,2022-09-15,1889603,2026-10-07,DUE_REST_OF_2026,DUST_WHOLEBOX_CLAIMABLE
009e48e368e7a61a5fc5115f947c6cfd7bc8e8811301078b87327dd0b6bb0724,9eeX8vRH64gY4kuvtuJD2KjQ4eszk9meQbVzzrRoJrXC9j3racp,0.01,14.13515025,0,838404,2022-09-15,1889604,2026-10-07,DUE_REST_OF_2026,DUST_WHOLEBOX_CLAIMABLE
26cd72c0d479ec2dc0c22d0e566d23dcfaf4cf820e447b6d0a71119d079fd827,9eeX8vRH64gY4kuvtuJD2KjQ4eszk9meQbVzzrRoJrXC9j3racp,0.01,13.06493215,0,838404,2022-09-15,1889604,2026-10-07,DUE_REST_OF_2026,DUST_WHOLEBOX_CLAIMABLE
68b6eb84b712756eb079c280a4d56f9cad7cdd496ce59cb96343b063b0f89a98,9eeX8vRH64gY4kuvtuJD2KjQ4eszk9meQbVzzrRoJrXC9j3racp,0.01,15.97461753,0,838410,2022-09-15,1889610,2026-10-07,DUE_REST_OF_2026,DUST_WHOLEBOX_CLAIMABLE
fb1ccf315c78739fa5f1fa51ed54f7a4fd299a7752e8e95bf1a3b7d1bb9e32db,9euwpxfoje9Az8svokxJgNANUeECQhThNKXkFwiXeMTqdbRyumQ,0.01,170.33807618,0,838411,2022-09-15,1889611,2026-10-07,DUE_REST_OF_2026,DUST_WHOLEBOX_CLAIMABLE
31dd36b0423776a54a1751c18309eecb38a3cc9a0886d329cf8d86145a738e93,9eeX8vRH64gY4kuvtuJD2KjQ4eszk9meQbVzzrRoJrXC9j3racp,0.01,13.86759572,0,838412,2022-09-15,1889612,2026-10-07,DUE_REST_OF_2026,DUST_WHOLEBOX_CLAIMABLE
32db17d1969b121073ab7df0a5889e682cc02f646a64025a7077c2b4986ccfe8,9eeX8vRH64gY4kuvtuJD2KjQ4eszk9meQbVzzrRoJrXC9j3racp,0.01,13.97461753,0,838412,2022-09-15,1889612,2026-10-07,DUE_REST_OF_2026,DUST_WHOLEBOX_CLAIMABLE
d682e099b036acab796f1807d0d83de6ec5cd87864258fdedf2eb345f56faee9,9i5cZ2RTRRwBVixWpZp4x5WsFxZJU1Wka6HdMTbguCvXECzvQzs,0.01,11.96416965,0,838412,2022-09-15,1889612,2026-10-07,DUE_REST_OF_2026,DUST_WHOLEBOX_CLAIMABLE
30618608fe4dbba5612328fdcdcdd252fd8317dc83d0005144c085b6ce72e8d6,9htGhFV5UqH3hbQDYPPpGDMgLTAW44fjXwnorPfcDRDcT478M5b,0.01,156.63997437,0,838420,2022-09-15,1889620,2026-10-07,DUE_REST_OF_2026,DUST_WHOLEBOX_CLAIMABLE
3bdcc1adc2130678498f3d22a70ccdd076866c38a5b3d8455f41b0d9aff9ec5a,9htGhFV5UqH3hbQDYPPpGDMgLTAW44fjXwnorPfcDRDcT478M5b,0.01,30.58919442,0,838420,2022-09-15,1889620,2026-10-07,DUE_REST_OF_2026,DUST_WHOLEBOX_CLAIMABLE
9601dfc14a47ac502704750fd438a3a700b400ddb61c59124e330b25b124c97e,9fr2p48UfFHnS92tuBEHZo1CV5x66Es61o8xtiqMVY82XNEStDy,0.01,7.00717391,0,838429,2022-09-15,1889629,2026-10-07,DUE_REST_OF_2026,DUST_WHOLEBOX_CLAIMABLE
8e0b785e7c294e2bf9f63eb0e2ab698c42725997607ba8a5688e63bb6508c426,9g9VyHMx8YVcayVDuzVQzVfNESxQUzXspDD3Tr6TR89e6PpPWHs,0.01,67.2864508,0,838431,2022-09-15,1889631,2026-10-07,DUE_REST_OF_2026,DUST_WHOLEBOX_CLAIMABLE
02356df69293fe12a7fcf035c92ccc5ded14b5a2eab65988d8359cb659b0713b,9gxGUBgHahvd6sEeArBwHdZ9ScyAXy9Q6hvjrTpNEHX9kcMz75b,0.01,73.12554577,0,838432,2022-09-15,1889632,2026-10-07,DUE_REST_OF_2026,DUST_WHOLEBOX_CLAIMABLE
20d3e11fe4228634442f4da783143b570de71bb3800c1301d0742b37a2af8351,9hGYr8hEs5iBuXcZtuvGnzwaAvPP9JzGJPH7iTcv1FYDybxVSHU,0.01,3.34603948,0,838435,2022-09-15,1889635,2026-10-07,DUE_REST_OF_2026,DUST_WHOLEBOX_CLAIMABLE
0c9cf13a4f4412d0e1f5876f5110b94700055a3ac66db3090a946e70f0241711,9ftaAvck9QBerRksF8fDM2EcWYreyGPGdRRDtGswn6WuG9pqWg9,0.01,26.35840152,0,838442,2022-09-15,1889642,2026-10-07,DUE_REST_OF_2026,DUST_WHOLEBOX_CLAIMABLE
35769f560643da354c209a0eca594717c773d55b991112cb7493dd3b311c462f,9ftaAvck9QBerRksF8fDM2EcWYreyGPGdRRDtGswn6WuG9pqWg9,0.01,26.51893424,0,838442,2022-09-15,1889642,2026-10-07,DUE_REST_OF_2026,DUST_WHOLEBOX_CLAIMABLE
68da3fd668963d83ab1201a4bc08801be4201309d6151d3eee15fa1932012da5,9ftaAvck9QBerRksF8fDM2EcWYreyGPGdRRDtGswn6WuG9pqWg9,0.01,25.95424048,0,838442,2022-09-15,1889642,2026-10-07,DUE_REST_OF_2026,DUST_WHOLEBOX_CLAIMABLE
8b4a3e71b71cbc3625bd3a4e5e9d944d8a2b79a88282d3e37a004cfe321b5e01,9ftaAvck9QBerRksF8fDM2EcWYreyGPGdRRDtGswn6WuG9pqWg9,0.01,171.7173766,0,838442,2022-09-15,1889642,2026-10-07,DUE_REST_OF_2026,DUST_WHOLEBOX_CLAIMABLE
54c917d59724e916217e0bd1339e86e5aeeac439b92f829fa12759a57b8ec9bb,9hyP6tUYPgbBQu1oafteJ6iY8NsHGBebFdBmvPptomcyCcjZ2mJ,0.001,46.42681276,0,838460,2022-09-15,1889660,2026-10-08,DUE_REST_OF_2026,DUST_WHOLEBOX_CLAIMABLE
7584590dd4707059f3705489f7a0e89879f7caa174dd764794361fbd2fbaa21e,9eXtJeVa5nmXsFgHkvfZLERPJ475eMWxHf1d1XtnAuW4WnynAqS,0.01,5.71514597,0,838461,2022-09-15,1889661,2026-10-08,DUE_REST_OF_2026,DUST_WHOLEBOX_CLAIMABLE
7333bce331290fef68a2207f4eed90de67bcfd09786f3ac734baae482379263a,9fd7QZNHTiwb38DDQss9bYh2Xv6LaWEKjDBkUANe8NJ3pnmmLhZ,0.01,375.58022949,0,838466,2022-09-15,1889666,2026-10-08,DUE_REST_OF_2026,DUST_WHOLEBOX_CLAIMABLE
8a99c0277cf66da3dffd1c16340603d1c859d99962ae639e2d4775d33b0a0ecc,9iG7ziZLWNSb7A2wgkq6P4sE49WKDdULLNjhCJr9WZqEbDMSAwZ,0.01,29.05512167,0,838475,2022-09-15,1889675,2026-10-08,DUE_REST_OF_2026,DUST_WHOLEBOX_CLAIMABLE
fc18d6524acb0d464eab7b0157b3cbbeca394016ef2b260c21f80ac55fb9e35a,9eY5cdHjisdhhRXy8hfBN9DsAsUtTog4QwYBbrSHfkZZUWUaVrh,0.01,63.32229681,0,838477,2022-09-15,1889677,2026-10-08,DUE_REST_OF_2026,DUST_WHOLEBOX_CLAIMABLE
214b5d446526699f57c135104ca90fefd3beeb17527c7750010118ccf25f3ee9,9erSsnbARiCrowp2NkRXxFRcu6oCVGNBajwBGUdP9vM6ZAUBPca,0.01,3.84457766,0,838499,2022-09-15,1889699,2026-10-08,DUE_REST_OF_2026,DUST_WHOLEBOX_CLAIMABLE
92d9e993c080debffdf6847e05c0e923a6043bbd57de47f18ff1079399d82944,9hyB4Hji3YfBsTMinEj5pjHcjdXY6Jayj92CeaJ1pcR2eQxNZnw,0.01,52.53983711,0,838501,2022-09-15,1889701,2026-10-08,DUE_REST_OF_2026,DUST_WHOLEBOX_CLAIMABLE
9c8ad0768063e75c0c1342201552e26a4faf84251de98f71cbaa23316a20930f,9gFLnnJtNai4EiQZsS4PmQE1fzYZrD9N45mqLpHjaWcLLQgrDwp,0.01,16.7099733,0,838509,2022-09-15,1889709,2026-10-08,DUE_REST_OF_2026,DUST_WHOLEBOX_CLAIMABLE
3a4b28d249f50c8083927e9d57b13225e57fc31015ac98a4f600da7d84e53803,9i5rEkKRnkwez3Tvh6MtTqPKpSPizuJHPv9pktSSNWYFwh3QTba,0.01,61.94572214,0,838520,2022-09-15,1889720,2026-10-08,DUE_REST_OF_2026,DUST_WHOLEBOX_CLAIMABLE
f4dc948a0ef80e6b488273b5a96e23ce8fc4fcc4a3a71dab7d1243d18a796dc0,9gQf2Ts7w1n6FH5EmD1deWMZ8QSNTBKcoxjMEyDj5jwHoQJtSqc,0.01,32.2770665,0,838520,2022-09-15,1889720,2026-10-08,DUE_REST_OF_2026,DUST_WHOLEBOX_CLAIMABLE
820b1816a50e8e0141307b50ad6b5086de193e816ea5945ba1660fc6ca16d09e,9hcN4d1qfU1PEo9LEESJwzkadPQRTVo454tKmBLoPeDFf6azW9U,0.01,25.73139186,0,838530,2022-09-15,1889730,2026-10-08,DUE_REST_OF_2026,DUST_WHOLEBOX_CLAIMABLE
f9e2210ac7001f4d58c94d7f7a71d5e1356bc59066546d0d6741cbd55e0b0133,9gDCc6jBui3eknExgarDg82FJG75hKKyCvT2uyFHgxRCHhRpfHo,0.01,247.9543146,0,838535,2022-09-15,1889735,2026-10-08,DUE_REST_OF_2026,DUST_WHOLEBOX_CLAIMABLE
066a86b2ce85e4324930d952049526abb8e02886fb4a8d946486b9edd03ec54d,9hvijVaG21Stcsv6qgtbdFknP88Rf5hBEQTYDe6gcByLJhJeCzd,0.01,27.28024193,0,838556,2022-09-15,1889756,2026-10-08,DUE_REST_OF_2026,DUST_WHOLEBOX_CLAIMABLE
a8336ce1101fd0868ee731a0e9755ece91f64b25cc5cbe8e6e5eb96ee077f0a5,9fG4MvPhnCPAgUns4ALz6XeDDMbsxuzMbiEm73LmDNoA5RE9A16,0.01,8.8326841,0,838578,2022-09-15,1889778,2026-10-08,DUE_REST_OF_2026,DUST_WHOLEBOX_CLAIMABLE
75b319f45dd6b6eee31cf2fbbf1ce84f683dc81ef283d9e0885db7d263ded99b,9hASe2eBGzTpT5UZP8gR4RKJKPTJrsZjCd96WDMA5n6hnbXXbik,0.01,0.90064219,0,838668,2022-09-15,1889868,2026-10-08,DUE_REST_OF_2026,DUST_WHOLEBOX_CLAIMABLE
2f926b8539af79b18ae46f3969c75d11477e3374244da5222d3667750c1acbe6,9gr1keTs3EbKQYz1p2Z1KdJSGTEww4hwF2YMoEL1JVU5yLoe7MQ,0.01,15.20616564,0,838675,2022-09-15,1889875,2026-10-08,DUE_REST_OF_2026,DUST_WHOLEBOX_CLAIMABLE
56b07c7c7098b1da38beef857f23b61120eb6e50de39f74efb8ccfd1c71a25a9,9fGrv96eFJGVKCp75Pt6CdQwDQ33q1a7kz2jBYt6vaCrtUz8831,0.001,158.1447013,0,838686,2022-09-15,1889886,2026-10-08,DUE_REST_OF_2026,DUST_WHOLEBOX_CLAIMABLE
2e29c220e4b028be441af41baa3a34728da681ade0fb58c8e85f313ebfa81c0a,9g9BM3feiBUyBXcepQBzTKJ4RRXXzZGZCKwDmy9DWyxVoTG1DRc,0.01,29.79668375,0,838691,2022-09-15,1889891,2026-10-08,DUE_REST_OF_2026,DUST_WHOLEBOX_CLAIMABLE
3257b544de88945e081924ea4c116f2d928947deedd568fd8b7b9121267fe6b4,9ffErbqbRVMVsLW9Hr75i7oNoCEAi12vsbnNnCQecJ4m557e2ku,0.01,56.32625287,0,838696,2022-09-15,1889896,2026-10-08,DUE_REST_OF_2026,DUST_WHOLEBOX_CLAIMABLE
3f192bafaa3086b8af68e98770d0419be865ac1e31b2d932e0eeea6e9923c72f,9fHr2gSQxaXzrmgtE3thgJiYm4vGmmK37JyX1tYbxjTsTWY44uM,0.01,13.84988425,0,838722,2022-09-15,1889922,2026-10-08,DUE_REST_OF_2026,DUST_WHOLEBOX_CLAIMABLE
8c16953edef6ccfbf7546ae27459f7cc98cc3c460b08c3a47acb9493113ca3dc,9h5iB3Yr3kduwY6z1ad56ShP3jfsLb1cvmBsrUiC8cpcqy1owti,0.01,23.31166847,0,838730,2022-09-15,1889930,2026-10-08,DUE_REST_OF_2026,DUST_WHOLEBOX_CLAIMABLE
f2cb28c62c3c226b1c5731ab12090e6c369177d399076961235e68ab6c69813c,9h77grPf7Z4yX7aNyejJX7oQWm9qxdra8euQ6AQQUeCFsUzMn6b,0.01,32.81748045,0,838802,2022-09-15,1890002,2026-10-08,DUE_REST_OF_2026,DUST_WHOLEBOX_CLAIMABLE
2d9e65b15e924127449e8a677c288b2028c7505ee31a4bb63e0ebaf49e2219a0,9etWwQACRnjXDk8yYp26N2wvxjqhTmpizgKqfu7oowXu3GsmoCA,0.01,3.74651906,0,838849,2022-09-15,1890049,2026-10-08,DUE_REST_OF_2026,DUST_WHOLEBOX_CLAIMABLE
48f59644b4c06525394207eb908b73b885b60fd9cac7de7015060ebe52a9fb2f,9fi2S9445cbYZun9sNPez6eaaV48jHU77LEuoYF8yTVpEEdjb1t,0.01,49.31689811,0,838936,2022-09-15,1890136,2026-10-08,DUE_REST_OF_2026,DUST_WHOLEBOX_CLAIMABLE
7b39198344891b63e4f05ae16a2ba3cd6ac2426e469aae0219d8756386dee7c1,9fSC7pwRCmRV3YoWqoc5CoeS5Fb9rG3Au9hQXkWczfPWuWHny8S,0.01,2743.92994916,0,838956,2022-09-15,1890156,2026-10-08,DUE_REST_OF_2026,DUST_WHOLEBOX_CLAIMABLE
92454a2966a381454422c65b0662e126d15bdcef8a46fbec618e703688c00dd2,9fSC7pwRCmRV3YoWqoc5CoeS5Fb9rG3Au9hQXkWczfPWuWHny8S,0.01,2310.26405066,0,838956,2022-09-15,1890156,2026-10-08,DUE_REST_OF_2026,DUST_WHOLEBOX_CLAIMABLE
27ffba687a5ec8b072a8f138d43b8ddc7b186d198e745161d9594eb1e9b9df48,9fSC7pwRCmRV3YoWqoc5CoeS5Fb9rG3Au9hQXkWczfPWuWHny8S,0.01,475.59279453,0,838961,2022-09-15,1890161,2026-10-08,DUE_REST_OF_2026,DUST_WHOLEBOX_CLAIMABLE
3f5d1147fa2430ecdd2001a723eee8cb95456a0f3bb2a7c4e164dfa0e0415fe2,9hy4hzffQQABtMkxjBc1iPdFHv4tUNvjtqs2QiELd1BS8pfrAPD,0.01,35.21118066,0,838966,2022-09-15,1890166,2026-10-08,DUE_REST_OF_2026,DUST_WHOLEBOX_CLAIMABLE
1b67e13bfe23d3e9567817b535e712526a49ea35714dbe6523a9b2866c7275b1,9ewP76piZ8VSofZUQLtKhknS6dYuTqjhQYyC3ki3h1F1SXr3NTp,0.01,0.02392746,0,838975,2022-09-15,1890175,2026-10-08,DUE_REST_OF_2026,DUST_WHOLEBOX_CLAIMABLE
fb4b46147ce0be5c19ee3dd4c90dbf3fac7936d8ff96409506ebb047cf09b3da,9gUMWGHUhzagHwGRicM3yoNWbEjF8veZQJQR6CbSjZhN8ZzR5PQ,0.01,1.00568026,0,838990,2022-09-15,1890190,2026-10-08,DUE_REST_OF_2026,DUST_WHOLEBOX_CLAIMABLE
52fc0f25c574bfcc03946656c2c9129654ca99aa752af9aab406cedaef737bfd,9hkgwSj7DR7mhoCu3JBt6i3uRACBbw8ufhdGG1sQvZCv73cc8UZ,0.01,8.05361879,0,839167,2022-09-16,1890367,2026-10-09,DUE_REST_OF_2026,DUST_WHOLEBOX_CLAIMABLE
8a7c2c64a60826a430f2c8acd94bc871436d724278ced7047dd0de8c183cfd68,9hkgwSj7DR7mhoCu3JBt6i3uRACBbw8ufhdGG1sQvZCv73cc8UZ,0.01,47.51090507,0,839167,2022-09-16,1890367,2026-10-09,DUE_REST_OF_2026,DUST_WHOLEBOX_CLAIMABLE
16e6f84c5afce56be6438ad733688596102c824f279bcb6e45761646f498a8ec,9fM7U2yzE1HMAizNbWxUPtVWkxBMMZADQ9Lzu5cQno4E9zroYom,0.01,31.52642498,0,839194,2022-09-16,1890394,2026-10-09,DUE_REST_OF_2026,DUST_WHOLEBOX_CLAIMABLE
2095f79dd20dd4a9cfd360276b4262db7413ebdaae815f3ccbad3fd1fb130706,9h3vU7pnBizqtFTztAK13kVXtEnzvcGA98g959iUZFDhDs5HQuw,0.01,49.31689811,0,839194,2022-09-16,1890394,2026-10-09,DUE_REST_OF_2026,DUST_WHOLEBOX_CLAIMABLE
3adee59f4c30bf1cc379f12610360e6e037989e7ec79f169713b894d35a6bb5d,9fM7U2yzE1HMAizNbWxUPtVWkxBMMZADQ9Lzu5cQno4E9zroYom,0.01,3.90548925,0,839195,2022-09-16,1890395,2026-10-09,DUE_REST_OF_2026,DUST_WHOLEBOX_CLAIMABLE
5a97c2fbac230d4907bcbc8cbedad295753913070304533e5c22461462f6cefc,9hbooFJN3JRKzUKoLGZc8peyi7zQqNvtzc2sw9kpZuRZtF5GvFY,0.01,20.5960442,0,839229,2022-09-16,1890429,2026-10-09,DUE_REST_OF_2026,DUST_WHOLEBOX_CLAIMABLE
2f551c70c1842b5a4069e0fe09463a3a7b5080667fb3308e514452db71eae326,9fxFwkfDoRaUSq2g1PWS6CseKfJ2o1iVkEuwQcB91GxiGQ9uTXy,0.01,15.03297025,0,839327,2022-09-16,1890527,2026-10-09,DUE_REST_OF_2026,DUST_WHOLEBOX_CLAIMABLE
908c30a5f58d923bc2fc08e15c73ab639ed01c44eb434ddd643fad5c71660d7c,9hNwTPALLpmRTzNgAjsLYxBu8mB1kA42egUxnQoHFSUyuoKA5Yx,0.01,0.08124509,0,839354,2022-09-16,1890554,2026-10-09,DUE_REST_OF_2026,DUST_WHOLEBOX_CLAIMABLE
d7d77883fb874a274af6bccf8fc77cf227b56864e1f6bc4e59b24c9f7d2ca1b4,9gqxmN2xSwudGQgYkT7RmhHxLunB2yQXtKGK8EUfFpry13p6jR3,0.01,17.67730998,0,839358,2022-09-16,1890558,2026-10-09,DUE_REST_OF_2026,DUST_WHOLEBOX_CLAIMABLE
94bae0f8a009c1ed7f0faeb1b873762a6886d594252aabfd303f3213a0daf37d,9hQZum5oCTNyzc9nXhHU5YkCiWS6wPWcHafEZBLSMQed3ezCCiC,0.01,174.05913818,0,839387,2022-09-16,1890587,2026-10-09,DUE_REST_OF_2026,DUST_WHOLEBOX_CLAIMABLE
fd9f7fb3ebaf516d70657b3a2eb92d4d7b04b32ee3c76f41f7c67fc93ce8c9cd,9iPSNuLGL5EeGv5S7WiVV9ZyX8HRAa3Lr9DQ5GSQMxQangbw3Kf,0.01,56.75,0,839389,2022-09-16,1890589,2026-10-09,DUE_REST_OF_2026,DUST_WHOLEBOX_CLAIMABLE
35e4e91c6a08bc0d7c8ee47ecbbaf5524c6337481e883a1cad9f4303ec3fdddc,9hQZum5oCTNyzc9nXhHU5YkCiWS6wPWcHafEZBLSMQed3ezCCiC,0.01,1.18441883,0,839391,2022-09-16,1890591,2026-10-09,DUE_REST_OF_2026,DUST_WHOLEBOX_CLAIMABLE
6b73911807d36c66ae64bc805c4a8be1e4fcdc9ab8102c1b05bd350648ab347b,9iPSNuLGL5EeGv5S7WiVV9ZyX8HRAa3Lr9DQ5GSQMxQangbw3Kf,0.01,65.42517302,0,839394,2022-09-16,1890594,2026-10-09,DUE_REST_OF_2026,DUST_WHOLEBOX_CLAIMABLE
d0e7fa5809313cd3adca351fadf3527cf2229ad34d1aa98bdcd412e893e59678,9iPSNuLGL5EeGv5S7WiVV9ZyX8HRAa3Lr9DQ5GSQMxQangbw3Kf,0.01,55.625,0,839401,2022-09-16,1890601,2026-10-09,DUE_REST_OF_2026,DUST_WHOLEBOX_CLAIMABLE
cd418c073fb34055d029511092b8ae57a3776051cbdc8ba1186de099d72f4c7c,9iPSNuLGL5EeGv5S7WiVV9ZyX8HRAa3Lr9DQ5GSQMxQangbw3Kf,0.01,29.75435273,0,839405,2022-09-16,1890605,2026-10-09,DUE_REST_OF_2026,DUST_WHOLEBOX_CLAIMABLE
8c9863aaba7ddc0e684b26c14d9baaf095c0ed63938bdd2e9305a1e8e7c69435,9iPSNuLGL5EeGv5S7WiVV9ZyX8HRAa3Lr9DQ5GSQMxQangbw3Kf,0.01,561.67043107,0,839407,2022-09-16,1890607,2026-10-09,DUE_REST_OF_2026,DUST_WHOLEBOX_CLAIMABLE
d2a2e24243cd95f4775703891875cb3c4cac3a420f1335ab97e9ce978d2cc80b,9iPSNuLGL5EeGv5S7WiVV9ZyX8HRAa3Lr9DQ5GSQMxQangbw3Kf,0.01,561.01492784,0,839408,2022-09-16,1890608,2026-10-09,DUE_REST_OF_2026,DUST_WHOLEBOX_CLAIMABLE
c3fc816f452fcd2ed63e8a688475011d9af4b26054dcdb2774b8f22d5b1f7e92,9fe8AgMP8gQ56xZkQfdG15FJ53yJBnzhTZuuTbQKZYcuU5BW41K,0.01,1.09172224,0,839424,2022-09-16,1890624,2026-10-09,DUE_REST_OF_2026,DUST_WHOLEBOX_CLAIMABLE
0a133a7a2e801af7e23201af81d0b7d479c3587e620adebc8beeb897ab19eefb,9gwCUiF52NiMetinGuMfFCcUWXh8ncVD3N8NgXgQ89jwscvCLMW,0.01,96.3125,0,839477,2022-09-16,1890677,2026-10-09,DUE_REST_OF_2026,DUST_WHOLEBOX_CLAIMABLE
7cff5f7b38d2e7b4155315d7828924a41a9ca2b026ee50bfcd5502ef58b92803,9fdUV95WPP72T1AHxbcMKmVpgGSkhkVRWUjyPBEqnUURVo1ULvV,0.01,47.81198209,0,839502,2022-09-16,1890702,2026-10-09,DUE_REST_OF_2026,DUST_WHOLEBOX_CLAIMABLE
ed4d2ab6cc2aeb4b272bcd12d2a57d292b0ec52d311688b95ea3a54f0042da7d,9esN36xWDVQuvR6tNoLBDnCJoNkUmE1Gdvo8siKr1VgwbLBQKBN,0.01,47.51090507,0,839505,2022-09-16,1890705,2026-10-09,DUE_REST_OF_2026,DUST_WHOLEBOX_CLAIMABLE
7572d66364cdd58668a075653141e4cc520936f3976bd9ff7a70b1fb0e07d077,9hPwdkSPbYYMg6nKPbjC6PaDjndV3DQbFvQxmmqLxniG3XNM4CE,0.01,49.01589927,0,839582,2022-09-16,1890782,2026-10-09,DUE_REST_OF_2026,DUST_WHOLEBOX_CLAIMABLE
2f1bab1cdc25d393b963c8c0194ca89d62bc48406bd322e09c976cb8a1e42565,9hfZ1VKGEvE7hkiundzzGSXsTYCo4bhPz47vH1netSWjnXrmcmG,0.01,49.01589927,0,839607,2022-09-16,1890807,2026-10-09,DUE_REST_OF_2026,DUST_WHOLEBOX_CLAIMABLE
31ceb52140b7f7cffbc1160f479d7c345659227eeb0c8b6cd16337ac43329640,9fSBN5aRPNDUuobraLhpijeEnJuFFVurGze451ci2yahRriTCUQ,0.01,3.3125,0,839628,2022-09-16,1890828,2026-10-09,DUE_REST_OF_2026,DUST_WHOLEBOX_CLAIMABLE
91afc4b53075cec785d1d7e32ba05e30a7c24bc3bbafd9d7f62a81a527d61b28,9eoWs3FGNDAeomCPkHuP24SRxPbwAnDTUs1kkKHxV8pASSeam5o,0.01,21.18652189,0,839665,2022-09-16,1890865,2026-10-09,DUE_REST_OF_2026,DUST_WHOLEBOX_CLAIMABLE
4a96eea4bd3122971538888f8cb3f41c51cd44f838afe1863ac9e3f7c9f0bf22,9iKd369Ys1db4TNpHJqmh2h4WGu9tSBbpYcpVgUwdHnmHSuE9Qg,0.01,8.05570568,0,839691,2022-09-16,1890891,2026-10-09,DUE_REST_OF_2026,DUST_WHOLEBOX_CLAIMABLE
842f1e1da5742b4f74ee9daac66c2c7a732a5592ea12497fe1faf09568e26827,9fQ2da36jJ1JRzp5ScB9cJsRdymTddTqFA5DcaQnRrhDjbErcbf,0.01,5.3034071,0,839740,2022-09-17,1890940,2026-10-09,DUE_REST_OF_2026,DUST_WHOLEBOX_CLAIMABLE
b178516e93891a2e6792d6c65d76e04775906405ce3791cff9576395f0f2e1d0,9gP23L4LrdRVwWAJPJ9Yfz7yyk72gzBbjB8UUw16EZRN6EKe2Bx,0.01,49.58421501,0,839767,2022-09-17,1890967,2026-10-09,DUE_REST_OF_2026,DUST_WHOLEBOX_CLAIMABLE
e64095d4a5cd6c12faecbaa6f14a2ead90e3592c715644829018efc3a53a9f34,9gPxGKT7ty8ENX4hkMPjJmE6ZUF4qmk6nmhcx4pGbaPNcRVnegv,0.01,13.40736471,0,839768,2022-09-17,1890968,2026-10-09,DUE_REST_OF_2026,DUST_WHOLEBOX_CLAIMABLE
95f6c66414d331d79b91a6c97b46930920d370558bb0de25ea6e9347d4c27545,9gPxGKT7ty8ENX4hkMPjJmE6ZUF4qmk6nmhcx4pGbaPNcRVnegv,0.01,47.81190426,0,839770,2022-09-17,1890970,2026-10-09,DUE_REST_OF_2026,DUST_WHOLEBOX_CLAIMABLE
00cdf88104ddaecbd4bcf9bd07334dd2801c209c877de1f5e3b5779cb01551d7,9i3Mbh2y5gt8fdGxAptfyjyDzkkbeBW4Xjdb7Ls7bzt1HaC8sKe,0.01,13.64841986,0,839832,2022-09-17,1891032,2026-10-09,DUE_REST_OF_2026,DUST_WHOLEBOX_CLAIMABLE
ac117fbf4c1642a2cde8807d12af94ccc97463fb85f93e7057dd8e852784a72e,9ffErbqbRVMVsLW9Hr75i7oNoCEAi12vsbnNnCQecJ4m557e2ku,0.01,49.31689811,0,839904,2022-09-17,1891104,2026-10-10,DUE_REST_OF_2026,DUST_WHOLEBOX_CLAIMABLE
ddb14cf7e68579547fafa9e3b4ee503bc26f60ffc35118bb7b039f04b9c1df2d,9fcrxuEvccKrUXP565beuMvTnhtD6HfWSEfAjzYyi9iVYeZYEne,0.01,53.9251115,0,839936,2022-09-17,1891136,2026-10-10,DUE_REST_OF_2026,DUST_WHOLEBOX_CLAIMABLE
8017f692a6d7cf8c50f5efe10bc6998f4c42c509d64ca5f311f85c631a99ef11,9i9Lsr9ZyNLCLeKCyfwcJz4rkgUx5mYULjUNsQQna3Gb6LXyyRX,0.01,159.73539447,0,839939,2022-09-17,1891139,2026-10-10,DUE_REST_OF_2026,DUST_WHOLEBOX_CLAIMABLE
3dadccec98f2dfa8d3aa3511494e857277de82d4c53f4e97f23e7bba6c624dd5,9i9Lsr9ZyNLCLeKCyfwcJz4rkgUx5mYULjUNsQQna3Gb6LXyyRX,0.01,95.375,0,839940,2022-09-17,1891140,2026-10-10,DUE_REST_OF_2026,DUST_WHOLEBOX_CLAIMABLE
4b20daca7787a5d8c485fa1922a7a8260193a5685cfe54fc1350a67f4ce118ae,9i9Lsr9ZyNLCLeKCyfwcJz4rkgUx5mYULjUNsQQna3Gb6LXyyRX,0.01,20.1875,0,839940,2022-09-17,1891140,2026-10-10,DUE_REST_OF_2026,DUST_WHOLEBOX_CLAIMABLE
a545c796b4f304cebc3208c118cfc3c58c5229c2a827d4803e0a721d5c702830,9iH1FUE1ejPS7HrXJNCbJdUx8DWjJCbwx35JkFqSz1h4Uwtcb1U,0.01,66.42368196,0,839940,2022-09-17,1891140,2026-10-10,DUE_REST_OF_2026,DUST_WHOLEBOX_CLAIMABLE
4b9ea3481e8e93a9a0ea1903126d6a79dd2820b599be79184d9d3b080d0811b9,9i9Lsr9ZyNLCLeKCyfwcJz4rkgUx5mYULjUNsQQna3Gb6LXyyRX,0.001,1423.57079991,0,839961,2022-09-17,1891161,2026-10-10,DUE_REST_OF_2026,DUST_WHOLEBOX_CLAIMABLE
4d94b085bf8a7d432c27029c482f2e0e622de0ea7b1de97c6d53f4c5d735bfce,9fmG9MXiyzuaovJAiFsKo1qMHSFQ69tSiwc1hZmY6LXkec9CCbV,0.01,12.01261805,0,839988,2022-09-17,1891188,2026-10-10,DUE_REST_OF_2026,DUST_WHOLEBOX_CLAIMABLE
1427ca8d0cf79a1577349e081d625a0f9f5bb5522c5c4ff81ecba962ec4a5009,9g3vhDVbzFjSHJR5C8Ak3zJjfPf1veoff31uqKXLnLjrcB5UoDM,0.01,7.08860304,0,840051,2022-09-17,1891251,2026-10-10,DUE_REST_OF_2026,DUST_WHOLEBOX_CLAIMABLE
0ff57b9061ce34e35cd895d0d19a38ad794d248a44b00e8746daf05c65a26340,9h2aGCJgouv3BBthvbGU4ZGMYt7BZBFMYfjR9wmetK6UeUwgT1t,0.01,2.90089685,0,840071,2022-09-17,1891271,2026-10-10,DUE_REST_OF_2026,DUST_WHOLEBOX_CLAIMABLE
049ea302c91d7e66b43b3868c7821cde8b7eb6fa8dcc2c98e025fd9a02e1a675,9h2aGCJgouv3BBthvbGU4ZGMYt7BZBFMYfjR9wmetK6UeUwgT1t,0.01,673.4212728,0,840071,2022-09-17,1891271,2026-10-10,DUE_REST_OF_2026,DUST_WHOLEBOX_CLAIMABLE
303b619bf6039d6437a8202726f5033e10d71c22fffef3ae31043aee89e12d71,9g9ZkcJRtdaEfd5rkTGHhxNGxaSquQhCgJJdGb2PrmQu55t95mM,0.01,11.27351401,0,840073,2022-09-17,1891273,2026-10-10,DUE_REST_OF_2026,DUST_WHOLEBOX_CLAIMABLE
ef9439e2c2e06d63ccec71e685ca069bcb002bd030f6d8e804695d5b934ce66d,9edXtMWA3bfRjKVco7x1Hd6pYFxw9s8tAkRs1uE9GkM5d1qziX3,0.01,0.25424448,0,840080,2022-09-17,1891280,2026-10-10,DUE_REST_OF_2026,DUST_WHOLEBOX_CLAIMABLE
4fb19a78eb9fa773789597f7d79372c6aa3c51706291741f50d33a5994850d3b,9g2QZDpDCsiL1unV5noXeKGQzUPrt7gFW9AAJdeNHUHx9bavEX7,0.01,5.39380911,0,840081,2022-09-17,1891281,2026-10-10,DUE_REST_OF_2026,DUST_WHOLEBOX_CLAIMABLE
80ae3b259be856d84505db69c482cf7485b3e33cdd86fe2106d41428b007b7c9,9hTmE4H2vWt6ZA22UEicm2vUdpZ3rkeNFsDY6X8PGQpMtKVeL95,0.01,2.09487102,0,840092,2022-09-17,1891292,2026-10-10,DUE_REST_OF_2026,DUST_WHOLEBOX_CLAIMABLE
1e03e79c7c515c05ebb704159f9b909c1864db4fa7f4ba9315ce62128ef0ecae,9fhKCWMH96HVuPJSXnFhwW2MrYJjj4PSp9udmr6rUpxpNKoUq2d,0.01,49.9188958,0,840107,2022-09-17,1891307,2026-10-10,DUE_REST_OF_2026,DUST_WHOLEBOX_CLAIMABLE
ff395d4ca2e27fe49414cb7dd1661dd7f46639762a6bd58c78b84089f44b02f1,9hpxuoos7D5utG55wsjR5B2VMoiWyJwAL8JKhpQWKLj6E2zRBDx,0.01,47.51090507,0,840139,2022-09-17,1891339,2026-10-10,DUE_REST_OF_2026,DUST_WHOLEBOX_CLAIMABLE
99c67866d02961995a9f9943a8346c5b39abebe674b09b31a52ccb675740b3ec,9h5osQ5ywm1Lx8sEQGTrzV3JWNzVSvuZ8zfN4gY5ACokqJmqRrF,0.01,49.01589927,0,840162,2022-09-17,1891362,2026-10-10,DUE_REST_OF_2026,DUST_WHOLEBOX_CLAIMABLE
e49a2837171e2646ab57c4b99ce60c259a95e3d10b779ee00295d477ba851260,9h3vU7pnBizqtFTztAK13kVXtEnzvcGA98g959iUZFDhDs5HQuw,0.01,48.71490043,0,840167,2022-09-17,1891367,2026-10-10,DUE_REST_OF_2026,DUST_WHOLEBOX_CLAIMABLE
f1012d26a3400a02a6bc718a7801e7a7122940c98e841fbef46a7cf0a90be30d,9h3vU7pnBizqtFTztAK13kVXtEnzvcGA98g959iUZFDhDs5HQuw,0.01,6.125,0,840169,2022-09-17,1891369,2026-10-10,DUE_REST_OF_2026,DUST_WHOLEBOX_CLAIMABLE
5a79b5a4eee034b459fb5ccc0b36903b0071b451177b2dc190a4efa6cd6d1254,9eeF1iEFRLXr2RjqhL6tyQnKjbV6wgXn3eUacAHq8nFnhELSGSk,0.01,0.69423837,0,840188,2022-09-17,1891388,2026-10-10,DUE_REST_OF_2026,DUST_WHOLEBOX_CLAIMABLE
c4d5fd317ecd99fb1978472f6c048d222d12d279e2e8d2f3deddf47f6c1bb8d7,9ga4H6hbDPCi8dKGdxxkQdk4Xf1u54EPoJgM7VnZthCXkgnCzNY,0.01,71.35712405,0,840206,2022-09-17,1891406,2026-10-10,DUE_REST_OF_2026,DUST_WHOLEBOX_CLAIMABLE
6b6d366ec1aa1bc5580b17c4625497e943b06f96ce1d52fd301523b9daeb12f3,9ezWKVXTNxz7Kk7xX61bE5pvrqfBpHaGJ5S73qKpYx23FsFYfQg,0.01,13.58359006,0,840210,2022-09-17,1891410,2026-10-10,DUE_REST_OF_2026,DUST_WHOLEBOX_CLAIMABLE
941460708630ff786c9ba90fd3b2b0ac902fcffb01d8c5bd7ca554f979a5c1ef,9f5LN3eX7rTogcMGEtevRFkZzdqN5d8veTpEcmphn6xpu99Wgt7,0.01,1.44565299,0,840232,2022-09-17,1891432,2026-10-10,DUE_REST_OF_2026,DUST_WHOLEBOX_CLAIMABLE
50b0fc00d6513b3db3d9181ba2ac4b8e2a01183d6ace7bec623c136ae2f59baa,9ewooQEiCs3yg6Gj8dRLQR5oM4MkWHzsWfqNe9uUD4dSZz1vrM4,0.01,55.28569939,0,840238,2022-09-17,1891438,2026-10-10,DUE_REST_OF_2026,DUST_WHOLEBOX_CLAIMABLE
d8cf33a6935624bdd2af60b4ac1b779ef6ac90c697fa3a77c9d1e193c2b41b1e,9hphhkjTfatRRhrj6beLtDctKpQuzXU2isq95gSzJn9oHougUcK,0.01,12.42758026,0,840249,2022-09-17,1891449,2026-10-10,DUE_REST_OF_2026,DUST_WHOLEBOX_CLAIMABLE
03faf76125fcea142b2d75931aa7b1e687d9b7ddb47c444d5580da54e4799b63,9hsyg34XFqyU1ZWiCDCTw9huzyHsDQY8txAjb3aFktfwzRvgYKw,0.01,11.11772042,0,840298,2022-09-17,1891498,2026-10-10,DUE_REST_OF_2026,DUST_WHOLEBOX_CLAIMABLE
0a7321c7731836c440691207cb8f35afdd4a35f9bad36b8bb1c6f694e0e14ce5,9h1k1ctm8Gj7jcxgCizT3F8m2X1KmxtnGUQFqdce92n6Dazi3bd,0.01,6.4619624,0,840298,2022-09-17,1891498,2026-10-10,DUE_REST_OF_2026,DUST_WHOLEBOX_CLAIMABLE
4a71d030aa171ec6b309d2b89b88ec7d59254370e1204604172829fd46bf134b,9g1HM1GUHTJrydjGtEne8mWg1KXYT3qKdGATVAJxoa4RVKn4VXh,0.01,47.51090507,0,840830,2022-09-18,1892030,2026-10-11,DUE_REST_OF_2026,DUST_WHOLEBOX_CLAIMABLE
c9b61f391dbfee10181280bcff7acd9646945952c24b2b84c55e09aa0b3dd3f7,9ep8EPb4SwY6AhYzdRSVJsom2kbpfqUA2BuHHhhcUSQXeZ9svCF,0.001,47.51090507,0,840833,2022-09-18,1892033,2026-10-11,DUE_REST_OF_2026,DUST_WHOLEBOX_CLAIMABLE
e76d4efe5b266e947b5b77ac2c306b1ee36d5f99a7c410e1db87eef66e3c335e,9fZfBiRDXvkkgE4CrsGoLtFUEPNpr5h19wL29kUQwGwdHjBheWf,0.01,154.91891411,0,840840,2022-09-18,1892040,2026-10-11,DUE_REST_OF_2026,DUST_WHOLEBOX_CLAIMABLE
e86c2a80ced532c780d07208ac90e0ab725c95cc900b60891fd7dc016aab2bed,9fZfBiRDXvkkgE4CrsGoLtFUEPNpr5h19wL29kUQwGwdHjBheWf,0.01,48.68814498,0,840843,2022-09-18,1892043,2026-10-11,DUE_REST_OF_2026,DUST_WHOLEBOX_CLAIMABLE
3ba241026318dc4802b15265fe58ffcc98fdf9b74864f611c360423b4a36444a,9fCv8JsqrbLn5EKJbaDuc8ZGULQLgdkJrgWtDE4AUkGdFfmxLPY,0.01,1.40022624,0,840860,2022-09-18,1892060,2026-10-11,DUE_REST_OF_2026,DUST_WHOLEBOX_CLAIMABLE
375f5185c19acfe804ec0dc171b3fa9bfc5602db177e00a47609b150606e77a5,9g5cA6sXZS57UV1g8gVEDo9yAagHYo1jT64WXs33y5xVXDuA196,0.01,3.51485149,0,840880,2022-09-18,1892080,2026-10-11,DUE_REST_OF_2026,DUST_WHOLEBOX_CLAIMABLE
b6b44d9e9790f8352cec71fcfb3690927a9f111dea0f977569111a2b8900ccae,9grXrKbwxpgpVgNCh7NN36nUqYGYppqh3vEDwcgUBr67tzzo9am,0.01,12.09373459,0,840891,2022-09-18,1892091,2026-10-11,DUE_REST_OF_2026,DUST_WHOLEBOX_CLAIMABLE
955f20d2ecb027e715814a44eb5398f3faf3dc63bbe0cf6a42f3dd74a51a3e6a,9gWdCq7qpmzzT3UoFjU6rQQNVNyXAurpf3SMoaCqm53zYz643aq,0.01,48.11290275,0,840901,2022-09-18,1892101,2026-10-11,DUE_REST_OF_2026,DUST_WHOLEBOX_CLAIMABLE
00d58b8d499bac7fa6b712b9f8d18b4a75265233ad93c80c3a0a51a76a0c417e,9iPTdzE67rJzYGwqufMrA73YvzCww3tGvD8BS1b4tMuBM6mJrxu,0.01,103.42980087,0,840906,2022-09-18,1892106,2026-10-11,DUE_REST_OF_2026,DUST_WHOLEBOX_CLAIMABLE
30243e842d27fd7629a8c459abf24057abaee1f2872c89a2201550ca5f601d73,9iPTdzE67rJzYGwqufMrA73YvzCww3tGvD8BS1b4tMuBM6mJrxu,0.01,6.13376488,0,840906,2022-09-18,1892106,2026-10-11,DUE_REST_OF_2026,DUST_WHOLEBOX_CLAIMABLE
bd78740eacd9292273bb909b77a07cd36dbcf5078c54ffe812c639ec2b009031,9esRHQFdYdGeMdYpqi9XmogqzhRHdRbqoqUnepE9Xva7Q7QvF6N,0.01,2.10094756,0,840909,2022-09-18,1892109,2026-10-11,DUE_REST_OF_2026,DUST_WHOLEBOX_CLAIMABLE
131a2d51071cb24ff5c70024a649307b708e0dfee7a3dff56401fe08fe9859ea,9iPTdzE67rJzYGwqufMrA73YvzCww3tGvD8BS1b4tMuBM6mJrxu,0.01,10.0625,0,840910,2022-09-18,1892110,2026-10-11,DUE_REST_OF_2026,DUST_WHOLEBOX_CLAIMABLE
29ae5781f5f27c0e793bf29fddc01878c0a79923dc68f8cf289bc427706503bc,9fSC7pwRCmRV3YoWqoc5CoeS5Fb9rG3Au9hQXkWczfPWuWHny8S,0.01,2720.61761116,0,840988,2022-09-18,1892188,2026-10-11,DUE_REST_OF_2026,DUST_WHOLEBOX_CLAIMABLE
483ad35c37a7df453dd31678bded9fcb8d82bbbf5ad75c8c47816bb0a7805902,9fSC7pwRCmRV3YoWqoc5CoeS5Fb9rG3Au9hQXkWczfPWuWHny8S,0.01,2846.35032399,0,840988,2022-09-18,1892188,2026-10-11,DUE_REST_OF_2026,DUST_WHOLEBOX_CLAIMABLE
f8491e003bd69238f45ae6317a77e7884f9b2b4efe1257085c0db93d017a0e9f,9fSC7pwRCmRV3YoWqoc5CoeS5Fb9rG3Au9hQXkWczfPWuWHny8S,0.01,2877.56727816,0,840988,2022-09-18,1892188,2026-10-11,DUE_REST_OF_2026,DUST_WHOLEBOX_CLAIMABLE
903f528fe93b11967f62e5f6ee2e33e52ec57562371b0db025a26293e96f78a5,9fSC7pwRCmRV3YoWqoc5CoeS5Fb9rG3Au9hQXkWczfPWuWHny8S,0.01,2721.31325292,0,840989,2022-09-18,1892189,2026-10-11,DUE_REST_OF_2026,DUST_WHOLEBOX_CLAIMABLE
5d4070637e06d6e55d7b847c1adf884125900ed5a488eb985aca815eacb66e7a,9fSC7pwRCmRV3YoWqoc5CoeS5Fb9rG3Au9hQXkWczfPWuWHny8S,0.01,27.875,0,840990,2022-09-18,1892190,2026-10-11,DUE_REST_OF_2026,DUST_WHOLEBOX_CLAIMABLE
4c4ede5e25bc25445a0ab6822f908410aa4d47bfb62385dbe2d2477669b4e208,9fSC7pwRCmRV3YoWqoc5CoeS5Fb9rG3Au9hQXkWczfPWuWHny8S,0.01,4274.92590853,0,840991,2022-09-18,1892191,2026-10-11,DUE_REST_OF_2026,DUST_WHOLEBOX_CLAIMABLE
2a3305176aa4215ef2ff3e6a256af3a47f9ce4b1865bc3b097af2a120ac197ff,9fSC7pwRCmRV3YoWqoc5CoeS5Fb9rG3Au9hQXkWczfPWuWHny8S,0.01,1088.35151154,0,840992,2022-09-18,1892192,2026-10-11,DUE_REST_OF_2026,DUST_WHOLEBOX_CLAIMABLE
514231a804ad9d46bcafaddc259ba9e2dd082c39f2f841bbce094e1785f036eb,9fSC7pwRCmRV3YoWqoc5CoeS5Fb9rG3Au9hQXkWczfPWuWHny8S,0.01,2142.8641703,0,840992,2022-09-18,1892192,2026-10-11,DUE_REST_OF_2026,DUST_WHOLEBOX_CLAIMABLE
fe3c77e19a5c0a00de2073242a927138025d6aee58384a42f455a7caf5493924,9fSC7pwRCmRV3YoWqoc5CoeS5Fb9rG3Au9hQXkWczfPWuWHny8S,0.01,2144.06816567,0,840993,2022-09-18,1892193,2026-10-11,DUE_REST_OF_2026,DUST_WHOLEBOX_CLAIMABLE
132b021a1f5431eada1a791b1503afe4d293e3f9db8327f5830fce0d9bbe3a86,9fSC7pwRCmRV3YoWqoc5CoeS5Fb9rG3Au9hQXkWczfPWuWHny8S,0.01,2141.66017494,0,840994,2022-09-18,1892194,2026-10-11,DUE_REST_OF_2026,DUST_WHOLEBOX_CLAIMABLE
37b681e84e1007b8771d5372a3c0157de52fafb6e602d07ec453427e1a4c1d59,9fSC7pwRCmRV3YoWqoc5CoeS5Fb9rG3Au9hQXkWczfPWuWHny8S,0.01,1064.21809817,0,840994,2022-09-18,1892194,2026-10-11,DUE_REST_OF_2026,DUST_WHOLEBOX_CLAIMABLE
c7e7785f27c93d7d82485656757c54ec6603a41e99894cb2670775e573e748ab,9fSC7pwRCmRV3YoWqoc5CoeS5Fb9rG3Au9hQXkWczfPWuWHny8S,0.01,2142.8641703,0,841000,2022-09-18,1892200,2026-10-11,DUE_REST_OF_2026,DUST_WHOLEBOX_CLAIMABLE
90fb7a354c6e688ee53619522b84566feeeda88f3f466424d665fd7672fe55cf,9fSC7pwRCmRV3YoWqoc5CoeS5Fb9rG3Au9hQXkWczfPWuWHny8S,0.01,2134.43620276,0,841001,2022-09-18,1892201,2026-10-11,DUE_REST_OF_2026,DUST_WHOLEBOX_CLAIMABLE
0c91595bc292027fab00a34684e143be953561883e77248a4ec12bea77940092,9ecg9NcTND4m9rMLwGbJUFJ9sDwQevYH2DR9wCGUUKHQc8SUFWN,0.01,59.53091818,0,841008,2022-09-18,1892208,2026-10-11,DUE_REST_OF_2026,DUST_WHOLEBOX_CLAIMABLE
348ddbdbdf8ef10aa51187386ba7ff8edbe9b685b1d31b6c793bcc2027fc64d7,9iEEbmVNaEuQiA1YQNLVsoSpAfG2ZLvfUKZQ2QQ3om19cWwAqHF,0.01,110.59867566,0,841036,2022-09-18,1892236,2026-10-11,DUE_REST_OF_2026,DUST_WHOLEBOX_CLAIMABLE
80b8861635abb1dba2502d2a04c2d2d104b19d9f75b61e4b4df99cc71003b1ad,9faCLHfruMJUyvm7AJ5UGyXgtgTHSHvgbYhHZX5CQm4yj1nUCj6,0.01,60.18200157,0,841059,2022-09-18,1892259,2026-10-11,DUE_REST_OF_2026,DUST_WHOLEBOX_CLAIMABLE
9285844826ac37a88670e8293f0babfad6f4d80f149dbc8734258057f9efe3e9,9esV8EVmjqxX7muqoQ3Ffy3ojNmED9UKWussWBotAHwVQ7JcutY,0.01,3.44422336,0,841066,2022-09-18,1892266,2026-10-11,DUE_REST_OF_2026,DUST_WHOLEBOX_CLAIMABLE
010c53399d82a4e6640e7c1f7716eb21a9822a0ff76e77963b0f18d150aad869,9fifipffxSZdXWHFFJNQhKHXgppULe3uCZ1enWqUFJ6DUGJdsGd,0.01,23.05516726,0,841068,2022-09-18,1892268,2026-10-11,DUE_REST_OF_2026,DUST_WHOLEBOX_CLAIMABLE
ffb2d2be151f51bbbc37def96b70c9599591e4b89d73845a8c167c2e66d179a8,9iKhzxS41BUw2hbQ2pX7hmnp1Fm1eTNauurDQABBKPM6NSzHtQa,0.01,6.36556341,0,841074,2022-09-18,1892274,2026-10-11,DUE_REST_OF_2026,DUST_WHOLEBOX_CLAIMABLE
aebab7faf2f298a3aed40129b2a4611b3b99721be17ace74e8d40937ff47640a,9hhH6fRXtAFcrDrBK4wHN6nupgf3Jr4uYDGGhz2xXVoLiux4dSN,0.01,48.11290275,0,841082,2022-09-18,1892282,2026-10-11,DUE_REST_OF_2026,DUST_WHOLEBOX_CLAIMABLE
304f9e9046deca0424d088c235f9909547d28c58de0e9530064f54c215844816,9ednHRCebuoQAFS82AWbSJb3pP8cTDm6XwxPVCLDGXbaAXWzTkr,0.01,1.8822942,0,841090,2022-09-18,1892290,2026-10-11,DUE_REST_OF_2026,DUST_WHOLEBOX_CLAIMABLE
1431ce13f35cd7718ae00edf134c58034dc82f9f4442d739c3b30b359529adca,9h7LtB3rfnSHeCshUm6oj8jfAwLsCxuwwoSCEshgZaGs92nwWFP,0.01,3.20054973,0,841096,2022-09-18,1892296,2026-10-11,DUE_REST_OF_2026,DUST_WHOLEBOX_CLAIMABLE
9ff7b3ce94ee29f66e1e7fc71f02bda234a1580dfb31705d0519ed86432187c0,9fRDvHJAbBC9om9zphP9rS7ik3y4eDEye72eH5UdJqrXrFhnuGv,0.01,109.28918507,0,841105,2022-09-18,1892305,2026-10-11,DUE_REST_OF_2026,DUST_WHOLEBOX_CLAIMABLE
ccb6914f3c2bdb85f0d08388cf82ed18ed6db25b7bea7842703bafda71d5c896,9fn33f9hrYaCdbLgbnDSbNmRDGxP76bhwwKLm9MDx58ckQiiQ3n,0.01,26.7405312,0,841106,2022-09-18,1892306,2026-10-11,DUE_REST_OF_2026,DUST_WHOLEBOX_CLAIMABLE
1cf5bbaa210eb27867fa2f470412b7338be8dab3add637712e2f410092cbb597,9fSC7pwRCmRV3YoWqoc5CoeS5Fb9rG3Au9hQXkWczfPWuWHny8S,0.01,2134.43620276,0,841120,2022-09-18,1892320,2026-10-11,DUE_REST_OF_2026,DUST_WHOLEBOX_CLAIMABLE
d7f10a1bb30bfa79fd0a0a64f545bc2e6d2afb010b60630e96478c7f929f948d,9fSC7pwRCmRV3YoWqoc5CoeS5Fb9rG3Au9hQXkWczfPWuWHny8S,0.01,2134.43620276,0,841120,2022-09-18,1892320,2026-10-11,DUE_REST_OF_2026,DUST_WHOLEBOX_CLAIMABLE
25a2e48e808f02d8f3b352d70f578ef23f20cab4d70abce11e2bf6d573f4f617,9gqxmN2xSwudGQgYkT7RmhHxLunB2yQXtKGK8EUfFpry13p6jR3,0.01,48.71490043,0,841146,2022-09-19,1892346,2026-10-11,DUE_REST_OF_2026,DUST_WHOLEBOX_CLAIMABLE
12dcf2cf54352f9ef0c98d2b63bdf86478d97ec1ff8002741aeb7ee971f87762,9eySRcSoQKUiyddwjvbBiTEWpkQf5is8qA6YvdCEcm53inHSi5u,0.01,19.67806656,0,841239,2022-09-19,1892439,2026-10-11,DUE_REST_OF_2026,DUST_WHOLEBOX_CLAIMABLE
46961c44ecaa25d03015981f6155e41b588528c2cfe0532decd323f34b76bd02,9eySRcSoQKUiyddwjvbBiTEWpkQf5is8qA6YvdCEcm53inHSi5u,0.01,285.81176272,0,841239,2022-09-19,1892439,2026-10-11,DUE_REST_OF_2026,DUST_WHOLEBOX_CLAIMABLE
a9d1d699af551cc0184ab4f415a2017649a79c23e710b67a498c827c659c91e1,9eySRcSoQKUiyddwjvbBiTEWpkQf5is8qA6YvdCEcm53inHSi5u,0.01,23.17636039,0,841239,2022-09-19,1892439,2026-10-11,DUE_REST_OF_2026,DUST_WHOLEBOX_CLAIMABLE
9ed8dbf5424d5fa58d0dc2135e87b0b3f91ee8368fa6d1e15d73c77068bfefd4,9f29kxq3qsZbWsBKAx9L8dorkerYJmWEaujYdz2P58jEchKpu6R,0.01,2.06507597,0,841251,2022-09-19,1892451,2026-10-11,DUE_REST_OF_2026,DUST_WHOLEBOX_CLAIMABLE
41e94725cf127aab073e2a267056ff94ee7d7e561ef410b222906ee93a54389e,9ergG9Zd9i6FzsWmfyceyFuGPzYtoMuuUB3sYJXt56DoR52C3tg,0.01,212.6637176,0,841254,2022-09-19,1892454,2026-10-11,DUE_REST_OF_2026,DUST_WHOLEBOX_CLAIMABLE
25b59f10d87a3f6b6a987be037b6483fa81dd34241a41744aa18083633e9c143,9epXcZB1hYEEEooHSX19NbpJ3KN3cKaRUWp3hYe2DxdyZdLMmTN,0.01,18.33705255,0,841278,2022-09-19,1892478,2026-10-11,DUE_REST_OF_2026,DUST_WHOLEBOX_CLAIMABLE
8d11509dfde5a7af83cf81b71c528e4a62e7f4deb5df4ff5a59535c0e4baab7c,9fwLjWCW14wq38voSH1qMYJ8Mkj5ZHc7VW1tz63pscg88uXabxh,0.01,48.71490043,0,841297,2022-09-19,1892497,2026-10-12,DUE_REST_OF_2026,DUST_WHOLEBOX_CLAIMABLE
9c0426e0f33fece224145b7c2f33e77ea1f45bb14d839b8021805457bc08a1b1,9h1BhGj1TuF87LYzK6RymsdK7enVrSqCUXXxkdnjERhPU4uQmqh,0.01,59.28219116,0,841308,2022-09-19,1892508,2026-10-12,DUE_REST_OF_2026,DUST_WHOLEBOX_CLAIMABLE
1bbbf9cc5c9b7cbece2a02bfe95638f765633525ec0c701f21ef41dda33cf74e,9hiC4gUKkYoG58dsjEon5fV6skHU657mTdPNK4g2tnzMjsvYeUG,0.01,461.83511577,0,841312,2022-09-19,1892512,2026-10-12,DUE_REST_OF_2026,DUST_WHOLEBOX_CLAIMABLE
bcee6ef4463ca99605c8899ad48f21ba5a635124e0eb28ec260e261afb7acdaf,9gopTQWiC843XLgiawCCYiUhhK2NAwGrqmu1DWWFU6kCX2Sipix,0.01,5.37013095,0,841333,2022-09-19,1892533,2026-10-12,DUE_REST_OF_2026,DUST_WHOLEBOX_CLAIMABLE
87cd622da7f56e65b17a1480a77d7d243d58c34404bff3cc8c6834e7fcf92dec,9ghQMkMsktuYQw8NGGeNJeZo667hrUWjbCCgqqsVnF8jqmeNCjV,0.01,50.43454963,0,841343,2022-09-19,1892543,2026-10-12,DUE_REST_OF_2026,DUST_WHOLEBOX_CLAIMABLE
0c3e92b4f407b43355e2e64024c8ce5c785f6b17d3528c8614a8ddc21926ba97,9ghQMkMsktuYQw8NGGeNJeZo667hrUWjbCCgqqsVnF8jqmeNCjV,0.01,5.0,0,841346,2022-09-19,1892546,2026-10-12,DUE_REST_OF_2026,DUST_WHOLEBOX_CLAIMABLE
b74b99cfba2da3768827f827eb926e22e024c3cdf4e90a8aae6aad1f889bb83e,9ghQMkMsktuYQw8NGGeNJeZo667hrUWjbCCgqqsVnF8jqmeNCjV,0.01,48.71490043,0,841346,2022-09-19,1892546,2026-10-12,DUE_REST_OF_2026,DUST_WHOLEBOX_CLAIMABLE
1b896eb699ed3e8e13f4e04287b746b5010de0d3db500e61009a3c43329a2165,9fydKAB8wJaVXc26PJntTu2LDBhoTGjhFpGwb7p83R6wPyftPq1,0.01,609.39784127,0,841367,2022-09-19,1892567,2026-10-12,DUE_REST_OF_2026,DUST_WHOLEBOX_CLAIMABLE
ea453230ed777a72087a31e436ad717fe2da016ff465458e0047e475b251e773,9grorQ7R7zvnit5pi41VUA276pApTXiLKBXCduVTPWVUWNAANEg,0.01,48.14931692,0,841375,2022-09-19,1892575,2026-10-12,DUE_REST_OF_2026,DUST_WHOLEBOX_CLAIMABLE
569c21382daa91da35ea5cb7a5623b06cd1a16361adda0b6f96f3a6c326c2eaa,9gQrSb1566idGHMbmgDdfMmfAff18yyKFPBHFsp9X5Zm9ADTNkx,0.01,49.00191257,0,841377,2022-09-19,1892577,2026-10-12,DUE_REST_OF_2026,DUST_WHOLEBOX_CLAIMABLE
b9b606cfce4a9cb887d51b4b4a2f7fe78601292432154a1b678edd7ca637de84,9euRGHaKrxBPomDQSijVLz76oPJu7iWR7thPweR9G4BhrtX9wdz,0.01,1.80128045,0,841385,2022-09-19,1892585,2026-10-12,DUE_REST_OF_2026,DUST_WHOLEBOX_CLAIMABLE
a13949d3837ab887956816f0a4e846fae5ed383f1db75f6b4afc6359fc5c8c7c,9g55EKoMFmD6siA5fhQbm5zxyL2ZuYYRWiWUW1z3VUKCXFyQw6Z,0.001,86.0,0,841407,2022-09-19,1892607,2026-10-12,DUE_REST_OF_2026,DUST_WHOLEBOX_CLAIMABLE
7153fa4865d01ba42a669962732e4ad82deac074b7cfa2bed407b76c9b048bbc,9gtaLJdPbXSXS9dwC1PZsr7zdkcjg4qG9C9m5ebEYVmrWzL3hHM,0.01,45.6875,0,841415,2022-09-19,1892615,2026-10-12,DUE_REST_OF_2026,DUST_WHOLEBOX_CLAIMABLE
5ff880e499f64e6ead5b0f20b17e931068e940d3bb4b89137020bf50fc75508f,9fh3S4WjzLubnWjJhBN1CrUxXFy5ZZx2rAXB2K3cJpcPYgwFce5,0.01,4.61949354,0,841440,2022-09-19,1892640,2026-10-12,DUE_REST_OF_2026,DUST_WHOLEBOX_CLAIMABLE
71d9129c35638c41e2a2bff8615c05336a08421a7db37ac65c696080a42691ba,9ea5rYnY3r9Ge5oz4TqAt4Goqa6VBvaen9F7Y1FvDD9tWdQQVwV,0.01,55.88848099,0,841457,2022-09-19,1892657,2026-10-12,DUE_REST_OF_2026,DUST_WHOLEBOX_CLAIMABLE
8b06cafb92d36ba21b3a90e1446ca0959aad7b8bf9106916e216e38e3144ae16,9fPGc23hmmErLwBq2FyZmz84maNUUkk6uP99G4ScuRuwRY9TDP5,0.01,80.4680221,0,841477,2022-09-19,1892677,2026-10-12,DUE_REST_OF_2026,DUST_WHOLEBOX_CLAIMABLE
089986d4fd52db8144eae8824bf77922e5a2809a360c867e0a53648dfe3979a2,9ejvx1X8vrP2QHobdW8pMzBxjrrhai2LxrHHyEAv1BBdMJgELKi,0.01,0.34925198,0,841491,2022-09-19,1892691,2026-10-12,DUE_REST_OF_2026,DUST_WHOLEBOX_CLAIMABLE
77334ae87ba6e7e582ecb4da1fa480d06f6cca9c1352a8987e70e9756c946a6e,9gKpUrS7HPdpaPU7EdX1biPhb34sEaZzSyZyYu4nGz48svAWHyA,0.01,4.66956655,0,841500,2022-09-19,1892700,2026-10-12,DUE_REST_OF_2026,DUST_WHOLEBOX_CLAIMABLE
4a164f8c4d85df7b341722098af7682a5e933cb464acce2b894b1de96f800923,9f4JetJfF6gBsXeRmP7XX1hzuS4nTiViWai13JnTkWmpN3q4vJT,0.01,10.61392645,0,841503,2022-09-19,1892703,2026-10-12,DUE_REST_OF_2026,DUST_WHOLEBOX_CLAIMABLE
899086d1598977d4742fcacd34bd9ed38b66e28b16028d6b7f647089cc9f6501,9g9X9qNfqQqjmVziQfenpSbdUmTczUoiHzEdig9SFcWzpQcZzav,0.01,2.93806537,0,841503,2022-09-19,1892703,2026-10-12,DUE_REST_OF_2026,DUST_WHOLEBOX_CLAIMABLE
e9d51547ceda9136813dfbb6f9aac4c1ebd81ce18ace8f05af09ba1329a0b28b,9gEd6EfcK61Y8RQpizGfThRpN5PSArRyZSz8Xk86ikTMGypG49c,0.01,11.68834894,0,841527,2022-09-19,1892727,2026-10-12,DUE_REST_OF_2026,DUST_WHOLEBOX_CLAIMABLE
9eed99fcdf718c6be2a997e8698a0cb645e453c42fa85759be84241b2d210b7c,9hytavBzavwZh7q8BefQNczCrECXoTxGFKsHabjhKg332BgJNAZ,0.01,49.31689811,0,841532,2022-09-19,1892732,2026-10-12,DUE_REST_OF_2026,DUST_WHOLEBOX_CLAIMABLE
cdd674fc018024decd1c5dc6091e58fddf0214d938432ce531d9b8630b0e65ce,9fhCwTpCaGt2xAyRaxxpKxJvv5yz4NPFSFFxv7HMMu8LYtgd1wG,0.01,31.12296063,0,841534,2022-09-19,1892734,2026-10-12,DUE_REST_OF_2026,DUST_WHOLEBOX_CLAIMABLE
8cc2907549f05eb84e55afe383b496a19e586569f476335b87e9339288d0561f,9gW13NbPSLhPiUvnkQ3HBUS8g8TdLtLBdtp4EBDrozANNYA3fhD,0.01,7.8125,0,841552,2022-09-19,1892752,2026-10-12,DUE_REST_OF_2026,DUST_WHOLEBOX_CLAIMABLE
734646c7c3fa4259bb7bd0f49844df108696e39095fee0761c69ea1534b8f387,9gdRqNeTD95TwZuQG92f2WpLEG4Tr1J5E1qd1wMpJDRERXJ27xo,0.01,17.375,0,841584,2022-09-19,1892784,2026-10-12,DUE_REST_OF_2026,DUST_WHOLEBOX_CLAIMABLE
62c1ab9df9eee016e54d00ef27a732092f9ea50bda20cedc19b6413716b71d6b,9hG6j8SmRyfiwgv2vFgFnjr98KRVfHpJqzjcHJTt439Asx5sjWK,0.01,30.6560746,0,841598,2022-09-19,1892798,2026-10-12,DUE_REST_OF_2026,DUST_WHOLEBOX_CLAIMABLE
6b13b915e0556575186a50e62cc0f8489deb1c5cb5cc97c5a70ee6fdf3d762ee,9hG6j8SmRyfiwgv2vFgFnjr98KRVfHpJqzjcHJTt439Asx5sjWK,0.01,101.62380782,0,841598,2022-09-19,1892798,2026-10-12,DUE_REST_OF_2026,DUST_WHOLEBOX_CLAIMABLE
dc611a4c66cbdb8d4af3585d810781bcb1374abf553affe83d2ef483a68adb95,9hG6j8SmRyfiwgv2vFgFnjr98KRVfHpJqzjcHJTt439Asx5sjWK,0.01,32.5864712,0,841598,2022-09-19,1892798,2026-10-12,DUE_REST_OF_2026,DUST_WHOLEBOX_CLAIMABLE
aa74e6ade6f860851e13cc483ba132210bdb37088b754139e2da7f8fbdd58a7f,9fnhH7ZtaTmdegrFyvxvzMvxBhr9kHFyptwg6AwZUvmiUftMCfd,0.01,12.49197986,0,841635,2022-09-19,1892835,2026-10-12,DUE_REST_OF_2026,DUST_WHOLEBOX_CLAIMABLE
258a1d60212ab2b8841b3d04cc942a414897b5895746a203412ccc816c6e8103,9gaWjiWcaTa9pSqvjN2bFmokfMKdXAk5EriebLhDuAuFdV8Ndf2,0.01,121.2174766,0,841650,2022-09-19,1892850,2026-10-12,DUE_REST_OF_2026,DUST_WHOLEBOX_CLAIMABLE
25822492b3208df70091687a4546b7c1bafa89048a66c7de17a037e08fd6a68e,9gneTQ6cGXtpKq1z2Gtvgs8RDeXsxJVhjNi9t19tvgHeWKp7pMq,0.01,102.52680609,0,841761,2022-09-19,1892961,2026-10-12,DUE_REST_OF_2026,DUST_WHOLEBOX_CLAIMABLE
d26f9d5329726b7545bff324e9b227af0fca75148d3b5306a6ca99fae2de0ef9,9hbdoU7C3RGYeLLRPharAsUzxtx3hcB4nDE5UKe6hgzdqeJw3nD,0.01,48.71490043,0,841776,2022-09-19,1892976,2026-10-12,DUE_REST_OF_2026,DUST_WHOLEBOX_CLAIMABLE
286d9d33ca1d34387114e34dd4934cd932f3df623b9e7957f86e4128ad84b83b,9ewVt1kmNanW5rVtaTpniviD4QTm3ok8QbuPfWPAE5wuBhdBzTm,0.01,3.98626728,0,841811,2022-09-19,1893011,2026-10-12,DUE_REST_OF_2026,DUST_WHOLEBOX_CLAIMABLE
48ac74e5eda4716136e0cb0b521336221f12377c7de92a2611efdbcafc9d7bdd,9gLG3wfNtQzphs6hGYzjkdiTfXWDuGwpuneT3xeAvj3ReBDSmn7,0.01,30.0384764,0,841811,2022-09-19,1893011,2026-10-12,DUE_REST_OF_2026,DUST_WHOLEBOX_CLAIMABLE
90da6177c836d6a8d4016333769c01999f62cfdd568d53c69447960b0322442a,9fhv5dh9WtGpzsystCvpakKgSiZvugQFpgGjdL1EnA8wdt111Ln,0.01,16.36696671,0,841859,2022-09-20,1893059,2026-10-12,DUE_REST_OF_2026,DUST_WHOLEBOX_CLAIMABLE
ce99de4008ca20bf766861fea01b2acadf85d769cb03eba21e907996caf2d092,9fhv5dh9WtGpzsystCvpakKgSiZvugQFpgGjdL1EnA8wdt111Ln,0.01,35.43270019,0,841859,2022-09-20,1893059,2026-10-12,DUE_REST_OF_2026,DUST_WHOLEBOX_CLAIMABLE
38fb585fdfa2bc2c99cdcc4b63eaaaaf604d50a70d7d60caaf78c03e3e864094,9fmnh8xSMNNFVwLcfPTibUbyYLUg4smQ5BLcuTop5eJjd4dmp3h,0.01,10.47604291,0,841914,2022-09-20,1893114,2026-10-12,DUE_REST_OF_2026,DUST_WHOLEBOX_CLAIMABLE
98a07f39ca36e8881d369c7cc73b2c72d647b12668de3ba2c4ad4f2ef7810a1b,9hBZoS5i2qer2YksMUTMXczc6D4e3riCCFgo1zeGAfPht27H9kR,0.01,180.28542734,0,841915,2022-09-20,1893115,2026-10-12,DUE_REST_OF_2026,DUST_WHOLEBOX_CLAIMABLE
45ec34c3291beef228e145e7828f35780d933211b71118aff16fdabb0cc07ac1,9h9KB8ghvxP2MPsDrWkNeUNZz5VZB6umgM9Af6VXiy22dvA88Dh,0.01,38.33475545,0,841922,2022-09-20,1893122,2026-10-12,DUE_REST_OF_2026,DUST_WHOLEBOX_CLAIMABLE
cdcc6703b4977c665cb784542d2c463f2a543f5f46453506c6458ca25647827a,9h9KB8ghvxP2MPsDrWkNeUNZz5VZB6umgM9Af6VXiy22dvA88Dh,0.01,25.29873555,0,841922,2022-09-20,1893122,2026-10-12,DUE_REST_OF_2026,DUST_WHOLEBOX_CLAIMABLE
eb6baf772f2dfe2478ebdadc4146c6e8d7d498a841f7a81a78b4233a130e3148,9h9KB8ghvxP2MPsDrWkNeUNZz5VZB6umgM9Af6VXiy22dvA88Dh,0.01,3.92850075,0,841922,2022-09-20,1893122,2026-10-12,DUE_REST_OF_2026,DUST_WHOLEBOX_CLAIMABLE
64ff06a1d46dc1a0e8af300f68f8f9b8ddb98b6077890c003d1ed3651f11eba2,9h9KB8ghvxP2MPsDrWkNeUNZz5VZB6umgM9Af6VXiy22dvA88Dh,0.01,4.14254437,0,841923,2022-09-20,1893123,2026-10-12,DUE_REST_OF_2026,DUST_WHOLEBOX_CLAIMABLE
74032a336f4cfee8018af53c228348bc4542d574102f3315a508c296b0d10b79,9gVtHK6gz8TR7Edi8ASQuwjxWWSufxeJKh77dCuikjDttnAhTnT,0.01,16.40793881,0,841928,2022-09-20,1893128,2026-10-12,DUE_REST_OF_2026,DUST_WHOLEBOX_CLAIMABLE
f2c43ac443fb8ad8c424431b9180bca1d994c3420589505885c947af5274ebf7,9gcdydQN4BoUNuFZyUBwpNcZAt6dMJerRfzdzjXBTfvRrBFGgTt,0.01,662.88631336,0,841929,2022-09-20,1893129,2026-10-12,DUE_REST_OF_2026,DUST_WHOLEBOX_CLAIMABLE
028933f670234d506b8f2438f0237c5d0263d3f22ad06c66aa22d1a8f9471c85,9fMwddgARxpgNWhm8vPKGgWEK1wWweUZU8vPS9JXJCh2PBJjU7F,0.01,47.61769943,0,841934,2022-09-20,1893134,2026-10-12,DUE_REST_OF_2026,DUST_WHOLEBOX_CLAIMABLE
fb114be289296876d03118400cef793d1b1f96cf86e3a09ff8d06e8de7356c0b,9fMSK2E5vTHaC3TF3TNB4f1LhDMHQ9vEn4KsuLfNvroaq125qmV,0.01,56.4504882,0,841935,2022-09-20,1893135,2026-10-12,DUE_REST_OF_2026,DUST_WHOLEBOX_CLAIMABLE
1ddcd133f8bc3687a44a537b1aa2eb41e19647a389e8347527402dbd389ff6f6,9fvTFfNi8fjDJjBmNxJmdoTh3gmYr5rYknDqBvztepmNsB5GsRx,0.008,9.696e-05,0,841938,2022-09-20,1893138,2026-10-12,DUE_REST_OF_2026,DUST_WHOLEBOX_CLAIMABLE
731559f71ad46766ae6ddc071b4b7bcb511fc3ddd376d22087fb6c99a972f666,9egxEzGP8VBq9Etd1jQLQu2Y6EgG5k8emoqKFyj4oxYBPzMcszV,0.01,167.29301349,0,841943,2022-09-20,1893143,2026-10-12,DUE_REST_OF_2026,DUST_WHOLEBOX_CLAIMABLE
e077fe8aaadf6a1ab3c514131c20dc413c2cc461a4105c9bd35acf82e9fed399,9ggha1h7KDV1m32XNRoLpptxjToZbCPLcmmtYSyyfy3sCB4xeYY,0.01,2.84062149,0,841964,2022-09-20,1893164,2026-10-12,DUE_REST_OF_2026,DUST_WHOLEBOX_CLAIMABLE
4efe099a401211a81c48906f0575f371136b2bea0ebc87b7fbe07f8cd601fea3,9i9PCpKoBtW7EjbYRbj1qFvWdUhMrDRdmMAQ85WkQgQMaocufy4,0.01,5.58994409,0,841986,2022-09-20,1893186,2026-10-12,DUE_REST_OF_2026,DUST_WHOLEBOX_CLAIMABLE
07beed623290cfd7aad6dcd5a289da5005b497140c765588e69569f7511c0c2f,9iHVhHaGL8yaa9MFPggafc8KX5b5xxzcFZsKR22YzHsUAcTYMiK,0.01,69.02126057,0,841990,2022-09-20,1893190,2026-10-12,DUE_REST_OF_2026,DUST_WHOLEBOX_CLAIMABLE
dd6168f69cde901921e6b8ed98eb64fd33313f2f68e58f5c6a1ad425bd5434aa,9gKzSnbvQdofZ5fA6KZnxkYsFTq8KWPceFGSnsN42hf27RY6mSy,0.01,6.35093762,0,842000,2022-09-20,1893200,2026-10-13,DUE_REST_OF_2026,DUST_WHOLEBOX_CLAIMABLE
a62b0eae3120388452520fa981e6f052cc07603e34339b4a43177eb7f434d7b8,9h1P9c8vM6VaJkgn1NXQwcg6WfsKz8pzji1CK6Bzt97fJsk6fA4,0.01,4.49116516,0,842003,2022-09-20,1893203,2026-10-13,DUE_REST_OF_2026,DUST_WHOLEBOX_CLAIMABLE
09231f34e2962ed43d80a5f474e7ee926e51e9bb645c0fd960556d57801e9848,9gyHb4akJEC8YSq4bVGMtnP6pLL2uYewd8Hiu2kyVLWffWFEiub,0.01,6.85887325,0,842004,2022-09-20,1893204,2026-10-13,DUE_REST_OF_2026,DUST_WHOLEBOX_CLAIMABLE
8bc3676dc76bf728bf2676a0e4f137c6e01cbb195cf6b93fc1ad7141cceafb3a,9fGFABcaFqwwbsZu6XWcKUb3yL9gkoGivnoQbDBppCk7wHxDMPo,0.01,0.34478296,0,842005,2022-09-20,1893205,2026-10-13,DUE_REST_OF_2026,DUST_WHOLEBOX_CLAIMABLE
ae6d3d4498e3addeb1bbd426aa31fd3f50d1eff527c173fa015d1a42de8d21e6,9g2pabe13hJTxze4gtws4yyUfXNguq91p6ZLT6vb72W7sE9LbKu,0.01,30.36594689,0,842021,2022-09-20,1893221,2026-10-13,DUE_REST_OF_2026,DUST_WHOLEBOX_CLAIMABLE
766d293b50d9a03779729b31533a9daec7dd2110abd1419fcd268dffd656276b,9hyndCrmiDbSFfCoquZZmUzLrLC2FgszyvM3LURenAiGMyobxJC,0.01,68.19193614,0,842022,2022-09-20,1893222,2026-10-13,DUE_REST_OF_2026,DUST_WHOLEBOX_CLAIMABLE
8def6033d3272c71b2c24b6421d807f983d4d374cad2633230ee5b2bee339895,9iF5hN4ccGmeufNAt4PUy9osyeBbhJjCiwgnGeRg8SAi6Qt9ryy,0.01,25.83856731,0,842034,2022-09-20,1893234,2026-10-13,DUE_REST_OF_2026,DUST_WHOLEBOX_CLAIMABLE
6afa2cd9f323000ab0d755b027dd0669c45c5a925ad24954c605243bc8674602,9hiZ9WM3s98SsfKAjEeL9YQmsmui59vVyjAXPwwkuncz5HJgSnv,0.01,11.00535129,0,842035,2022-09-20,1893235,2026-10-13,DUE_REST_OF_2026,DUST_WHOLEBOX_CLAIMABLE
a8e23c018c8328c3db50b0780eadab0b38eb4c8fe54b183c6d25964d8d96c7c7,9i3gnK1vJWfVwrzk4Lb221x5koFrP8nRXgoRoA3tu1DWxC8Jprm,0.01,23.68750922,0,842042,2022-09-20,1893242,2026-10-13,DUE_REST_OF_2026,DUST_WHOLEBOX_CLAIMABLE
57a4d199aec7a222a6a10fd9456125b0438e9601b697b74b1d48ab0173f434ef,9ez1mpGJH8J1dUz3SFoAY5cZApvKy2xc2yfHdNU44oAa7AQ8ZYL,0.01,49.31689811,0,842043,2022-09-20,1893243,2026-10-13,DUE_REST_OF_2026,DUST_WHOLEBOX_CLAIMABLE
f1ce56f484ec539d32536c310e3340f4ed4c946c530c484ff67c04f6c3f3f621,9ez1mpGJH8J1dUz3SFoAY5cZApvKy2xc2yfHdNU44oAa7AQ8ZYL,0.01,20.84863553,0,842043,2022-09-20,1893243,2026-10-13,DUE_REST_OF_2026,DUST_WHOLEBOX_CLAIMABLE
381b4a2295f02342b3815eeb60ff53b92dfc3a14711160777c734e0e0f384c8d,9etBXnoRXZYTjEZ95tZAe79XeJ8h4CbAs3SoDkj21Nd32RJq125,0.01,5.77468383,0,842061,2022-09-20,1893261,2026-10-13,DUE_REST_OF_2026,DUST_WHOLEBOX_CLAIMABLE
eb8823e9a65d062b23d1b5f2d8d950bfd25b1458bc34e76720fd7b9eb0291336,9fem3oMwBe83sVASReUZRfQXq5kyGLK8wUj3UoWjdiWdk5WEpxv,0.01,63.5,0,842069,2022-09-20,1893269,2026-10-13,DUE_REST_OF_2026,DUST_WHOLEBOX_CLAIMABLE
b2b4a28e0ff99e0c6566ef85ade96bbcfad6f038f2e65a504f166fb00fd5a22b,9ffXhm4Z6tzPVJBYjMrmfrLKWVJsw4n7KjzBQaAB8h7g3ieph48,0.01,47.51090507,0,842078,2022-09-20,1893278,2026-10-13,DUE_REST_OF_2026,DUST_WHOLEBOX_CLAIMABLE
31f5433d6f0a45fd9725bd4f48e3c0edf00f60031abf852fbf4de7f38ac56877,9gxFArfteBKD4tZ4K7dqLcidAkxKEXTouxzPGz3mjut1PNV44LF,0.01,15.14372537,0,842085,2022-09-20,1893285,2026-10-13,DUE_REST_OF_2026,DUST_WHOLEBOX_CLAIMABLE
1b448fedbe5717e2185b294b91766df6ab151094d3edca7d5f14e3863d76ab8c,9f8J9VTEdB7nsk8SQs75o1F1UiYaYCHCm36nxNqnatwM9X6eyvZ,0.01,0.27470509,0,842092,2022-09-20,1893292,2026-10-13,DUE_REST_OF_2026,DUST_WHOLEBOX_CLAIMABLE
e6d39bdfd836614f1f42509de64d664768917482cbf9092101842c2eda107f37,9gia4nLAUiMVU8LToRxVo2KoaUtB1EY3R2Yoiw63RQQW6t5zHxH,0.01,37.39641823,0,842092,2022-09-20,1893292,2026-10-13,DUE_REST_OF_2026,DUST_WHOLEBOX_CLAIMABLE
f683ab7cc8bd22054784b1f02fca668cbfbb4a4862e04591e4283766affcb14d,9fniY2radrjDWPLbzptjoUiZ9VgGojFN6LsCePLFnoGchzRA3gq,0.01,57.36599605,0,842097,2022-09-20,1893297,2026-10-13,DUE_REST_OF_2026,DUST_WHOLEBOX_CLAIMABLE
7803992b80cec568c190a99503c664abb560069ac5ec27e924ba22c7c8702244,9feXBSDRTXHa3gi4z3tkLJK6cC11EikoyktANyEFBvPmxwhBQHt,0.01,17.14848852,0,842105,2022-09-20,1893305,2026-10-13,DUE_REST_OF_2026,DUST_WHOLEBOX_CLAIMABLE
855c68f4be449ea8388747617faaddb28b45a772dcb158691f2b0ac57652b321,9gyHGJi7atG3ZoAWFitg2opAbvMxmapJiKryMy2DUUxEvdxU7QB,0.01,105.22213167,0,842108,2022-09-20,1893308,2026-10-13,DUE_REST_OF_2026,DUST_WHOLEBOX_CLAIMABLE
a5b1c80bcf5a79ede0eece01855ad77b8b5466e4a67744c2ac4de7ffdec4beeb,9gyHGJi7atG3ZoAWFitg2opAbvMxmapJiKryMy2DUUxEvdxU7QB,0.01,423.29123592,0,842108,2022-09-20,1893308,2026-10-13,DUE_REST_OF_2026,DUST_WHOLEBOX_CLAIMABLE
75a6a03f7a67cf8be90fd98f7529d223582464b2181d285f984a2adf78e6ee8d,9fvTvsuDyFoiGR6xHBzBPEnDprudx1Ui26LYRiM3CAAa9vv3A4A,0.01,1.63264332,0,842118,2022-09-20,1893318,2026-10-13,DUE_REST_OF_2026,DUST_WHOLEBOX_CLAIMABLE
123d11661859b56520541f1e93106816c5a46b8b9f4a873ff04d6803692c63ff,9grUKmVYqkUkTehzBf7RK6D8fboXF9XKb6THbmZjQQLFoFDz6xx,0.01,32.02056827,0,842122,2022-09-20,1893322,2026-10-13,DUE_REST_OF_2026,DUST_WHOLEBOX_CLAIMABLE
5292b5ca1bac2e4029f09a19e6a73fbb24c9eebf3f16f837448a47f78c6c703b,9grUKmVYqkUkTehzBf7RK6D8fboXF9XKb6THbmZjQQLFoFDz6xx,0.01,50.36651394,0,842122,2022-09-20,1893322,2026-10-13,DUE_REST_OF_2026,DUST_WHOLEBOX_CLAIMABLE
922669f50eaddf72f46ec9999dc1e388bb1ff04d6ab7a6f1c2848a7a9fec9864,9fYyPiTw2BMdrf8doxLNj7XMJBs7c4mgifDHSoBnRTSHFqwVYzZ,0.01,25.00283221,0,842130,2022-09-20,1893330,2026-10-13,DUE_REST_OF_2026,DUST_WHOLEBOX_CLAIMABLE
d2021c5ae8f86fbd7505bf9fefc2e33e35e22539e66aac3d2ef8be00b004224e,9hTPULo9oXBvpnEiqSjbdxmjvVLEXYxczLAV5MriyoNr1BMcomN,0.01,52.28417206,0,842130,2022-09-20,1893330,2026-10-13,DUE_REST_OF_2026,DUST_WHOLEBOX_CLAIMABLE
fb6596a4d27c8f6f68d0d375c6080114780363fe68e3c61029c7765baa45b9d5,9esK3LX3FV3FpiFXCuH6m7PbjDy8qi9ZmqY8BUprPbUHU99pwVs,0.01,24.22733388,0,842138,2022-09-20,1893338,2026-10-13,DUE_REST_OF_2026,DUST_WHOLEBOX_CLAIMABLE
4358f5ab4d473389f1d2380f1c6a3644b1713c369deb56917566862411f7f61d,9fji35rFkP6m1U6pWsmDXXmcoTGLybpapN3hZ9RiSrH9GaCHKLm,0.01,1.43930202,0,842142,2022-09-20,1893342,2026-10-13,DUE_REST_OF_2026,DUST_WHOLEBOX_CLAIMABLE
d9220d8cdd10fd234c170ba351ce07417919de7a4da3ade2e6220ea816b9e076,9fjL8BqhC5xEEjabvrVrfWywChDL7AoryeVxFt7KeTBEYfz3gnh,0.01,20.33810098,0,842164,2022-09-20,1893364,2026-10-13,DUE_REST_OF_2026,DUST_WHOLEBOX_CLAIMABLE
83594f6583ec3fc29c7ebb2fee4838d71161d671eb81fa4b6ecc606a1cfb3fdf,9iNSyJSSfUdG1q5desz93GyiY69pYUJ8dLJ3AdKXvWKkHEqWkB5,0.01,487.18925961,0,842175,2022-09-20,1893375,2026-10-13,DUE_REST_OF_2026,DUST_WHOLEBOX_CLAIMABLE
ee75f5552a73308211c6d549d54141fe30b96449b52df533992a099d399357e2,9iNSyJSSfUdG1q5desz93GyiY69pYUJ8dLJ3AdKXvWKkHEqWkB5,0.01,1335.28427987,0,842175,2022-09-20,1893375,2026-10-13,DUE_REST_OF_2026,DUST_WHOLEBOX_CLAIMABLE
0ad8d7f42b7153d6ac1cd2c14ec12edd3503072c2dfa00cd7b10dca1227ef5bc,9eukmLsVk7P7UJ1Lgqpc9etUz6dBBaN6AaaRNVWPNhx68dmPJQV,0.01,60.875,0,842209,2022-09-20,1893409,2026-10-13,DUE_REST_OF_2026,DUST_WHOLEBOX_CLAIMABLE
ec8938920085b04e6ce1c985c2be740f2429e31f1cd1edfe97bdf0673103badc,9fj7KhH1cZhg9CTbzwwE2NVmtYvQHmbmp7AwgmDmhQFPMnELY6C,0.01,15.60441557,0,842232,2022-09-20,1893432,2026-10-13,DUE_REST_OF_2026,DUST_WHOLEBOX_CLAIMABLE
efdcab858829bc54c7a74fe75b6804a90fb45041c83b87aa0bd97e417842a2c9,9ez22UrRY96vXqEKBfwg8QnBPQJJFQZLy7CvptU24pqjHJ7j3Z5,0.01,11.86117973,0,842256,2022-09-20,1893456,2026-10-13,DUE_REST_OF_2026,DUST_WHOLEBOX_CLAIMABLE
8c434dd9c1926784cb7a8b93b5b827bc24d2ad920db7c23cecac4b4e11a3222d,9fR6LjtSZnrMrMoriPCsvzw7ZWfbKEAhYeXE6PetZSuW9o4D72L,0.01,33.45672129,0,842282,2022-09-20,1893482,2026-10-13,DUE_REST_OF_2026,DUST_WHOLEBOX_CLAIMABLE
7f4ac5b27af100e7934675e601fcb493bc1c334832dfbc292a5e48f41f411b26,9g448aUBQbqDnCtg5jetrSLPmsYm4AAwztzwutqCV2YN5984AGX,0.01,103.42980087,0,842290,2022-09-20,1893490,2026-10-13,DUE_REST_OF_2026,DUST_WHOLEBOX_CLAIMABLE
bc7eccac1848901c361b3e0d95d826ebfe5fa2ad84277df6601a8e54864b9e61,9gtF7b2mipoeNxgL13TnHECYfR5hrRZtYWjNyMABEvT2sNLh5uz,0.01,74.10582489,0,842304,2022-09-20,1893504,2026-10-13,DUE_REST_OF_2026,DUST_WHOLEBOX_CLAIMABLE
d144df83e22fa00721ae046b0d2131a0e14add8a3bd7217302914e634d6685cd,9gtF7b2mipoeNxgL13TnHECYfR5hrRZtYWjNyMABEvT2sNLh5uz,0.01,48.71490043,0,842304,2022-09-20,1893504,2026-10-13,DUE_REST_OF_2026,DUST_WHOLEBOX_CLAIMABLE
d6f78ad9dd71a5f60e066cb7ad7071d30224e1402806097e0531f2f083af3e68,9fJmbumWd5VJJhmG66AtrkmhQeiWxPCURjqiutCBJzqa6cZq48S,0.01,4.4375,0,842304,2022-09-20,1893504,2026-10-13,DUE_REST_OF_2026,DUST_WHOLEBOX_CLAIMABLE
c90a96bf38d3b0ba68ca5a3c4b918c4884ff51c57069417b130999f7311ac42f,9guuExG2F1Pou9hgjEv3dzVWtPG8bNkfVma7MmcWPrLBwkt8Cqy,0.01,4.82717953,0,842344,2022-09-20,1893544,2026-10-13,DUE_REST_OF_2026,DUST_WHOLEBOX_CLAIMABLE
802b691bc21a6ee7a2e2c7b2a37afffc81747205e6f5bbfcaeb42bdf798629f4,9f4JstckNjsncP4vfWmMUHJyzWFSNdvRzqYYQgs29DX4BtnSgpn,0.01,105.23579391,0,842346,2022-09-20,1893546,2026-10-13,DUE_REST_OF_2026,DUST_WHOLEBOX_CLAIMABLE
8c14320da5c4cfdfb5ac0009e299422bfc459848c2b64a179eee85674ea6c175,9f4JstckNjsncP4vfWmMUHJyzWFSNdvRzqYYQgs29DX4BtnSgpn,0.01,18.5,0,842348,2022-09-20,1893548,2026-10-13,DUE_REST_OF_2026,DUST_WHOLEBOX_CLAIMABLE
71a36a5cc70eea90de9856003dbafd24faaa3e628eb375aec61809fbbd3fed4b,9h714ite9jv83AtLuEgLMBbeSgJD8YvB72MEV1nJKaLWZVY9Y8a,0.01,5.16205327,0,842352,2022-09-20,1893552,2026-10-13,DUE_REST_OF_2026,DUST_WHOLEBOX_CLAIMABLE
8001ec0c9a4eaa0ec5a97581ef72562bd94d124c7bacd6f73fe023895a6ed969,9fSQmvpFDCHB47igVhAfyGyraLbMNZcLrEdVfU5tLE1iPHSWpzn,0.01,8.0474313,0,842352,2022-09-20,1893552,2026-10-13,DUE_REST_OF_2026,DUST_WHOLEBOX_CLAIMABLE
9c002bf2b95f34181f5d5bc18bea3185c3c2d7a9f29c0ff419d4857b1e609014,9hndcPJ1TjQNHFksJPdWSXo8rL5G79ZmXX3BBiVp41fbdiDxq1E,0.01,8.8161359,0,842375,2022-09-20,1893575,2026-10-13,DUE_REST_OF_2026,DUST_WHOLEBOX_CLAIMABLE
354a0b05db45085ddfda1b9fbf8c636a764847b4785548696c93e204228fc99b,9gxG69tc3eQyZnAcWfq3tj39UaDjdkKkz5GcSqokHi1ZgatAY4p,0.01,2.1875,0,842376,2022-09-20,1893576,2026-10-13,DUE_REST_OF_2026,DUST_WHOLEBOX_CLAIMABLE
87158ef4ad0f00b7918fe1e8889117c8e88a4f39ac86bc0c222bd8e8ed6a84de,9i1FYD81oDCFQM55N3xXuv1LWs2Ggch2XaEXycJZtqwiupUFRfS,0.01,8.08704217,0,842403,2022-09-20,1893603,2026-10-13,DUE_REST_OF_2026,DUST_WHOLEBOX_CLAIMABLE
bb2ce16fe98ec9330a1d5f63bc184765b7f09f5a156d8813c993dd761af7cbf8,9exWm3RrTLQjvV8hhnqC9TR6qLKnQurtJRL3Wh6a44hz5B5JEMK,0.01,21.72323521,0,842403,2022-09-20,1893603,2026-10-13,DUE_REST_OF_2026,DUST_WHOLEBOX_CLAIMABLE
b239ef471e0ecac6736ca5d2ba0198248c6a08169a0100ecc60d3619ec94d398,9i1ycev4Br3gm8tBNVn9o88LvxkTRhy183JWUVFSe8HGubNxgQA,0.01,6.5914164,0,842408,2022-09-20,1893608,2026-10-13,DUE_REST_OF_2026,DUST_WHOLEBOX_CLAIMABLE
3c6121ab55b6abd5d79c41da21b99e0c8c01805c43ee724cc8bee284d50322e7,9i8yRMny8beFEnHt9e4mJdQiTMopYZWb4CZDyfYUqyTzpScRm3r,0.01,49.01589927,0,842413,2022-09-20,1893613,2026-10-13,DUE_REST_OF_2026,DUST_WHOLEBOX_CLAIMABLE
319f2ca689d82d4403c9def7b144fbf210155b69cae9681d04db91d60b30b76b,9eg94tx7mCEvQy6ZCjXhSzZJnz3SVxWBhTQX6tSR7hF8VmuCx54,0.01,15.45462627,0,842420,2022-09-20,1893620,2026-10-13,DUE_REST_OF_2026,DUST_WHOLEBOX_CLAIMABLE
c69de022ae32c40ab77b4651347cade9117a1c868e4b96748095251a57303c87,9gFzCS8qFRnZYZBipYQrLGK4kiNBUtTGvKLUbsEPUp2iysHfaQk,0.01,11.02610783,0,842456,2022-09-20,1893656,2026-10-13,DUE_REST_OF_2026,DUST_WHOLEBOX_CLAIMABLE
7f7667cad143c09dedf24cd37ace93be869121d6b2238d84d8011c9e31198e13,9gkpnrzBHwcPE5vU85pS4QqwQn7VBP78ZwRgHPmALDLryeChQ1R,0.01,662.93982427,0,842457,2022-09-20,1893657,2026-10-13,DUE_REST_OF_2026,DUST_WHOLEBOX_CLAIMABLE
893ee4c49a1c46200d5c3c841f647c2e8e09ef2905b48377845ba2713a2247d3,9grjNnt2VdVok4regDUnqsYPfwkXEXQ7hHNicpQ2cwH5naJTWXd,0.01,133.11005238,0,842457,2022-09-20,1893657,2026-10-13,DUE_REST_OF_2026,DUST_WHOLEBOX_CLAIMABLE
61b1c22fe02b0083278915848b95900ad2f31113218f406f21fde38ba872c2b5,9gkpnrzBHwcPE5vU85pS4QqwQn7VBP78ZwRgHPmALDLryeChQ1R,0.01,26.9375,0,842459,2022-09-20,1893659,2026-10-13,DUE_REST_OF_2026,DUST_WHOLEBOX_CLAIMABLE
e4d6539daefcb4b63427d3419801eda6a18af629c045693118d60430ef546552,9g3Pxk3XfuPMuM4ZCJ4UtZsjCYVDMTVurEFJVZNzvdtnp6w2KDP,0.01,56.18643348,0,842480,2022-09-20,1893680,2026-10-13,DUE_REST_OF_2026,DUST_WHOLEBOX_CLAIMABLE
61bbd8955fdce85deda68d330da75987a75a927119ced9ca2c0918e943570110,9fKtTMG3mJh7ysBxZ5XcyshbiKmzr5VmYeudDD9fBGo7wSYwprN,0.01,7.13788024,0,842501,2022-09-20,1893701,2026-10-13,DUE_REST_OF_2026,DUST_WHOLEBOX_CLAIMABLE
c4f5d5835dba81b4a92f92f639511deeb6ff6ca936d060847c41a8a2741e75a4,9h2knrJKcwpjDxBVps67o9vAHGQBeKkVft7T4qy1gqrh8JABiUC,0.01,30.39049292,0,842503,2022-09-20,1893703,2026-10-13,DUE_REST_OF_2026,DUST_WHOLEBOX_CLAIMABLE
9862834b989ee7885bd3fb292c05b3bcdf02166360c9f3900b346c3148d7205b,9iP7cLbGdxkKnY4gqgvjQZjhGL7UVRjfcWM2hi4SwYTLy32o3wD,0.01,35.37388252,0,842536,2022-09-20,1893736,2026-10-13,DUE_REST_OF_2026,DUST_WHOLEBOX_CLAIMABLE
397f2a19517dd6770e4727c66c3dfbabd4afb1875602bfd807db402dff9c1432,9gPZzNBU2xgoftza6YZywaVwUw3cjVbmVjawDAqaav6yAwf7QZt,0.01,3.0415,0,842591,2022-09-21,1893791,2026-10-13,DUE_REST_OF_2026,DUST_WHOLEBOX_CLAIMABLE
c8162ae578a010d679bd7dc9b8dc7c08997a605873f1ec9eeee1175f641b027d,9fYJrJD1kAp5n4mzwYGJ9L3PitNz3gHewyCgxpU2DWwGF63kFTb,0.01,40.06384609,0,842599,2022-09-21,1893799,2026-10-13,DUE_REST_OF_2026,DUST_WHOLEBOX_CLAIMABLE
b45aa010fec56cd7b26218cab84cd398fec1e3a6561f4e4e1b60bed7346fec66,9gQwWncHRpqeTt5FTD8uXvL5VHM8DLjdzYPo5bK9biMrDwtbsq3,0.01,3.50348206,0,842647,2022-09-21,1893847,2026-10-13,DUE_REST_OF_2026,DUST_WHOLEBOX_CLAIMABLE
20c79ffa646190da4e97e0a59389df9c1a5146a9cb63b32cc7bfc408da5cd171,9haMvDTKTCrQVGEKJmNghxdMYCJJeLbDtV7aXGpakQ1DhSySvDK,0.01,48.61304125,0,842651,2022-09-21,1893851,2026-10-13,DUE_REST_OF_2026,DUST_WHOLEBOX_CLAIMABLE
21fecf4267bcdc9466079c1d88db2071cfaa97163f441e0a014023b47af62beb,9ezTo35aHMWu5mvBn3pEdSgqgHxoF6hBScayCBkfm45tSNxVbbe,0.01,0.89124126,0,842664,2022-09-21,1893864,2026-10-13,DUE_REST_OF_2026,DUST_WHOLEBOX_CLAIMABLE
60d0d6ae797ade2bc27cd3c82f4c108752d8977a20186398b7b70d3065e55ffa,9ham9iCDN7c8av4Ch2MSFsYbRnNYjQkMarbCrrLdmBT71bWeETB,0.01,76.25,0,842668,2022-09-21,1893868,2026-10-13,DUE_REST_OF_2026,DUST_WHOLEBOX_CLAIMABLE
8d73d7e0a5afa04447d154f3b184bb18a77caca7c3536cce2d4340c9b835d7de,9foNSJANgafkTgXP7NTo2ZmbMMXuNvW9vDrYKXgZogLiCYvSjuE,0.01,20.78785804,0,842700,2022-09-21,1893900,2026-10-13,DUE_REST_OF_2026,DUST_WHOLEBOX_CLAIMABLE
c407987f2048be4a64056cb56e231127b9f67fddce77cc8f2307f66dbb388032,9fuudD3vDgPkLGnCucMdZGLrYJSFYxzJ2phjNyhf76xvoipAPhV,0.01,18.23288961,0,842723,2022-09-21,1893923,2026-10-14,DUE_REST_OF_2026,DUST_WHOLEBOX_CLAIMABLE
ec3517dd206108d0acc1626f3bc71dcad59270a21e3f857a9eafb406bb7fc293,9gVz23P2yzAicPNu13AEokaEEjZ7HR9TGjszTH7X6NdHbqJV6Gb,0.01,17.49167795,0,842723,2022-09-21,1893923,2026-10-14,DUE_REST_OF_2026,DUST_WHOLEBOX_CLAIMABLE
a47026287dc327b135b3d96a62f4da7a27a5f8747324aa74e0b30388ec0b6d7f,9fxQZw3NGmPb3j6EDNuARJVXTuC6Pc6WoDUaX9pnGbL7DN1fj3K,0.01,48.41390159,0,842724,2022-09-21,1893924,2026-10-14,DUE_REST_OF_2026,DUST_WHOLEBOX_CLAIMABLE
a054ede72d73a20f717d3aa0e6a91afd2fbf73a34edd47ccd74c28c1a5c31769,9ezpXh8Mr9pya4kgYisapxpSCWDsWnjrGf6caMcwXW8EGdBBUZp,0.01,21.88602695,0,842746,2022-09-21,1893946,2026-10-14,DUE_REST_OF_2026,DUST_WHOLEBOX_CLAIMABLE
b53a0c342d3b0042df4266edcde61802fecc3f5773179b23b10f37486fedf162,9g6FvHG5p8N6wt9RUQkyr62bvRb1poK78ZEVDTgsGRrbB86UmoP,0.01,1.36805472,0,842756,2022-09-21,1893956,2026-10-14,DUE_REST_OF_2026,DUST_WHOLEBOX_CLAIMABLE
1ca9590e1f2ba97267d10c90a0e6e62ac83be1cf35586fa905ac109e2666807f,9hZErVMu47dpL1swNJp6JC1RroFEzZMHbnRZjSzkwQKUYD13YJS,0.01,14.64783636,0,842758,2022-09-21,1893958,2026-10-14,DUE_REST_OF_2026,DUST_WHOLEBOX_CLAIMABLE
6de814994b8b63607a266e2ffd75e88370c2ddf66d64736fc5b681693d1485eb,9gftg3ymmyr2M8EH73Pbb1Pq8SsNf9CZNQKBYsVFVQCBYtf5h6x,0.01,5.65792456,0,842758,2022-09-21,1893958,2026-10-14,DUE_REST_OF_2026,DUST_WHOLEBOX_CLAIMABLE
d8c3f4ed17dc899c2b79b68ea883b895dafbb51a918fa91a23a345c5d9da5eae,9fmt4kLGwQYwYJCYtbY2s813gJVquTo17vUZjiyEJzmZGUQvzxi,0.01,38.51499685,0,842767,2022-09-21,1893967,2026-10-14,DUE_REST_OF_2026,DUST_WHOLEBOX_CLAIMABLE
91d586cf768b6ff9b68207c83cebafc7dc37102af392cfb6a49ab09c181485b7,9ekjWkTRTRpp59NMwMWUewT13AQsiYzyQRtDf2z2mKc4z6STv18,0.01,1.0858059,0,842770,2022-09-21,1893970,2026-10-14,DUE_REST_OF_2026,DUST_WHOLEBOX_CLAIMABLE
b5f7b698aee041b02a829fe8d9bd2c6dca4bb7ecbd6871d614be541b321649b2,9fQj3MfVeraECKMGMijzgkVW1Nf79MGJwN8KZJN8n4p1PCUL7uf,0.01,30.02347064,0,842772,2022-09-21,1893972,2026-10-14,DUE_REST_OF_2026,DUST_WHOLEBOX_CLAIMABLE
bfc03e253fe0fda968eb96a234e55406c5db6f60bd822abe0f18196101712f9e,9fQj3MfVeraECKMGMijzgkVW1Nf79MGJwN8KZJN8n4p1PCUL7uf,0.01,37.47224047,0,842772,2022-09-21,1893972,2026-10-14,DUE_REST_OF_2026,DUST_WHOLEBOX_CLAIMABLE
cb6183fedbb857d64a281256701818b29caf44b891d766af62e8512841cb85d0,9fQj3MfVeraECKMGMijzgkVW1Nf79MGJwN8KZJN8n4p1PCUL7uf,0.01,33.6528697,0,842772,2022-09-21,1893972,2026-10-14,DUE_REST_OF_2026,DUST_WHOLEBOX_CLAIMABLE
429f9bf4c4ec957abda1d9d6c41e79e938c88b8fbdc762a2cc158a5f9d55ec1f,9fQj3MfVeraECKMGMijzgkVW1Nf79MGJwN8KZJN8n4p1PCUL7uf,0.01,503.19977237,0,842772,2022-09-21,1893972,2026-10-14,DUE_REST_OF_2026,DUST_WHOLEBOX_CLAIMABLE
57df2bc90bc37169deede2926e9faaa9f2b8b86c13353c9b14f75b28e0f7f55f,9fQj3MfVeraECKMGMijzgkVW1Nf79MGJwN8KZJN8n4p1PCUL7uf,0.01,30.13049245,0,842774,2022-09-21,1893974,2026-10-14,DUE_REST_OF_2026,DUST_WHOLEBOX_CLAIMABLE
a1764a3eb1b00d52b8958e2623b75117fad4421c81dd771ef73fb31aa01dc076,9i8R3EsJDXv3ZMmJJf5WqwMqkfzSbgcWZ84VKDJ3gN8Y4wFD47y,0.01,604.38683452,0,842774,2022-09-21,1893974,2026-10-14,DUE_REST_OF_2026,DUST_WHOLEBOX_CLAIMABLE
822c3d2d728f82cd8cdc1d20f94d89eb7d38792f807d6bd19d1546688de2eb10,9fVfAvX5TLEu5RVczJjiek61aLA6GGoGbeEZDZRFJYVZAHPwJpN,0.01,5.5625,0,842797,2022-09-21,1893997,2026-10-14,DUE_REST_OF_2026,DUST_WHOLEBOX_CLAIMABLE
929857dca1b464819a112d858d8a6e77a676c3169fd11365e60bda457f2332c3,9fauzsQ9xWEBzmPsWQtACnkJRfsatJqBBEcp1GEHJ99nApCrbnJ,0.01,8.06525869,0,842808,2022-09-21,1894008,2026-10-14,DUE_REST_OF_2026,DUST_WHOLEBOX_CLAIMABLE
3c76d172d60b397baf6e19a48bcc1f9d7af71b0c11f244bf25c24af10ea78ba5,9fZ1cb6RnqKsVgDb6y3XcSLjcL1RiYDdvZzb9dD3iR6Eo1TieJk,0.01,47.81190391,0,842816,2022-09-21,1894016,2026-10-14,DUE_REST_OF_2026,DUST_WHOLEBOX_CLAIMABLE
5eb6e1bb2b1e3367b0c059361ad29b461bfb43927e65beba5f18239cc1837df9,9gLG3wfNtQzphs6hGYzjkdiTfXWDuGwpuneT3xeAvj3ReBDSmn7,0.01,49.31689811,0,842816,2022-09-21,1894016,2026-10-14,DUE_REST_OF_2026,DUST_WHOLEBOX_CLAIMABLE
9145a871fbb72a1341d33381575a23f222ed0c162e547c10448c4f9a68cf801a,9gLG3wfNtQzphs6hGYzjkdiTfXWDuGwpuneT3xeAvj3ReBDSmn7,0.01,62.5625,0,842816,2022-09-21,1894016,2026-10-14,DUE_REST_OF_2026,DUST_WHOLEBOX_CLAIMABLE
9e0fdbac1c23a0f1f39e4bffe915678cdb3778ee2b3a9687fb945d04e2b2ee85,9hQT7FTYj2Dcjjcu8HNWN83kDjp492xUWb2qZLicSeoK3P3CQDo,0.01,576.36867651,0,842816,2022-09-21,1894016,2026-10-14,DUE_REST_OF_2026,DUST_WHOLEBOX_CLAIMABLE
d73ec58466a5e34d6eb7805caa4c3c554af8a5006384fd6d40d0033a84074cde,9gLG3wfNtQzphs6hGYzjkdiTfXWDuGwpuneT3xeAvj3ReBDSmn7,0.01,673.92293753,0,842816,2022-09-21,1894016,2026-10-14,DUE_REST_OF_2026,DUST_WHOLEBOX_CLAIMABLE
e3f22775b665eeb3402efd204fab919081e47e08c5dded3028a1ba751c450fd0,9gr1PKtLBio5H4MZp8byQwM3kUiXeaDT1zNKt3he576WqJoen5a,0.01,33.20092222,0,842824,2022-09-21,1894024,2026-10-14,DUE_REST_OF_2026,DUST_WHOLEBOX_CLAIMABLE
52f98bc6bd1a74984bc4bf187bc84dfcd3e751348cfd1df7fe3f9878884bcbd6,9fqhJv7ZNjAiQJwYfk18WhKKaihjx9EewMj4K6cNPbCC6WZZueY,0.01,7.96075453,0,842827,2022-09-21,1894027,2026-10-14,DUE_REST_OF_2026,DUST_WHOLEBOX_CLAIMABLE
92792d5fb894a513a5df7d7998a152bc2fbd52b006f3cfcf583e28de70d90d12,9gWDYJQ7YEZ6YKVTN5jFdH5uHPcr9py9Cd5RuWSogsTBZ4Ab9cC,0.01,38.76289403,0,842831,2022-09-21,1894031,2026-10-14,DUE_REST_OF_2026,DUST_WHOLEBOX_CLAIMABLE
5c4431f87776494592aef5e5aba021bfe11cf09b188faa753d85d3c7c3b614b4,9gtCWVshJzCmUrazLQNthn5je56F4KGujQh5dPe83qibvcAQgEy,0.01,33.99297868,0,842835,2022-09-21,1894035,2026-10-14,DUE_REST_OF_2026,DUST_WHOLEBOX_CLAIMABLE
1c2df524571e2ed7188214cff1e57d2ae635d9e57808ab1d58e78ef99a485166,9gjqrgNGPegBvHerNTrqG58r5SmVWePwCFbWDmgWAMySB4fDVFv,0.01,47.51090507,0,842858,2022-09-21,1894058,2026-10-14,DUE_REST_OF_2026,DUST_WHOLEBOX_CLAIMABLE
4ad05aec159712f940e78cde27d59396ae9dacf78658272652493fbc6b14ad6f,9fJ553UDgFP3DtenSJtR26pXkRod4gXrHffZ4KXZT9vv35DvRxY,0.01,47.51090507,0,842858,2022-09-21,1894058,2026-10-14,DUE_REST_OF_2026,DUST_WHOLEBOX_CLAIMABLE
85018f9aefb2349d03ab6ac6fc973d943ca5acf5f535d8af27c9823f378f2d6c,9f5jnHe9KvXg9HcvrEbtEvRiiRLzaopXYbnAHv1kNHhhYWaq78t,0.01,57.54053151,0,842858,2022-09-21,1894058,2026-10-14,DUE_REST_OF_2026,DUST_WHOLEBOX_CLAIMABLE
db12d1c30575c532d2c7c3c58f13412b8e20196ade0e95bbbc84c0c3a3248115,9hnChEN6fkZkEG52yjCsr4YVuwE4GGJjUZBFvQ5NMRnkVCuptPV,0.01,47.51090507,0,842858,2022-09-21,1894058,2026-10-14,DUE_REST_OF_2026,DUST_WHOLEBOX_CLAIMABLE
c1d778f3e3cabdce3efdf87c7104176ba763c2566495b8fecb92971d19c84e76,9g5dGYQW38hMMPsw15jxM8ReBakSrg1CtTFFaNJ5ijqVGjpWJMW,0.01,10.65894979,0,842868,2022-09-21,1894068,2026-10-14,DUE_REST_OF_2026,DUST_WHOLEBOX_CLAIMABLE
f07acad9544fbf3b477d8b61aecf728486b94abc36e6b9c75cc630c59a59d91b,9hnxc2Qz6TyjywAoysZciLWcpbTWrypYrUym1p3baURia7KF7NZ,0.01,7.34525382,0,842873,2022-09-21,1894073,2026-10-14,DUE_REST_OF_2026,DUST_WHOLEBOX_CLAIMABLE
f97dd022604feb83d043fd4892c4e01a3abf197bcb1f50abd7f5c2047ecf3f85,9ev9uFfzMA6Z6X3rfbx9t78pDCvFQ7QemyApuMuKmDgFe8gZnMo,0.01,43.0008909,0,842873,2022-09-21,1894073,2026-10-14,DUE_REST_OF_2026,DUST_WHOLEBOX_CLAIMABLE
0ade1552fca1b11fecd6dd7bab00cf3158f1fe99f36402d7fa1551ef04de89dd,9hFumdbtuCYH1b7dKXko5p6RQdBbWweTetzRhx8JJ8x58kyjHUr,0.01,4.95359155,0,842889,2022-09-21,1894089,2026-10-14,DUE_REST_OF_2026,DUST_WHOLEBOX_CLAIMABLE
f149835eaa8c399902557bac84e1f121abfffd363c387d90c7c098001bd6842d,9hdXruNwGeCsUiYMLeHEk4UiZWv9hwLjSxM8okWSxnjSKmW2C7N,0.01,7.25,0,842924,2022-09-21,1894124,2026-10-14,DUE_REST_OF_2026,DUST_WHOLEBOX_CLAIMABLE
8a171e864754fa1ee4909c86eddc183395bde5ae938d35595fdf9f0f7871688d,9fk4mnx3Af7mLd8Dz9zTVYCG4NfD2or2SQ68LkgHv1XftTvziKd,0.01,40.09025498,0,842929,2022-09-21,1894129,2026-10-14,DUE_REST_OF_2026,DUST_WHOLEBOX_CLAIMABLE
d93062b5e84ea642473357538ffbefd854e0cee592cef7e0cdb55ce51f979967,9gY8mWj6PunT9DjJxUL6QF5j5dh352HPwwxsDghSasibg1VwuAE,0.01,18.22521381,0,842950,2022-09-21,1894150,2026-10-14,DUE_REST_OF_2026,DUST_WHOLEBOX_CLAIMABLE
323c909a8731ec272a6a772b07775db8d8c609bd40269aa30052a1937917b0ff,9hMegqkaAgYwLmuRjTzdZ5W2G4KQHAHbiKLM5urfrtkZUZLLdfq,0.01,10.38974058,0,842952,2022-09-21,1894152,2026-10-14,DUE_REST_OF_2026,DUST_WHOLEBOX_CLAIMABLE
6e8cf6af82bb3887a65ae2d36650c183e87c04740a9363f0d38f159e8d023ae3,9hMegqkaAgYwLmuRjTzdZ5W2G4KQHAHbiKLM5urfrtkZUZLLdfq,0.01,2.4148873,0,842952,2022-09-21,1894152,2026-10-14,DUE_REST_OF_2026,DUST_WHOLEBOX_CLAIMABLE
84fb2d62178eb269a0dfb38cc39d9b25fc049bf3f8df6a575405d1d5636c838a,9iJbx1Wft1vFHH7yTWLTXb2ZU4kQUsifxr5Q3dq6C1bdgumqM1C,0.01,47.51090507,0,842959,2022-09-21,1894159,2026-10-14,DUE_REST_OF_2026,DUST_WHOLEBOX_CLAIMABLE
09f4d7c7bc53ed89ba7fc55257f2ae2702e68166dd8a29389fde0655679eb323,9eyTFa5j12eXQrhxq3jNUpMSEf41pX8aPk9HqVuM3SuVD9Gqedy,0.01,49.31689811,0,842960,2022-09-21,1894160,2026-10-14,DUE_REST_OF_2026,DUST_WHOLEBOX_CLAIMABLE
44e8936070f207544e3809895993d393bd90a745e8f67b39cf4286258c4d1508,9gRsZZuPha5n5vBNfrapzaNjRRr6LXyEpxds66JU75wyh6skrez,0.01,22.36318879,0,842961,2022-09-21,1894161,2026-10-14,DUE_REST_OF_2026,DUST_WHOLEBOX_CLAIMABLE
1b08be45f4350757683c5e0b8486c644e43206c08163e9bfcae945351d0fa516,9gNvZrh2JZCxE6Zo5kkDKBHwF8LyAjJdHqJcSNBwUFQEt7iWB31,0.01,131.86902806,0,842964,2022-09-21,1894164,2026-10-14,DUE_REST_OF_2026,DUST_WHOLEBOX_CLAIMABLE
585cf9d2d84bc3db8992e7ebc42db4de7a2a4f5083766f9f1dd58e3a3819d7f6,9ez1mpGJH8J1dUz3SFoAY5cZApvKy2xc2yfHdNU44oAa7AQ8ZYL,0.01,6.6875,0,842965,2022-09-21,1894165,2026-10-14,DUE_REST_OF_2026,DUST_WHOLEBOX_CLAIMABLE
e7d6f627076fd2e46454c8a46099e6ded948f7d34c2ecad69a8122f0357cb9d0,9fQpzp8PYw7EQKCsuTQ9cfWYnFsrUkouDRWrAvf9maBUpvKtAvq,0.01,3.31040518,0,842965,2022-09-21,1894165,2026-10-14,DUE_REST_OF_2026,DUST_WHOLEBOX_CLAIMABLE
f42ce587be578a37bc836a42b11782e1b28f4ac09eb5de3f51874dcdf2f3c116,9fKXkXJRCvQP4VjNKAhVFXiXTwQToj94fXBeRmE6gWiYzDDEZJq,0.01,49.24245374,0,843092,2022-09-21,1894292,2026-10-14,DUE_REST_OF_2026,DUST_WHOLEBOX_CLAIMABLE
8db415878a0a86785a6726deacca3374657fa2e78d5d0089a5612ccca846586b,9fEpR8YdDjP9Ghfetc1yDuKmYdB5kicRtrXgVpFY7q3PhVBMJEi,0.01,47.51090507,0,843104,2022-09-21,1894304,2026-10-14,DUE_REST_OF_2026,DUST_WHOLEBOX_CLAIMABLE
f1aba2318a85adfc2bd8b7be60af4e07220f1a2efab379cb57a2c1c2c1a769a0,9fEpR8YdDjP9Ghfetc1yDuKmYdB5kicRtrXgVpFY7q3PhVBMJEi,0.01,5.0896401,0,843104,2022-09-21,1894304,2026-10-14,DUE_REST_OF_2026,DUST_WHOLEBOX_CLAIMABLE
3afa1a5a76155e855d97fa4595eba7b6172c2549a161df7f01dbbe62db69667f,9hJFtRuGymNu23JkHAp3pp5B64Ss6gLFutCijQPP1kEe9bhYCY6,0.01,176.00567422,0,843110,2022-09-21,1894310,2026-10-14,DUE_REST_OF_2026,DUST_WHOLEBOX_CLAIMABLE
ec9771155d19e2b1deb9ff1301d9c61f0d8ca4b51581de8a6f54129d18322cfe,9hJFtRuGymNu23JkHAp3pp5B64Ss6gLFutCijQPP1kEe9bhYCY6,0.01,203.43199562,0,843110,2022-09-21,1894310,2026-10-14,DUE_REST_OF_2026,DUST_WHOLEBOX_CLAIMABLE
985cb17697bfa38a49b60e374216edccfe19740e94279cf568d902efc92d089d,9hGEY6R9x2jC5HcUMesQkJq6JPdqj11Q7s9SJFZA9J7LBMLgUgz,0.01,47.8401048,0,843115,2022-09-21,1894315,2026-10-14,DUE_REST_OF_2026,DUST_WHOLEBOX_CLAIMABLE
d3d1e1884eb582f0e4a067283710b69ce7fcef64d3aa6c1f9bd32bf90bcc8ab9,9fKo1fu4nvVQyXvgaoHDCyPM6X9XbiPnVV5QMqsKjSnniZBqPxa,0.01,120.46401919,0,843134,2022-09-21,1894334,2026-10-14,DUE_REST_OF_2026,DUST_WHOLEBOX_CLAIMABLE
b5e71b4d15a75a32d3c91ed99e35dd7c99d1d013ce89e505dd94d7e7cff17274,9gqCNDoYu5MnzVFQn9W72uEy1rmkwHfEQzrPr4Fokvbce3pNLxe,0.01,48.71490043,0,843154,2022-09-21,1894354,2026-10-14,DUE_REST_OF_2026,DUST_WHOLEBOX_CLAIMABLE
c588a7ba73657e065f1fe76f799c3d7054e24d9c0ea2d947e3e6d6d42fc5cf1b,9fRghHrxi8c8YMiGRhFBhtA8mv534XAj2PyY6nve5yjRWLHqjNz,0.01,14.45883533,0,843165,2022-09-21,1894365,2026-10-14,DUE_REST_OF_2026,DUST_WHOLEBOX_CLAIMABLE
40f2c97f56b1ba94b8e26da5200fdd9a1b8a0ef5e6a1271b56297dd9a0bb710d,9eaxQt2uci1WY6p6io8QCimXnHwwtQKnfrhAjAyMfyCHyPTqorT,0.01,1.49668765,0,843168,2022-09-21,1894368,2026-10-14,DUE_REST_OF_2026,DUST_WHOLEBOX_CLAIMABLE
34321020032b08787de50cf81db23d09f759c72c937d76dfb97a7a198b471fbb,9fWFG7wtkHfrmdgxb3tzSnKKU4TXufhLLUrT9nPdSmxw8jH6GCz,0.01,53.1875,0,843175,2022-09-21,1894375,2026-10-14,DUE_REST_OF_2026,DUST_WHOLEBOX_CLAIMABLE
63b8f98b92af83e608ccb93f776acf32db6b6aa2d853f0d637db5132fde0b236,9i5tHmyVgW6W8WFjediwpMeK15sNqvnf6RgfQgkttVLLQtUMySn,0.01,18.56150543,0,843176,2022-09-21,1894376,2026-10-14,DUE_REST_OF_2026,DUST_WHOLEBOX_CLAIMABLE
fca6175993509f388568903f5d4f5df0f80645e24734fe717efa18d623481efd,9iP8AA6dTam1vc9rPzPPKUv9FiqoCbZa7g73H5up1NaWmWBdy13,0.01,410.01039976,0,843198,2022-09-21,1894398,2026-10-14,DUE_REST_OF_2026,DUST_WHOLEBOX_CLAIMABLE
7169cb03d2b26e08168afb074836c7373d431f13cff61e96ec6bb5b1536114e5,9hvzLqzDQv42tkUCk6FRxRTNkeC7UaDnqJfYJUz5qjM1nmFShha,0.01,1.25772604,0,843200,2022-09-21,1894400,2026-10-14,DUE_REST_OF_2026,DUST_WHOLEBOX_CLAIMABLE
86c4e19deea2659564c474db97d68d9ca9ccbba5db3aff97534321f7a8a5ae2a,9eqJ7KibgwGiiY9G8HBVAQB6efVDS6WgQDKDU32wqn22LNZbLAm,0.01,26.79383667,0,843217,2022-09-21,1894417,2026-10-14,DUE_REST_OF_2026,DUST_WHOLEBOX_CLAIMABLE
8808e8ab2e068d9ea04c4cb8cb8b3c25bf4a43443d01b62257802d5cfe65405e,9fzoory7rWN2Q9gobB2ACusXeMMEUzqSLVtNXXxiFDSiLCx5fx3,0.01,37.70353671,0,843223,2022-09-21,1894423,2026-10-14,DUE_REST_OF_2026,DUST_WHOLEBOX_CLAIMABLE
0f545b843be86935a480392b65dc27a081b8ba7735819f0ef9f2607bd0b0bf67,9ftwEvbfqPX6gzucMgBnFtzedugkDXwiVMkBAxDHqwVzwQQ1UBg,0.01,4.7966664,0,843229,2022-09-21,1894429,2026-10-14,DUE_REST_OF_2026,DUST_WHOLEBOX_CLAIMABLE
28d4fb39e9c9cc415e3a24e431f36237cdf17ed6c2929c3583c32a9abac191c5,9hm2e1aBvQ3181K6CjuQSQ2RXdshTPs6fEdz688Ck9BXKU9vMKb,0.01,226.66545157,0,843240,2022-09-21,1894440,2026-10-14,DUE_REST_OF_2026,DUST_WHOLEBOX_CLAIMABLE
f0f7094cd7177ab633c8e8098f27a449cc736834d03d038bf2b9b45c5a9bd19a,9gFT9FFeRU5WZmKhQboqsctBFpzgREFr4waE8LWSPxWk8oFuRJp,0.01,58.62998249,0,843276,2022-09-22,1894476,2026-10-14,DUE_REST_OF_2026,DUST_WHOLEBOX_CLAIMABLE
0b931d687b27e76841f413671da936ebc6c87bbad9f92f09f3d1d67c600e5239,9hmT11zuxLDiihb5T388nYZD3DuHBTbhdks6G7TraBuA42kuKz8,0.01,34.4375,0,843277,2022-09-22,1894477,2026-10-14,DUE_REST_OF_2026,DUST_WHOLEBOX_CLAIMABLE
2e9116a920640fb3cc430904675a940327817359db5e5991a0533f5d7232d5e2,9fqwNk4M2qs5Qk7rynjww1cXFjbrutstYZi23ANKNSbU2AwePzn,0.01,3.875,0,843277,2022-09-22,1894477,2026-10-14,DUE_REST_OF_2026,DUST_WHOLEBOX_CLAIMABLE
135610e741b18d62fa32c297aaf72ec97369ee1ce1ec8e8b441e89ad8891d7ec,9fqwNk4M2qs5Qk7rynjww1cXFjbrutstYZi23ANKNSbU2AwePzn,0.01,48.41390159,0,843279,2022-09-22,1894479,2026-10-14,DUE_REST_OF_2026,DUST_WHOLEBOX_CLAIMABLE
d202dd4fbc8ce37b74349bb7b53460249fc40c3c39c3244726aee602c6812a10,9hQBJ4s2yRqcFhnEcd449CEjeRQ21Wdz4YAYnhJc3JYioAYyxaZ,0.0079,0.01090507,0,843302,2022-09-22,1894502,2026-10-14,DUE_REST_OF_2026,DUST_WHOLEBOX_CLAIMABLE
21a427d8a92accb8715c72b8840d82f5df7c040673784655a581fb39b1709c52,9gtaLJdPbXSXS9dwC1PZsr7zdkcjg4qG9C9m5ebEYVmrWzL3hHM,0.01,49.51090507,0,843303,2022-09-22,1894503,2026-10-14,DUE_REST_OF_2026,DUST_WHOLEBOX_CLAIMABLE
bbd17e79baa6e96c3bc345ac897ad9fc5af1c4259ccbe360c4cdeca65e7ff15e,9hya83q5MCsYmWLfxcgnjpBzqAVWi2SfWh22X3Y2n8hcNqs8mnh,0.01,14.1268427,0,843305,2022-09-22,1894505,2026-10-14,DUE_REST_OF_2026,DUST_WHOLEBOX_CLAIMABLE
48a0f5bc42cde8bff42270676d107a2c1fa064ed2e8f7878ca20827993425d62,9gyZWbmpuaB8hQLnWQsDWfAa9BvWeEaxQFiycUo8kYf7mkCYNf2,0.01,48.11290275,0,843316,2022-09-22,1894516,2026-10-14,DUE_REST_OF_2026,DUST_WHOLEBOX_CLAIMABLE
d26fd039a4dec5e815ffdf4f7bd4773efbe1955bcf9a3170b50e43a240a90927,9gyZWbmpuaB8hQLnWQsDWfAa9BvWeEaxQFiycUo8kYf7mkCYNf2,0.01,209.7267124,0,843316,2022-09-22,1894516,2026-10-14,DUE_REST_OF_2026,DUST_WHOLEBOX_CLAIMABLE
df355ecec677ca5fc6b59b37e437e86abdb57f838178e8b571f5315b09cc843b,9fmuJUsDauFhLeQrvyA7NpYsJAzBND3WSXXmBZ5QoGxgSi5M2k3,0.01,3669.00598905,0,843316,2022-09-22,1894516,2026-10-14,DUE_REST_OF_2026,DUST_WHOLEBOX_CLAIMABLE
7c029f40e6211d7347c23945af9752ad9d75bc66f717891c3afee1a1a9237940,9gFfzSYzL8YDzQrrQmTrDAY1QwJnLZFFT2YgaYU4zwvFEs6sHiL,0.01,61.33122339,0,843318,2022-09-22,1894518,2026-10-14,DUE_REST_OF_2026,DUST_WHOLEBOX_CLAIMABLE
6804da9ad0bebe1dffbc36a32598144b0e9a5dea224e20b56a9f0fee468081c8,9gd3zgjyXPycqbFm1LKPU1WHTcoesed4MQhSBcjEh2y868m6gB3,0.01,40.56789506,0,843346,2022-09-22,1894546,2026-10-14,DUE_REST_OF_2026,DUST_WHOLEBOX_CLAIMABLE
6b19749b8cc2efaead42d7023733d88affcfe79cdcecf360c8b479e6b1409672,9gd3zgjyXPycqbFm1LKPU1WHTcoesed4MQhSBcjEh2y868m6gB3,0.01,4738.29072027,0,843346,2022-09-22,1894546,2026-10-14,DUE_REST_OF_2026,DUST_WHOLEBOX_CLAIMABLE
e17a0c5377c56830ff7520dceba71860e112d385850f015153bb9207708f65b2,9gi78gzoiUFtT52rEUeYzsF3GPKJqx1PNNBy2CMGeqezgDKxifq,0.01,5.66972759,0,843346,2022-09-22,1894546,2026-10-14,DUE_REST_OF_2026,DUST_WHOLEBOX_CLAIMABLE
aa4c5c28040c974bf81346446817c67e888a5129b021acfc263e61b1766d579c,9fAKUCU8AUa7JM1ErVdfcavbzicw1fPQBMxehvEYSWHHYPZmGcs,0.01,166.2670892,0,843356,2022-09-22,1894556,2026-10-14,DUE_REST_OF_2026,DUST_WHOLEBOX_CLAIMABLE
ec1cdc7feac2460772371ba7a0ac337e5df72dd24d468c7fbfeb04ee2936f3b5,9gYMfYJ2WQzFXLtXhEcKsWhiptuVAEY8v6iFh7EzwbaBR8oDHm8,0.01,2.81641923,0,843365,2022-09-22,1894565,2026-10-14,DUE_REST_OF_2026,DUST_WHOLEBOX_CLAIMABLE
0712119f85eb9a7202f5058d719b45e373d230449182dc7440c7710dca072f4f,9gWUAzfgKoCp97pcdtoGsBjGpFWFL3AyY9WtMnrvUFeTVWsyV1S,0.01,49.5190885,0,843367,2022-09-22,1894567,2026-10-14,DUE_REST_OF_2026,DUST_WHOLEBOX_CLAIMABLE
de94891dedc92345b5d4830d64c10a698231ee7399a8908f932eb63e468b7a10,9gWUAzfgKoCp97pcdtoGsBjGpFWFL3AyY9WtMnrvUFeTVWsyV1S,0.01,48.76841134,0,843367,2022-09-22,1894567,2026-10-14,DUE_REST_OF_2026,DUST_WHOLEBOX_CLAIMABLE
b88cc60a16ab2f445e5582b93ede53a49ed9e8bcf16912c06770682f4acc40c5,9fNLMbjgDAvAc1ARer2wbudAy8A79eDZttD1x8aAtUVCUDuaSv4,0.01,4.59575496,0,843370,2022-09-22,1894570,2026-10-14,DUE_REST_OF_2026,DUST_WHOLEBOX_CLAIMABLE
b6f4aae24c36ba1b9c26ee5b1297addbbfbaf9068a9841d1e1b5ca3ed316199c,9gbJg2vb6AbwRryw6gx9LHBoL6CcY33CTywYUeFB2QfQV2uKAab,0.01,33.04815543,0,843372,2022-09-22,1894572,2026-10-14,DUE_REST_OF_2026,DUST_WHOLEBOX_CLAIMABLE
944e3d5be6b7b56d17b0268fd122bcf3398af3acf720c0153e284cde995171f1,9fiScTuRT7jXyx737JQyQPGPrtP6Z2wdPxuRUWfxm8bYjJ5EJcp,0.01,17.89107163,0,843379,2022-09-22,1894579,2026-10-14,DUE_REST_OF_2026,DUST_WHOLEBOX_CLAIMABLE
bf8e178d3f8aa4f3d9556782f2c0c29099ece75a0f48ad3da0af6d52b59f54d5,9gttiYW2g6GwqYM1jCGC9f1NoVRH6os39gjdtmsXMkb5DzuA84k,0.01,58.12637166,0,843391,2022-09-22,1894591,2026-10-14,DUE_REST_OF_2026,DUST_WHOLEBOX_CLAIMABLE
e13ab4695b7f4e797d36fd315a61219886e5c26dd363e99ed711e3e618cb1884,9gyvWuhfFhq916kdwhb7jjYvJes8Hnq9G56CcGbNwfFQ63wBfnK,0.01,49.31689811,0,843393,2022-09-22,1894593,2026-10-14,DUE_REST_OF_2026,DUST_WHOLEBOX_CLAIMABLE
e628194ed4d20ee925b568cff9104cb2971875c3138e409cd07b5f5f574f1caa,9gyvWuhfFhq916kdwhb7jjYvJes8Hnq9G56CcGbNwfFQ63wBfnK,0.01,7.74643931,0,843393,2022-09-22,1894593,2026-10-14,DUE_REST_OF_2026,DUST_WHOLEBOX_CLAIMABLE
b89dd2180e6d5454186d870d1055f37190aecff5bd53ae66d3d9919cf417c048,9gutKrVcYhYaUhD637NAhKPN3iD7Eyo5DQ6qa86jqMDZyTxHrri,0.01,49.4375,0,843406,2022-09-22,1894606,2026-10-14,DUE_REST_OF_2026,DUST_WHOLEBOX_CLAIMABLE
1441408e6e1c680b60d343cace43929cdd2838f95b7df6f020e0edf30e3a7560,9gd3zgjyXPycqbFm1LKPU1WHTcoesed4MQhSBcjEh2y868m6gB3,0.01,155.1875,0,843407,2022-09-22,1894607,2026-10-14,DUE_REST_OF_2026,DUST_WHOLEBOX_CLAIMABLE
3b69be90cb410af4139da5050f7de3499b927799ba76779691be394b5ba521a5,9gd3zgjyXPycqbFm1LKPU1WHTcoesed4MQhSBcjEh2y868m6gB3,0.01,106.8125,0,843407,2022-09-22,1894607,2026-10-14,DUE_REST_OF_2026,DUST_WHOLEBOX_CLAIMABLE
3c2f3c0ad1187a3bd9a41e12e9b332fa40a540d1b9f7dd4c5a63b322e217aca6,9gd3zgjyXPycqbFm1LKPU1WHTcoesed4MQhSBcjEh2y868m6gB3,0.01,151.8125,0,843407,2022-09-22,1894607,2026-10-14,DUE_REST_OF_2026,DUST_WHOLEBOX_CLAIMABLE
69018d261ca9fbb0d9d5f87a48c3229feefeb8b51919c018dc462fcf9116f975,9gd3zgjyXPycqbFm1LKPU1WHTcoesed4MQhSBcjEh2y868m6gB3,0.01,105.6875,0,843407,2022-09-22,1894607,2026-10-14,DUE_REST_OF_2026,DUST_WHOLEBOX_CLAIMABLE
7100696fd36c75d29ef72892eb0929810aafbe8aea6cc0ae1d5d3cbb8aa7f264,9gd3zgjyXPycqbFm1LKPU1WHTcoesed4MQhSBcjEh2y868m6gB3,0.01,141.6875,0,843407,2022-09-22,1894607,2026-10-14,DUE_REST_OF_2026,DUST_WHOLEBOX_CLAIMABLE
78ac1a222bc6aba90b7f36a9083aa5e6c43e0743dc24a4f026199a04914d9270,9gd3zgjyXPycqbFm1LKPU1WHTcoesed4MQhSBcjEh2y868m6gB3,0.01,242.5625,0,843407,2022-09-22,1894607,2026-10-14,DUE_REST_OF_2026,DUST_WHOLEBOX_CLAIMABLE
b2f334ba6c4505dad8ceab719cd2e896afa860627b6b9c77bc2b5cd75d2d5d14,9gd3zgjyXPycqbFm1LKPU1WHTcoesed4MQhSBcjEh2y868m6gB3,0.01,159.6875,0,843407,2022-09-22,1894607,2026-10-14,DUE_REST_OF_2026,DUST_WHOLEBOX_CLAIMABLE
68ad9195beb6f2545618692b0b2923cae76fc01a8fd5c2736e4da3b22555c94a,9gD9K4Tum3A8voMopBbdfJEsJTgcmfiZN5uCo1Ve4xN6szd8wcQ,0.01,48.71495374,0,843418,2022-09-22,1894618,2026-10-15,DUE_REST_OF_2026,DUST_WHOLEBOX_CLAIMABLE
573b388611cb93e7d8ec39936807520f5c9635cc65c1b4e05c15f61d4e2b8deb,9fHCosouSoXyzLq5w1k6yWz3dobN4iWGf5YgbkmqYSdWGqd6oEr,0.01,32.21457731,0,843427,2022-09-22,1894627,2026-10-15,DUE_REST_OF_2026,DUST_WHOLEBOX_CLAIMABLE
26af1c4246fdd2477a3113fc9222ace75efb6fb1f7280f2c48049a49064e4c27,9iN3My8Joznv6x6noc5GQLS1Bq9Supvc9AKSk7fN6r5apTjuVUs,0.01,4.70228804,0,843431,2022-09-22,1894631,2026-10-15,DUE_REST_OF_2026,DUST_WHOLEBOX_CLAIMABLE
964475fc8385ccd65b216f41bc8be876c5a845e802711af3c1f4d3f92b955eae,9eamaynFf7Cb29q9sWiMQD8d2EKKiLnviGYoSjVbUn9Sv2hsVYa,0.01,49.01589927,0,843443,2022-09-22,1894643,2026-10-15,DUE_REST_OF_2026,DUST_WHOLEBOX_CLAIMABLE
817f675777a8850f551331e16af2c9e9902853d57e0c1bab6555dabe531ad003,9gKrwBeNtnr2yFS7aXheo2R9duWNfyjARbcqYdR5aeEuMJ2LUTU,0.01,128.52865241,0,843449,2022-09-22,1894649,2026-10-15,DUE_REST_OF_2026,DUST_WHOLEBOX_CLAIMABLE
c000b67200adadcfe2009a040e5d6901d1ab1c81c83613b1063a65a3ed3cf5fc,9fgyvpWkb1F9w1RbWaCVzRsjpz996zZbmx72mw7KLNchZuSk9Tf,0.01,15.88408264,0,843452,2022-09-22,1894652,2026-10-15,DUE_REST_OF_2026,DUST_WHOLEBOX_CLAIMABLE
7c9c137e9e2874bdb8e8f46758f73893afc8dc8fd7a024b0f79aa6ef1533aebc,9gpvV2YThZCHUFWwAbdwHQ64tgsgmif3uGgQzBEjvmRacESMFrJ,0.01,13.77559344,0,843480,2022-09-22,1894680,2026-10-15,DUE_REST_OF_2026,DUST_WHOLEBOX_CLAIMABLE
bcc3b3ba4a15878c9db0cfa897addb99714cccd967d44e50a19cbb1e209bd023,9h9Zv8AKG4SBsCJqSWSNj64UKXGX7SiDWwza8ZVzNiqX2YDMzxw,0.01,8.79329641,0,843485,2022-09-22,1894685,2026-10-15,DUE_REST_OF_2026,DUST_WHOLEBOX_CLAIMABLE
64e00afaa94c654e10c435bd03fb40c2a1d0336aeac52fbce57a900134da7f86,9fAGjMwk9XxziSKMQya27Bx6yu8naoKcUwbWaZ2cH9RRHmkSdWx,0.01,742.72835651,0,843491,2022-09-22,1894691,2026-10-15,DUE_REST_OF_2026,DUST_WHOLEBOX_CLAIMABLE
0fdbdd0efe3e1b10726a8706f7fd4d833133e5bd04aae39935841bbf9667bdc9,9fAGjMwk9XxziSKMQya27Bx6yu8naoKcUwbWaZ2cH9RRHmkSdWx,0.01,15.6875,0,843493,2022-09-22,1894693,2026-10-15,DUE_REST_OF_2026,DUST_WHOLEBOX_CLAIMABLE
473cc029119b9a060b29717e7d1835ede4d25434be97e375ae82b595849c8e0d,9fAGjMwk9XxziSKMQya27Bx6yu8naoKcUwbWaZ2cH9RRHmkSdWx,0.01,662.88631336,0,843493,2022-09-22,1894693,2026-10-15,DUE_REST_OF_2026,DUST_WHOLEBOX_CLAIMABLE
7d5f1bfd36f7522b141583f45dfe70c0ec6641e77660858052aeee8a3e70dabb,9fAGjMwk9XxziSKMQya27Bx6yu8naoKcUwbWaZ2cH9RRHmkSdWx,0.01,94.4375,0,843494,2022-09-22,1894694,2026-10-15,DUE_REST_OF_2026,DUST_WHOLEBOX_CLAIMABLE
6535e95654760ad28898f2163b985cf386be6acc93cfa08b8d39af103d8a0a87,9g6EDdprUMUNQaCiAkMrRQCKeCkcbc1kzmuihxmArUQzhkyTsop,0.01,29.37620382,0,843496,2022-09-22,1894696,2026-10-15,DUE_REST_OF_2026,DUST_WHOLEBOX_CLAIMABLE
9a5f27d899ffa07593990e29bcf9abe7e58a1fc5829b970c1059552fcaf4f734,9hGWDhiWyAx3VStSbCnpyvk1YVTYCxEhhH1W8AeiaBsmK5MoFQp,0.01,74.60564877,0,843545,2022-09-22,1894745,2026-10-15,DUE_REST_OF_2026,DUST_WHOLEBOX_CLAIMABLE
7ce73db81a67bb5a964921a536f17a26ff82ff8b24e371ef5e267cf914577798,9hu79TKnpsMjrkiSWppCTZe7tvXDcy67tjiCJPVaCRxabxKK2eR,0.01,23.0,0,843570,2022-09-22,1894770,2026-10-15,DUE_REST_OF_2026,DUST_WHOLEBOX_CLAIMABLE
1ac0f6a2548042d01623d60dbafd47cfee51847282a11529399782ff4e839908,9hDY66QfQBs74N2yUaC58yXpxJ77NF5r2SkJpbeUJXYKyfviMov,0.01,14.70349936,0,843582,2022-09-22,1894782,2026-10-15,DUE_REST_OF_2026,DUST_WHOLEBOX_CLAIMABLE
24651ddd506b5af24532a2673578f3a1101bc757b6100ac81948641f62ee72b4,9feqWUvph2j9eZcRfezo27CK9X2635ctCN6sJnLvAo3TLQyxz4H,0.01,23.37413077,0,843587,2022-09-22,1894787,2026-10-15,DUE_REST_OF_2026,DUST_WHOLEBOX_CLAIMABLE
c1ded976367a0f9233941d1ef235eb10505d91c734997eb533e9056614cf17bc,9fvjyT764DRUAP2pm4punjq4pGHjPkuMQVjuXtbyEmu3YqXcwEX,0.01,158.44570014,0,843601,2022-09-22,1894801,2026-10-15,DUE_REST_OF_2026,DUST_WHOLEBOX_CLAIMABLE
1a38e15f90f1b1cc4b701a0f78d2cbad3caeeb7eae692d3e447278d57377f018,9hV5j2hsMqzE6wj66J51AjJZk1dF4dHVrS4tnU4G4UyyQHnzbbk,0.01,16.93413263,0,843614,2022-09-22,1894814,2026-10-15,DUE_REST_OF_2026,DUST_WHOLEBOX_CLAIMABLE
c07668a07163cb6cd185b8e2e4e234a7c246619bda410745d0614b6861a5b14d,9hXRLBqCXkLb8QLKCnK9pfDVzrU76bhFUhBLwUNj5a2oGzZpNo9,0.01,12.64229938,0,843615,2022-09-22,1894815,2026-10-15,DUE_REST_OF_2026,DUST_WHOLEBOX_CLAIMABLE
f15cbab729621d6997e9f2489c79c7416a8481115384668c59e83328f0a9fc75,9hSGfRrxeeirJxaUthT5y4EacyUD5LUfuNczBrftw2iJvELPvto,0.01,3.46043454,0,843618,2022-09-22,1894818,2026-10-15,DUE_REST_OF_2026,DUST_WHOLEBOX_CLAIMABLE
e8e4ff58c73eb9017a7a52ffad62905ce2d6a0ac1fc996d8fef2aca2a6b083cb,9gAT65NksBP1uQnTinsTi12HCxLm6FEXmkYcPakuRTxJasf1M4e,0.01,2884.73932207,0,843619,2022-09-22,1894819,2026-10-15,DUE_REST_OF_2026,DUST_WHOLEBOX_CLAIMABLE
c9176a381c541731e97039eb5949903e6bcf115c1d72552f322c016322eedfbd,9gvp5NGFqqk2VgUtZuGjbxsvoLhkrRamnmMgNjDswAaK97Yjwyq,0.01,13.97697517,0,843621,2022-09-22,1894821,2026-10-15,DUE_REST_OF_2026,DUST_WHOLEBOX_CLAIMABLE
853cafc77412da0f7ff63156fdcdfd4079055638b6247ab784630300ce80d11a,9fZZiM7QbiHxJ4v3tpHe7wxN1RqJVUhjfMasfwAAdSLsfP83FZn,0.01,26.09983914,0,843634,2022-09-22,1894834,2026-10-15,DUE_REST_OF_2026,DUST_WHOLEBOX_CLAIMABLE
9c28a06252f093adc1fcfeb3964c0e493dc4f93ca0c59233c906b4786b9284c9,9emcmmi7u7DBLGeVpkaYpXhfQJT6TfHxbWMzwvLjuZWBiH4Vz9L,0.01,14.1493231,0,843642,2022-09-22,1894842,2026-10-15,DUE_REST_OF_2026,DUST_WHOLEBOX_CLAIMABLE
81510295f52a87d385c083adb1e8fc3f96de66ef26f19d1552e442ae7c0ee0df,9h8mn9sYh83sWab2xq5cSx79mdr6BeAStsJZCnEfPqYvFUz4RPy,0.01,14.86925298,0,843645,2022-09-22,1894845,2026-10-15,DUE_REST_OF_2026,DUST_WHOLEBOX_CLAIMABLE
30af0e3539e44bc9bde2bd4815e65f09f158bff95d096f9ad4a01a102d071d71,9hs81WyNVUaXyXG5AujqLCrAPyLPozpx9swRioMoo13WLK9AeNt,0.01,13.13825284,0,843649,2022-09-22,1894849,2026-10-15,DUE_REST_OF_2026,DUST_WHOLEBOX_CLAIMABLE
55bd90532456832f61f217275976e8454f39cb32dc02b88e949ae743925029e3,9hs81WyNVUaXyXG5AujqLCrAPyLPozpx9swRioMoo13WLK9AeNt,0.01,48.56774544,0,843649,2022-09-22,1894849,2026-10-15,DUE_REST_OF_2026,DUST_WHOLEBOX_CLAIMABLE
fe3ae166deb5bdfdcf1137c22d92f13df74976f25b19e35943cda53bc68565fa,9hs81WyNVUaXyXG5AujqLCrAPyLPozpx9swRioMoo13WLK9AeNt,0.01,47.51090507,0,843649,2022-09-22,1894849,2026-10-15,DUE_REST_OF_2026,DUST_WHOLEBOX_CLAIMABLE
501ea0a3d68b4a9ae14fd7a7fefbb49135496cab33200a7b820f5b6e5eacadfd,9h9zse5QLhc67mQ5GT4SPJKLyW6EJacqWRMwk8VyrwwaRcNCHXu,0.01,137.39942904,0,843874,2022-09-22,1895074,2026-10-15,DUE_REST_OF_2026,DUST_WHOLEBOX_CLAIMABLE
57a0e77392f98e687b085cbdb1cfb565d61daacc3367ea628e147825c113ce4a,9hdeAJXwNfvFNmjuAxetznnvNLX8icFhL1vHyZqMjoLvJj1mkRi,0.01,17.00617355,0,843877,2022-09-22,1895077,2026-10-15,DUE_REST_OF_2026,DUST_WHOLEBOX_CLAIMABLE
39230521452e64770a123da9052f24e64a1a9aeee71d8f4025afc7f5ee8a4e13,9ehdsZmWfs9vkTcJ7zMZ6zWtdkigoZvTBhPdHrTxxyFkPuSgyyC,0.01,49.01589626,0,843885,2022-09-22,1895085,2026-10-15,DUE_REST_OF_2026,DUST_WHOLEBOX_CLAIMABLE
95aef340e1301d014ebeba6a85ce8b529a65fa185094e400398dbc9b7a86e44e,9fPpjDWrYbhye7CX67TuUQvacfQ88HrMNYZEtUMuZeh3fA8irAM,0.01,2.98258219,0,843885,2022-09-22,1895085,2026-10-15,DUE_REST_OF_2026,DUST_WHOLEBOX_CLAIMABLE
8d20961c84dcde959a0b012a69f77cdfa5b207e9fcff0d3d26ab32bc14623b46,9et68AhRnkC48th52MRQSJc6y68JCUsMG4q49bgXxacdMopT1hn,0.01,18.00922633,0,843886,2022-09-22,1895086,2026-10-15,DUE_REST_OF_2026,DUST_WHOLEBOX_CLAIMABLE
dd19f717984e525a6bd2ca7264adcfe37e1defccb13c6f99c4da72ce5ce5a933,9eshw47Ko5BtveYp2TbFcoyKoUnRko51jWurrrKvwfMhjsQwEtR,0.01,70.30659344,0,843896,2022-09-22,1895096,2026-10-15,DUE_REST_OF_2026,DUST_WHOLEBOX_CLAIMABLE
f78b0d563066f84f1e6b8c147a7b15357a5ee3b4492ba0c5d9bacd652932e982,9hdJ3x4qybMZon6dHWetAyK9nHoxmvPvAQ15cMKx1Ynz5TmGQrj,0.01,0.45449924,0,843898,2022-09-22,1895098,2026-10-15,DUE_REST_OF_2026,DUST_WHOLEBOX_CLAIMABLE
121b10f8991d6918405af1f9ce45158d74c8a999639b6a17162603a30ca77c46,9eg8rvs2sV6VJEP1Bx6v4Wrp1qRdkcGgJo4fQ87numoVeWw8iAW,0.01,40.35893576,0,843914,2022-09-22,1895114,2026-10-15,DUE_REST_OF_2026,DUST_WHOLEBOX_CLAIMABLE
8d358f80c2d44233951327375cb676cf9b39019791e1e2b2be7377c7af1ea3f2,9eg8rvs2sV6VJEP1Bx6v4Wrp1qRdkcGgJo4fQ87numoVeWw8iAW,0.01,82.80969145,0,843914,2022-09-22,1895114,2026-10-15,DUE_REST_OF_2026,DUST_WHOLEBOX_CLAIMABLE
2a6c320c701307fc537b6c2b32d02f5efc18cc31ae5bb088c0e56d92360de6c4,9eg8rvs2sV6VJEP1Bx6v4Wrp1qRdkcGgJo4fQ87numoVeWw8iAW,0.01,99.33590076,0,843915,2022-09-22,1895115,2026-10-15,DUE_REST_OF_2026,DUST_WHOLEBOX_CLAIMABLE
c74a4ea6ddfd440ad5e2cacb29dd3bc2fb9c5af25c93c719ce358756fcb71c74,9eg8rvs2sV6VJEP1Bx6v4Wrp1qRdkcGgJo4fQ87numoVeWw8iAW,0.01,18.03439953,0,843915,2022-09-22,1895115,2026-10-15,DUE_REST_OF_2026,DUST_WHOLEBOX_CLAIMABLE
3a07e6e95626dff74b78fecf2f2d20655177bc429d03f4985966fc22237fd6d5,9eg8rvs2sV6VJEP1Bx6v4Wrp1qRdkcGgJo4fQ87numoVeWw8iAW,0.01,3.05270884,0,843916,2022-09-22,1895116,2026-10-15,DUE_REST_OF_2026,DUST_WHOLEBOX_CLAIMABLE
507bd50956f48361f87ead9d40d41c1e7e8e3f535dcd2630f3f92477aa3980c1,9eg8rvs2sV6VJEP1Bx6v4Wrp1qRdkcGgJo4fQ87numoVeWw8iAW,0.01,8.13993311,0,843916,2022-09-22,1895116,2026-10-15,DUE_REST_OF_2026,DUST_WHOLEBOX_CLAIMABLE
f3071244c469c5fbc01de57cdfa3c7fc16d71d50a0c0674edf87e271843ef426,9eg8rvs2sV6VJEP1Bx6v4Wrp1qRdkcGgJo4fQ87numoVeWw8iAW,0.01,1.52186584,0,843916,2022-09-22,1895116,2026-10-15,DUE_REST_OF_2026,DUST_WHOLEBOX_CLAIMABLE
cf62d900de197fee62cc0ea2ce26b6f9d35f6122b9343f412b9cc909c2708725,9eg8rvs2sV6VJEP1Bx6v4Wrp1qRdkcGgJo4fQ87numoVeWw8iAW,0.01,11.62684079,0,843917,2022-09-22,1895117,2026-10-15,DUE_REST_OF_2026,DUST_WHOLEBOX_CLAIMABLE
d9d2f0f4dcf3a025f6e135a931930f35dc51b612d1143ce0b83bbcf857a5e260,9eg8rvs2sV6VJEP1Bx6v4Wrp1qRdkcGgJo4fQ87numoVeWw8iAW,0.01,12.10843893,0,843917,2022-09-22,1895117,2026-10-15,DUE_REST_OF_2026,DUST_WHOLEBOX_CLAIMABLE
8780a0e5443400225753dbf7748df55bee56998ac4c62bc3487de3fee8072d2d,9eeN6ifXBzYHRXEKzq3fHxW2KhywjyMG7ooteU2vAFCNuffZSgw,0.01,26.61403073,0,843923,2022-09-22,1895123,2026-10-15,DUE_REST_OF_2026,DUST_WHOLEBOX_CLAIMABLE
eb66603180e678b93689edeca2d2c9c4aa9640301c9ce69dc6f05d24df3bde65,9gJFX6YjKJdq9NgTHyw4BvUrGu7hAm3uX3rZzyzfHVrQdbMfLfS,0.01,51.10990663,0,843924,2022-09-22,1895124,2026-10-15,DUE_REST_OF_2026,DUST_WHOLEBOX_CLAIMABLE
fffaf591a3bbb83ef974b3b01f7fccec5a190722e2c6d98490351a5cfdc77dd7,9gAT65NksBP1uQnTinsTi12HCxLm6FEXmkYcPakuRTxJasf1M4e,0.01,268.25,0,843926,2022-09-22,1895126,2026-10-15,DUE_REST_OF_2026,DUST_WHOLEBOX_CLAIMABLE
796a8189ece44fb8a8ca2c64046af771cffc69185e40eb17c26e9a50af91f045,9gV2ug1mrgqvTJYeRyDtBXnhhE18Adc55JgpoFb1YL1UEGXbySu,0.01,4.29513922,0,843944,2022-09-22,1895144,2026-10-15,DUE_REST_OF_2026,DUST_WHOLEBOX_CLAIMABLE
274bc43bb4dce53a6b043e9dc5f6ee093016dac12f493dbd2d6a36ef9110934c,9gbZLa9D9NGGJJaKjkzHQHBM3v2DWuYeTJRXregHdPMVtiK349m,0.01,15.00915116,0,844103,2022-09-23,1895303,2026-10-15,DUE_REST_OF_2026,DUST_WHOLEBOX_CLAIMABLE
741e9f0fb87bc3c53362f2249a45dfb274b2b85c195831d4b84e34038eda4139,9gbZLa9D9NGGJJaKjkzHQHBM3v2DWuYeTJRXregHdPMVtiK349m,0.01,2.46133632,0,844103,2022-09-23,1895303,2026-10-15,DUE_REST_OF_2026,DUST_WHOLEBOX_CLAIMABLE
9941f731fe3cffdfe7d60ebf11640731a76c2f9b843af32623b0a4e56e22e837,9f2m7MNMcXAuhAkVYxqJnjpRLSfnpY89X3by7oVQFPGgw65386P,0.01,49.01589927,0,844108,2022-09-23,1895308,2026-10-15,DUE_REST_OF_2026,DUST_WHOLEBOX_CLAIMABLE
e2f2c7c3314494adb3a839641fcfc04cb6f012cfb947668b9f2e2bde221428fb,9gAT65NksBP1uQnTinsTi12HCxLm6FEXmkYcPakuRTxJasf1M4e,0.01,23.55320251,0,844150,2022-09-23,1895350,2026-10-16,DUE_REST_OF_2026,DUST_WHOLEBOX_CLAIMABLE
fbc12bb4950f02dc139a061979ea18bb8404db69d3aa120dcd4052db1691b391,9iF1G6QmRPNHHmE7DfqAzCrMYutgvWKgbABQ4DextkoL2gbxLdH,0.01,71.86689508,0,844162,2022-09-23,1895362,2026-10-16,DUE_REST_OF_2026,DUST_WHOLEBOX_CLAIMABLE
babbf31aff66e8c16dd0234e55a87fdbd92d9ab169e4b7319bf0055dbb8abab9,9ebPNqzmWERqcHc7wBD6cxsPpisM7AK1zvDgcUXSULhXcS2aCnr,0.01,9.96718736,0,844167,2022-09-23,1895367,2026-10-16,DUE_REST_OF_2026,DUST_WHOLEBOX_CLAIMABLE
4fb97db6cfd13d7658f966231ebbc1e9214e9699b160bae2b3d8f34e4f9412eb,9hCiqTLLwKqFLuqov4eRV2do5xoRGnwnpHfm77Dq5fDeodcvL4H,0.01,17.55712718,0,844169,2022-09-23,1895369,2026-10-16,DUE_REST_OF_2026,DUST_WHOLEBOX_CLAIMABLE
d220849bcf72ed142f6cd9d6505d1a1718dffe49fb6e0a36702356ccf1c67b64,9fYZKaCuJhUYowRULjupVkhQWg3StZk49TcwnnqucgPgCauUq2t,0.01,12.32304856,0,844169,2022-09-23,1895369,2026-10-16,DUE_REST_OF_2026,DUST_WHOLEBOX_CLAIMABLE
4ec260076b96c21e2c7e1377769c34814dee64fb96d2fc4d0c162a5cf279fd1c,9hWGdDL22zGmMnhsh4CpShEXuN7ceBrvGCDbhPzJQT85dx8Ae2P,0.01,2.6975693,0,844179,2022-09-23,1895379,2026-10-16,DUE_REST_OF_2026,DUST_WHOLEBOX_CLAIMABLE
ca330005ae2fcc3d256fd66c720d9146bb2f1e8dbe6d514dbf1ccdc956fc1dcd,9f6ptKd9GwMiobaBWDKM91fb3rSjzoUdxbo3NXnuyNRqZyY7N9g,0.01,20.448217,0,844184,2022-09-23,1895384,2026-10-16,DUE_REST_OF_2026,DUST_WHOLEBOX_CLAIMABLE
f61858591952aa1ffd312076ba2ea761b992c1a366fd6ccaf100bea4ce53097d,9fFXVudkbMJXYRj4dp9WxktX4gszy8ZXqoGhXX7zxMCFW9kmdWQ,0.01,7.45752945,0,844188,2022-09-23,1895388,2026-10-16,DUE_REST_OF_2026,DUST_WHOLEBOX_CLAIMABLE
0cf473a093ebb1218f918b29b425f878be69341bf2812a48ebd9e4b1f5efe680,9iDBi4VG8Noh1e5cU82ntTc3k4eLuCsGcgdQSiZHLZLyZihRugB,0.01,49.31689811,0,844201,2022-09-23,1895401,2026-10-16,DUE_REST_OF_2026,DUST_WHOLEBOX_CLAIMABLE
8af8f4f744d74a04b2804f0fb1af0bca2ae0b52eb8ad542bc1671005e023e423,9fGwYU3shsCiGuFQn3ptHR7Avu8UdwefbTYUyiZSymAxpR4qE7H,0.001,5.0,0,844201,2022-09-23,1895401,2026-10-16,DUE_REST_OF_2026,DUST_WHOLEBOX_CLAIMABLE
78cc1106fde07c46912126d502f028093c230e5b8b93aac8c4684407c4a8fae1,9fs92mmEUCoiWDW3Q9VxoeRRDQ5Gmc2qA3xWVtKi4gQMpWeCbFH,0.01,670.76008804,0,844234,2022-09-23,1895434,2026-10-16,DUE_REST_OF_2026,DUST_WHOLEBOX_CLAIMABLE
ce89510b31c793cb6eb006ebdf5e18c15a7ea0a639444be4b9ed36b6649d52df,9gMbuSeCLTG9ov9B7jKNt7UBHqd4rJALQ1mXa5sjipGLAL9nfiZ,0.01,49.01589927,0,844239,2022-09-23,1895439,2026-10-16,DUE_REST_OF_2026,DUST_WHOLEBOX_CLAIMABLE
093da235a9be0459a0106bd9db30ef362a059cbc2edf747f8e8b2e8fabba3f36,9gogyeg6cjxpVSwkYaCb1ndyYoJurfr2gF6XJCUR33CGWKEVyRf,0.01,47.51090507,0,844272,2022-09-23,1895472,2026-10-16,DUE_REST_OF_2026,DUST_WHOLEBOX_CLAIMABLE
ab28f7a5a492e10101e743e21f0bc6b31297fd86659c018283fe8d99c4237ee0,9gogyeg6cjxpVSwkYaCb1ndyYoJurfr2gF6XJCUR33CGWKEVyRf,0.01,157.33527497,0,844272,2022-09-23,1895472,2026-10-16,DUE_REST_OF_2026,DUST_WHOLEBOX_CLAIMABLE
a9f0b3d53ced0c1caeae081d9e58a830cae9e303ac222561922cd3c155d9c6ef,9f5Y44Z8RcgkudERtDQAwwpJQCp7WqLYW4zb8coxaq7YYie199A,0.01,59.91205732,0,844274,2022-09-23,1895474,2026-10-16,DUE_REST_OF_2026,DUST_WHOLEBOX_CLAIMABLE
2321a0a774534c63c78cc7a70da309b850af23dbee107f4041b947a582853b90,9gCDMKWXxGUicpL1huEVUceLaAhiG8UBcz9r6t7pVhkoqvrwXeb,0.01,34.99031429,0,844295,2022-09-23,1895495,2026-10-16,DUE_REST_OF_2026,DUST_WHOLEBOX_CLAIMABLE
7b8044a887dc4fd54b77c570fd83e4c7c2ed33519472065efd87024c2ea6a681,9gcfBvJuu9LfCb6Uij8twVzLtwhMpKDUuJhkcx2z9efcZ6ghkky,0.01,48.11290275,0,844299,2022-09-23,1895499,2026-10-16,DUE_REST_OF_2026,DUST_WHOLEBOX_CLAIMABLE
d582fd9d998db882bde2824a9f012c959de111b5dee75c68c052a6c6af380d77,9hbM7imgDpeg72trg48pjZ4YjVq2LPfVS4m7QJrKKE5s7wqS4CF,0.01,5.05696477,0,844311,2022-09-23,1895511,2026-10-16,DUE_REST_OF_2026,DUST_WHOLEBOX_CLAIMABLE
3af26c44148b406da9388ff70a2443ae9a1bd3dcfc47110f7d0dd6610cae3bbd,9hsR4VKoR5zgi3htqm2ZpE3qV3ePeikbP6jjG488XV93JUSXEVr,0.01,12.79345434,0,844365,2022-09-23,1895565,2026-10-16,DUE_REST_OF_2026,DUST_WHOLEBOX_CLAIMABLE
8d252847a40e3a04112d3e11d39c4752292a7667638f2e7f5fc8c85675a4f049,9hsR4VKoR5zgi3htqm2ZpE3qV3ePeikbP6jjG488XV93JUSXEVr,0.01,10.52912955,0,844365,2022-09-23,1895565,2026-10-16,DUE_REST_OF_2026,DUST_WHOLEBOX_CLAIMABLE
bc5441a2e4f52ddb3020147838bc10748edf3dbc1bb7a576d1c4f4a60453cd1d,9hsR4VKoR5zgi3htqm2ZpE3qV3ePeikbP6jjG488XV93JUSXEVr,0.01,16.34968413,0,844365,2022-09-23,1895565,2026-10-16,DUE_REST_OF_2026,DUST_WHOLEBOX_CLAIMABLE
09b3c7704810ba0fddbe05d6337e11337a47973aefd8f9a06e21cd85bf82d643,9f1McvNnCucTTfWTNWUzPUw46gorJwX4zDmdqsV9RoLGWvos2hw,0.01,7.48234715,0,844367,2022-09-23,1895567,2026-10-16,DUE_REST_OF_2026,DUST_WHOLEBOX_CLAIMABLE
55f4795a9b56f06ba7edba8e869f276a7f8fe40c6cef44fce40be31bfae5f222,9gRxz6Dy8dTdX2qVJ5bhPBNbqiLJb7e2YXXRkCTRGBuAbjjvagS,0.01,101.02205805,0,844374,2022-09-23,1895574,2026-10-16,DUE_REST_OF_2026,DUST_WHOLEBOX_CLAIMABLE
354b33127691b69823d79e0f90d00ec6cf51aa399244407a25233dd660ec3aee,9iJyUqAAhPcXEZcaZSEEr8DVNo4hG9vjTWMqjh5Ri9wnw9y4YLu,0.01,103.3841604,0,844379,2022-09-23,1895579,2026-10-16,DUE_REST_OF_2026,DUST_WHOLEBOX_CLAIMABLE
a4b56f29c6d19f4405a65792d9e020a6896ef6727bf31ab218f9cd462f82ad66,9iJyUqAAhPcXEZcaZSEEr8DVNo4hG9vjTWMqjh5Ri9wnw9y4YLu,0.01,32.18873144,0,844379,2022-09-23,1895579,2026-10-16,DUE_REST_OF_2026,DUST_WHOLEBOX_CLAIMABLE
f58a9d4cd1e573cf82631cfd2e162fec15d2bcd54f72781f821160fd5cc5ee50,9iJyUqAAhPcXEZcaZSEEr8DVNo4hG9vjTWMqjh5Ri9wnw9y4YLu,0.01,32.29575325,0,844379,2022-09-23,1895579,2026-10-16,DUE_REST_OF_2026,DUST_WHOLEBOX_CLAIMABLE
75e6e34e9f9d1090cb7b46f50b2ae6c707cb16ec786935dbf2a92ffff9608f85,9gzu5CDQSgoQdEoZVSZ5DhwRyKEQQZ5dC23PRz861hTwMR1qBJU,0.01,4.0341551,0,844390,2022-09-23,1895590,2026-10-16,DUE_REST_OF_2026,DUST_WHOLEBOX_CLAIMABLE
076b5a2eeefefdcf09c2c9bc092b9ee8113cac21ef4a7ff30d627c59126320c1,9ebfFTje365dLu9qr7UHjUUzZayPQPJYzjjVe8zQGPZ3eWFHg2Y,0.01,2018.98960298,0,844391,2022-09-23,1895591,2026-10-16,DUE_REST_OF_2026,DUST_WHOLEBOX_CLAIMABLE
8fd8dae33f1ec48843e9be4afb7a9765cbc9de5787c20a3417b89245d335af50,9ebfFTje365dLu9qr7UHjUUzZayPQPJYzjjVe8zQGPZ3eWFHg2Y,0.01,114.125,0,844391,2022-09-23,1895591,2026-10-16,DUE_REST_OF_2026,DUST_WHOLEBOX_CLAIMABLE
7d8ff436595be81e458eb7c4a15c313ac24dcb30b917687eb7701762b4902c95,9hxEkqp2SEzgQdbv94GJP1T1U1JVEjtVxGpuYYsByamrtPHnYGx,0.01,57.95378919,0,844398,2022-09-23,1895598,2026-10-16,DUE_REST_OF_2026,DUST_WHOLEBOX_CLAIMABLE
b9ae2a7211b4339ba349c8da56585aa1e71a57174fdb722ea442838f3590da70,9hxEkqp2SEzgQdbv94GJP1T1U1JVEjtVxGpuYYsByamrtPHnYGx,0.01,101.02181014,0,844398,2022-09-23,1895598,2026-10-16,DUE_REST_OF_2026,DUST_WHOLEBOX_CLAIMABLE
749c8e4d42b51e93d197f80734beb2b64df4c260a14d547469d46d81bd4c78b0,9hx4dUtpneqEB3oNNqcPu8ypFaFS4PeMQz4WE4vAq4GCe4SCeUr,0.01,26.375,0,844400,2022-09-23,1895600,2026-10-16,DUE_REST_OF_2026,DUST_WHOLEBOX_CLAIMABLE
5d838893225c2d9d1fcf750fe4a5124e2ee56f3d53eab4c2c430516346f64cd1,9goCmGosw6VgE1AXP1b9QB28s2XBsCPeMNkS32BkurnkY2q5cTt,0.01,22.86670759,0,844402,2022-09-23,1895602,2026-10-16,DUE_REST_OF_2026,DUST_WHOLEBOX_CLAIMABLE
acf503b961eb75613c3b38af6e87290c690ab917ac31fc2ff8a92e3ba95b1758,9hFetvphCJM1sQzcfKZZyJg8fZs6biBd9crdBjhB3u7T7a6yLs7,0.01,37.51844237,0,844412,2022-09-23,1895612,2026-10-16,DUE_REST_OF_2026,DUST_WHOLEBOX_CLAIMABLE
3fa200cb4fdcd9e603664d99b76d8e6fbcfeae919b2094d76491e41eaf4aaae4,9epW3u2SgCo5NbATDjeMyYuFg3vWsfZySZeggHXyvRSPYAANHHk,0.01,4.77200145,0,844414,2022-09-23,1895614,2026-10-16,DUE_REST_OF_2026,DUST_WHOLEBOX_CLAIMABLE
73a924f2f1a4e437282e67fb36002bab89ed7af2b4aa61b05541ac7d29be952a,9epW3u2SgCo5NbATDjeMyYuFg3vWsfZySZeggHXyvRSPYAANHHk,0.01,13.16948274,0,844414,2022-09-23,1895614,2026-10-16,DUE_REST_OF_2026,DUST_WHOLEBOX_CLAIMABLE
893da95ad37db1da25805114d030c19ac9d39d7fdf89e365fd9634f67f9fc02f,9i4L9sFma8D5KtLj9wTxLHcjphpt6YV9ms1VDcUo4eEGTdpwET4,0.01,99.50828411,0,844430,2022-09-23,1895630,2026-10-16,DUE_REST_OF_2026,DUST_WHOLEBOX_CLAIMABLE
fa43046f14fa5f2fabd17260d775b8dceae6f0a14ca7437e61e053f97be5e866,9i4L9sFma8D5KtLj9wTxLHcjphpt6YV9ms1VDcUo4eEGTdpwET4,0.01,49.31689811,0,844430,2022-09-23,1895630,2026-10-16,DUE_REST_OF_2026,DUST_WHOLEBOX_CLAIMABLE
902493955f43c9fa43c206a30681490459febbd1a8337166f4fa080b1105ce5e,9gXxrV6EgKBPJ381UbQpo3rfmG2G7STUfa6C2dsTvGfrY5jL4Lz,0.01,30.83715718,0,844431,2022-09-23,1895631,2026-10-16,DUE_REST_OF_2026,DUST_WHOLEBOX_CLAIMABLE
af9172be2bbd1b17a523f65479aabe913415a3cb356fecd6377b21f9d31c309e,9g8h8QESQ2B9uCf1mwGq1BpZ2hv7PE58duRDuVV6e8VTS5ohcKd,0.01,7.8125,0,844438,2022-09-23,1895638,2026-10-16,DUE_REST_OF_2026,DUST_WHOLEBOX_CLAIMABLE
557b248f356281a71d8574cd081c6ed073776320d57ec0706458f5baadef7979,9fwdyTrpjsNVYZKKQt34Gws38ycPnFHdVHCv9khqfA423KqBv1Z,0.01,16.20214906,0,844464,2022-09-23,1895664,2026-10-16,DUE_REST_OF_2026,DUST_WHOLEBOX_CLAIMABLE
130e2af6e3be9b0b62df1cfde39bf38753fd39372a8016e721135090d5ea2042,9i3hWEBFRVDCfPs8dmdELMsRwfEefybo9t41YyA7cyi8TowvhtN,0.01,22.44402612,0,844467,2022-09-23,1895667,2026-10-16,DUE_REST_OF_2026,DUST_WHOLEBOX_CLAIMABLE
4ce8420ad0608656aa903e72eb6ac09bef76b6cb88b834874cd011b394a18f6d,9gvop7dKQ4As3M3S2ymUsG1iJU75PsyQVv8uS2dk4zndwbs3W4G,0.01,6.125,0,844478,2022-09-23,1895678,2026-10-16,DUE_REST_OF_2026,DUST_WHOLEBOX_CLAIMABLE
a6d1686a021bf79e67efbb1af9d491b87abef4b354afe416c4a13d45338671fc,9erQ3yXQ6UCdfzVfc845kukvfGybhGo529gsPbpE2FfGawd8Mzt,0.01,38.79792187,0,844499,2022-09-23,1895699,2026-10-16,DUE_REST_OF_2026,DUST_WHOLEBOX_CLAIMABLE
a23133633e4f7f4eecbb4275863d317ae9cd10b284d04028293ad0079f3c9015,9fiZcrhE1SyrzH9citi2AD8DEHpdra3xkmW9fM4rAGgUfQCjwHD,0.01,52.97363776,0,844520,2022-09-23,1895720,2026-10-16,DUE_REST_OF_2026,DUST_WHOLEBOX_CLAIMABLE
e94d2cbfc871625123e11ca9a92535a44cd54336d02a24c1e89b2234320a9a4a,9fF4qcerD71g4PSd98A1PwijyM3TYFfQLWNARS6X1DspkVLPv2B,0.01,18.45614778,0,844522,2022-09-23,1895722,2026-10-16,DUE_REST_OF_2026,DUST_WHOLEBOX_CLAIMABLE
bb396d8de6866b92a1dc4b5783dca4058fafa0552c8db058a6d8755a6fc66192,9gJGotAPHmcx2DutnjCBL8Rmna93E9EqwZtQvPVf6dz7a2BRxvK,0.01,3.16068017,0,844562,2022-09-23,1895762,2026-10-16,DUE_REST_OF_2026,DUST_WHOLEBOX_CLAIMABLE
0069674b5860c602da1b28a79eec7dcc2919038e34ede51642318913749c579d,9fjW8hxh8ZWCVXRJApqCZNR1qe7tupe8ieZGvihNx3DvLmDPxyG,0.01,66.52700851,0,844577,2022-09-23,1895777,2026-10-16,DUE_REST_OF_2026,DUST_WHOLEBOX_CLAIMABLE
39d42f5f42cf9361dc9bafd0f76971af3beba4b0857eb6ca49b2740d6732500b,9fjW8hxh8ZWCVXRJApqCZNR1qe7tupe8ieZGvihNx3DvLmDPxyG,0.01,197.78004983,0,844577,2022-09-23,1895777,2026-10-16,DUE_REST_OF_2026,DUST_WHOLEBOX_CLAIMABLE
b8e1975612ce1bee85e05e8ada9a249a1ecbe98fddcaf039653a50f7ecd200b5,9fjW8hxh8ZWCVXRJApqCZNR1qe7tupe8ieZGvihNx3DvLmDPxyG,0.01,673.92293753,0,844577,2022-09-23,1895777,2026-10-16,DUE_REST_OF_2026,DUST_WHOLEBOX_CLAIMABLE
5f5c6ed41a8327185dba7490e72db29d881f34ab33098daa4975ef54e3ad33e7,9fjW8hxh8ZWCVXRJApqCZNR1qe7tupe8ieZGvihNx3DvLmDPxyG,0.01,105.72581723,0,844578,2022-09-23,1895778,2026-10-16,DUE_REST_OF_2026,DUST_WHOLEBOX_CLAIMABLE
84a60bfe7e4bf7224d616601cb53a0208a0e23eebee94678c62006402e4c9c64,9fjW8hxh8ZWCVXRJApqCZNR1qe7tupe8ieZGvihNx3DvLmDPxyG,0.01,64.9489757,0,844578,2022-09-23,1895778,2026-10-16,DUE_REST_OF_2026,DUST_WHOLEBOX_CLAIMABLE
f17faba79399064aa668d43d3c1f935ef2a0894b75f11ea7cdaa3ab19ded059a,9fjW8hxh8ZWCVXRJApqCZNR1qe7tupe8ieZGvihNx3DvLmDPxyG,0.01,63.68143613,0,844578,2022-09-23,1895778,2026-10-16,DUE_REST_OF_2026,DUST_WHOLEBOX_CLAIMABLE
3780909f8d925d207fed313babfcac421bb8a29218bf95602c6c246601c2e8b2,9gjMt2aFPsSvM3fmMxK3BtuFDXyFoTkQdG7cewkKsLhtQ9YvgKE,0.01,30.9777835,0,844580,2022-09-23,1895780,2026-10-16,DUE_REST_OF_2026,DUST_WHOLEBOX_CLAIMABLE
914379d2f685207b77eef260c93b002fcf4ac4749d8f29916e0c37ce493d348c,9f4PdcUZmi7z3Xm5j4adpMmcFUPATDwNcevFcRrRSvXS8znsXPF,0.01,64.02815568,0,844611,2022-09-23,1895811,2026-10-16,DUE_REST_OF_2026,DUST_WHOLEBOX_CLAIMABLE
4360618b2b159f7b67850b106b24effc3fcf0bbe0062c1ceb240d0c4ba4fcc22,9grKwWXQYA1pQaXKFqXWEpu2L32KzhdyfXhEn8vkEaZkzRvEWWx,0.01,48.11290275,0,844615,2022-09-23,1895815,2026-10-16,DUE_REST_OF_2026,DUST_WHOLEBOX_CLAIMABLE
05993051334989aee9bb4115b96a367f01b30af08288c854acffabdb35686570,9hdi9GcF6BXPe1wCQuCHu41a6CDAwmXSrMZwTCrriKYNxCsGba7,0.01,30.125,0,844623,2022-09-23,1895823,2026-10-16,DUE_REST_OF_2026,DUST_WHOLEBOX_CLAIMABLE
1b6a56f44c13e2ec1229c6ecb4e2c37a2833f80eb3dc9e221acd1cc455bd4002,9fyc1or8DjyK9EDtHzVWkQXe96Ya57pthWsVzwxW7X9qa6YVzR4,0.01,2156.10811931,0,844628,2022-09-23,1895828,2026-10-16,DUE_REST_OF_2026,DUST_WHOLEBOX_CLAIMABLE
b5acad4e62e5e83517ef6b1de078d439b26534f05dc21ca12a777ad46a5de04e,9eYHRFXY6eA3iXKk93nAoh2biYXRam8qVptSngxFbLdjsDEdrz7,0.01,47.26731036,0,844628,2022-09-23,1895828,2026-10-16,DUE_REST_OF_2026,DUST_WHOLEBOX_CLAIMABLE
d66dbb3605274a8fbacaac75e2096d558d8296be135ea605fbc1f202443b8c61,9hmd5ht42wrErw9MyDcxXs2KGeuUfgPnpNe3mid63BC5WfVcm7o,0.01,47.51090507,0,844628,2022-09-23,1895828,2026-10-16,DUE_REST_OF_2026,DUST_WHOLEBOX_CLAIMABLE
8bf8e2437298c053dc4d631b6c0d302474a2afb738bd2cbf23dee24bbc68156f,9fszKQj5NiFeztXpv11Uxy6jFvv2A9XNJKy3wjYfMXz47ZfSGm2,0.01,50.29928061,0,844632,2022-09-23,1895832,2026-10-16,DUE_REST_OF_2026,DUST_WHOLEBOX_CLAIMABLE
7bee551ecca192c338ac23706334fde7fec48b2cf6dbc6cc2b3f90f91ee2b6f3,9h9WCMYCy4mY13z7SiKH2siCSkFX9MhiPxmXbSdmwxZhtgsPrWg,0.01,13.72489471,0,844634,2022-09-23,1895834,2026-10-16,DUE_REST_OF_2026,DUST_WHOLEBOX_CLAIMABLE
35cda31175413babc0c66dabf2ad07943ab2ea0abdc049050dd6597f72044d74,9fbxvJDTJiZ6GZJyHhnguvKzrxHqk7EAYdWWKhBVb4yJrddZU9f,0.01,158.49921044,0,844640,2022-09-23,1895840,2026-10-16,DUE_REST_OF_2026,DUST_WHOLEBOX_CLAIMABLE
587782ad4e50c565d79aa4464b0d5a17278ebaf9cad71802770dd5c6c6b14ade,9eYcJ1evZSgdbeNcbi33g38XFRSyqcZH4GvCcoyoRQZUNY9HFbj,0.01,284.12604126,0,844640,2022-09-23,1895840,2026-10-16,DUE_REST_OF_2026,DUST_WHOLEBOX_CLAIMABLE
4c348193f9b9d59dc1b5554e9f9d72abcadeaa98beb2f66e096215013a6aeb75,9eYcJ1evZSgdbeNcbi33g38XFRSyqcZH4GvCcoyoRQZUNY9HFbj,0.01,133.47163789,0,844641,2022-09-23,1895841,2026-10-16,DUE_REST_OF_2026,DUST_WHOLEBOX_CLAIMABLE
4ccb2a0863eb565392a4065ce61c52c46270b5103bb5f31af1434c8f6e65a2bd,9gXFHL14rTstZ5xtaZWSwR5TsCy7Y7VuBCwoi9Ai6Bucgic1vfh,0.01,17.0930673,0,844654,2022-09-23,1895854,2026-10-16,DUE_REST_OF_2026,DUST_WHOLEBOX_CLAIMABLE
fd8e66c8802c3bb0d889c8f12b96d3176ac3ddf2791e0460e3f614b22fbd741a,9gHQDtphrtZBRgxVmiMXjD1GxUCbgHWXoEECpumAgXGJvNzZaRf,0.01,74.90848202,0,844700,2022-09-24,1895900,2026-10-16,DUE_REST_OF_2026,DUST_WHOLEBOX_CLAIMABLE
bb92627c5dfbc0179be135450580a5b0965ae854eb71782f631ffe0101d372ce,9fe2x95UCmgwLmiYzsfFXsZz4xU5DjVEJbAhGo91Y32ET1Ap3yi,0.01,2.20824076,0,844748,2022-09-24,1895948,2026-10-16,DUE_REST_OF_2026,DUST_WHOLEBOX_CLAIMABLE
62bf3817eefe3f3fb73afb8698005d20ec3945992252a269a4e3c70c479f7513,9fe2x95UCmgwLmiYzsfFXsZz4xU5DjVEJbAhGo91Y32ET1Ap3yi,0.01,6.81519746,0,844779,2022-09-24,1895979,2026-10-16,DUE_REST_OF_2026,DUST_WHOLEBOX_CLAIMABLE
1ec501267c4117e9628682b9842d89b02df5406bcee037b7e475113b89d58052,9hpJ2o4DBUBCc7rgV7TAhrPxdbhntsJVcgjopgCsqRBKqhrFp7h,0.01,1.41179098,0,844865,2022-09-24,1896065,2026-10-17,DUE_REST_OF_2026,DUST_WHOLEBOX_CLAIMABLE
05409e0e83c75a76838cb0965fc4480920aa802d0e40cf3be53d97dc66456ebc,9f1FndbU5RAWTUwfar7MPWWtoaPoyiBTcs6YsvLVAj4XQzDCMSR,0.01,141.37005544,0,844933,2022-09-24,1896133,2026-10-17,DUE_REST_OF_2026,DUST_WHOLEBOX_CLAIMABLE
e5b2696a866425398e4b8a0510c11b1bd6286aa53c7208eca2cf151a9e87d76a,9hxUE7yUJGrmm5csKDuEmT5MvETM9uubZcnM4WNtpWsgk8RR9gB,0.01,5.97303454,0,844951,2022-09-24,1896151,2026-10-17,DUE_REST_OF_2026,DUST_WHOLEBOX_CLAIMABLE
7df1e555a73a00b7ff81ac023b60c7715d2e660f3ed1c2ae2d8a90e7f91ce26e,9gZKN9moHkESvNN3Zmyomm8ZRVVYdVNkpuDfhAKaWhpbdqboz4r,0.01,47.51090507,0,844992,2022-09-24,1896192,2026-10-17,DUE_REST_OF_2026,DUST_WHOLEBOX_CLAIMABLE
40657a40a0bc1f719e27c12677c00b94c2da45746746d9db6e40aa651efba0b6,9g5C1PvcgoGbQ4hsSUsfs5EmmpdFLzhmS9f18Uqdf9tBT9eAAPy,0.01,10.01007185,0,845007,2022-09-24,1896207,2026-10-17,DUE_REST_OF_2026,DUST_WHOLEBOX_CLAIMABLE
acfb101378de79dfbc77c2c2ae3d82e7738d9251ed4e6aa68720e312cc37911c,9hbynRhEgcZbK52BAfM24goeY4R8AAZ2z5iJvRgNAEzqc9iKEDr,0.01,11.0855767,0,845031,2022-09-24,1896231,2026-10-17,DUE_REST_OF_2026,DUST_WHOLEBOX_CLAIMABLE
d5ebf292804c0358a35bc9baba2935c129eda24da4a2c5e4d345627e8aecd58f,9guGRZRN6owu945a7DdK66rdJN8hTnkgz6iu8KXVxQBmTzxY36B,0.01,51.05739605,0,845053,2022-09-24,1896253,2026-10-17,DUE_REST_OF_2026,DUST_WHOLEBOX_CLAIMABLE
13f66847ff9bf8a67eb2e6808ad13bd9210fef5cbe50c25c0002aada3668ff26,9gAFrbrtUr7C3zcUtDkmAqh2LMvPJ34UD6cWfUVZdJkQ8a99cJq,0.01,17.51244604,0,845090,2022-09-24,1896290,2026-10-17,DUE_REST_OF_2026,DUST_WHOLEBOX_CLAIMABLE
ebde684b56f6cde425298b8fa965636553de679b7330c0768267613d97f91a78,9gtdyNTVfziFsGzH7KNjMcUj4v8MtADx4Z3prg6MWyHCCWz9NJM,0.001,2500000.0,0,845196,2022-09-24,1896396,2026-10-17,DUE_REST_OF_2026,DUST_WHOLEBOX_CLAIMABLE
dd942afa3ff0afefd98230885b47927a990c269527842378540d301c6be353ab,9hbvBm1jH2mitLLvL5skvW3QVswwEtmb7qniwD3zJFmDjjotCRQ,0.01,63.44782847,0,845340,2022-09-24,1896540,2026-10-17,DUE_REST_OF_2026,DUST_WHOLEBOX_CLAIMABLE
a9a1441a271cb138c7ab4ae5f7869c2de8ad5be4a15518ef7460160954a679a3,9hJHqabC7AN2rTvJHQvHRxvPTjsCLQ6ACd4LFTYeVCTH2rC2Ch8,0.01,20.84128781,0,845359,2022-09-24,1896559,2026-10-17,DUE_REST_OF_2026,DUST_WHOLEBOX_CLAIMABLE
fe6bbc751cdff933ce1617016266b3f4a7971a876802b73d9b156021eb92b34e,9f7WSq5mqBoeofmdF7pR8CuLmfYGQk8AqqPWXYfYGpRTfeSGSFr,0.01,48.11290275,0,845369,2022-09-24,1896569,2026-10-17,DUE_REST_OF_2026,DUST_WHOLEBOX_CLAIMABLE
903d5ab4cbb286716fc26b4e44dc1f3bcdff07516efeabe958039c85c7e36c9d,9gyogctCc21JnZYL2NHYX4BjHdsqHGRMgcngAQQiFQ9Nw6PwhQs,0.01,49.6153031,0,845404,2022-09-25,1896604,2026-10-17,DUE_REST_OF_2026,DUST_WHOLEBOX_CLAIMABLE
ed559a824972580ba40c2edce4434abe6a71f8ea66ef04382ae8ebb45a52446e,9evMwhFxSjg77Z4iaPo1nEE6BxX33z7nbxBK5QYwBBJ28UbkEEa,0.01,19.41751887,0,845452,2022-09-25,1896652,2026-10-17,DUE_REST_OF_2026,DUST_WHOLEBOX_CLAIMABLE
3162a4644b728b2ec93aad23c41e9059cbe415e518df7094c1a6533ec3f2fcf1,9heFTfjz485iUJmKXqFpQbuAiBzFNrUKCC84d24VuGNqihKT78h,0.01,145.4375,0,845453,2022-09-25,1896653,2026-10-17,DUE_REST_OF_2026,DUST_WHOLEBOX_CLAIMABLE
8a80359cc06a9af0e53c6a460c93786757b411177ad5ee75601d5dd791ac595d,9heFTfjz485iUJmKXqFpQbuAiBzFNrUKCC84d24VuGNqihKT78h,0.01,1091.75,0,845455,2022-09-25,1896655,2026-10-17,DUE_REST_OF_2026,DUST_WHOLEBOX_CLAIMABLE
292d56355f6f7fc67bfa9b4d14093085609fa559e941c4a1f9c7fda0f360267d,9hRg82rSqhDbfRAUbuhnW8Ws5uEg6KV4hjEPExnV71BmUgPzGPS,0.01,656.65625,0,845468,2022-09-25,1896668,2026-10-17,DUE_REST_OF_2026,DUST_WHOLEBOX_CLAIMABLE
55d2d4cfbafd1656b46ae971e1d852a719c862500d3e580e934b123482c2041d,9hRg82rSqhDbfRAUbuhnW8Ws5uEg6KV4hjEPExnV71BmUgPzGPS,0.01,139.4375,0,845471,2022-09-25,1896671,2026-10-17,DUE_REST_OF_2026,DUST_WHOLEBOX_CLAIMABLE
d4a7f807bd69e3a2198f5d1b52cccf32040006b84428256a65f0d5bcddf38e01,9gQWJLuUBzSgBKpHeXYyVbr8oZn1YPowNvWi4ZD9Zi3k3wDTf69,0.01,590.0,0,845476,2022-09-25,1896676,2026-10-17,DUE_REST_OF_2026,DUST_WHOLEBOX_CLAIMABLE
97c52d0b6cd357dfc882e745cea77af2bd5bf164a4a4fc11f4ec3d017165e1dc,9gQWJLuUBzSgBKpHeXYyVbr8oZn1YPowNvWi4ZD9Zi3k3wDTf69,0.01,154.625,0,845479,2022-09-25,1896679,2026-10-17,DUE_REST_OF_2026,DUST_WHOLEBOX_CLAIMABLE
bc1e138246f10555da4f3f65eb8d4b26bb5815f888b035eb477c28427a52c9e1,9eeX8vRH64gY4kuvtuJD2KjQ4eszk9meQbVzzrRoJrXC9j3racp,0.01,596.75,0,845481,2022-09-25,1896681,2026-10-17,DUE_REST_OF_2026,DUST_WHOLEBOX_CLAIMABLE
26df9fb90eecec9e4c0fcdac34000843a1195bbcb864ddc3ce1e260d98bc9ef8,9eeX8vRH64gY4kuvtuJD2KjQ4eszk9meQbVzzrRoJrXC9j3racp,0.01,146.75,0,845484,2022-09-25,1896684,2026-10-17,DUE_REST_OF_2026,DUST_WHOLEBOX_CLAIMABLE
3b8d2688280548c73d1f360aafbed8a501c40ea80d2b4a905fd95d2238e3e993,9eeX8vRH64gY4kuvtuJD2KjQ4eszk9meQbVzzrRoJrXC9j3racp,0.01,81.78125,0,845487,2022-09-25,1896687,2026-10-17,DUE_REST_OF_2026,DUST_WHOLEBOX_CLAIMABLE
f072a041da59dd4f6679023c34172b01d4a39679e450ae4ebf5919ebb54ff1cb,9hRWJAiAKHt1HDoJLKiy1Jx81itLr2oFvvwuDEMLL7BjmwsySF2,0.01,261.85552419,0,845528,2022-09-25,1896728,2026-10-17,DUE_REST_OF_2026,DUST_WHOLEBOX_CLAIMABLE
a1525b334d492c031a41217967d52d3e682a5468f989cbddfabde01a5b6a762c,9fPYu6WLiD8xJPCK1hUAf624mifpqiHTn6VBjPSEjWqmCzHNCE3,0.01,49.52183718,0,845647,2022-09-25,1896847,2026-10-18,DUE_REST_OF_2026,DUST_WHOLEBOX_CLAIMABLE
a82a86f27bb322ddae6f61be93c162695591a1d222dd5edd2232e26942ceea3b,9grStNbsnixCprsgjWydnoxNWVLLAdQ4PCbF1SPg5w4XWF8WNwj,0.01,341.71390395,0,845777,2022-09-25,1896977,2026-10-18,DUE_REST_OF_2026,DUST_WHOLEBOX_CLAIMABLE
81172e187ac0d4f1b7e384c5d9a21361eba2512a470b8b9a636c191b0c63dcc1,9hWYJHcckPErv7Y1jQYmJvuo7sH52G3Aef7LwajhjKL15WL8nss,0.01,48.41392969,0,845896,2022-09-25,1897096,2026-10-18,DUE_REST_OF_2026,DUST_WHOLEBOX_CLAIMABLE
b080471fb3c57001f24a0f052bd0a64bdbcb0c3ddafc0063409d4e689c268771,9eksHPagwWgAmtjdgdcdnjyegL4YDtktrpWvLah87KJesBJEiG2,0.01,662.88631336,0,845965,2022-09-25,1897165,2026-10-18,DUE_REST_OF_2026,DUST_WHOLEBOX_CLAIMABLE
9feba81a01ec916c476d86fd911945dc4387cbc67b20b8455105770d717f8fae,9ffwS1HXKMWmmds6DgsEWDNwdMMrBYqXNbr5o56saQX57HcgtB7,0.008,1.37409757,0,846017,2022-09-25,1897217,2026-10-18,DUE_REST_OF_2026,DUST_WHOLEBOX_CLAIMABLE
832e1b032221d99a3c6d85fee8ec288df4a21fce07dacbf04698f8e9f5a77712,9gxwbtimdWReJpZAwMsT3y8dFauLLPDakdDGMPYhYNtP5QTSqEQ,0.01,18.33415838,0,846039,2022-09-25,1897239,2026-10-18,DUE_REST_OF_2026,DUST_WHOLEBOX_CLAIMABLE
2b11cde7fd3eb7021a65252b2f0bb4c968945fc5c504b3b8f747105ec0292e44,9fu8jS7oEkzwvQAZswdZyFy6ufmnKZSNZmiEQjAe83E766j3dd1,0.001,0.5,0,846062,2022-09-25,1897262,2026-10-18,DUE_REST_OF_2026,DUST_WHOLEBOX_CLAIMABLE
3560698457da85ec71cfdc3872742777a0fb3db3e354d4317dcf4014b24dfcd8,9gtdyNTVfziFsGzH7KNjMcUj4v8MtADx4Z3prg6MWyHCCWz9NJM,0.001,300000.0,0,846072,2022-09-25,1897272,2026-10-18,DUE_REST_OF_2026,DUST_WHOLEBOX_CLAIMABLE
aad29105b596f0f0d7ca7f8726fb400e85fcebf0e15fc54a5703b856dff32156,9gtdyNTVfziFsGzH7KNjMcUj4v8MtADx4Z3prg6MWyHCCWz9NJM,0.001,200000.0,0,846084,2022-09-25,1897284,2026-10-18,DUE_REST_OF_2026,DUST_WHOLEBOX_CLAIMABLE
2967df85bf62bcdd1c7563993111678126014a309d4233d686651915fb4fb5a2,9gtdyNTVfziFsGzH7KNjMcUj4v8MtADx4Z3prg6MWyHCCWz9NJM,0.001,1000000.0,0,846088,2022-09-25,1897288,2026-10-18,DUE_REST_OF_2026,DUST_WHOLEBOX_CLAIMABLE
5a3a5a200adc789c5e1af5eadfb1f06f0cfb744f664823758a06fc3b807cb2ae,9fwBTCXxpaeArxZk1faYAJQTcD5kUvbeedEA4axKh42oh9ybsTy,0.008,0.00050972,0,846578,2022-09-26,1897778,2026-10-19,DUE_REST_OF_2026,DUST_WHOLEBOX_CLAIMABLE
2d4ea06d39cd57113afeffcbf07fd55b3c7399d9040e1b96cb2a8aa888360512,9errFbq769A7qXwCma3rK9MuAq9rLvzuetRe4S3oHJCRpskpaKB,0.01,311.49193061,0,846616,2022-09-26,1897816,2026-10-19,DUE_REST_OF_2026,DUST_WHOLEBOX_CLAIMABLE
d32e04badd1a6ede1f4433e1878295aafeca07f37754642d266443fc4eb410bf,9errFbq769A7qXwCma3rK9MuAq9rLvzuetRe4S3oHJCRpskpaKB,0.01,11.56757063,0,846617,2022-09-26,1897817,2026-10-19,DUE_REST_OF_2026,DUST_WHOLEBOX_CLAIMABLE
92292bbc28d7131962aa114f80410a484b1fd2d6f62a1d950dea128a4f17d3eb,9gYcjmHvQMB9ZXd2Y9o5VxDTx74wkrTufYq6xKUwV6HzTVRdyxo,0.01,53.375,0,846620,2022-09-26,1897820,2026-10-19,DUE_REST_OF_2026,DUST_WHOLEBOX_CLAIMABLE
dee0d17c02b20267d2518fe4adb2216ce23bfaa595a7d47b62cbfabc65a01fe3,9feZd4TA2PEVRXobz1g2oiTRYNZ51ekew4P9rFn9ykrbb2EnuFi,0.01,6.71284788,0,846635,2022-09-26,1897835,2026-10-19,DUE_REST_OF_2026,DUST_WHOLEBOX_CLAIMABLE
90ffaace4a3481356b45f37d2c2e6a15062c6e406a3541d382b6fb7fae5d6a41,9feZd4TA2PEVRXobz1g2oiTRYNZ51ekew4P9rFn9ykrbb2EnuFi,0.01,0.63539504,0,846637,2022-09-26,1897837,2026-10-19,DUE_REST_OF_2026,DUST_WHOLEBOX_CLAIMABLE
2ddfdc1c956dff3b6c7fb84c04de6c9efd2153440e8ed74e1a784d63f865c9bf,9ffdMoU4qSgkbs8VqLoFyokGXAKqvQZREYrJyxaZC6pK4EMcAm3,0.01,253.50086439,0,846638,2022-09-26,1897838,2026-10-19,DUE_REST_OF_2026,DUST_WHOLEBOX_CLAIMABLE
b10febe13df70913a2dbe3ffa48e45f3e751da1013383fd58486af7fdf8f1763,9esgov7xxbKTE7JvstNWnNd82b4fhcBb2jnxsmXuyF6iiaKQZmP,0.01,1860.84151853,0,846648,2022-09-26,1897848,2026-10-19,DUE_REST_OF_2026,DUST_WHOLEBOX_CLAIMABLE
5357b740ebe88b84fba470128f67e7842b3107bca5b86d8a7a783f615669a57e,9eb58PLPCQqEqaUKyMtYMNJ4WQLwiG97y57KgMCcrK2CgsDno6m,0.01,13.61795302,0,846653,2022-09-26,1897853,2026-10-19,DUE_REST_OF_2026,DUST_WHOLEBOX_CLAIMABLE
e8d746f28db746e1c4ac1d29c76cb1123be6ae16e333b29e124fc035db579d81,9ffdMoU4qSgkbs8VqLoFyokGXAKqvQZREYrJyxaZC6pK4EMcAm3,0.01,86.23092604,0,846658,2022-09-26,1897858,2026-10-19,DUE_REST_OF_2026,DUST_WHOLEBOX_CLAIMABLE
beff33db914f23bd35b474fe2bb1a7131b501750c71c5e6b51095bed1e7680c2,9f58xWgsuzXU9y2HR5hPjzZz5n6FY4oJJv7pji6Dz2tKp2iqSmy,0.01,24.88785474,0,846669,2022-09-26,1897869,2026-10-19,DUE_REST_OF_2026,DUST_WHOLEBOX_CLAIMABLE
2f7d245a573dc5d6ce46297e77029bd11828834897194fc66ec6beabf63a53bc,9gtdyNTVfziFsGzH7KNjMcUj4v8MtADx4Z3prg6MWyHCCWz9NJM,0.001,1000000.0,0,846716,2022-09-26,1897916,2026-10-19,DUE_REST_OF_2026,DUST_WHOLEBOX_CLAIMABLE
75de057a41e17ee7c9396b2b134dfd08a431eb6e622f5a34d230065746ccaff8,9gtdyNTVfziFsGzH7KNjMcUj4v8MtADx4Z3prg6MWyHCCWz9NJM,0.001,1000000.0,0,846719,2022-09-26,1897919,2026-10-19,DUE_REST_OF_2026,DUST_WHOLEBOX_CLAIMABLE
4f784f3615e1996c3e726ec08838b02c0d2de47025d3848b730b90cfa98e729f,9eihciAny96YGNZ6Tdk7CZxjG4AYcZA8TGasmAZoXCacdzS6ZV7,0.01,16.91546908,0,846763,2022-09-26,1897963,2026-10-19,DUE_REST_OF_2026,DUST_WHOLEBOX_CLAIMABLE
9cb5b8f2d3668ad19dcf4748c1e46d60db2003a3dd80656a532f7ae89bbcf4df,9f4foZX9BMC1kD4dXuG1kCom5SvTCSm3kLvwm4ULVAd1dU7yn6B,0.01,13.74179073,0,846818,2022-09-27,1898018,2026-10-19,DUE_REST_OF_2026,DUST_WHOLEBOX_CLAIMABLE
9557c235f70854b976b9807f20cfe5bbed21445bcaa7c3ba5d8d2830fcb7cfd7,9gsWyVHNGUeWmjUqhEnHvP9wCWwdLy7kRLpJUCgQkR1HAnyAVX5,0.008,0.00257246,0,846834,2022-09-27,1898034,2026-10-19,DUE_REST_OF_2026,DUST_WHOLEBOX_CLAIMABLE
2a2f058f611193ace73faeba54d4c18d60c1b376dc3a34603e914c6396957219,9hegARQcerrJV2o97njDW4dGDT4RzakxRohheuwyaUVHTgfHbEx,0.01,47.81190391,0,846837,2022-09-27,1898037,2026-10-19,DUE_REST_OF_2026,DUST_WHOLEBOX_CLAIMABLE
87dffe271affe2030f6def83fe258b8090242e8415320336eaab27ae1781a662,9i4Z1m6vEmMusHWC5pf5HnSxTR5MyjPLW6qGdqrBymxpWBsxhYi,0.008,2.0,0,846865,2022-09-27,1898065,2026-10-19,DUE_REST_OF_2026,DUST_WHOLEBOX_CLAIMABLE
374c46d7808fda5d1fd5b96783acceb2ec1e265b533b316115885138198fe01c,9f7CZrjpaLQZ21A9fSWvpE6XYGwTKGgGugvbC1arc2huMdFCWrk,0.0037,0.30213216,0,846896,2022-09-27,1898096,2026-10-19,DUE_REST_OF_2026,DUST_WHOLEBOX_CLAIMABLE
6007a448702632534e00e675275cf5599374a2233843e5fc0848628897a716f9,9gE5DyanzSzsjMtvEN5knjTGN1Q9Q4PSNf4uo6ZZKWT1kKYGR6m,0.01,5.36930843,0,846913,2022-09-27,1898113,2026-10-19,DUE_REST_OF_2026,DUST_WHOLEBOX_CLAIMABLE
c818b569c7b65236cdd7e67312167ac43203d7880d6276899ac560f10c56683c,9gqseRP7RKLVZzN8gRtb2qMugbiUnWbJSEZnecNUgfVp3gaiDst,0.01,3.69650898,0,846917,2022-09-27,1898117,2026-10-19,DUE_REST_OF_2026,DUST_WHOLEBOX_CLAIMABLE
baeee1fcbeb951044cc5f3dfa5d70168d18be757f5db4571ca49e21a535aae12,9gnNxxcpwvVHh4nSLu279kRdzjUm74FgPCzCF2ZwiexnFwriSkt,0.01,9.43956401,0,846970,2022-09-27,1898170,2026-10-20,DUE_REST_OF_2026,DUST_WHOLEBOX_CLAIMABLE
6d9b725c5dabb57dec7b3c51ca86085a31d3e779d6e73f79e5254e49051532ca,9iBno79gvLv4Zd89vrGqicwiKNs7p55UZ8nLJkAYeGg4pXWRJzW,0.01,47.56466266,0,847020,2022-09-27,1898220,2026-10-20,DUE_REST_OF_2026,DUST_WHOLEBOX_CLAIMABLE
9c1a1723f8b6f95f1501caf1e144e6351628dc521a12fd6e2ee775c7d5df4d38,9iBno79gvLv4Zd89vrGqicwiKNs7p55UZ8nLJkAYeGg4pXWRJzW,0.01,47.51090507,0,847021,2022-09-27,1898221,2026-10-20,DUE_REST_OF_2026,DUST_WHOLEBOX_CLAIMABLE
e68fa059e2953d0d82624a74136674ec53a95a3c178f35d2f64bcd4429be4226,9iBno79gvLv4Zd89vrGqicwiKNs7p55UZ8nLJkAYeGg4pXWRJzW,0.01,4.69685459,0,847022,2022-09-27,1898222,2026-10-20,DUE_REST_OF_2026,DUST_WHOLEBOX_CLAIMABLE
71c1e9d2bdc0ca6d52148105f436fbd7397b723eb59dc55ec20d3326204564bd,9iBno79gvLv4Zd89vrGqicwiKNs7p55UZ8nLJkAYeGg4pXWRJzW,0.01,4.16591715,0,847024,2022-09-27,1898224,2026-10-20,DUE_REST_OF_2026,DUST_WHOLEBOX_CLAIMABLE
fbaeb454403b5901ccedab9367423a515713fc95424aa4cd754bbec343331f49,9fekDvB6Fx7o4mR2hKxfkGCgA6QcuAmfmGLVp2Prg6wEpPJr1mV,0.01,2156.10811931,0,847026,2022-09-27,1898226,2026-10-20,DUE_REST_OF_2026,DUST_WHOLEBOX_CLAIMABLE
48a759a494ffc61c31bc4877e2abac45196767af5692e14a8e52b3373c39c313,9i1KjhFX9sfsYqa2baf2DcKgeAm86nfbtaFgFSjykLTMAezDDCf,0.01,13.52318992,0,847058,2022-09-27,1898258,2026-10-20,DUE_REST_OF_2026,DUST_WHOLEBOX_CLAIMABLE
069f047b5bb48be7420df7440b5fc256b6bf7d9847b52518c120a58aea865ac9,9hT5yuKJKd5GcDPDPALZpbNyZM5tMNeKLAuBjZM8Z7nBxB29hcj,0.01,53.19455554,0,847084,2022-09-27,1898284,2026-10-20,DUE_REST_OF_2026,DUST_WHOLEBOX_CLAIMABLE
1249765d35dabaa7d8bd80027ce03bd47308910c4456bd6ca855a951fb51b09e,9fwgpzDUUXGBWKmqHcvd9v7KQhzzBWvvhZMWYLzWjkELd9PhwAt,0.01,63.8371464,0,847258,2022-09-27,1898458,2026-10-20,DUE_REST_OF_2026,DUST_WHOLEBOX_CLAIMABLE
291d5ce4baa0267ab880ebbf4764cfe5138e7ddef8bf4d671fd88821af87e1d7,9hnWBJbnH7fmT7BfYhwmky9gLvC8UBhFr4ikoLcGXW2u7xBw2Jy,0.01,148.95186086,0,847269,2022-09-27,1898469,2026-10-20,DUE_REST_OF_2026,DUST_WHOLEBOX_CLAIMABLE
82f8831c8b5c52b4d25ada7f437569a4812424146d7976500c7c7a1d10d89007,9ernjZvu1AsmEG6NMSznBvLykUiZwbYtodSSnbQ85yiunFHkDEh,0.01,96.82737629,0,847288,2022-09-27,1898488,2026-10-20,DUE_REST_OF_2026,DUST_WHOLEBOX_CLAIMABLE
0044856bce2b14fd21767ea596c90666d605580c97a88c241a8fddde51324713,9grjRwUPeK3C4Ytt4njcvSxkFqLh22tQsFe2rhk4xPMBvtWEa9h,0.028,1.05547249,0,847373,2022-09-27,1898573,2026-10-20,DUE_REST_OF_2026,DUST_WHOLEBOX_CLAIMABLE
04e04577f56e0b3c39ca38f7dab9555fa02c3c22c449c000ddbc606286a4a225,9htnHtZPjMGTgiNofGYNERhXAoHQ618SHZZRCzeoiFskYQTpLP7,0.01,8.375,0,847515,2022-09-28,1898715,2026-10-20,DUE_REST_OF_2026,DUST_WHOLEBOX_CLAIMABLE
6854e6df02a943f0abfb6d32fb2958af5518a6958b5becb27815b1abf80a22cf,9ehVyWvtNdL1Bd4GFV8dmNXuGoLcGxsyCQwxfMc8zaHE9eaMYab,0.01,59.1668622,0,847528,2022-09-28,1898728,2026-10-20,DUE_REST_OF_2026,DUST_WHOLEBOX_CLAIMABLE
68bc9649081d5ce837530d5ac8990307012bfecdabd7419b7ed97ad506fbdd8d,9fGf4J5pdNrwe8p1dRB2TJtZMuJxBg9VJHkQm4N85pncntydnbN,0.01,0.95111432,0,847622,2022-09-28,1898822,2026-10-20,DUE_REST_OF_2026,DUST_WHOLEBOX_CLAIMABLE
3773977307144f5ffe5526cdd3c61c7f9cdf09d0522bf028125ba47445c87d64,9i18Bzwz333mvXieob2cb692cDZsjHtkV6HJLS3mqUrE7swodsg,0.01,2.0,0,847626,2022-09-28,1898826,2026-10-20,DUE_REST_OF_2026,DUST_WHOLEBOX_CLAIMABLE
5142c0c144f97cad2e6c31670b4d789fcf9b9fdd780a4307c7f9969cab72c134,9gtdyNTVfziFsGzH7KNjMcUj4v8MtADx4Z3prg6MWyHCCWz9NJM,0.001,1000000.0,0,847637,2022-09-28,1898837,2026-10-20,DUE_REST_OF_2026,DUST_WHOLEBOX_CLAIMABLE
535aef18cf16411ab0953cd731e66cf43d7e98bfb304f0b1c2c6171911cb6c9d,9fFWmJsRdZGViZMqjswncWeXLuSMQuRZQRcxU3yjdT7YZZy1eEK,0.01,3.875,0,847666,2022-09-28,1898866,2026-10-20,DUE_REST_OF_2026,DUST_WHOLEBOX_CLAIMABLE
f384d9296c871a4b994b43f58adc2a3a79e0bdaee8672664d4b282e874a46022,9hh7dNXdoRkPgpnUuAorfpyVtvNdUh55FmFHAf9fEm8ctNaC4bq,0.01,12.82166015,0,847700,2022-09-28,1898900,2026-10-21,DUE_REST_OF_2026,DUST_WHOLEBOX_CLAIMABLE
114846c4add3be5b714d70642dc91a63ad2fea44b351e16e08ab3007f17b5a84,9hYp26qGAvn77PR8kFHwuKogAqYqdH9bbgrB6iQFWBvpynUQkX6,0.01,22.17255031,0,848017,2022-09-28,1899217,2026-10-21,DUE_REST_OF_2026,DUST_WHOLEBOX_CLAIMABLE
48ef9a09306b112d372091d507081f145de4f561af7134493380897dece1e52c,9hT5yuKJKd5GcDPDPALZpbNyZM5tMNeKLAuBjZM8Z7nBxB29hcj,0.01,43.93893963,0,848072,2022-09-28,1899272,2026-10-21,DUE_REST_OF_2026,DUST_WHOLEBOX_CLAIMABLE
7cf659a9ac6a25009a704b9fd614b283feab7570cf113e8e15eaffcd0e47db5b,9gfmqhBEpSPuhRWPvkxmqy3DVo2VhqMNpffh5JMnoW4Tx3dNot8,0.01,1.75356945,0,848177,2022-09-28,1899377,2026-10-21,DUE_REST_OF_2026,DUST_WHOLEBOX_CLAIMABLE
1405a2fbc09c6c386ce03a19b6b9ee4f6d799ff2b0f7a3be66ef9938c1580924,9fYftT5BjWcwibfyxjsBorYHNPhfbzbsQWDnwPVuRaszvU6rwmF,0.01,2.61174414,0,848289,2022-09-29,1899489,2026-10-21,DUE_REST_OF_2026,DUST_WHOLEBOX_CLAIMABLE
e39013a27084c561147fab1026b115c810936c993c60d519da167b93e56f3b00,9iAErzxkXedq4zgAR5pcqaDXEsh1LJYVENrHRah5MTti2BVa2iy,0.01,47.09510694,0,848299,2022-09-29,1899499,2026-10-21,DUE_REST_OF_2026,DUST_WHOLEBOX_CLAIMABLE
6cbae4010e5c39348605667e30c03098e9be43fc976af066f94512f38e050458,9gxN7wPBLB3eZEkrPzbgo2gntSLnU7K7C6imhquN1tG6LKbmGHc,0.008,0.77191486,0,848331,2022-09-29,1899531,2026-10-21,DUE_REST_OF_2026,DUST_WHOLEBOX_CLAIMABLE
0f9d67a035b66df12cf66e62cd330776459f850667c07a00841dc2e7a997a93d,9gDywg3sHC8vbJx8pdPUfW5hLjwZU8z9xXph2qf5jdm9aLyV4w4,0.01,26.90822737,0,848352,2022-09-29,1899552,2026-10-21,DUE_REST_OF_2026,DUST_WHOLEBOX_CLAIMABLE
b39bdd732feaf0a426b0c4787d7bedbd7723bf7b2b054f5a38401359b22df3ae,9gQEk2TmfNyd77qrghMUX7rUyBKhEemLBbRumZVjxsqAVsnR5ZK,0.01,4.3197919,0,848364,2022-09-29,1899564,2026-10-21,DUE_REST_OF_2026,DUST_WHOLEBOX_CLAIMABLE
1dbf31880b9238920f3ab0a612c23376bdff4610232dad1e8ce03750c04b72da,9gtdyNTVfziFsGzH7KNjMcUj4v8MtADx4Z3prg6MWyHCCWz9NJM,0.001,500000.0,0,848382,2022-09-29,1899582,2026-10-22,DUE_REST_OF_2026,DUST_WHOLEBOX_CLAIMABLE
59b5e960e4536256eabcebc783766a0343f6f226238e7c72fdef098ad3c2788b,9gojexdTxE4Bay289kbe3aZUTomxZ5ZNKi2s8jnUrMrVuXmGKrX,0.01,276.4945624,0,848485,2022-09-29,1899685,2026-10-22,DUE_REST_OF_2026,DUST_WHOLEBOX_CLAIMABLE
fa766e9cdcce0f924db367c9cc275d89ebfa525867f6d95c1ab4620d202e7232,9h6bdnvzPtAQ8thSWcAyiRjMNVgxN1MktBuzeupbu2weJhVttBP,0.01,2.24891094,0,848494,2022-09-29,1899694,2026-10-22,DUE_REST_OF_2026,DUST_WHOLEBOX_CLAIMABLE
3be10eccba9337f438cdce6fa10a8b791a76795828bbce940cb13387c7b3f5d1,9hpmt8hKv3nAVnkxBX6PQ6wJGioUGT7RPWVbUnrCtxW1EaEGHXt,0.01,17.77093393,0,848504,2022-09-29,1899704,2026-10-22,DUE_REST_OF_2026,DUST_WHOLEBOX_CLAIMABLE
b080169372a59faad96801663c0484cee3aa95643ac92c03067fc897062220dc,9fdArZnASQSZsu8Lwa8z5h8JZtWVWLikXnoNkEfrKgWaGD4e3d6,0.01,478.92919325,0,848507,2022-09-29,1899707,2026-10-22,DUE_REST_OF_2026,DUST_WHOLEBOX_CLAIMABLE
87cf242aa508110577358b570b2533932d9e06c439a1ff0396a57a1cd4df3c63,9hceyMfvaQnFsN8rY2QfPmJ9TQr53TUQcUAW6Wmzmz7ogiGyFPk,0.008,0.19285125,0,848539,2022-09-29,1899739,2026-10-22,DUE_REST_OF_2026,DUST_WHOLEBOX_CLAIMABLE
54c0c0a2c114b80ad1c89a50669542129e16a7290691e5bc8155696a33bcee42,9er6MgWEjTCdYErwGajT3RggK3GQS77jgHnsGgefkG4iWoerHzd,0.01,20.4946049,0,848859,2022-09-29,1900059,2026-10-22,DUE_REST_OF_2026,DUST_WHOLEBOX_CLAIMABLE
0dd2f9b9e4cdee01e18d3d480c848a19cfe924393b60e67f85e122faee213aab,9gHVanyKK1rhDPt7NDeSbgdi72YDrXR3MEubNcwAPEuU7DujdC1,0.01,8.33196318,0,848875,2022-09-29,1900075,2026-10-22,DUE_REST_OF_2026,DUST_WHOLEBOX_CLAIMABLE
812d72a78283a3dcbac30fb0d189b46062112abde8fbf6089560edaee7c54095,9gH6bmpXnC2Jm7CvRKq2PNDjztjJRFQNiGTZ65FMb4VTowAFKfc,0.001,157.24174758,0,848902,2022-09-29,1900102,2026-10-22,DUE_REST_OF_2026,DUST_WHOLEBOX_CLAIMABLE
950f379ea47b2808b020c67d82e6f1ff04e2b8dbff7a14fea188ebca1bffdd96,9ftgsAT7VKsiBtyY1QhSoTUiRd5hfY31xigQwtCS15iCaR8Dz87,0.01,48.71490043,0,848911,2022-09-29,1900111,2026-10-22,DUE_REST_OF_2026,DUST_WHOLEBOX_CLAIMABLE
e087ed4671fa6b0a1a9839099763c1dc71f1438f17366649f9b7de45cbca60eb,9gDWi6aupLnnzCpFU4925y3kLgyDcXbVvEu6BH9idqTmSRmSvJ8,0.01,85.31376122,0,848919,2022-09-29,1900119,2026-10-22,DUE_REST_OF_2026,DUST_WHOLEBOX_CLAIMABLE
6dfa5a4dc89cd401380c8006de23d4a62b77a7f78d7daadbbf0f1a3d935e372e,9hUgrPDyXVz1kB3TNrcthLUa253ejtvNVWyTtKE5Q8RRym71r6A,0.01,36.27244977,0,848981,2022-09-30,1900181,2026-10-22,DUE_REST_OF_2026,DUST_WHOLEBOX_CLAIMABLE
974eee18133766c6b1b8f7510f9b754d1719485a72b0076ace2e5f2ebcc1af68,9gHLS93S4SJAbAr2QCaaVeWik6CghjQcikSib7qp7aRAs5DhcYa,0.01,3.80110018,0,849017,2022-09-30,1900217,2026-10-22,DUE_REST_OF_2026,DUST_WHOLEBOX_CLAIMABLE
a868fbbc3f49dbbe88a1864b71aabe1042381ea066c6b487ebf65e146205ce3b,9ehEgifXzbeM2MP6qFeg6ySrXKVFVLmZ56mAvjL7xsw8Qay3NRz,0.01,100.45284275,0,849034,2022-09-30,1900234,2026-10-22,DUE_REST_OF_2026,DUST_WHOLEBOX_CLAIMABLE
ce90f2b75b093058a308fc6b12990e4aecf9b59829bee535e7b4a342e9e4e258,9gH6bmpXnC2Jm7CvRKq2PNDjztjJRFQNiGTZ65FMb4VTowAFKfc,0.001,6.125,0,849059,2022-09-30,1900259,2026-10-22,DUE_REST_OF_2026,DUST_WHOLEBOX_CLAIMABLE
d4317e1f1a1d3d52e5c61d35666c1485d9f14670ee9350cd7a3c1e5703c0ea7f,9fMVG1KJq4D4fRiv29GuqDVCeoaqtEe8FgdbypY6YbWegu4DhSs,0.01,15.13685031,0,849070,2022-09-30,1900270,2026-10-22,DUE_REST_OF_2026,DUST_WHOLEBOX_CLAIMABLE
e83066f0df4e82af626163e1fc266b1be7f6c8f9ec6079317179f61c128b522c,9ejCp74JSk3FFpZtgZU3NJeQxCRmWGwYdUZVG47Uxrf2peFR4rh,0.01,38.26356952,0,849070,2022-09-30,1900270,2026-10-22,DUE_REST_OF_2026,DUST_WHOLEBOX_CLAIMABLE
bc2e52d8111d540d5b0e5cb660d0df154e0955a41924ffeca28897925d78cced,9ejCp74JSk3FFpZtgZU3NJeQxCRmWGwYdUZVG47Uxrf2peFR4rh,0.01,48.41390159,0,849072,2022-09-30,1900272,2026-10-22,DUE_REST_OF_2026,DUST_WHOLEBOX_CLAIMABLE
9d7e1b7554d4ade0146c2381e9af41608940705023ea1166b0e43502595fb35c,9fYW5TgD3cvrHzCHU7WTq6ex1q6PvWuCy1T9PDzi4dCd1KjzcT7,0.01,5.13031106,0,849137,2022-09-30,1900337,2026-10-23,DUE_REST_OF_2026,DUST_WHOLEBOX_CLAIMABLE
122812c883aa93e6b0aaa5fe8b76da29aa10828221d98987a848136c934c3852,9iPzH5Faa6J8aCcg2me6ZaazztYBo46ejrdTQJqmXxyhcVekDtw,0.01,1.04390657,0,849316,2022-09-30,1900516,2026-10-23,DUE_REST_OF_2026,DUST_WHOLEBOX_CLAIMABLE
c0b289e5ba80b1ada1fb354ffc84ae64ffe87e2fccf41492d60b7254d146f01e,9h6cdkxh767ZQ6fToJ4sHpnwhLA4XcjbjekHv3rNjgd2Af8EgS4,0.01,101.02550756,0,849576,2022-09-30,1900776,2026-10-23,DUE_REST_OF_2026,DUST_WHOLEBOX_CLAIMABLE
93ca86efe43cbe6cb1e27ce292688d31b30fe0a39e130ca0f203b7109e453799,9hKAuL9V9e9x5JshJtg9o4oUD6SZ5J3qLMMaBvihPczArCQDbDq,0.008,2.0,0,849593,2022-09-30,1900793,2026-10-23,DUE_REST_OF_2026,DUST_WHOLEBOX_CLAIMABLE
ab344171ebdb07fec17fbeefa700a053a4116277c5e321ab8596545eabcc036a,9fSC7pwRCmRV3YoWqoc5CoeS5Fb9rG3Au9hQXkWczfPWuWHny8S,0.01,155.75,0,849717,2022-10-01,1900917,2026-10-23,DUE_REST_OF_2026,DUST_WHOLEBOX_CLAIMABLE
e0a824397c6853244dae20db91f760473201f9f579737a6479f3bbf7d7968098,9fSC7pwRCmRV3YoWqoc5CoeS5Fb9rG3Au9hQXkWczfPWuWHny8S,0.01,1323.5,0,849719,2022-10-01,1900919,2026-10-23,DUE_REST_OF_2026,DUST_WHOLEBOX_CLAIMABLE
2f0c34fd47fe04f166300cf79fca13f1862a438db22c62c9706251be3d2c97c4,9fSC7pwRCmRV3YoWqoc5CoeS5Fb9rG3Au9hQXkWczfPWuWHny8S,0.01,59.0,0,849722,2022-10-01,1900922,2026-10-23,DUE_REST_OF_2026,DUST_WHOLEBOX_CLAIMABLE
f14b3d9c1a6d5f6b21fd9350e63c94d30143169b7181a4f76721ab3d1daba714,9fSC7pwRCmRV3YoWqoc5CoeS5Fb9rG3Au9hQXkWczfPWuWHny8S,0.01,119.75,0,849724,2022-10-01,1900924,2026-10-23,DUE_REST_OF_2026,DUST_WHOLEBOX_CLAIMABLE
43ef0872e15f0f674e63e98eddde4e04a562a1257080847fda61a8c611b2ec5e,9fSC7pwRCmRV3YoWqoc5CoeS5Fb9rG3Au9hQXkWczfPWuWHny8S,0.01,151.25,0,849726,2022-10-01,1900926,2026-10-23,DUE_REST_OF_2026,DUST_WHOLEBOX_CLAIMABLE
313df8f68d0b8dbe171e15911d618de37954a62311c8822416c53b5007f66976,9fSC7pwRCmRV3YoWqoc5CoeS5Fb9rG3Au9hQXkWczfPWuWHny8S,0.01,99.5,0,849733,2022-10-01,1900933,2026-10-23,DUE_REST_OF_2026,DUST_WHOLEBOX_CLAIMABLE
d792c401149acdd24c5cc799a16b47256561516afd0bfd26803283e61ccf9834,9hVyvPqtKwLZVwecKKDmHhQ8CegwMbttf88TwWjCrFfuoRwftvM,0.01,1.44990518,0,849736,2022-10-01,1900936,2026-10-23,DUE_REST_OF_2026,DUST_WHOLEBOX_CLAIMABLE
294b2547771e4e2c85712c93a68420190b1dc45cc2603fd846d486677041c9e3,9fxd8URXKKwzkn2zTmWDb4cDbpDNf9m5d8pbKRRfAJZvkrwPLCP,0.01,0.84290565,0,849752,2022-10-01,1900952,2026-10-23,DUE_REST_OF_2026,DUST_WHOLEBOX_CLAIMABLE
3711ae97ea8c148c937095a921f6e3912c1020f8abaf89a4c511b9ecad6bd54f,9fvjyT764DRUAP2pm4punjq4pGHjPkuMQVjuXtbyEmu3YqXcwEX,0.01,13.4375,0,849787,2022-10-01,1900987,2026-10-23,DUE_REST_OF_2026,DUST_WHOLEBOX_CLAIMABLE
46fdcdb5caac5d6e79d2d2ae6569c9900173550178d167d01d5d3497cce71e5d,9h8wcnDs7WLEDAHBZGDqF27JVDXfuXf566GXyko2V9Lqf4F9y2U,0.01,6.13003056,0,849851,2022-10-01,1901051,2026-10-24,DUE_REST_OF_2026,DUST_WHOLEBOX_CLAIMABLE
af15cceba718434eb25811dabc7b7a298813b296147c9e1fef9ff3740f6038b3,9eaUnubL4TA419gwBcBg26BMyY61e8gPSS6ZHjmEdr5zJ191iqG,0.01,81.65621359,0,850044,2022-10-01,1901244,2026-10-24,DUE_REST_OF_2026,DUST_WHOLEBOX_CLAIMABLE
a768eea907d0dde1fbfcb96f09674cbd80e7013d4a2b3ec32ddd069c2bed18d8,9eaUnubL4TA419gwBcBg26BMyY61e8gPSS6ZHjmEdr5zJ191iqG,0.01,309.3128613,0,850046,2022-10-01,1901246,2026-10-24,DUE_REST_OF_2026,DUST_WHOLEBOX_CLAIMABLE
cd857d8d737ecc391f4fc5505f0cb60d8901ae7002c3c2655a0888aee5d7d655,9eaUnubL4TA419gwBcBg26BMyY61e8gPSS6ZHjmEdr5zJ191iqG,0.01,283.48609484,0,850046,2022-10-01,1901246,2026-10-24,DUE_REST_OF_2026,DUST_WHOLEBOX_CLAIMABLE
3837caddf6db2fdca2b5ea7fa07a393b4297864cd1d8543a6a5551a2ba9aeae5,9eaUnubL4TA419gwBcBg26BMyY61e8gPSS6ZHjmEdr5zJ191iqG,0.01,63.43177121,0,850048,2022-10-01,1901248,2026-10-24,DUE_REST_OF_2026,DUST_WHOLEBOX_CLAIMABLE
5ea1f7e3dd8c5b7de1545edca2066fe98c68110d1e5fd71ec2af7c590b7189e3,9eaUnubL4TA419gwBcBg26BMyY61e8gPSS6ZHjmEdr5zJ191iqG,0.01,296.88391762,0,850048,2022-10-01,1901248,2026-10-24,DUE_REST_OF_2026,DUST_WHOLEBOX_CLAIMABLE
0322bc37972f8a337c6f2bdf69d9ad77c2a5c4a9429a145261373e0b37ec9153,9eaUnubL4TA419gwBcBg26BMyY61e8gPSS6ZHjmEdr5zJ191iqG,0.01,63.69932573,0,850050,2022-10-01,1901250,2026-10-24,DUE_REST_OF_2026,DUST_WHOLEBOX_CLAIMABLE
4adfccb330590e785a032d6c68a316b851647b343c4aa021620f29e51002e978,9gzyAxdt8gJakFTHMKSUXH7vr6eo92LR2Arrpsu3KVH52tpRNYG,0.01,6.6875,0,850130,2022-10-01,1901330,2026-10-24,DUE_REST_OF_2026,DUST_WHOLEBOX_CLAIMABLE
2021612b89e190286b765cecdcd287106803d4ad3056bb41e4e19146f42b1dd6,9gzyAxdt8gJakFTHMKSUXH7vr6eo92LR2Arrpsu3KVH52tpRNYG,0.01,51.19316613,0,850133,2022-10-01,1901333,2026-10-24,DUE_REST_OF_2026,DUST_WHOLEBOX_CLAIMABLE
c0d31c33ee0385a39e5a110b57021bbc4383b4d13a4f9d01724b1625d6b485f2,9hjK4kimChxLtTCzHE2kL3A59Ed7xnHi5HNgEAwrD54JAbuFKJg,0.01,2.75,0,850133,2022-10-01,1901333,2026-10-24,DUE_REST_OF_2026,DUST_WHOLEBOX_CLAIMABLE
da9ddf207303c762293de82d3691b71bd7c342f17589d0e5319545b494ff310f,9gdxjaHMayX6WHDTqW7CDb2g33PaGXg2NgJSujFuAmgNefk5WBM,0.01,0.45267012,0,850146,2022-10-01,1901346,2026-10-24,DUE_REST_OF_2026,DUST_WHOLEBOX_CLAIMABLE
d9e0c62d87e9879962893e31ab53db1b70da677cf0c9999a910c992d2a20f584,9fvueiA4A3CYbynvk5nRLsymTSRfh7FRousGR2UJJvSKK4U38Wc,0.01,49.01589927,0,850219,2022-10-01,1901419,2026-10-24,DUE_REST_OF_2026,DUST_WHOLEBOX_CLAIMABLE
bce58644c564e84c9c698fa1987dca4890085993f4b81d09e4a1e3b241ecc545,9ezceBm52nZp3nN13CBGMACFictqypWzXrL5HvJiaoshxyjY1zU,0.01,6.76603708,0,850310,2022-10-01,1901510,2026-10-24,DUE_REST_OF_2026,DUST_WHOLEBOX_CLAIMABLE
55c34407c339374938b12951ed2697c559a1e9f2911683fa954e40f2bbac323f,9hwnLVdTHro56RyqpmxSXqHquMyfYKwvwpskh5fV5M9TxtQn3mj,0.01,50.0417351,0,850400,2022-10-02,1901600,2026-10-24,DUE_REST_OF_2026,DUST_WHOLEBOX_CLAIMABLE
255724e6f3eb62e3d7cbbf51b300c74b98260eb256b99fee9b36cfb82fa4764a,9gpv17CKH1tevmJomJLW22S71t3AgU6JwmBS4XjpdFuQSwcJzre,0.01,1.3727957,0,850426,2022-10-02,1901626,2026-10-24,DUE_REST_OF_2026,DUST_WHOLEBOX_CLAIMABLE
e5ba5eabe77bf0700f75d355af290d4a97ab888a20db704675494f7529b3d9ac,9gXh6NfCjUiVBEjYrkAfAjJKfFJk4RDhoZGW2GuLMVGin9MLpAR,0.01,85.19102549,0,850521,2022-10-02,1901721,2026-10-25,DUE_REST_OF_2026,DUST_WHOLEBOX_CLAIMABLE
2c358e550d568b977f7c39743a1c71e30071f17e1b669425e14c5c93c882148f,9iGWbao8TryXG93B6Yh1AUV9dr1i7kEQ2Lgwo9hTvzrwqBuf1wZ,0.01,4.46211437,0,850613,2022-10-02,1901813,2026-10-25,DUE_REST_OF_2026,DUST_WHOLEBOX_CLAIMABLE
e6963b6f5771f153c118c57917793843847622ade16f928a1590f1924530a50f,9i8R3EsJDXv3ZMmJJf5WqwMqkfzSbgcWZ84VKDJ3gN8Y4wFD47y,0.01,5.5625,0,850616,2022-10-02,1901816,2026-10-25,DUE_REST_OF_2026,DUST_WHOLEBOX_CLAIMABLE
6b4172cf29dd7f03bf62439d6f48becd8df8421a3944006a369e154c3cc8793e,9gbTrAxrnuBkGnDX1UDodovuHtsWj5CymFWzyhtBJ44jchJ7ybY,0.01,59.5625,0,850638,2022-10-02,1901838,2026-10-25,DUE_REST_OF_2026,DUST_WHOLEBOX_CLAIMABLE
08338f096c1e02ada906fda7e19d66493611965c09520c02569b85111e1ecb67,9hcWg6vyaKoQ83LJoXWsCbYUPM2HoRgBkRdEcXfoSc4FuRv2bxD,0.01,8.45079909,0,850662,2022-10-02,1901862,2026-10-25,DUE_REST_OF_2026,DUST_WHOLEBOX_CLAIMABLE
a65a6aa10a9b76c1e9ef15109874870613f5a8029eec37fc881a1e822ef118fc,9ehHanSBNySJpgoj6Tkh1uo7iQcfDqanT6vyeJRGr1Qwznq7w4E,0.01,86.9375,0,850704,2022-10-02,1901904,2026-10-25,DUE_REST_OF_2026,DUST_WHOLEBOX_CLAIMABLE
5c74c9f420ad9f8b255a7d5a8e63d331df919b776f44db3e2bec79629d127889,9gM7Py7pfpRFGBM9CHhr2MhNXdrNhLY337NJyeH916QZuX98oaw,0.01,36.75521315,0,851044,2022-10-02,1902244,2026-10-25,DUE_REST_OF_2026,DUST_WHOLEBOX_CLAIMABLE
df809cb757fd0cd0fd16c778f67c98d4bc22b41ed57824b248b608537f3f8cc2,9gd3zgjyXPycqbFm1LKPU1WHTcoesed4MQhSBcjEh2y868m6gB3,0.01,34.4375,0,851073,2022-10-03,1902273,2026-10-25,DUE_REST_OF_2026,DUST_WHOLEBOX_CLAIMABLE
f82fb9341024e1eb88c2208d5b2a402e2e5e77ae658db36bd4021cf1db185e0f,9gkuq3TL8RseBPUeZ1CKfet3DNDgNDejA4qz5uwm3tdwjsQ4Dhi,0.008,3.755e-05,0,851101,2022-10-03,1902301,2026-10-25,DUE_REST_OF_2026,DUST_WHOLEBOX_CLAIMABLE
890c622e85625dedfab9e4a4803046680f20bd03bd6b9a44e4559618f24cbe38,9es6aN9w47BjQaAjkjEUdnkUGbUqcocAZBskz84v9nt7dfFsLei,0.01,48.84500748,0,851207,2022-10-03,1902407,2026-10-25,DUE_REST_OF_2026,DUST_WHOLEBOX_CLAIMABLE
1e3c6de001dd6150f1a68437c99eee43ac959a3aa5c3033a300ea95007290dbf,9hNYiqkFm6Zycc4oZpcAAq6kFo3KNLpF8hhV2pFmAvpk6Adw4qz,0.01,67.08588498,0,851225,2022-10-03,1902425,2026-10-26,DUE_REST_OF_2026,DUST_WHOLEBOX_CLAIMABLE
99e74db1072b8a58ce85f85295e135fff0afd5dcb8ab1af5f04d05da935ca3f6,9fTNP9YVNazCc57xaDKUfPCpzD6J4SfkzbXNUCXPR3hKkf91Kwn,0.01,4.83763433,0,851230,2022-10-03,1902430,2026-10-26,DUE_REST_OF_2026,DUST_WHOLEBOX_CLAIMABLE
cc08098c3aa0efd9453018a21fac72445a148451205683022cbae298dea8c62e,9gwL8smcCFrNozMhJ2juefGrsp8HBW6U24B6S8biqU8nfjJp5MU,0.01,49.9188958,0,851233,2022-10-03,1902433,2026-10-26,DUE_REST_OF_2026,DUST_WHOLEBOX_CLAIMABLE
e4eb977120827ce86b6c2f4dd352e0a8debf1ead216c44fedf41e67f8ea2bfc6,9fzrq3d3napdy9944pCEC9oFM9oLS8Ct35M5pCFWav5hgbsRk6D,0.01,88.83020148,0,851261,2022-10-03,1902461,2026-10-26,DUE_REST_OF_2026,DUST_WHOLEBOX_CLAIMABLE
c952c50a8cc87e5e978c388eecd2f248eba9c25e0b21bd137c48d4404b995a71,9fzrq3d3napdy9944pCEC9oFM9oLS8Ct35M5pCFWav5hgbsRk6D,0.01,3.59529059,0,851262,2022-10-03,1902462,2026-10-26,DUE_REST_OF_2026,DUST_WHOLEBOX_CLAIMABLE
7f897476aa96e6306ea624aa931ae730f46c5442c1753675c7bdccd97b580e22,9hUoZqmJx7S7PQkoXvpU8Zu5ggKqE5dNbmEn2SEnshiM5znNBNT,0.01,47.90855531,0,851288,2022-10-03,1902488,2026-10-26,DUE_REST_OF_2026,DUST_WHOLEBOX_CLAIMABLE
ea4ddbdb132285f0c9d4633c471c5e88c7c9729fbbc7777998e622abde8b8978,9iNB13M4497mewahxUVtH9DtTKJnmjZ4Z5NuCMKjnr3RprtPSym,0.001,1.73865181,0,851582,2022-10-03,1902782,2026-10-26,DUE_REST_OF_2026,DUST_WHOLEBOX_CLAIMABLE
aa46ebd9394d34c3fbfad0581b70474e04de3e3c79afec6fbbce2eea4490a19d,9hDVtvN5JhpjwPQ5tiRBWiXGcoN367wewAhLLofSXgbPy1jY9up,0.01,5.5625,0,852037,2022-10-04,1903237,2026-10-27,DUE_REST_OF_2026,DUST_WHOLEBOX_CLAIMABLE
e5fbe935ee52c06b84cc5a9dba181ec4ccce074c50f55883b089b6a3ab80dd9a,9g3ykaZcAR9xVVJWjsnttshcpi23b7GVC1NApGStvKTcqf7U4AY,0.01,0.0591898,0,852040,2022-10-04,1903240,2026-10-27,DUE_REST_OF_2026,DUST_WHOLEBOX_CLAIMABLE
10f953274a8edf116471a29ee02eb61a4898a66f11bfdbda21e25ba68527522c,9hmTd2m6H9fCsBAWd5ny9Fq1RhfRYqJz5iyz4jkKKPG4LELAtci,0.01,104.0,0,852056,2022-10-04,1903256,2026-10-27,DUE_REST_OF_2026,DUST_WHOLEBOX_CLAIMABLE
a4b634ef711174888c79b754e2970bfe64f7e0e4a4970035124281906f34f1ad,9hmTd2m6H9fCsBAWd5ny9Fq1RhfRYqJz5iyz4jkKKPG4LELAtci,0.01,349.25,0,852059,2022-10-04,1903259,2026-10-27,DUE_REST_OF_2026,DUST_WHOLEBOX_CLAIMABLE
1901069322c789839396fe43423c6b271d519f2c6873e947b3af6a091a0ef437,9hmTd2m6H9fCsBAWd5ny9Fq1RhfRYqJz5iyz4jkKKPG4LELAtci,0.01,7.25,0,852066,2022-10-04,1903266,2026-10-27,DUE_REST_OF_2026,DUST_WHOLEBOX_CLAIMABLE
be8e719404c595d9173d50676ec1f2ded3d845b7c9f70e5de83412cd2055db86,9hL9FmbDcMgwUfTBw8FfdjP33qTEi5exDD3GE1extreQ7tBWLyG,0.01,16.85619538,0,852105,2022-10-04,1903305,2026-10-27,DUE_REST_OF_2026,DUST_WHOLEBOX_CLAIMABLE
d18665413752531097e97f80d5ee747bbde902b564fe5e6178ac905863729789,9gtdyNTVfziFsGzH7KNjMcUj4v8MtADx4Z3prg6MWyHCCWz9NJM,0.001,500000.0,0,852416,2022-10-04,1903616,2026-10-27,DUE_REST_OF_2026,DUST_WHOLEBOX_CLAIMABLE
91cd3a477014bfa24e3153898e0e3868e3eb7c4587d87e88fbdc9457ba431ff3,9hWQQyaLMVtF9YTCBNrLPWEjKQKNfL8tiX66BuKXuQHTTDNvpLU,0.01,671.41461386,0,852606,2022-10-05,1903806,2026-10-27,DUE_REST_OF_2026,DUST_WHOLEBOX_CLAIMABLE
947071505decb36eeb62e9246a43f0f28b172c3deee7d0a706a5bffc5fc53f3c,9gp9NtF78RwbBQfPLbxRvpG9NCByk9ctYfTFCvbFtLHQfppxk8F,0.01,15.68710807,0,852874,2022-10-05,1904074,2026-10-28,DUE_REST_OF_2026,DUST_WHOLEBOX_CLAIMABLE
a7b146ac7096f71107f2e9a41b2c09cb2cb660f21fa6f909a49d15d7ee7e4536,9eXSTfmSXDwuVpX1QMSSyXmQSZXcUtA6U5mb3eKLP49oyc9rvUB,0.01,51.8292046,0,853121,2022-10-05,1904321,2026-10-28,DUE_REST_OF_2026,DUST_WHOLEBOX_CLAIMABLE
ab51650cf2937a2ab9e198f37ea72a4ded02b95d73d7c83b104e3d54942504b1,9f6D2q5SnWdVkVi7X41agzzyogfQEP9KAfhK439PDpUecnVXAZD,0.01,4.09301155,0,853154,2022-10-05,1904354,2026-10-28,DUE_REST_OF_2026,DUST_WHOLEBOX_CLAIMABLE
c3991ce18d2f852244031379685cb3d392902d04147988b65fc8195e83044bce,9eyYy3dme3uCA6CDFASY4hCjbvhy6prVjgauYfYBfdtHiDw1BJS,0.01,47.51090507,0,853370,2022-10-06,1904570,2026-10-29,DUE_REST_OF_2026,DUST_WHOLEBOX_CLAIMABLE
88e283a80683200f7d72457c22d7c80181ec48e48958daaf23473401ceec5e80,9gv9QqkCFu7suSbgTvq12u7ar5uMragZiktgyW7D1RCwN6mkBwW,0.01,53.5076069,0,853397,2022-10-06,1904597,2026-10-29,DUE_REST_OF_2026,DUST_WHOLEBOX_CLAIMABLE
487e31bea9468906b082f0ea58212fdf6472566cce545ff3c5290c897d02a37f,9gC9KUpp3Dwvz2QoxtAjabA9bhdQHv8RfEnLCYKVCM2FDFX2Sj5,0.01,49.75602938,0,853434,2022-10-06,1904634,2026-10-29,DUE_REST_OF_2026,DUST_WHOLEBOX_CLAIMABLE
629405db73c34b3635448c60ac0e89bb71f2087ce4ebce87b383d3f44c298556,9fHKdSNvhi3QxNhi2eUA3AWNnWiZib18NDGtzf7Nj31ysFENpRx,0.01,2.75,0,853503,2022-10-06,1904703,2026-10-29,DUE_REST_OF_2026,DUST_WHOLEBOX_CLAIMABLE
b39121ae6bf05607f7cb3e79f5b257c8be427d8576df7d81ecb717829ca23d0e,9gHVanyKK1rhDPt7NDeSbgdi72YDrXR3MEubNcwAPEuU7DujdC1,0.01,34.13798071,0,853508,2022-10-06,1904708,2026-10-29,DUE_REST_OF_2026,DUST_WHOLEBOX_CLAIMABLE
8a0877952a691d6ca3351749cea98b44e3b2e6a85ee99835e4d5b02f45c551c4,9hGUnDQjkfSLM468UDTBV7jShfNoCAwGYTzruDipKthQ4ae9ZDx,0.01,29.75,0,853594,2022-10-06,1904794,2026-10-29,DUE_REST_OF_2026,DUST_WHOLEBOX_CLAIMABLE
4e8b440878f2b632cb490c577c2f2a48d2f0bb8c638f474a2093f9c86e7dc688,9hwBKRSJHpzWjPEN8KxkKwq5f2WWzYNz4EXBhtUp49yfuejTZxC,0.01,47.66758439,0,853600,2022-10-06,1904800,2026-10-29,DUE_REST_OF_2026,DUST_WHOLEBOX_CLAIMABLE
f3ec288e73b9f944ac76b8a9a72f11a344a085b11de57b455b77130f644fff1c,9gtdyNTVfziFsGzH7KNjMcUj4v8MtADx4Z3prg6MWyHCCWz9NJM,0.001,500000.0,0,853614,2022-10-06,1904814,2026-10-29,DUE_REST_OF_2026,DUST_WHOLEBOX_CLAIMABLE
f74a829f758f94c253311b4c06fc93c35edcc92631060ef84faa1b37e8585d4a,9f5cXkpdcb2YTRWs1ewLrzojdXTi88fTCFf7wjjVzHEfnEakZs7,0.01,6.53120531,0,853825,2022-10-06,1905025,2026-10-29,DUE_REST_OF_2026,DUST_WHOLEBOX_CLAIMABLE
11fb40b9f42d1f7fb78f51be6f2d7ebbd25fa1e9d746f8ff78ff3cd3aff86512,9gA32wkMUaUbhGbXAjDpLeRguC9umCqiRsaELZuR4rLFb1Bi9rv,0.01,5.0,0,853949,2022-10-07,1905149,2026-10-29,DUE_REST_OF_2026,DUST_WHOLEBOX_CLAIMABLE
077a35219857cf59ab028d553b5aa33fd75aaa0f710a21ad4a876ff837168312,9eckHobC4JYpgNP9M3MF7Ug9trY3pcsuESpUwQ94MhAyJhpoEDz,0.01,5.39838974,0,853977,2022-10-07,1905177,2026-10-29,DUE_REST_OF_2026,DUST_WHOLEBOX_CLAIMABLE
d146c729fcd2c9247245aa64c75a0e671ef862eaeefde71471b54d0ff3cfac7d,9gaXWS22khYMir5PwqsocpAR9b534eCPYHbWyy3yd5LwAznqW7E,0.01,39.96586745,0,854012,2022-10-07,1905212,2026-10-29,DUE_REST_OF_2026,DUST_WHOLEBOX_CLAIMABLE
fd6c9b2e45da75e33a99bc883dc4a0e8c39090614f1f840ab9e7a35e30a88979,9gN1PNVg5KRX6QqWu8zbjLwaTYtLjtub6v52uMCoQuGTEpB71GR,0.01,1.625,0,854070,2022-10-07,1905270,2026-10-30,DUE_REST_OF_2026,DUST_WHOLEBOX_CLAIMABLE
a4d5bf3286e2bc047858396476e21bed62a73d8cb49122ba26d10b5a57c602e7,9hjSkuH5csSwHeUTCxqnkZ3Yf3hTghZcokJEaGfwXPenx8LFbNG,0.01,6.98964475,0,854232,2022-10-07,1905432,2026-10-30,DUE_REST_OF_2026,DUST_WHOLEBOX_CLAIMABLE
003aa1b7d5b3030896b3af85256ced6aaebaee6cb9752dc04687b668e36e0476,9hwDzjAmdiH3UJauQay7iDSR4Uwypi5CbRzj9dQY5yskV31fN4Z,0.01,158.1447013,0,854349,2022-10-07,1905549,2026-10-30,DUE_REST_OF_2026,DUST_WHOLEBOX_CLAIMABLE
ade050a41eba4d5ad66c31414a184bf2fd91aa15c298760d7ce898623f2cd820,9hwDzjAmdiH3UJauQay7iDSR4Uwypi5CbRzj9dQY5yskV31fN4Z,0.01,26.9375,0,854350,2022-10-07,1905550,2026-10-30,DUE_REST_OF_2026,DUST_WHOLEBOX_CLAIMABLE
c89c64aedc06d727b185ebea6f130800b9685a2e73a19e8d1622c4eeaad285e0,9gExnCVY68hLaX7S9CK9EPgeByaaFQyBGtve7CfG2LQfhAtP1UR,0.01,48.41390159,0,854414,2022-10-07,1905614,2026-10-30,DUE_REST_OF_2026,DUST_WHOLEBOX_CLAIMABLE
38538cea8656735025c85af2c25f02f81ee2fcb6ff042edb68e2455a366735da,9gExnCVY68hLaX7S9CK9EPgeByaaFQyBGtve7CfG2LQfhAtP1UR,0.01,10.0625,0,854415,2022-10-07,1905615,2026-10-30,DUE_REST_OF_2026,DUST_WHOLEBOX_CLAIMABLE
f9e86199fef10d45e72c4f7a6b7112532df9ba68acc76431e97a4bcac9c1a3a7,9epjbSQfXJiAq3BE2An5L5vdwsrKL4kxUgHYsEwG67MTN2a5CxN,0.01,48.71490043,0,854591,2022-10-07,1905791,2026-10-30,DUE_REST_OF_2026,DUST_WHOLEBOX_CLAIMABLE
da4dce80203515d72b1de2f2007e62e8ced64c55d0b6e6272c023a3bfcff8bc5,9f7mmsR316Y3mSeBZChtx7yBzShX49ae84T2nmxshLzbAZpbx2o,0.008,2.53956651,0,854677,2022-10-08,1905877,2026-10-30,DUE_REST_OF_2026,DUST_WHOLEBOX_CLAIMABLE
aa08befe8448fec85adb3f095ed65b5a77cf628b9606fb360cafa6831b91cc92,9eYyzMC4AB6HAdE84KzbF9wRGyvqXn29bPzYUxJMu5r3QmFcEey,0.01,165.3125,0,854687,2022-10-08,1905887,2026-10-30,DUE_REST_OF_2026,DUST_WHOLEBOX_CLAIMABLE
4ad4a4e66f00ce01ae8c055b5966bb74356fd42167ba506adc42e0b60efb6719,9iFCPe4nNBTLcGzXXuhLcq2u1ANQLevTRuGGLVeS8Ddvw92KhoS,0.01,188.76831629,0,854738,2022-10-08,1905938,2026-10-30,DUE_REST_OF_2026,DUST_WHOLEBOX_CLAIMABLE
b48bd8ec9b2e0f7969240e36d446dafc7b2148260031e55e64fe2cf9045c2209,9hEi9GEbVTAPbvuSVxVmxPGNMo5e9kteesVqn6uAFZJgnyuHVxo,0.01,68.03304512,0,854789,2022-10-08,1905989,2026-10-31,DUE_REST_OF_2026,DUST_WHOLEBOX_CLAIMABLE
189c4593e1d960f44c3a03e28271b2f7b2d859511735857d3f6ebc853b7fd728,9hjwCDckv8X52t9JxAxjYfUaJueDXef4opAev7oxXKt75LE5m4f,0.001,1.0,0,854814,2022-10-08,1906014,2026-10-31,DUE_REST_OF_2026,DUST_WHOLEBOX_CLAIMABLE
b6a2f53069f70ab3803ca2d26568635bc599a3049f2f557e1ecd454bd8986c16,9exshvpC59AXhqdg62goum5ZeUY8ic7JhxW4qEjWizg5PzVPRh9,0.01,16.6486753,0,854848,2022-10-08,1906048,2026-10-31,DUE_REST_OF_2026,DUST_WHOLEBOX_CLAIMABLE
e4ea9c9e8b07e43d25d98951b736e34a7845e497c4da8b1631f4c0979c41bae4,9eYY7bgydPr4wyxCKAzDTMW7J9fgx6sDDSJxhqLGPU7wxiQhasf,0.01,32.5625,0,854867,2022-10-08,1906067,2026-10-31,DUE_REST_OF_2026,DUST_WHOLEBOX_CLAIMABLE
6712b5c33860f47dfa02a1d8ff285bc72ada5b61cbfa908975ccda6a5faa1343,9emoRvxzJn3e2pJbuwVrtKz6BavRbUyzPMBBM4E4T2wcvp6aXvH,0.01,16.24461176,0,854876,2022-10-08,1906076,2026-10-31,DUE_REST_OF_2026,DUST_WHOLEBOX_CLAIMABLE
b4f8c602fb667b2f5e4846c145c1baa656311d0b6ba5908f5c17570fdf55d5b9,9hZSyLwXAMG3gBT9wJiwiy9H8xuHDjrtSRJenztDJTJu8NNe7k9,0.01,4.80773658,0,854966,2022-10-08,1906166,2026-10-31,DUE_REST_OF_2026,DUST_WHOLEBOX_CLAIMABLE
c98566b3b989df6fb34304e4b4a6f99acff1bad8d0dde461f25fc2bee84d4ef3,9hYWdtcfDirsHmxyZGA5CV78RY5ege7HB4v2jT6obrTyg4htj3t,0.01,48.6487529,0,855064,2022-10-08,1906264,2026-10-31,DUE_REST_OF_2026,DUST_WHOLEBOX_CLAIMABLE
54a5b1ef23fd6a2031a6beab5a54222d7a9d1c4a5466bd194349a46ff629251e,9hYWdtcfDirsHmxyZGA5CV78RY5ege7HB4v2jT6obrTyg4htj3t,0.01,5.5625,0,855065,2022-10-08,1906265,2026-10-31,DUE_REST_OF_2026,DUST_WHOLEBOX_CLAIMABLE
94a7a9b3f0f32f13182460cfc024e68ebcc838fd664930a49f0d0e51e5104eed,9g5c3Sb6bSqtYU5o43bt27Tewq6i4JnZb51STDizq9ZACnBSpq8,0.01,21.875,0,855461,2022-10-09,1906661,2026-11-01,DUE_REST_OF_2026,DUST_WHOLEBOX_CLAIMABLE
097f57388f41074818d7414f77627e94f4800f8780f0e5dd6e47bcd2ac8f183f,9h8AoX6VjAkqjBq99gnfvqwvPbkFkHx53QMSQ3t4DSLkgLi14yR,0.01,44.66074271,0,855466,2022-10-09,1906666,2026-11-01,DUE_REST_OF_2026,DUST_WHOLEBOX_CLAIMABLE
191898bd41819d662075588d30653859ad48fc81583683bf9ccdfdbe29447939,9epw66qMAgazqCNbLQ6ti3cJNtvXhWgBXmFBovRM6P6LzxVp9vE,0.01,13.39216007,0,855560,2022-10-09,1906760,2026-11-01,DUE_REST_OF_2026,DUST_WHOLEBOX_CLAIMABLE
f1fbb176003dfad82691a7cd5d451708df6e15692373f07f637c5524cdd4dd22,9hxeSmnzRe7PQJhcsdcQpJw3xMVXVx994Hhpipms9h8vyPfXG4W,0.01,8.33479873,0,855620,2022-10-09,1906820,2026-11-01,DUE_REST_OF_2026,DUST_WHOLEBOX_CLAIMABLE
05da0e8484db1c957fe06cb4f4459acaa308d01cdc254ece9d6b30f12ba3fcda,9gB7J2fPkFjoVqw8bwV1Ci1qorHBS6H5t8bvwkGNiHuJDy6N1d1,0.01,6.6875,0,855645,2022-10-09,1906845,2026-11-01,DUE_REST_OF_2026,DUST_WHOLEBOX_CLAIMABLE
39fd6405d689760056346781bbe9343d6908937ee7f5eed2acb1234f16dbb18c,9iBBPMKEZyFaJmPuadpK6r3K27kWymrdpWaTB7Xx5hZsUb3pRjw,0.01,84.3125,0,855738,2022-10-09,1906938,2026-11-01,DUE_REST_OF_2026,DUST_WHOLEBOX_CLAIMABLE
1442535bc75ae33fb2f2fa4ca2033b1724224d7fcb480075101d297d44150509,9gSCeXN6ktPLqdVuFsDqaYMFm8DoYmYW5FfrXL4Cm2JBzWhBZLD,0.877568795,0.88758968,0,855778,2022-10-09,1906978,2026-11-01,DUE_REST_OF_2026,FUNDED_RENT_WITHSTANDS
4e4125bd4d9cb7422b3c5033677083b46eab1fee51d9a9c865270ab62cc5e2c2,9gV2ug1mrgqvTJYeRyDtBXnhhE18Adc55JgpoFb1YL1UEGXbySu,0.15695878,0.15875108,0,855778,2022-10-09,1906978,2026-11-01,DUE_REST_OF_2026,FUNDED_RENT_WITHSTANDS
bb79ba73dfd56988b0feb0653992bba65be6de1fb4502881111a2b9dc1638ca7,9fbhgv7uVRJVvE7Vk4HpN9u5Et2UCu6xJ47G1Q4e2vexFeefv6M,0.34280031,0.34671472,0,855778,2022-10-09,1906978,2026-11-01,DUE_REST_OF_2026,FUNDED_RENT_WITHSTANDS
fead9db6e9c6ae244ead8410f2f1d68a4ea93ea44de3bb8357b7d3e4d105beae,9i5d6LUJWn2jgyRzT77pB7YnCb2KVxUQzW6CmNiiGQLRzF1h8eb,0.092774892,0.09383429,0,855778,2022-10-09,1906978,2026-11-01,DUE_REST_OF_2026,DUST_WHOLEBOX_CLAIMABLE
957b0c73f231bad82a5437e7d4e0c033ef1e3e1bec1f5cdcfd3c80bad1324278,9fmqtXw9TSw4XWuSK3taXFRPLy73ki4a21v5fr437YmdBa2fcLC,0.01,393.97942812,0,855944,2022-10-09,1907144,2026-11-01,DUE_REST_OF_2026,DUST_WHOLEBOX_CLAIMABLE
76eeb575c08318b9883beeee36defa91682a695cf4f0bad6a9df66636f7b8d6a,9iB9FX56gDs9eQeBewANAfTazzpYUBZbLPKWQkZJBZhppfoEH6m,0.01,21.27743221,0,855982,2022-10-09,1907182,2026-11-01,DUE_REST_OF_2026,DUST_WHOLEBOX_CLAIMABLE
6f4e0d03b1909bd03aa3692aeaaedbbf15fa59b3580a00c01fbf67c256950482,9g39upFsnae7i1SFkXqWqEsjHe8AWqvExQzuCihPtXYzyRopGZT,0.01,23.16236961,0,856037,2022-10-10,1907237,2026-11-01,DUE_REST_OF_2026,DUST_WHOLEBOX_CLAIMABLE
052dcd3fcd1984c2e0f2fc91ade81d7ff45ce48f862b480446b4082d621cf47e,9gV2ug1mrgqvTJYeRyDtBXnhhE18Adc55JgpoFb1YL1UEGXbySu,0.144293615,0.14545581,0,856537,2022-10-10,1907737,2026-11-02,DUE_REST_OF_2026,DUST_WHOLEBOX_CLAIMABLE
60c6b2f3614295a880644e491e5982dd9e8acafdac0f4fad97ff877cd560f66a,9i4iXmw9jxZWXGdpKEwur6Av5LLE56TGF5YyNYS1JAy4F5Wx8SW,0.23543817,0.23812662,0,856537,2022-10-10,1907737,2026-11-02,DUE_REST_OF_2026,FUNDED_RENT_WITHSTANDS
85a3326975274dc920ac4b5d1cdded760e6778a8fdded5bba67ca52eb6eb9135,9gSCeXN6ktPLqdVuFsDqaYMFm8DoYmYW5FfrXL4Cm2JBzWhBZLD,0.520924409,0.52512012,0,856537,2022-10-10,1907737,2026-11-02,DUE_REST_OF_2026,FUNDED_RENT_WITHSTANDS
c89fbc5efe51ca9256e933f2b6f8641c31310da14e3566fb84d072feb5fcd5e1,9ekCpx6ahU3CRXhgzHm36BCsVU1rnf1KkDDYEg438MTZ13JZS3B,0.01,5.52968257,0,856817,2022-10-11,1908017,2026-11-02,DUE_REST_OF_2026,DUST_WHOLEBOX_CLAIMABLE
c779d74bef037d45a2056da89c83af073c05be636fa82da1f0d1f8945f957d11,9foBeo21hWENFQXN16ppxz6TG4fBcasXSYxkHW2EkaeKrZTxTU1,0.001,49.61789696,0,856870,2022-10-11,1908070,2026-11-02,DUE_REST_OF_2026,DUST_WHOLEBOX_CLAIMABLE
1ca1ccb567f528804570f01af00d817df6ca7b0146438d07de01dd07e61464a9,9fYQ4yugG7enToPEAUcfdAPSUBELPfsSxbSg4sonkVyb7cyDvPa,0.00015,1.0,0,856885,2022-10-11,1908085,2026-11-03,DUE_REST_OF_2026,DUST_WHOLEBOX_CLAIMABLE
1415cde0141e3e62744ef26bacd367d1b3642e1e729114168939c8f2f7cbb003,9gV2ug1mrgqvTJYeRyDtBXnhhE18Adc55JgpoFb1YL1UEGXbySu,0.128976597,0.12898176,0,857148,2022-10-11,1908348,2026-11-03,DUE_REST_OF_2026,DUST_WHOLEBOX_CLAIMABLE
b72c8d12e26d183607cf9dfd7679fe84356cae6c4217562bd59152b153cd00e3,9heJbLLWAW8UWd53krsYMTSvRndHoHV9rKB9KhfQvyXh6qt1s1p,0.458226721,0.46191744,0,857148,2022-10-11,1908348,2026-11-03,DUE_REST_OF_2026,FUNDED_RENT_WITHSTANDS
ebed5ee2491a1cbf4ad703029e3c86fdc597d15c84dc5cf5575c309878125c31,9gwyRdPQeLcmRRMiqTTnfzf2tVk1YiGLhRPDjoY1k1twMZ19KRP,0.602122137,0.60813896,0,857148,2022-10-11,1908348,2026-11-03,DUE_REST_OF_2026,FUNDED_RENT_WITHSTANDS
eef5b9fbf13ce383e9e60cea0e828c6a6c57bc7aae1ed5f899543b592dc53b08,9gi7pGVeRgY423frvy4drHPPNrgGr7HBakxtf4sWomoRGAT9STR,0.001,8.8219538,0,857170,2022-10-11,1908370,2026-11-03,DUE_REST_OF_2026,DUST_WHOLEBOX_CLAIMABLE
3dbbb1f05481c44ba5616e26f098d1a744ee96194eb5b33bfd92977d574b8178,9fSqAXAV35vEn9Mc5oAPL7yDHisefmrMDjk3RGYLY3yF26uK9Gr,0.01,10054.98487774,0,857229,2022-10-11,1908429,2026-11-03,DUE_REST_OF_2026,DUST_WHOLEBOX_CLAIMABLE
032f1a8f7d72758854c960b545ba59148be7b4b5a77fb5c3f7b7db60dd6d43d6,9gV2ug1mrgqvTJYeRyDtBXnhhE18Adc55JgpoFb1YL1UEGXbySu,0.128040898,0.12795006,0,857268,2022-10-11,1908468,2026-11-03,DUE_REST_OF_2026,DUST_WHOLEBOX_CLAIMABLE
df89efb731d25928cfd107ab1933e8a7a2aa9b9879cbae9a62ce836abc02ff87,9fn5RKBCuksoohZMyb2PJUE49wyto7CHuDDwSGCSNJhiJXy3Djr,0.029898128,0.02989933,0,857268,2022-10-11,1908468,2026-11-03,DUE_REST_OF_2026,DUST_WHOLEBOX_CLAIMABLE
0e791acd4f31acafc5eb3092ee94d0f45b397188530ed2170a6b12fb550711d8,9gXQDTkAuWQJkK4cqHzmjuChhEXeR7YSRz5h8qaxKxqLi43rK7h,0.01,47.81190391,0,857278,2022-10-11,1908478,2026-11-03,DUE_REST_OF_2026,DUST_WHOLEBOX_CLAIMABLE
6beeee7276291744f809296f8c357d5ce88391978dc36079346c9fd7aaad7e7a,9hegFogtPVgcDTY9gaiEKG3xVQMJPNucHa9WWvwd9CEAGbjveMD,0.01,0.27122408,0,857312,2022-10-11,1908512,2026-11-03,DUE_REST_OF_2026,DUST_WHOLEBOX_CLAIMABLE
7a16cbc757145a377325702cc0b2ac51ca0c268a1622610806589f1d4681ecfb,9gV2ug1mrgqvTJYeRyDtBXnhhE18Adc55JgpoFb1YL1UEGXbySu,0.108220731,0.10710046,0,857407,2022-10-11,1908607,2026-11-03,DUE_REST_OF_2026,DUST_WHOLEBOX_CLAIMABLE
b88bbe4510c9841b225800b42930a91a11ad0c1900547a0cb332fe7c2c105859,9gtdyNTVfziFsGzH7KNjMcUj4v8MtADx4Z3prg6MWyHCCWz9NJM,0.001,1000000.0,0,857447,2022-10-12,1908647,2026-11-03,DUE_REST_OF_2026,DUST_WHOLEBOX_CLAIMABLE
451e9d85ba1ca2bbf83809a8ec22b94d8a794b6e4c3437b4545e720145ed654c,9hBKg3LF7fKW4ew6jaSejxLRrLQGMofDwNoH2WQEDNnMpUWxhsA,0.01,50.31273606,0,857567,2022-10-12,1908767,2026-11-03,DUE_REST_OF_2026,DUST_WHOLEBOX_CLAIMABLE
85e44498f8c86eaa51075c68c22317512f637e4fe86a0fc21e5868746e3feff3,9frmmu4UjfKLFmgmKJXyUefMUxkF2q5gq6q5HupprZjGyhYkWzs,0.01,6.125,0,857567,2022-10-12,1908767,2026-11-03,DUE_REST_OF_2026,DUST_WHOLEBOX_CLAIMABLE
ca1bcced4e63895b25fd3b52fe7dc8a7d12ab05648f6ab9fe55f65890830cb9e,9hjF1prnEgkZfU9h8u5fMWHeeSvtcGWewqihBGrXto4FCpxuNxA,0.01,16.36100832,0,857638,2022-10-12,1908838,2026-11-04,DUE_REST_OF_2026,DUST_WHOLEBOX_CLAIMABLE
d032a5c7561bbc9b71cc5892ad49e2b0355c76acd55edb7010e826fc30477c95,9gjSkXrMdqBQ27Cn8a4stwMEwDm1DBL1Btc7SamKHPZ5qPahWjK,0.01,7.09040248,0,857894,2022-10-12,1909094,2026-11-04,DUE_REST_OF_2026,DUST_WHOLEBOX_CLAIMABLE
bd372b87641a135e4efd3fbd281dacf85ccf4692bc00b952204976d596d9467d,9foZWTSZqbVzUjHgxubFN4JgcybkF5fCvWJMyF24RUa9J7fNrp5,0.018,2.0,0,857945,2022-10-12,1909145,2026-11-04,DUE_REST_OF_2026,DUST_WHOLEBOX_CLAIMABLE
5b23e7a8afa828c2832723765d9a3deeec5050f8b6ce771b17b8bab3589e186e,9ertuwcDqmm3u7Tu97b7dkJAH8JfeTcCkRM5NYHtuqYBtvYYURp,0.01,119.48589594,0,858026,2022-10-12,1909226,2026-11-04,DUE_REST_OF_2026,DUST_WHOLEBOX_CLAIMABLE
ab301f386259beb2c06ffbdc60fff5db93782641214872186db0373e000c7e1b,9ertuwcDqmm3u7Tu97b7dkJAH8JfeTcCkRM5NYHtuqYBtvYYURp,0.01,1.68874299,0,858034,2022-10-12,1909234,2026-11-04,DUE_REST_OF_2026,DUST_WHOLEBOX_CLAIMABLE
8937be7400b5fc2a74bd0ec6aab0e4431a5767817fed9be14704ebb2d93c6b84,9ertuwcDqmm3u7Tu97b7dkJAH8JfeTcCkRM5NYHtuqYBtvYYURp,0.01,1.96512753,0,858036,2022-10-12,1909236,2026-11-04,DUE_REST_OF_2026,DUST_WHOLEBOX_CLAIMABLE
5bd93519d7be1b9b4f0e18bebba6b4a52b433610a5466f971e5e481f872924ca,9ertuwcDqmm3u7Tu97b7dkJAH8JfeTcCkRM5NYHtuqYBtvYYURp,0.01,5.20854156,0,858046,2022-10-12,1909246,2026-11-04,DUE_REST_OF_2026,DUST_WHOLEBOX_CLAIMABLE
402c2ff95859b89d376f88184124c57209aeed8a963f8c13f9fcc06778c7e617,9ertuwcDqmm3u7Tu97b7dkJAH8JfeTcCkRM5NYHtuqYBtvYYURp,0.01,1.91161662,0,858050,2022-10-12,1909250,2026-11-04,DUE_REST_OF_2026,DUST_WHOLEBOX_CLAIMABLE
540ecc5ed35fced1a646cacb158592d05940f761c3de42a11f6d92d5b08c8199,9gPCA4NfiJf3abHaXS5oug1gJpUqvE7TCjcAfRFTDF574gcriDN,0.01,24.43865826,0,858085,2022-10-12,1909285,2026-11-04,DUE_REST_OF_2026,DUST_WHOLEBOX_CLAIMABLE
43047c60720633a6a8a5ae44e0e57a12336a0b4293bec82b69b752eda82a0f23,9ehdsRCwyVLSB66cwpaTbdmJtZrTRUCqb2e6i9TQK33FXPNdkK5,0.028,13.99997157,0,858119,2022-10-12,1909319,2026-11-04,DUE_REST_OF_2026,DUST_WHOLEBOX_CLAIMABLE
3f324752b870b8643e6cc6dd0ca967f5cfabb8bfa8138038c126f3093cbe0198,9f57riXnEjMrpgAZDqdCEGv4tdjzE8qkDfiNwAKuEXhNR2NcKkY,0.01,7.20672341,0,858143,2022-10-13,1909343,2026-11-04,DUE_REST_OF_2026,DUST_WHOLEBOX_CLAIMABLE
f9867e0f4ebcab37cbd0c6db93539c8b1ea2a0e99abeb85c6f743c6e7aaa2fa1,9f57riXnEjMrpgAZDqdCEGv4tdjzE8qkDfiNwAKuEXhNR2NcKkY,0.01,1.28350067,0,858145,2022-10-13,1909345,2026-11-04,DUE_REST_OF_2026,DUST_WHOLEBOX_CLAIMABLE
e78925a292d5dc7e656b228e765e818ad91092a7e0d14a8a56659ade9ba78232,ynjTGtEt9zR5rj1bpgNqEubBDRXBResLBhcQWq6UJ5rMDCUUWmbwJuHpzCzcDZjPf5NuKNT8ngdcDhJccziq6JLmQbDMYQs6c463Ziix6CYeXKxMCYcVi9NuQL7of9CrjzwxnSar2PDSskNqzTa1JzuWVE3wnfTc2fRuDsJPVECdBKNUmPNKa5UfYyPNTAtP4NLaTimaWvhvTxkfRzCMjnzNegHtDnJMcpZxBYxW6T2smVtEPfCVSVHGz93Si5ExxeBmPPYJ5dvy98eUBwivQo8TZZCEQHKtU5oyJWxmmkLpsvLxsWsp7CZAuysihhe3f3kr3gid9sRurvaqCr3FzMB1RkJQLeVtAvHNeniy8PRQMeBvYpsrY1tSu4A8DantAfKAjVNtJ6HsptskbCvs3BYrzqVZKm49JdFo8RCD2t92mKwkBSTAjT1qbt4tSbtJhY1cVTSay2kjZyMS5NmHVaf8PMnUrNRSeStzhkftKxizibJxRd2H5Z8TkZJj4WPGwgGjfaJ1HfG2ftXKJ5hxHYaihnaVtDkH9w4LmPCJAaVdJsJAFCCxuaaHqW2eQcykTkqNkhXT2NTPV2ApmpzUGVHk9QohCUCJUmLk2nn2vDzW2fkvHXdQpsBtcXujacct8Yn3cwgrBihtJyNecLVYJ3TsQvHV3Fy1nyr4vxkGLYeQzT6DDoLCFTeADmmJYqwv8BnHZnEb1biwhQUfuHdsfx1oLHDizmv89ms6z9Lffj3Gq6tXc1Mm2oYjzYKzf1GvMn6dojZ8RSN9p2zPr7DboMh,0.00726,10.0,0,858251,2022-10-13,1909451,2026-11-04,DUE_REST_OF_2026,DUST_WHOLEBOX_CLAIMABLE
004a8e4f3b534bed754245a8d522102b67a1eacbd17535c366914a9521be5d62,9fdjwsjTeFhkuW9ZLcR7qzywh9CbV7dj7UEfjj511Jhruab8Git,0.01,47.81190391,0,858380,2022-10-13,1909580,2026-11-05,DUE_REST_OF_2026,DUST_WHOLEBOX_CLAIMABLE
f73a5abdf15c9406294a58ae63b38ee97bc99d15a4bb78b600f515e3f7e62348,9fYGgUMmx7pKeFadCkLNT4AywBHfqDpesyLhQ2T8Cp7twSNc9po,0.01,52.09006001,0,858439,2022-10-13,1909639,2026-11-05,DUE_REST_OF_2026,DUST_WHOLEBOX_CLAIMABLE
161ecfee1ffde15bf0fa1486aca32d1b6232cc6a48035a18a54f2c1c41d73e67,9fvhkzS4r5PBGa5Dv7CqjWrQNqNCxezpz4r2urm4VCfuycobjYz,0.859017533,0.84524522,0,858662,2022-10-13,1909862,2026-11-05,DUE_REST_OF_2026,FUNDED_RENT_WITHSTANDS
3980cd54db2c32f836d898b5a62919c4615a43191bf73df800852f7f84444e57,9ehG7utsKVQtEKHx58iGW9eL8wPBP1tTtEsw5PxCnpdBwvjHdtN,0.295157623,0.27572971,0,858662,2022-10-13,1909862,2026-11-05,DUE_REST_OF_2026,FUNDED_RENT_WITHSTANDS
dfadac5a11ca8aa3238111dbefc4757ddc4945496c6aec6b58ced238e67af7f8,9gAT65NksBP1uQnTinsTi12HCxLm6FEXmkYcPakuRTxJasf1M4e,0.01,28.0625,0,859094,2022-10-14,1910294,2026-11-06,DUE_REST_OF_2026,DUST_WHOLEBOX_CLAIMABLE
8e8b57497af41c96fabf91dbaa0ef2325801f9bc0a845b4148077d23e84ade6d,9fq6tZuyBst9tozZiTmVci9joBxKtNCskCfCjzFTrjNr49ydLAz,0.01,2.44200843,0,859177,2022-10-14,1910377,2026-11-06,DUE_REST_OF_2026,DUST_WHOLEBOX_CLAIMABLE
1aa43e835331ee06545621ea062adc7ed2b2093dd0ae19c78b70629d908ab27b,9gV2ug1mrgqvTJYeRyDtBXnhhE18Adc55JgpoFb1YL1UEGXbySu,0.17598262,0.1651217,0,859220,2022-10-14,1910420,2026-11-06,DUE_REST_OF_2026,FUNDED_RENT_WITHSTANDS
d40b580f359e704153f79565f994c4551a916d7a00d31cd2988b31ed11aa97da,9ft4QsZd2Ajamoj66hR961bJ8icZhNrif9PokV5VtXkbzvBBod2,1.862616127,1.74761938,0,859220,2022-10-14,1910420,2026-11-06,DUE_REST_OF_2026,FUNDED_RENT_WITHSTANDS
fa90307c44828abc06cc605406c159be58f73c8ce102f9a359076fd02fd6b6eb,9h7K7uHUo4ZhVPP5wKa3dsCLZAjx7oRj2x1daxxc2DpSUC3hyJ1,1.124669627,1.09585667,0,859232,2022-10-14,1910432,2026-11-06,DUE_REST_OF_2026,FUNDED_RENT_WITHSTANDS
c47be7b1bdbcb84fe16382406d2259a60c6d3a401210b4fff8815389f5316335,9fPijDrDHBF3RzMVW7sa2cxkrEqKsR9JYAth4GVJdBDnFpoEyHu,0.01,3.875,0,859325,2022-10-14,1910525,2026-11-06,DUE_REST_OF_2026,DUST_WHOLEBOX_CLAIMABLE
aedb3a7c3221ba142a048784e1b10e1f936efb7327e76e2c6dc8fdcc42035817,9g1CSuyHJf3rSbBuFW7siViDvzYyu8oJCfATbuBk16fXSkRQUZM,1.713319927,1.60947648,0,859370,2022-10-14,1910570,2026-11-06,DUE_REST_OF_2026,FUNDED_RENT_WITHSTANDS
b41da788b65aeff3dcf3054bc30422a5c629642737fdfaf556300505fd3c58c1,9gV2ug1mrgqvTJYeRyDtBXnhhE18Adc55JgpoFb1YL1UEGXbySu,0.17082478,0.15990822,0,859370,2022-10-14,1910570,2026-11-06,DUE_REST_OF_2026,FUNDED_RENT_WITHSTANDS
d0d885f43dec9ec0ea3505c7dfb1c26d90f38f9c0d4372e9cd03a9036b842c4d,9ft4QsZd2Ajamoj66hR961bJ8icZhNrif9PokV5VtXkbzvBBod2,1.601068438,1.49799457,0,859370,2022-10-14,1910570,2026-11-06,DUE_REST_OF_2026,FUNDED_RENT_WITHSTANDS
eeaa0f14f7603a29902ce0bec039a414e650c6fca83ba074b21e87ad544f93ff,9gwyRdPQeLcmRRMiqTTnfzf2tVk1YiGLhRPDjoY1k1twMZ19KRP,1.018463602,0.95396614,0,859370,2022-10-14,1910570,2026-11-06,DUE_REST_OF_2026,FUNDED_RENT_WITHSTANDS
4d7a8c1d23086955b03119b1704107ed7161dc8626bc35de366743fa0d69cbf4,9iBoUv2G2F4wMDrVuqe2BG6y62GvzDLJFLhJRuNkCAUPmJrevTt,0.00015,0.5,0,859720,2022-10-15,1910920,2026-11-07,DUE_REST_OF_2026,DUST_WHOLEBOX_CLAIMABLE
f9de9bdb83a6c50bed85be23ee70193e304499bdee1a3f2dfc0b31a0e0c85a3c,9iA9ZPF4D4zKe9dNV178MmuJsk8ViLWmyh8ZhaSPrJaqsmc9cYY,0.00015,0.5,0,859722,2022-10-15,1910922,2026-11-07,DUE_REST_OF_2026,DUST_WHOLEBOX_CLAIMABLE
ee803d3a691af4baa6ebcf83dde641166ea73e5bfd1b71a4a3bf16b694f29839,9fzSUkzAJajz2UN7E1HmA3op9fCBo6SbLjbYEMNnivUzNx85Cd3,0.00015,0.5,0,859723,2022-10-15,1910923,2026-11-07,DUE_REST_OF_2026,DUST_WHOLEBOX_CLAIMABLE
f8a3ce6b258ea95397c91c2b837d0309c452006860e174b85c9b71b187f53e29,9i1Er8TiW5betDhEcvQ1MeW1wKHWsqqZkea5HswMmZ8rFY4PegP,0.01,33.5,0,859738,2022-10-15,1910938,2026-11-07,DUE_REST_OF_2026,DUST_WHOLEBOX_CLAIMABLE
d5b08bfa407ee86f1afc0ccdd0774cee5cb2c6a596031c78e11b1ecb4573312c,9gkYN3fSDnEQuEfjFgt3r8iGQRLaTfi9G8D4LawwUt1nDZhZTeP,0.01,40.28703829,0,859832,2022-10-15,1911032,2026-11-07,DUE_REST_OF_2026,DUST_WHOLEBOX_CLAIMABLE
acfa311d34305073be46f64449289c2f2a1bff3d5e9bb5b49e980242b6c6722e,9g1CSuyHJf3rSbBuFW7siViDvzYyu8oJCfATbuBk16fXSkRQUZM,1.639742996,1.50353751,0,859859,2022-10-15,1911059,2026-11-07,DUE_REST_OF_2026,FUNDED_RENT_WITHSTANDS
9ea4156ae93a5c3048c70c454edd522715e39e0efd568afdcd70d80210f09e9a,9fSsPryoYVXiWp7MAeMEw2XbD8cMkMHToSRhkZ7TkCmx2se7sod,0.01,2.1875,0,860000,2022-10-15,1911200,2026-11-07,DUE_REST_OF_2026,DUST_WHOLEBOX_CLAIMABLE
43a7eb78dc507f87126ffb80f7e70ecbe6caee20928a9cbcc6c1459b8a093af7,9fdpnX6GussA1CxsbR4Y6938Z9hZFcPF5nLDBLCAWAD1Nd6bLhd,0.077499606,0.07106209,0,860022,2022-10-15,1911222,2026-11-07,DUE_REST_OF_2026,DUST_WHOLEBOX_CLAIMABLE
462fe27b4ef90a4cf8c52251f81eafc62eecf05368aaebe9d8e82a4b5bf6d23d,9g1CSuyHJf3rSbBuFW7siViDvzYyu8oJCfATbuBk16fXSkRQUZM,1.893836076,1.74016231,0,860022,2022-10-15,1911222,2026-11-07,DUE_REST_OF_2026,FUNDED_RENT_WITHSTANDS
8f37c5909387e35b0d173559b101e9102c655a31ba3dabd13eee53d4a43d73ce,9fSw3fTUYZmNzCGN4Lzv5wzQ7dDUBkYtaUEuAXkwXzVqGmr1aDP,1.172957254,1.09089864,0,860022,2022-10-15,1911222,2026-11-07,DUE_REST_OF_2026,FUNDED_RENT_WITHSTANDS
f07e739789f38b08fc25dff903439eb157784cd6cd0482ddf2d9bb060517ea71,9gV2ug1mrgqvTJYeRyDtBXnhhE18Adc55JgpoFb1YL1UEGXbySu,0.185737643,0.17048499,0,860022,2022-10-15,1911222,2026-11-07,DUE_REST_OF_2026,FUNDED_RENT_WITHSTANDS
cc26b36a9445e53d1eeccac0b08725f6090e4e28984536294b0fe41b75908dc5,9hH1V7cVUU9LsEtKtSdVTkArXJzRnRk5q5yaZsQYMgE6gqv8PEN,0.01,1.14387689,0,860064,2022-10-15,1911264,2026-11-07,DUE_REST_OF_2026,DUST_WHOLEBOX_CLAIMABLE
7b49831b1fbf932456415f79d4c95175f2aaec780f60bc04d3b1ab823ce76575,9h55ynrU2ik6YRGECEMXbaDqB9Dhs4pmSJPenpH7oP7mmooYFMP,0.01,1201.54925119,0,860090,2022-10-15,1911290,2026-11-07,DUE_REST_OF_2026,DUST_WHOLEBOX_CLAIMABLE
5c5507533abb9737d74ebee5e657ecc5955872bbc01dd9bcc4372124fe2aea4a,9fbGjNKuyF6uKPgp5k8xJdQEJHyLt5VqM754URF9e7MePwkqG6f,0.01,102.27931479,0,860143,2022-10-15,1911343,2026-11-07,DUE_REST_OF_2026,DUST_WHOLEBOX_CLAIMABLE
6b678267471d97bc9456c1d8e9655c08a388020d64dfd67a75753d6b5c6a7429,9fbGjNKuyF6uKPgp5k8xJdQEJHyLt5VqM754URF9e7MePwkqG6f,0.01,3.3125,0,860145,2022-10-15,1911345,2026-11-07,DUE_REST_OF_2026,DUST_WHOLEBOX_CLAIMABLE
dd5bdb2acebd41832238dcad7506c03e7541798915e8bb3400ffd816d3889e90,9fbGjNKuyF6uKPgp5k8xJdQEJHyLt5VqM754URF9e7MePwkqG6f,0.01,5.82649017,0,860145,2022-10-15,1911345,2026-11-07,DUE_REST_OF_2026,DUST_WHOLEBOX_CLAIMABLE
307edacb08ac66939550ea7bcd130c7ffce1c633e1ca97e725667709111f76cc,9f3c925hEx8ajnEFCPDV4A9JcTw1GcEFfGVgccNYnmXg3RSCyAQ,0.01,158.0,0,860300,2022-10-16,1911500,2026-11-07,DUE_REST_OF_2026,DUST_WHOLEBOX_CLAIMABLE
bd4d36ec651300c36ac2e0f08ced4580b56140808d0f682c78856fbcb3c77d46,9essG6ucQ9Qz35W7uAzGL26abduVqfGnNoqiUE7G8aW3BgjhhU5,0.01,208.26441562,0,860351,2022-10-16,1911551,2026-11-07,DUE_REST_OF_2026,DUST_WHOLEBOX_CLAIMABLE
594dc733ddf71ab3771a6d5b90c99bbd877c8923b309ddeea603d6c397521bf7,9eywmwKrUmDPUvETS4xXyFjeJdtMh5SmVhseEKYbjC7n8Xs8Ftj,0.01,448.54653409,0,860371,2022-10-16,1911571,2026-11-07,DUE_REST_OF_2026,DUST_WHOLEBOX_CLAIMABLE
c73fdc658e9734eddaeb3aa5eec7d21a127e301ed6787f74a551ea25b4b2fa5f,9gHvJvdNDPS1VXtJEWoLc3eVhDgjAh7mFFYtF8MUtwrZnRte4RS,0.01,8.375,0,860382,2022-10-16,1911582,2026-11-07,DUE_REST_OF_2026,DUST_WHOLEBOX_CLAIMABLE
43edf15891d258feb05b9c29c6ea2efd6f64bc0bbca4ec8c3023ccf3a381356f,9gtb4Lg8D8A2wrciURkzkFTRWRLa1BZ98cKN2ywZVEfjZqJahpp,0.01,47.86544981,0,860443,2022-10-16,1911643,2026-11-08,DUE_REST_OF_2026,DUST_WHOLEBOX_CLAIMABLE
069fe34e5436c974fff8297490c83528ef06edcaa2dcf00a48d909b9fe155b44,9hU4yP7eY5ZuVPAmikdJDxCybr1AQT4ft5aM2wzX6NdtRd2EmYb,0.01,2.75,0,860649,2022-10-16,1911849,2026-11-08,DUE_REST_OF_2026,DUST_WHOLEBOX_CLAIMABLE
a6b56ef93bf44aae04e208c748fb8da176df4d8181717c1ac7e44f7c9dabc991,9f2ogVf8psSaVSRn1LyStNszwHTSwqrpmkf3hgcAcxev5cuFsNV,0.01,47.37033192,0,860672,2022-10-16,1911872,2026-11-08,DUE_REST_OF_2026,DUST_WHOLEBOX_CLAIMABLE
f56de62a96e15caddc092d99e478f870943e37455d9170a78be62c3807bf95c0,9gi7pGVeRgY423frvy4drHPPNrgGr7HBakxtf4sWomoRGAT9STR,0.001,27.51739334,0,860699,2022-10-16,1911899,2026-11-08,DUE_REST_OF_2026,DUST_WHOLEBOX_CLAIMABLE
c6ffd663b16689d56b3d36bf1f9074ca32f2abd190dc810b930bf3812cc2f2e8,9fVAefAYM4NSD3gGiZf79y2FMU8dSJjXLnu3PqSER2g3jorhpoP,0.01,298.35598107,0,860758,2022-10-16,1911958,2026-11-08,DUE_REST_OF_2026,DUST_WHOLEBOX_CLAIMABLE
00e551a7640e6f040bcea2783f07640b0e958b3e602c1209531d2fcce176d705,9fVAefAYM4NSD3gGiZf79y2FMU8dSJjXLnu3PqSER2g3jorhpoP,0.01,41.06769955,0,860761,2022-10-16,1911961,2026-11-08,DUE_REST_OF_2026,DUST_WHOLEBOX_CLAIMABLE
74921a1c975f7114f44987b9a97b0cada2ddb7657556225d9512deb6644e3318,9htGhFV5UqH3hbQDYPPpGDMgLTAW44fjXwnorPfcDRDcT478M5b,0.01,28.0625,0,860806,2022-10-16,1912006,2026-11-08,DUE_REST_OF_2026,DUST_WHOLEBOX_CLAIMABLE
510c3c44c53f01f2c8644aef2b6897a70bb70b5e5d21ab93420d0486d10f8d01,9gY1g6xwT2WHNnpoTAc3KdbRcP2WrvtQiYjb65BvuyYgbKton3V,0.01,7.83594935,0,860893,2022-10-16,1912093,2026-11-08,DUE_REST_OF_2026,DUST_WHOLEBOX_CLAIMABLE
3acb130432c489c69bc05613cf67bcae50697b0fc588a7c940b8c1a3a3cd4210,9gwisGmWjKWf5aEhfcupSUFsa6mfSdwMS6yYnwKCLFnh6wsqZTh,0.01,176.65041224,0,860949,2022-10-16,1912149,2026-11-08,DUE_REST_OF_2026,DUST_WHOLEBOX_CLAIMABLE
89d02bd2e28c9cf66480fa23d2516fa59f2e05f5cbb38e150f39696652d817c3,9gtdyNTVfziFsGzH7KNjMcUj4v8MtADx4Z3prg6MWyHCCWz9NJM,0.001,1000000.0,0,860958,2022-10-16,1912158,2026-11-08,DUE_REST_OF_2026,DUST_WHOLEBOX_CLAIMABLE
d8db37ba575039ae57270948f25b0e052df2e3d726a2938a2b29ebc04d9c6e62,9eyz8adL7cTonCmSvP9cQAUEFJbMg2wXn1yYJK2fFmUQQejA76T,0.01,11.49904486,0,860978,2022-10-17,1912178,2026-11-08,DUE_REST_OF_2026,DUST_WHOLEBOX_CLAIMABLE
2e55f4291a721efb8e7c299c520b85c97ef6b3a95fbeac85bf4896adb090f533,9fVAefAYM4NSD3gGiZf79y2FMU8dSJjXLnu3PqSER2g3jorhpoP,0.01,35.375,0,861004,2022-10-17,1912204,2026-11-08,DUE_REST_OF_2026,DUST_WHOLEBOX_CLAIMABLE
176026cc4051edeb3294f1e8995f96606b2a34e092cc8338f0d891e951de10a8,9fVAefAYM4NSD3gGiZf79y2FMU8dSJjXLnu3PqSER2g3jorhpoP,0.01,597.13478876,0,861006,2022-10-17,1912206,2026-11-08,DUE_REST_OF_2026,DUST_WHOLEBOX_CLAIMABLE
b63bcf100adc8d35ab586c9c2494225790086926fc9db31de11321cbadcec60b,9eYyzMC4AB6HAdE84KzbF9wRGyvqXn29bPzYUxJMu5r3QmFcEey,0.01,2.75,0,861041,2022-10-17,1912241,2026-11-08,DUE_REST_OF_2026,DUST_WHOLEBOX_CLAIMABLE
cc1d353a4f51cdbdfed7170d9aeb36f8c17bebc8ab396e2a360690fbd38c3eab,9gkSDEtuJMxxSRRkN1yxmaQJF7QgyA1GBS6oTuPdS5YMfyJrUxm,0.01,3.3125,0,861043,2022-10-17,1912243,2026-11-08,DUE_REST_OF_2026,DUST_WHOLEBOX_CLAIMABLE
04c90047379309803aa103208b77e74f6199807eb9518f26f1497c1fb6a1b5ae,9hdSjMo8No7eVxptFPNQMbvQ6M6jJac6MuECHKNt8r9iabX3kbg,0.01,34.76342268,0,861080,2022-10-17,1912280,2026-11-08,DUE_REST_OF_2026,DUST_WHOLEBOX_CLAIMABLE
b71a36c316d2160457c2ccb10686dea97267df026493b1ed64a095ceb5f938d0,9fpE6TTaAfQAZVdqHbfvTcFqjPSUjgWTiDoYL9n785KcjrPr6i1,0.01,2.1875,0,861096,2022-10-17,1912296,2026-11-08,DUE_REST_OF_2026,DUST_WHOLEBOX_CLAIMABLE
93c375fba52fd6dcebadc15f7520c341c04a169f215c2e8f74fcf04a48ac6c01,9fCbwPKg3rnACs3wL7cwtET63eJUbE8YQgv4TYCNE2Xr17aK7Lu,0.01,7.0496543,0,861238,2022-10-17,1912438,2026-11-09,DUE_REST_OF_2026,DUST_WHOLEBOX_CLAIMABLE
8c9ed03bf0e1149e38df0dd17ab7ee37c1450d1d2f5935ebf88fd8309abac0c4,9g4P2b9k1TdKhNBaqQmQtPhrAZvprbtyQX4M9ScyGv69SruBz9v,0.001,10.0,0,861310,2022-10-17,1912510,2026-11-09,DUE_REST_OF_2026,DUST_WHOLEBOX_CLAIMABLE
c1868ec99c8660cbbb8111df217e2dc7518e2fa7abe491e7d5627e1319639aba,9fzDLKpXt6vYcsPnQMq4TUk6WUuB2tmTuXEoGuYqV2eHDxYnBmM,0.01,70.0625,0,861317,2022-10-17,1912517,2026-11-09,DUE_REST_OF_2026,DUST_WHOLEBOX_CLAIMABLE
def70916082be83607d1564219f03d76513648de6d942147848b119065698ddd,9hpai9v6pDiPqgh7L8eLaxypjuBoZhsjVGH3R3Wh3n2EYRfWvpc,0.0058,1.0,0,861319,2022-10-17,1912519,2026-11-09,DUE_REST_OF_2026,DUST_WHOLEBOX_CLAIMABLE
017338eec78ef439402421b6448b486f34f053e88817a9a750761c62be086834,9fvhkzS4r5PBGa5Dv7CqjWrQNqNCxezpz4r2urm4VCfuycobjYz,1.041679187,0.96604083,0,861343,2022-10-17,1912543,2026-11-09,DUE_REST_OF_2026,FUNDED_RENT_WITHSTANDS
0ecb38376965e0749351225d0b9e817934245f3ac7acfc19d5cdf52c5855b07b,9ft4QsZd2Ajamoj66hR961bJ8icZhNrif9PokV5VtXkbzvBBod2,1.667988941,1.52748268,0,861343,2022-10-17,1912543,2026-11-09,DUE_REST_OF_2026,FUNDED_RENT_WITHSTANDS
4c64e689c3799465b63f7e6159eb0ab339f3b349e19ff5d190083767448641f6,9gAcanEvEkDsnGFu16x34WAXQL9EBjBikNuDhdk96DmX316eh2N,0.193009528,0.17597995,0,861343,2022-10-17,1912543,2026-11-09,DUE_REST_OF_2026,FUNDED_RENT_WITHSTANDS
9eda4114f0ce9d87bf91f15c445ebf88580007e8a1e16086ee6893cff5e22889,9i4iXmw9jxZWXGdpKEwur6Av5LLE56TGF5YyNYS1JAy4F5Wx8SW,0.116144826,0.10589716,0,861343,2022-10-17,1912543,2026-11-09,DUE_REST_OF_2026,DUST_WHOLEBOX_CLAIMABLE
23306785c8ee3d187a9e22758c2b76065a11d1adf012d217d1e82ae99bef6bdf,9h7K7uHUo4ZhVPP5wKa3dsCLZAjx7oRj2x1daxxc2DpSUC3hyJ1,0.929752591,0.85779076,0,861428,2022-10-17,1912628,2026-11-09,DUE_REST_OF_2026,FUNDED_RENT_WITHSTANDS
90fa3ab9aa2582e1bd837bf2b0c8ac94c625b7586157a9b6f8d6a1354f84a434,9i4iXmw9jxZWXGdpKEwur6Av5LLE56TGF5YyNYS1JAy4F5Wx8SW,0.12196137,0.11391126,0,861428,2022-10-17,1912628,2026-11-09,DUE_REST_OF_2026,DUST_WHOLEBOX_CLAIMABLE
a2b0e2336f8ca03f818e9fc7c66388e3ae24c9e758d082ef346d43a1b8cb0cfe,9g1CSuyHJf3rSbBuFW7siViDvzYyu8oJCfATbuBk16fXSkRQUZM,1.635050861,1.52712866,0,861428,2022-10-17,1912628,2026-11-09,DUE_REST_OF_2026,FUNDED_RENT_WITHSTANDS
a6bb60fb5e5dd372aa996ed137ea211b9e18dea3796040856977c77f7b69c340,9gAcanEvEkDsnGFu16x34WAXQL9EBjBikNuDhdk96DmX316eh2N,0.29357559,0.27419802,0,861428,2022-10-17,1912628,2026-11-09,DUE_REST_OF_2026,FUNDED_RENT_WITHSTANDS
b1c37dee068565f5a8161eee1758e7fe38aa7aa6aeb1c295db4ee7fc247825de,9ehG7utsKVQtEKHx58iGW9eL8wPBP1tTtEsw5PxCnpdBwvjHdtN,0.238337095,0.21730818,0,861428,2022-10-17,1912628,2026-11-09,DUE_REST_OF_2026,FUNDED_RENT_WITHSTANDS
be2b362fd3552b1f9a8560271384adca40ee19c0286adfa292e304619632c911,9gwyRdPQeLcmRRMiqTTnfzf2tVk1YiGLhRPDjoY1k1twMZ19KRP,0.627881992,0.57532774,0,861428,2022-10-17,1912628,2026-11-09,DUE_REST_OF_2026,FUNDED_RENT_WITHSTANDS
fcc0ceca3b1beec3e975cb2b09870389883a6719024765c5a59131aabedebe41,9gV2ug1mrgqvTJYeRyDtBXnhhE18Adc55JgpoFb1YL1UEGXbySu,0.173750884,0.16032273,0,861428,2022-10-17,1912628,2026-11-09,DUE_REST_OF_2026,FUNDED_RENT_WITHSTANDS
8c0c886ef3ba82756cb1226a42bdb27215562074fda359e21170538d6b656fd2,9fFs7sxBnp4mQSmmqLcWPggCD9WvjJKHZ7DMfULXDf4zWENnhc8,0.01,5.8302123,0,861494,2022-10-17,1912694,2026-11-09,DUE_REST_OF_2026,DUST_WHOLEBOX_CLAIMABLE
7cf121513b462b856787cd00d2a9396b15d64d50ea71b68e90451b818151d130,9fQwwgB61K5iGdPJX3epiZ4QM4qJ1EbWJL9HaeL7hXSQRkj9TAw,0.01,19.58039756,0,861497,2022-10-17,1912697,2026-11-09,DUE_REST_OF_2026,DUST_WHOLEBOX_CLAIMABLE
b0cc572b3d83b53b35f268ec8a8af7ab51503ca5ae546a4bb61f9ed8370f6cde,9hidMtZEoFSJ4YgLdH2rqRUH9TCLfRLkmfKNSrsroyaQAVvfRN3,0.01,0.17031483,0,861503,2022-10-17,1912703,2026-11-09,DUE_REST_OF_2026,DUST_WHOLEBOX_CLAIMABLE
27502e97565f2352d3bc9378867f4ec4c9a748d0732fc6584f392462bf473fbc,9hVByfY5PTukwjA544yLyPEHJ3ni6SydzmxFS729XPXnkRw7jmc,0.01,36.60473428,0,861552,2022-10-17,1912752,2026-11-09,DUE_REST_OF_2026,DUST_WHOLEBOX_CLAIMABLE
30bd10a24b6fc1bd15c19428157792c0e816906c47993678336e0fa4c2c4b1fc,9fmuJUsDauFhLeQrvyA7NpYsJAzBND3WSXXmBZ5QoGxgSi5M2k3,0.01,393.6875,0,861629,2022-10-17,1912829,2026-11-09,DUE_REST_OF_2026,DUST_WHOLEBOX_CLAIMABLE
fc9851bad5d725f08507c91b0fa2402688218db3f962f39f37e76164e6bffb24,9h5wgS3nxpTWswFMXtop5wZBiNumcFjASvSZeeCXDNmqVFiMKy4,0.9594,15.0,0,861675,2022-10-17,1912875,2026-11-09,DUE_REST_OF_2026,FUNDED_RENT_WITHSTANDS
5ba53c395eb4ebefe85ee6cfaabcc5d8c2f8d87b8d4d2badfed7e5a43663605c,9gY9FGQX45EK2e5vA5gaSstXqE42nyVvPCkQ49BYtAegAdpoWdH,0.01,47.51090507,0,861936,2022-10-18,1913136,2026-11-10,DUE_REST_OF_2026,DUST_WHOLEBOX_CLAIMABLE
a4f091cfe810a48bd90a50de9eebdd437f8f9dd392c6de11b0abedfdb2a5b589,9hfRJ2iUzGM5SRHCVz2vgvkvcXYGuc4UMsRi48VqGAiLz2dyzCb,0.01,44.13136594,0,861949,2022-10-18,1913149,2026-11-10,DUE_REST_OF_2026,DUST_WHOLEBOX_CLAIMABLE
64e50a54a6c02b065d25282f1f9d16fdb45dc7cc8e9accbc92ecdbccfcb6b9d7,9fNhcvj4RX7e8ZAoYiVGAChY8NtTGfzqbtHVS2suw3cgAMd9b96,0.01,3.34354356,0,861982,2022-10-18,1913182,2026-11-10,DUE_REST_OF_2026,DUST_WHOLEBOX_CLAIMABLE
77a4ca5f7dd6011e3305169ea5b9de3866b8b9ce9188c4ded50bc6d1e2308a59,9fEsFgueLb8Tr82Qd6vTBNng4GyZ43qpCys4fHKnf1Js7HjuC6b,0.01,46.71511262,0,862001,2022-10-18,1913201,2026-11-10,DUE_REST_OF_2026,DUST_WHOLEBOX_CLAIMABLE
938739dbad6f47d19328374616bb1a22db33e50c39be58a3efdc4e9954bca788,9f6WHaQpADjAs3burqNdBGqSoxpMxSMxHZ4FbsCN5cXAgRbQKTF,0.01,4.74385049,0,862046,2022-10-18,1913246,2026-11-10,DUE_REST_OF_2026,DUST_WHOLEBOX_CLAIMABLE
8d10cab519c42f329505caef28f3867a1e083ca99906b9655378ec10b6c39b8e,9ee16FqejgJJ7Tzea1EoWpxDSgo823tEYodCrJrBP3rmLBnrh9S,0.01,6.6875,0,862108,2022-10-18,1913308,2026-11-10,DUE_REST_OF_2026,DUST_WHOLEBOX_CLAIMABLE
fcebfb6b5f876d8f623b791a193667b3c0745db21d93805015e7a80480a270de,9fbxvJDTJiZ6GZJyHhnguvKzrxHqk7EAYdWWKhBVb4yJrddZU9f,0.01,26.9375,0,862156,2022-10-18,1913356,2026-11-10,DUE_REST_OF_2026,DUST_WHOLEBOX_CLAIMABLE
93356aa21c8894eba670762d6d6b73bab123b118ef47de75535a2e192ae33803,9gjK1nVrjon75kRf8ghUkVts2bqzqg76aCvJG9wVhcCiwNx8ZdS,0.01,13.59921084,0,862211,2022-10-18,1913411,2026-11-10,DUE_REST_OF_2026,DUST_WHOLEBOX_CLAIMABLE
958b74aeab0c43134e85d721eacd12b2ab3f2e836428599fa77af76aa1631064,9ewooQEiCs3yg6Gj8dRLQR5oM4MkWHzsWfqNe9uUD4dSZz1vrM4,0.01,8.9375,0,862243,2022-10-18,1913443,2026-11-10,DUE_REST_OF_2026,DUST_WHOLEBOX_CLAIMABLE
b6f7ffce5422b2726bbe4ebe2c5d1991bd70c9bff40a4e00e41bd090f473b541,9h7xkRpXTy5bVB4wBy9LWDtTHCNBLKJGmwrrTaNXEtwDY6UJ77i,0.01,0.5,0,862306,2022-10-18,1913506,2026-11-10,DUE_REST_OF_2026,DUST_WHOLEBOX_CLAIMABLE
3c1b0a47aca3d8c7072085126a98852ee83d6efef35886a72792333009f3e970,9fPGZJbCa8LA9jKuD6ieFM746XsVKP1CiGNjgbSfdvfpsHMozkf,0.01,10.94069886,0,862319,2022-10-18,1913519,2026-11-10,DUE_REST_OF_2026,DUST_WHOLEBOX_CLAIMABLE
955d4391461acfccff3c9a01a7785d17ce8d34a7d369fce319787aa8908c0d1e,9fMCXnziV4Cf5bo9SeJ7RLz9PbhazFhCLMZtoLhV9t8LzuGthTm,0.01,27.18433472,0,862432,2022-10-19,1913632,2026-11-10,DUE_REST_OF_2026,DUST_WHOLEBOX_CLAIMABLE
6dd501ae05cfcabcace3258ef4d48604b414b3157ac8776de91c287ab3541dce,9eec7tghw2TZBqJmM3CvAK8zQnWweqwq9CoCZJ1YsirB542FwJr,0.01,4.78988578,0,862532,2022-10-19,1913732,2026-11-10,DUE_REST_OF_2026,DUST_WHOLEBOX_CLAIMABLE
3c9676bdd01788b88bd3aba6a7d3d0335a3cefb58f3caadd994d55a884168787,9g6P4PbpLgBVNbwUjawF3FZsvXu9MrrPGG83XtMcSNeDh3AR4q7,0.01,48.11290275,0,862561,2022-10-19,1913761,2026-11-11,DUE_REST_OF_2026,DUST_WHOLEBOX_CLAIMABLE
9afa1c71008cdfe88115e784d5cb6ae8a58f98b9d6130ff82eac52f566d74d15,9hUJiqsVpYTa4erWZ8fKNHcxJMjddNdtjFG64rUeccuZTZZv17T,0.01,5.95794988,0,862584,2022-10-19,1913784,2026-11-11,DUE_REST_OF_2026,DUST_WHOLEBOX_CLAIMABLE
91ff89a0cd97c8610e7e9434c2b62a9e1a7b5f69d3707d2b6e7c0651df4bea97,9hHqNEu6mUz2Lf7YZSzdCtsQ6SmnctfmVhBcJ1e8WoDtdpkXzxV,0.01,24.125,0,862614,2022-10-19,1913814,2026-11-11,DUE_REST_OF_2026,DUST_WHOLEBOX_CLAIMABLE
d2a4a81579ae895f1964c3eacd67670a50ccb7c06d2be0c6aad129af0e557c68,9iFooDEaBnvKzjWk12dw4WHSHrGZmJ34Uz4dR7w92YqMgzKmiGi,0.008,3.02129547,0,862733,2022-10-19,1913933,2026-11-11,DUE_REST_OF_2026,DUST_WHOLEBOX_CLAIMABLE
845c4420eef0ed0e6afb3d7bb85866e6dd3ab5ff871a9de01a6e3dea4d189f68,9gs95Ny7cgDMuZjDy9zZH8Nj8mJ2YtRMt3cycdrV3fbvDr5YWJw,0.01,3.58694201,0,862741,2022-10-19,1913941,2026-11-11,DUE_REST_OF_2026,DUST_WHOLEBOX_CLAIMABLE
a6bef37c8ac4e1d2c676bcd5de9c2e9432523c71157029565cad279b91795999,9eZJKBYi3AFh74ibNQPvJrxUvCUnJsjzFAzHLryeuzN2pyDtu86,0.01,0.5,0,863016,2022-10-19,1914216,2026-11-11,DUE_REST_OF_2026,DUST_WHOLEBOX_CLAIMABLE
789128eadc9e381269ef318aad4f9c6124a9c1f0448916b067cd67386537c425,9eZJKBYi3AFh74ibNQPvJrxUvCUnJsjzFAzHLryeuzN2pyDtu86,0.01,1.625,0,863018,2022-10-19,1914218,2026-11-11,DUE_REST_OF_2026,DUST_WHOLEBOX_CLAIMABLE
2b0819c6b1473af72602b10da8c6f65e47eecd528a0a959ca04840c1047fd04e,9iEXhMurKTwSL16RhGgz5THkfMymUrotWc7wzb7w6VtyqFnFJme,0.01,4.11370171,0,863121,2022-10-20,1914321,2026-11-11,DUE_REST_OF_2026,DUST_WHOLEBOX_CLAIMABLE
e186120aa369edb120324e2c365a28aac1592929e52b22b4e16a3ed319fdc8cf,9gDvJiwNEAJj8bnns1FPyWqpaW9uqn4zTFQqUNn5scZMqGCyAuj,0.01,17.97562868,0,863125,2022-10-20,1914325,2026-11-11,DUE_REST_OF_2026,DUST_WHOLEBOX_CLAIMABLE
61e52583cf30554e4e66f4efd4c35dc69415c4af39197eb9b6f5b9273ee59ee7,9gDvJiwNEAJj8bnns1FPyWqpaW9uqn4zTFQqUNn5scZMqGCyAuj,0.01,3.875,0,863126,2022-10-20,1914326,2026-11-11,DUE_REST_OF_2026,DUST_WHOLEBOX_CLAIMABLE
3c8ab7fed45c9472f0e04efc2710835ec0da9c717335f836142a40c7a84c0133,9hKjV7PpsJUiounL5Q5ATpcC5f93Hudpmovb2hd3xQz1nLtkhhk,0.06474054,0.05595795,0,863155,2022-10-20,1914355,2026-11-11,DUE_REST_OF_2026,DUST_WHOLEBOX_CLAIMABLE
59214f59520a31406e84fec1fcbdb23ff9d2aa43a073e0c8d668f81d2c363a6b,9fvhkzS4r5PBGa5Dv7CqjWrQNqNCxezpz4r2urm4VCfuycobjYz,0.183341274,0.17123976,0,863155,2022-10-20,1914355,2026-11-11,DUE_REST_OF_2026,FUNDED_RENT_WITHSTANDS
b3743090aec90665f3f26c8a6e0022f5dfbd38872c18ab0b8bd85d65703e6d6a,9f9RNymovXgEKXwBCBjsopbAER9DntHwxgkEaUaUaHtAyfz6Dby,0.767548215,0.71688588,0,863155,2022-10-20,1914355,2026-11-11,DUE_REST_OF_2026,FUNDED_RENT_WITHSTANDS
d187b41f5efe0a4b75b787f4ced8e63c290637a721e25ab03853fb15a0778fd4,9gVRJJz9JBGdehbwJJmbaKHiqn8RyvCAo4T34ZNo5MBeS9nBrdu,2.946794556,2.54703705,0,863155,2022-10-20,1914355,2026-11-11,DUE_REST_OF_2026,FUNDED_RENT_WITHSTANDS
5f5dc3fe7cee0515ae504039454fed249afc0c3889cef661013597b038566d27,9gZYjToziQ5NaT6RgsQLiXHkrUuvi2EB4Vf7xz6ptnLg4LyPJcE,0.01,96.67486097,0,863186,2022-10-20,1914386,2026-11-11,DUE_REST_OF_2026,DUST_WHOLEBOX_CLAIMABLE
cb7caac4371b9f8dbe17bc93d2cae2eb2b217549a365c521ad3a9642e7dd1786,9fCd9JPW8hUiiz9ZbZthPspz8BHaxSmJhLjBvQAYkEVMjmcHYYU,0.01,17.86590647,0,863214,2022-10-20,1914414,2026-11-11,DUE_REST_OF_2026,DUST_WHOLEBOX_CLAIMABLE
868db8e9159aebf5c4fdddd24880752985f5599098b0cab8c8137599e19641db,9hMn1rdLGmCnfh4nNicruwGdyFWimLqnTontuiZLyAsJeGZXAuk,0.01,266.90571592,0,863239,2022-10-20,1914439,2026-11-11,DUE_REST_OF_2026,DUST_WHOLEBOX_CLAIMABLE
bbe75ef43e2a8f39c16323157f10447b89a66e0edf6a213373835893b9c07b3e,9eqdzou61dAzNMAugQszoTo3gZbYaVryJaLme2iEf75tC74jG1z,0.01,56.26641485,0,863255,2022-10-20,1914455,2026-11-12,DUE_REST_OF_2026,DUST_WHOLEBOX_CLAIMABLE
ae8a88c8ab08a4d19c0b3900c1ccc57a9b989bd8b12efd04556822512389d09b,9g84bMzKM9oVdc8VQBSPrTrKCYWyPe26jf4F7Ee9PWgqeiyQkCk,0.01,21.3125,0,863270,2022-10-20,1914470,2026-11-12,DUE_REST_OF_2026,DUST_WHOLEBOX_CLAIMABLE
8bee13f4a98370ef4a2ec05b8d1055b1c207ffb74397a78bd136b3aa250bcec7,9g84bMzKM9oVdc8VQBSPrTrKCYWyPe26jf4F7Ee9PWgqeiyQkCk,0.01,60.6875,0,863272,2022-10-20,1914472,2026-11-12,DUE_REST_OF_2026,DUST_WHOLEBOX_CLAIMABLE
ef94c780345c271f9bd383ecb5d630c0d2e3a40a7a7204e9f1c769b5650c1f48,9fojvbdXYEuvqG6XeQThpLd2wnn9i1LWiSNNzMWtheDSaJMNPCk,0.01,35.375,0,863307,2022-10-20,1914507,2026-11-12,DUE_REST_OF_2026,DUST_WHOLEBOX_CLAIMABLE
3aa858ae525d920c01e01d4eabff054cabe5b7c8953c5d3afa1b60d4ac93524a,9foY9wCKA2BWVZF38xice2HYYvbMYJN8u3AHa8UvSt9qBC4xjbs,0.01,42.37388104,0,863312,2022-10-20,1914512,2026-11-12,DUE_REST_OF_2026,DUST_WHOLEBOX_CLAIMABLE
175d4eb755ada43a3f44c39b0a65045ac43c4d1148168654aa6eed8feb2be3de,9ff3JmCUyfEjGnJbwxiUxfSFRNBfWTxZ8kd4g2ho3iJiMiivAhA,0.01,1338.79593301,0,863318,2022-10-20,1914518,2026-11-12,DUE_REST_OF_2026,DUST_WHOLEBOX_CLAIMABLE
502e1aeef4ff5e2b08fc4cd60076e8081e361e66f24182b279beed1509e57bf6,9ff3JmCUyfEjGnJbwxiUxfSFRNBfWTxZ8kd4g2ho3iJiMiivAhA,0.01,197.34313761,0,863322,2022-10-20,1914522,2026-11-12,DUE_REST_OF_2026,DUST_WHOLEBOX_CLAIMABLE
080f15e02626bfcf7b8b0bde1dcb3c657a5d689af087f0188bca2abc33edf957,9ff3JmCUyfEjGnJbwxiUxfSFRNBfWTxZ8kd4g2ho3iJiMiivAhA,0.01,157.43992102,0,863326,2022-10-20,1914526,2026-11-12,DUE_REST_OF_2026,DUST_WHOLEBOX_CLAIMABLE
8762135c9f34562f207dcb1a6ea9867847e8004617aff263ebeee508cef17c99,9ff3JmCUyfEjGnJbwxiUxfSFRNBfWTxZ8kd4g2ho3iJiMiivAhA,0.01,161.73316158,0,863328,2022-10-20,1914528,2026-11-12,DUE_REST_OF_2026,DUST_WHOLEBOX_CLAIMABLE
ef373983972791f9e6fa9ffaeedcbe4b523d9ee8c35c364183366d4d30e531a8,9ff3JmCUyfEjGnJbwxiUxfSFRNBfWTxZ8kd4g2ho3iJiMiivAhA,0.01,103.8125,0,863339,2022-10-20,1914539,2026-11-12,DUE_REST_OF_2026,DUST_WHOLEBOX_CLAIMABLE
09ee1c20c6925c2243e491019e884986650bcbc8993f39889a7d5cdc4a0ce15e,9hRtrsx3H1PKHAQLtboL2BLzNiNPyznEcqX5LvVAScZz2CTisCS,0.01,7.93510935,0,863344,2022-10-20,1914544,2026-11-12,DUE_REST_OF_2026,DUST_WHOLEBOX_CLAIMABLE
bfa0f4cb8207a2c7a419c3e16511aec7bb61d255124378c18bf2e39c33534f0e,9fBmZ1uxPNzGMzHFeUQw4LmmTGh8xgirjvX4Rky1yyYh6QUyNFv,0.42551,1.0,2,863349,2022-10-20,1914549,2026-11-12,DUE_REST_OF_2026,FUNDED_RENT_WITHSTANDS
2e87715199a28b18041352533011e598393586359acbf7bd78ec78ec96e4a7a4,9eqHzoi2QVAadzZKNHS69RX3JK6ohGC4cM4M5pjt8FNM7PiTMs9,0.01,381.74842689,0,863373,2022-10-20,1914573,2026-11-12,DUE_REST_OF_2026,DUST_WHOLEBOX_CLAIMABLE
07085a9db3e7c4df0b38d783ee8869242c5e6260e79c938dde938e8bff32626c,9h614EGFzMSgpn7W24UscrozFEihJL57h9nnZfdRrxJJ9DMopFC,0.01,26.69334191,0,863426,2022-10-20,1914626,2026-11-12,DUE_REST_OF_2026,DUST_WHOLEBOX_CLAIMABLE
26bad6e85e9be126c9b8d906bc0a47605e614d645611418451cf62090f6935fd,9h614EGFzMSgpn7W24UscrozFEihJL57h9nnZfdRrxJJ9DMopFC,0.01,103.37628916,0,863430,2022-10-20,1914630,2026-11-12,DUE_REST_OF_2026,DUST_WHOLEBOX_CLAIMABLE
67e55e4ca8aa862640e07623754f1a1d11dcb5b8e41e519506c2cf9cadbf3fe3,9fcUh3zXHQ9vSuWTuPauqwA5N34XSB18QTQk4UUawc1GVzWcGKA,0.01,1507.05085414,0,863443,2022-10-20,1914643,2026-11-12,DUE_REST_OF_2026,DUST_WHOLEBOX_CLAIMABLE
58d9306b48932096be0da8e0fbe6a3283ea61927d196c805086abc0d2be4b837,9fUD9DuqjqF1fyoUtdWQ7iYLwUUTpFCCPzS2JrbmLKaZED967q3,0.01,185.0,0,863445,2022-10-20,1914645,2026-11-12,DUE_REST_OF_2026,DUST_WHOLEBOX_CLAIMABLE
5f562504e03705a997aab1beb698605d3e643621d037e6f9733e8aaa33984a1d,9gRS6YPe3CpmQZbjZm6BVAU3uoLDwbZfov8cAupUBP3CsUYACXz,0.01,56.0,0,863449,2022-10-20,1914649,2026-11-12,DUE_REST_OF_2026,DUST_WHOLEBOX_CLAIMABLE
a8d0fd3756bc956f2b6a4fb1d26738bcfd8dca92636306029ae8d54e16770874,9gWgUt9yrcPGdkLXg5PSCZgvbxLWhAZxnJ1LSeNUZ7bDDxemKwZ,0.01,49.31689811,0,863563,2022-10-20,1914763,2026-11-12,DUE_REST_OF_2026,DUST_WHOLEBOX_CLAIMABLE
cc3ba7ddbd77e836ff309f214a27f7269132cdedc6e7a5a1842029cc77084489,9gH6bmpXnC2Jm7CvRKq2PNDjztjJRFQNiGTZ65FMb4VTowAFKfc,0.01,40.0625,0,863611,2022-10-20,1914811,2026-11-12,DUE_REST_OF_2026,DUST_WHOLEBOX_CLAIMABLE
4abd5941a967da15bf43e3ea03829a13655cedc92d629ab05e4d63d40b5870ae,9hmRDT567u1u8MbAHJAJXphHbaMYaX3qizGcjhsv22D61LfpCAM,0.016289893,0.01408004,0,863698,2022-10-20,1914898,2026-11-12,DUE_REST_OF_2026,DUST_WHOLEBOX_CLAIMABLE
760156e2ce3640165d3778a2c9204a85169777895af366c5869509ed6a41fa76,9gAcanEvEkDsnGFu16x34WAXQL9EBjBikNuDhdk96DmX316eh2N,0.193259569,0.16539739,0,863698,2022-10-20,1914898,2026-11-12,DUE_REST_OF_2026,FUNDED_RENT_WITHSTANDS
a6d3dd2bf9c27be72018cbccd40f0d49e668bff2139aee822d083e0a248c1e80,9gV2ug1mrgqvTJYeRyDtBXnhhE18Adc55JgpoFb1YL1UEGXbySu,0.161422515,0.13815527,0,863698,2022-10-20,1914898,2026-11-12,DUE_REST_OF_2026,FUNDED_RENT_WITHSTANDS
de71a4cea5722926cd31dd6fa315f8be77f76336db5647d2511a02ddb655baba,9gVRJJz9JBGdehbwJJmbaKHiqn8RyvCAo4T34ZNo5MBeS9nBrdu,3.058328267,2.59143024,0,863698,2022-10-20,1914898,2026-11-12,DUE_REST_OF_2026,FUNDED_RENT_WITHSTANDS
e19373d0a885c8aeb7018d5cf71d3164a290b2bd5b5c6653ff51fdb601a6d47a,9hKjV7PpsJUiounL5Q5ATpcC5f93Hudpmovb2hd3xQz1nLtkhhk,0.064222778,0.05441825,0,863698,2022-10-20,1914898,2026-11-12,DUE_REST_OF_2026,DUST_WHOLEBOX_CLAIMABLE
2222e11a11f2f18ea1f073c5617facb6df5e57377f210b1ebd6032ef2ee73380,9hMg13voqsPcGS9eo1y3t5ao54A3iXHjAnVTt8G8evp2nddZEkn,0.01,2.75,0,863775,2022-10-20,1914975,2026-11-12,DUE_REST_OF_2026,DUST_WHOLEBOX_CLAIMABLE
de8edc8785d6421b92753c770d6ebff802ef1fdb1b5273b0a798e0f3bd5a4051,9fH5XrAnEpQa2o2GzV9ADavUGYjg3jvMk4fyTcjnATNezQqU4KW,0.01,671.41461386,0,863884,2022-10-21,1915084,2026-11-12,DUE_REST_OF_2026,DUST_WHOLEBOX_CLAIMABLE
faf508b88ffb448d479ec5ef0432fb1063bbecaa67fd98a7fcb0d73a44d0dc2e,9fH5XrAnEpQa2o2GzV9ADavUGYjg3jvMk4fyTcjnATNezQqU4KW,0.01,79.91609078,0,863888,2022-10-21,1915088,2026-11-12,DUE_REST_OF_2026,DUST_WHOLEBOX_CLAIMABLE
8a7a09ff836ada9485d3f064fa253ec2ded16c2f9eed4b0574f91ab0631c10ff,9eni7XH8g8Vh4qr7V9AWN6MeAfivaXUACeDMNUWR2UUJ7Gurn27,0.01,8.81652466,0,863891,2022-10-21,1915091,2026-11-12,DUE_REST_OF_2026,DUST_WHOLEBOX_CLAIMABLE
319684a340ef8289146d4cda73dc92cc80674b8d2d7f8eca0f4fc28c3d8075ce,9iGgxhBMBt1gNc6JLk18uc9Qopm1FWNVYnvyJKJ4khLLGyR8Yur,0.01,6.125,0,863934,2022-10-21,1915134,2026-11-12,DUE_REST_OF_2026,DUST_WHOLEBOX_CLAIMABLE
f820f1cf5f4b968abde9a423ef9338e5ab3526135fd592fc98a271aeb11b2c92,9eni7XH8g8Vh4qr7V9AWN6MeAfivaXUACeDMNUWR2UUJ7Gurn27,0.01,48.44065631,0,863935,2022-10-21,1915135,2026-11-12,DUE_REST_OF_2026,DUST_WHOLEBOX_CLAIMABLE
e1c5206ca1e7a1a85e542d591d6f218a9b78ad93f7955dd1b78efd7c365371bc,9gSR8fhmBgpqSoTVgcfkMqa1X9bDGKNvMBGUXDU7yL63svMMdds,0.01,4249.28378166,0,864004,2022-10-21,1915204,2026-11-13,DUE_REST_OF_2026,DUST_WHOLEBOX_CLAIMABLE
1294e13dd2613835d0340208da39a8037822d686a3de6c804c720e89a3e08078,9gtdyNTVfziFsGzH7KNjMcUj4v8MtADx4Z3prg6MWyHCCWz9NJM,0.001,500000.0,0,864007,2022-10-21,1915207,2026-11-13,DUE_REST_OF_2026,DUST_WHOLEBOX_CLAIMABLE
c18a61b13988e1347b643d1505c24b3c1019cffc9769957285b91ff4f7d4728e,9gSR8fhmBgpqSoTVgcfkMqa1X9bDGKNvMBGUXDU7yL63svMMdds,0.01,341.95124275,0,864010,2022-10-21,1915210,2026-11-13,DUE_REST_OF_2026,DUST_WHOLEBOX_CLAIMABLE
79813a9bf4ba132e2ca2e0ef450150cbd8b5e8a22654ce64a1cab64b676af116,9gSR8fhmBgpqSoTVgcfkMqa1X9bDGKNvMBGUXDU7yL63svMMdds,0.01,345.07497176,0,864013,2022-10-21,1915213,2026-11-13,DUE_REST_OF_2026,DUST_WHOLEBOX_CLAIMABLE
dcde6510b8fd20b71ddb5409e95f7a2dfcca74951a98312ae0cd360e2916ff00,9gSR8fhmBgpqSoTVgcfkMqa1X9bDGKNvMBGUXDU7yL63svMMdds,0.01,275.79334233,0,864016,2022-10-21,1915216,2026-11-13,DUE_REST_OF_2026,DUST_WHOLEBOX_CLAIMABLE
63936c0ed6c3068f9cb88cb093f7c3adbd34e1e4e9bf220251d1c578712b1f20,9hMn1rdLGmCnfh4nNicruwGdyFWimLqnTontuiZLyAsJeGZXAuk,0.01,11.68526054,0,864019,2022-10-21,1915219,2026-11-13,DUE_REST_OF_2026,DUST_WHOLEBOX_CLAIMABLE
9d627e7d8c6caa259510e2f320aab918cb7f6b8d1f49085cb6181e771173581f,9fjZc5vFkTwPzVBT5EzqvqFrNxKB49QV7bVpiLDgHe1sNJ2aPfj,0.01,5.5625,0,864031,2022-10-21,1915231,2026-11-13,DUE_REST_OF_2026,DUST_WHOLEBOX_CLAIMABLE
8acb20407f8021c4f49ee775cdd0ce1423efe304a8ec8d08e2128bec80fb8d1d,9g71CzKP8gBD41vv4zAEH1V8PJyWm7hq6w1xqKnh6KQHY5sT4na,0.01,842.29190611,0,864042,2022-10-21,1915242,2026-11-13,DUE_REST_OF_2026,DUST_WHOLEBOX_CLAIMABLE
44b1e7cf9fe75c6cede5298c6549717a5f2571281c9828f904d05e380a3f5e19,9g9eEcLbMFcjJUpoVWMXdM6YqMCrmtXpEKkGrULZRVPvxWqVSo5,0.01,64.42776807,0,864045,2022-10-21,1915245,2026-11-13,DUE_REST_OF_2026,DUST_WHOLEBOX_CLAIMABLE
7164e7f86efbcfcd3eb86032ee8faf2c7b6ca206fd17fb79dfecb540144cd59d,9hqndeDer9WCH7yzFPYZMYsVS214dXEsg5AWpqcpHwYCgoHGQYc,0.01,2.89046381,0,864068,2022-10-21,1915268,2026-11-13,DUE_REST_OF_2026,DUST_WHOLEBOX_CLAIMABLE
b8db6f18e77b6beea247b841ec68238ece26a14022c53f49f788e80b0f8fd6da,9hh6zePSwfWNRG2DsWFVtDGEyQ8qf8bXyNwHv1KUrFgA7u9w3De,0.01,17.67186229,0,864072,2022-10-21,1915272,2026-11-13,DUE_REST_OF_2026,DUST_WHOLEBOX_CLAIMABLE
40dbda949a3e74ef5ff5f06e7c193640f3835fcb986d2fdecaa42b21fecac9b4,9g1Gu34pB8uzxbMS3pc33LGXXAM93AA4E588dV6AGhza1gkWx9g,0.01,2669.58288422,0,864090,2022-10-21,1915290,2026-11-13,DUE_REST_OF_2026,DUST_WHOLEBOX_CLAIMABLE
8f2c4c82b71f37fba230b4c83e6c4cbaf04910891cb9a909e90d80fbcdc66060,9g1Gu34pB8uzxbMS3pc33LGXXAM93AA4E588dV6AGhza1gkWx9g,0.01,219.88586568,0,864093,2022-10-21,1915293,2026-11-13,DUE_REST_OF_2026,DUST_WHOLEBOX_CLAIMABLE
cfc30b4482f735e6dc0ddc58bfca4e472d559290fa459d4cd5f61b612dc3d327,9g1Gu34pB8uzxbMS3pc33LGXXAM93AA4E588dV6AGhza1gkWx9g,0.01,236.54596884,0,864096,2022-10-21,1915296,2026-11-13,DUE_REST_OF_2026,DUST_WHOLEBOX_CLAIMABLE
bba83e624ed1e20fe72b7ad9a41e7193b7525963c48e5cb18fa9dc62dfa156b5,9g1Gu34pB8uzxbMS3pc33LGXXAM93AA4E588dV6AGhza1gkWx9g,0.01,219.67182206,0,864099,2022-10-21,1915299,2026-11-13,DUE_REST_OF_2026,DUST_WHOLEBOX_CLAIMABLE
ea8bdd0c9e6705a145cff86502852a0ec1c3cf3f101101fa7e10bf2ad23deb32,9g1Gu34pB8uzxbMS3pc33LGXXAM93AA4E588dV6AGhza1gkWx9g,0.01,225.87720222,0,864101,2022-10-21,1915301,2026-11-13,DUE_REST_OF_2026,DUST_WHOLEBOX_CLAIMABLE
eaf0c38fa7d16430ac3eb619408ac4c74de9bd4787f39639e95f4546e8c4aece,9g1Gu34pB8uzxbMS3pc33LGXXAM93AA4E588dV6AGhza1gkWx9g,0.01,261.55293733,0,864103,2022-10-21,1915303,2026-11-13,DUE_REST_OF_2026,DUST_WHOLEBOX_CLAIMABLE
957ed449fa5ad84a13b7289d77c8cb91b8a9515ab93e523b33ee9b8c2bae0dff,9hE68c5cC5fYm3RvpdCwsMQ8SEv9Qs6xyqcdhZapcnGcQTTj9k1,0.01,30.50303063,0,864130,2022-10-21,1915330,2026-11-13,DUE_REST_OF_2026,DUST_WHOLEBOX_CLAIMABLE
2a468be1c521f9a2f3ba42b9227c63d85c42c84f210d62b17bd2857da657e5c4,9gXh6NfCjUiVBEjYrkAfAjJKfFJk4RDhoZGW2GuLMVGin9MLpAR,0.01,11.95134613,0,864133,2022-10-21,1915333,2026-11-13,DUE_REST_OF_2026,DUST_WHOLEBOX_CLAIMABLE
145eb91f0146d795a4c039d622add631ab1d1b57084a294b001be97892758c16,9fpYdcws3Bdg6DJbh1iSQzhc4PpM6RTz63bCFu4MNwRzKBJRCLs,0.0058,0.84954959,0,864137,2022-10-21,1915337,2026-11-13,DUE_REST_OF_2026,DUST_WHOLEBOX_CLAIMABLE
31fcbaf33f8ba7e3af5ab688c8dfedad2bec091776b1fb87af16e73dd599c9c7,9fuUUsxz383g8qyFbwPASzc2jW8QKf5rBaG8FW5Fpi2opz5ER3p,0.01,1622.21445159,0,864151,2022-10-21,1915351,2026-11-13,DUE_REST_OF_2026,DUST_WHOLEBOX_CLAIMABLE
5551061e02d65005ca1854637a45857281245a9b7dd271a807a1b349e3c9c8ce,9hqGV9GsvQ2ycR6WgNmoLfa5rAPTmDWGgh6m1mgEtrfqhqseAQq,0.01,78.98285158,0,864153,2022-10-21,1915353,2026-11-13,DUE_REST_OF_2026,DUST_WHOLEBOX_CLAIMABLE
15b2d119dc66e3469fb5d263667e865b123ecec7ea4baf6a05fea56b6a9ac5bc,9goVjmyrQJe66B3rHSPtAWQ4QdcsukgCUw1rkHTWamZufDMdovu,0.01,4.02620674,0,864157,2022-10-21,1915357,2026-11-13,DUE_REST_OF_2026,DUST_WHOLEBOX_CLAIMABLE
5a67e9e6bfd9562b88ae2b82d0ee9caeff89438a2733d0fc7fcd6edf88220b50,9gdPmyjrcdkP3ocmTBVtqxeCCRG97QNszLbKDjCkx1Dg1TBHVuG,0.01,673.4212728,0,864161,2022-10-21,1915361,2026-11-13,DUE_REST_OF_2026,DUST_WHOLEBOX_CLAIMABLE
ad0b9ee219dd8597cd5a519de206626d3c3cf09de74088682d0437ee7a5a0cbd,9gdPmyjrcdkP3ocmTBVtqxeCCRG97QNszLbKDjCkx1Dg1TBHVuG,0.01,76.625,0,864161,2022-10-21,1915361,2026-11-13,DUE_REST_OF_2026,DUST_WHOLEBOX_CLAIMABLE
2842ba355118f3bf2b550554dc773298920f2945b841a69a598de0a60d30e1f5,9h614EGFzMSgpn7W24UscrozFEihJL57h9nnZfdRrxJJ9DMopFC,0.01,21.3125,0,864163,2022-10-21,1915363,2026-11-13,DUE_REST_OF_2026,DUST_WHOLEBOX_CLAIMABLE
8704396334b95de6e1fefc70fb324697fdc2f9ae959d53b39bf1a45fad5bb584,9hnxUhoS1oVoFtVAWPR4V43JKwKtrrHqUXt2wWMXaL6WoE6aWpJ,0.01,14.5625,0,864191,2022-10-21,1915391,2026-11-13,DUE_REST_OF_2026,DUST_WHOLEBOX_CLAIMABLE
3e1a811664af567112b146443d5dd7fe9e8090f86b0ea0654f956f517a7114fc,9h6jogDrcrH2AwT7T97JeFHGF8t37n66nufivnW1ppmKfERcb4n,0.01,49.31689811,0,864192,2022-10-21,1915392,2026-11-13,DUE_REST_OF_2026,DUST_WHOLEBOX_CLAIMABLE
2424b2fc3168138f2306d5a63590d1d36a7d8dee9eb59468f5b03dfeb93565cb,9gjTzd5DEePzUPnrmG55towXXoFDBsg5PjPwMLf9oaAPbhbAARt,0.01,47.81190391,0,864227,2022-10-21,1915427,2026-11-13,DUE_REST_OF_2026,DUST_WHOLEBOX_CLAIMABLE
c602a239f63dec41f77441a25134f2d58e1312b2f3ac1a8c85ff6a932cb10d26,9hZRTE2QrsLq42WbzeP4VTitTMqAniire9nUJ5eRhA6kJ8YDs6d,0.01,8.375,0,864231,2022-10-21,1915431,2026-11-13,DUE_REST_OF_2026,DUST_WHOLEBOX_CLAIMABLE
f02b599656bf8c7d06f9bb1079c2ff61cc4e4cca8f0bcceb58fbb62b640431a2,9fKb1cFHwy3ECGZvoRGS273gVmb9DujbPy14WXegUbdHzAEXff3,0.01,49.61789696,0,864239,2022-10-21,1915439,2026-11-13,DUE_REST_OF_2026,DUST_WHOLEBOX_CLAIMABLE
0af378f40ea165f4871625853d8927b4790db009c70ace88b94917a9df11cbd6,9hCfKK3YGF2AAUBmHaGWKLz8LTpzTaTXwinUCs8Q53xvLnm434i,0.01,6.6875,0,864247,2022-10-21,1915447,2026-11-13,DUE_REST_OF_2026,DUST_WHOLEBOX_CLAIMABLE
76a8380574351ec7b18ca5ab7d808c8135b8f21e9f5dd3bdc7c92ce8bec7f356,9g5XyYtf46FXS6SL1pES6GQyc2UusyHWpdJtWHTBoc67CLcRah8,0.01,99.66585868,0,864278,2022-10-21,1915478,2026-11-13,DUE_REST_OF_2026,DUST_WHOLEBOX_CLAIMABLE
2970187705b20f27b1bb2b43c9783f482e8eb03cbca0cf71bf1bb4c076b36570,9hYN9Q8gbKe8A22U2q1PxJWuvysJkF7SdH32ssEWzmWK31Pp3eY,0.01,0.82909881,0,864305,2022-10-21,1915505,2026-11-13,DUE_REST_OF_2026,DUST_WHOLEBOX_CLAIMABLE
56c3a8e4a33ed22d6695506ea12f5473445881e420f95ed60b66199b31c70f68,9gAFrbrtUr7C3zcUtDkmAqh2LMvPJ34UD6cWfUVZdJkQ8a99cJq,0.01,673.4212728,0,864316,2022-10-21,1915516,2026-11-13,DUE_REST_OF_2026,DUST_WHOLEBOX_CLAIMABLE
00339ac00e14f437139fd9cbd8e546955f3f6ee39a86635c1de363f0cb9c3ab6,9ernxW6yQjPLErvdB7niGPwdFthYeoNWWbRvHn6PH1JJ8Xw3QrD,0.01,47.81190391,0,864337,2022-10-21,1915537,2026-11-13,DUE_REST_OF_2026,DUST_WHOLEBOX_CLAIMABLE
b561afa532aaf9a596906e5fdac33de549cab65334653d411f00bb9632376434,9eqHzoi2QVAadzZKNHS69RX3JK6ohGC4cM4M5pjt8FNM7PiTMs9,0.01,2.62481912,0,864348,2022-10-21,1915548,2026-11-13,DUE_REST_OF_2026,DUST_WHOLEBOX_CLAIMABLE
813703e0a3a90c5a895c88ecf0ddf4040832a0a92089c091eeb53c4411b62aff,9fhSg57QVayEnfBoni5GkF6iPH4dBJ5rt94CLBsSLL78sxfbgqt,0.197157728,0.0300999,5,864412,2022-10-21,1915612,2026-11-13,DUE_REST_OF_2026,FUNDED_RENT_WITHSTANDS
fe7a293e181ebd9f77f722b4d80c7b9b396d8386d4f23ab936df09d0edeb1ea6,9giKjEAPVikmFLnPDSkcDXzuUoajxYnFTMR8UjNnEnZWPYktcTj,0.01,49.01589927,0,864421,2022-10-21,1915621,2026-11-13,DUE_REST_OF_2026,DUST_WHOLEBOX_CLAIMABLE
298fed176dbc16368d92ee348dccff21316bc1c0e8a273b08b732814a4899dfb,9giKjEAPVikmFLnPDSkcDXzuUoajxYnFTMR8UjNnEnZWPYktcTj,0.01,48.71490043,0,864424,2022-10-21,1915624,2026-11-13,DUE_REST_OF_2026,DUST_WHOLEBOX_CLAIMABLE
02befa299861f2f17a89ad9d2c0c9f571d68901b895ad659aaefb782b47adbce,9giKjEAPVikmFLnPDSkcDXzuUoajxYnFTMR8UjNnEnZWPYktcTj,0.01,49.01589927,0,864426,2022-10-21,1915626,2026-11-13,DUE_REST_OF_2026,DUST_WHOLEBOX_CLAIMABLE
800289aa8618b9bc6e74c33dafce4db1fb2e4fecffa85bedb49728258a611401,9fa8pzUKRB6V8yfHUc7gP9YJ16yqxJTAwHCjsjyaEp5QJDVYQfe,0.001,87.58870043,0,864436,2022-10-21,1915636,2026-11-13,DUE_REST_OF_2026,DUST_WHOLEBOX_CLAIMABLE
828ee8598a8468fcaa8c1f0126d42665cf862bc8ae1cc20f1122e324f83b1246,9fRacLbWnToGoGidPCMcq4sJHGNGhR3wwnvEYoM9M7yUxnqXG5Y,0.01,42.875,0,864513,2022-10-22,1915713,2026-11-13,DUE_REST_OF_2026,DUST_WHOLEBOX_CLAIMABLE
93695f0dcd9a902263ab8d7a2759a3bb931f8da60bdc5c18c042569feb3b8875,9epjbSQfXJiAq3BE2An5L5vdwsrKL4kxUgHYsEwG67MTN2a5CxN,0.01,7.25,0,864534,2022-10-22,1915734,2026-11-13,DUE_REST_OF_2026,DUST_WHOLEBOX_CLAIMABLE
6d89d48765fbf259f45a6ee34d76cd5b8889ca3adb6dc86faadfedca3ce5a613,9euEafZjs39Kp2HFshq446m6RVHeQs25CNf1VvkTqw16eygezXe,0.01,7.2986113,0,864539,2022-10-22,1915739,2026-11-13,DUE_REST_OF_2026,DUST_WHOLEBOX_CLAIMABLE
3a8631a6e1c7b6f0978f3a273fb8a2d2ad7bd536d5cefd9170448d32ade39b86,9hhePoDFGQbQmHcmFbf9BX21j8EeMTQnEMmH7jG2tnqijGARmqY,0.01,87.6875,0,864548,2022-10-22,1915748,2026-11-13,DUE_REST_OF_2026,DUST_WHOLEBOX_CLAIMABLE
30bcca511cbda890b6e5b0edaac92ca9705450d7b9493fad1edf4105ebb14def,9hhePoDFGQbQmHcmFbf9BX21j8EeMTQnEMmH7jG2tnqijGARmqY,0.01,29.47115546,0,864551,2022-10-22,1915751,2026-11-13,DUE_REST_OF_2026,DUST_WHOLEBOX_CLAIMABLE
a9b29606400e7393569d3c1d249c2afa11d2802f6eec31b00389e244393ad6bf,9iGAV7dsGK7UrXQKrwm86d618xpxZWo9YcnvK9tqqKUvqdVSFsb,0.01,11.0,0,864565,2022-10-22,1915765,2026-11-13,DUE_REST_OF_2026,DUST_WHOLEBOX_CLAIMABLE
d788a58cf5d7c0efcf2c29ee6556295adb440dd0650e5f93604ca0ae7622fda9,9fLMjEizfa9Cf82Pyq9nRfBcfE6gsoyCAdGqoXAqMU1wsoXwT6p,0.01,4.8615978,0,864569,2022-10-22,1915769,2026-11-13,DUE_REST_OF_2026,DUST_WHOLEBOX_CLAIMABLE
6bb45ab467232cdfbe995a1793860266e274ea16c57702bdce8254e5f6065f4d,9hhePoDFGQbQmHcmFbf9BX21j8EeMTQnEMmH7jG2tnqijGARmqY,0.01,672.41794333,0,864572,2022-10-22,1915772,2026-11-13,DUE_REST_OF_2026,DUST_WHOLEBOX_CLAIMABLE
f37852ed3b99a5ade0d33d1c7db0fd531c2cb085d7c7e52003f5f1c6d6608ce8,9fTxX4LQp9i5Z3o138Quim7eFY9P9TTu9NLFxKeT6WcupZqKnS3,0.01,191.75,0,864574,2022-10-22,1915774,2026-11-13,DUE_REST_OF_2026,DUST_WHOLEBOX_CLAIMABLE
a8bc8d2cfb7c7b6dbac9ea8fbcf88dbf33dea209c3a6de93e3f8354cc8972606,9fTxX4LQp9i5Z3o138Quim7eFY9P9TTu9NLFxKeT6WcupZqKnS3,0.01,189.5,0,864575,2022-10-22,1915775,2026-11-13,DUE_REST_OF_2026,DUST_WHOLEBOX_CLAIMABLE
a16417e8129276c08dac9b46d7740db642fe8119c8db82b04897c60608bce5c7,9fTxX4LQp9i5Z3o138Quim7eFY9P9TTu9NLFxKeT6WcupZqKnS3,0.01,106.25,0,864576,2022-10-22,1915776,2026-11-13,DUE_REST_OF_2026,DUST_WHOLEBOX_CLAIMABLE
1e3a5916541b94d15220a5be4421454768c48efbc2cdf1d0843df3a526c08165,9fTxX4LQp9i5Z3o138Quim7eFY9P9TTu9NLFxKeT6WcupZqKnS3,0.01,180.5,0,864577,2022-10-22,1915777,2026-11-13,DUE_REST_OF_2026,DUST_WHOLEBOX_CLAIMABLE
64165b5c9d3a93ef65518823cf527b31ca17a4df71db9e448c23ae4e2114e478,9hkUzSybj6nmiWpkxNYEhXnzQjHADdJdo6GuykzgUwAePJ7qnh1,0.01,84.875,0,864591,2022-10-22,1915791,2026-11-13,DUE_REST_OF_2026,DUST_WHOLEBOX_CLAIMABLE
09a22e4ed12271036c7799ad0ae860014ba345ae45eec7209d4b775154db5f85,9hkUzSybj6nmiWpkxNYEhXnzQjHADdJdo6GuykzgUwAePJ7qnh1,0.01,587.43598901,0,864593,2022-10-22,1915793,2026-11-13,DUE_REST_OF_2026,DUST_WHOLEBOX_CLAIMABLE
27d6922e06a7517ccc9f0ef980081c76dbf63a800956f4914f5607837f21e20f,9hRg82rSqhDbfRAUbuhnW8Ws5uEg6KV4hjEPExnV71BmUgPzGPS,0.01,5.5625,0,864594,2022-10-22,1915794,2026-11-13,DUE_REST_OF_2026,DUST_WHOLEBOX_CLAIMABLE
7edfdc57308dc461e52458bb229265be8d5481ad168bf2be6d42601bd0c2af0c,9heFTfjz485iUJmKXqFpQbuAiBzFNrUKCC84d24VuGNqihKT78h,0.01,5.1875,0,864599,2022-10-22,1915799,2026-11-13,DUE_REST_OF_2026,DUST_WHOLEBOX_CLAIMABLE
7c7c50ab80ed5820c1affbc9ad0f8892fb2c3245bef6ad290090ced3f339ae89,9fus6NYDotLVUSPZbzrmS9db2oJWd4JiSEmLHG5VUTx9tBwpPdT,0.01,48.11290275,0,864602,2022-10-22,1915802,2026-11-13,DUE_REST_OF_2026,DUST_WHOLEBOX_CLAIMABLE
d009b848e559c5dba04b7116ffe7a1cca1655d883ae6e019152f363dc024c062,9gQWJLuUBzSgBKpHeXYyVbr8oZn1YPowNvWi4ZD9Zi3k3wDTf69,0.01,21.875,0,864604,2022-10-22,1915804,2026-11-13,DUE_REST_OF_2026,DUST_WHOLEBOX_CLAIMABLE
b8aad4f54cc6ab9d7610645217c8457cc7054dd1618f5bfe32a468ecc82f2d52,9gQWJLuUBzSgBKpHeXYyVbr8oZn1YPowNvWi4ZD9Zi3k3wDTf69,0.01,74.0,0,864605,2022-10-22,1915805,2026-11-13,DUE_REST_OF_2026,DUST_WHOLEBOX_CLAIMABLE
28861fbe9939c06f1e1a854dedfa872a7996a90e2d29d6a847ab6fae0c6ec194,9i9w4P27fF1eV1148n3DEtYD3ibfc6aSJVee1e62UPuzUeyZb63,0.01,21.3125,0,864606,2022-10-22,1915806,2026-11-13,DUE_REST_OF_2026,DUST_WHOLEBOX_CLAIMABLE
a9aaee637032020e97cf8ca59b87ea9ef98aa4486e31d1a50cbb8a75077b5941,9gQWJLuUBzSgBKpHeXYyVbr8oZn1YPowNvWi4ZD9Zi3k3wDTf69,0.01,80.09375,0,864617,2022-10-22,1915817,2026-11-13,DUE_REST_OF_2026,DUST_WHOLEBOX_CLAIMABLE
23382f17050bda79a64aaf068d220f19f7204f22bab44e97cb92228779c5446d,9gV2ug1mrgqvTJYeRyDtBXnhhE18Adc55JgpoFb1YL1UEGXbySu,0.111860531,0.09652303,0,864718,2022-10-22,1915918,2026-11-14,DUE_REST_OF_2026,DUST_WHOLEBOX_CLAIMABLE
a5aa793773d90afcfe0504337484adea56d8120f7086936b781c999f8eca4d7c,9hKjV7PpsJUiounL5Q5ATpcC5f93Hudpmovb2hd3xQz1nLtkhhk,0.10821432,0.09337676,0,864718,2022-10-22,1915918,2026-11-14,DUE_REST_OF_2026,DUST_WHOLEBOX_CLAIMABLE
e31aa6f9e968919e0cec9dc45563c3a0493714b09e77670e2ad97d692e10b00d,9gVRJJz9JBGdehbwJJmbaKHiqn8RyvCAo4T34ZNo5MBeS9nBrdu,3.714056119,3.20481151,0,864718,2022-10-22,1915918,2026-11-14,DUE_REST_OF_2026,FUNDED_RENT_WITHSTANDS
ff6f41fc02afe83368d26282ed9b4b25670221140cdb29a201694344cf8fd2f0,9h7K7uHUo4ZhVPP5wKa3dsCLZAjx7oRj2x1daxxc2DpSUC3hyJ1,0.219003824,0.18746705,0,864718,2022-10-22,1915918,2026-11-14,DUE_REST_OF_2026,FUNDED_RENT_WITHSTANDS
87edbe54a26e44a38f5ac4af5222528878a854eadfd58a6c5286cb8dfff7b488,9fnnKPbMLxjfDvGr73eVgBW8eKLN2hoJbDjuyLz4JmNWW9X5Au9,0.01,2.6985107,0,864751,2022-10-22,1915951,2026-11-14,DUE_REST_OF_2026,DUST_WHOLEBOX_CLAIMABLE
b97ab00de022116a950992b6a77fe366c7ad3e87c5452fc4b8bb13f840723cab,9gEpm2VZ5pEQ7MqacRjEFekSQYFbj4TsJ1qzkizcgdNBEtcKojg,0.01,51.81104205,0,864757,2022-10-22,1915957,2026-11-14,DUE_REST_OF_2026,DUST_WHOLEBOX_CLAIMABLE
cc2df4b5826beb59aa0d146521a3cca6deb8a58632886de53fdd4e05ee6c5839,9fCX9r3NWtBWfWiFduvXc2hXfxgPzaC1V28bp7KZ7LNF9DAHQfy,0.01,6.6875,0,864773,2022-10-22,1915973,2026-11-14,DUE_REST_OF_2026,DUST_WHOLEBOX_CLAIMABLE
9562c7251aad4f41eefbbf7f050dfa19db162ac920ae9cbd23892db1b9764dce,9hAr84xidixn1Y8Q1maT9Po8KruAS74g9GFbYsQo3R5hzmUjBdJ,0.01,17.01279447,0,864805,2022-10-22,1916005,2026-11-14,DUE_REST_OF_2026,DUST_WHOLEBOX_CLAIMABLE
8ac140709d9176c378614dda8b58c48b1df7fe1fc342b3f8320caed2ecfcf115,9fAXgMcffLmJ4CvAHtKFJkN58gr6cZTJQ72EUQRrti2oPuF6nS2,0.01,35.97842571,0,864838,2022-10-22,1916038,2026-11-14,DUE_REST_OF_2026,DUST_WHOLEBOX_CLAIMABLE
93140f704233a369da254195b1b6bc406ad14f3ff1056054607624b8f6117624,9fQzff1EDQPhKcbfzbLRRfQoNkMw8nYuD6N2Y3hqpE98XbzqdF9,0.01,8.38229481,0,864841,2022-10-22,1916041,2026-11-14,DUE_REST_OF_2026,DUST_WHOLEBOX_CLAIMABLE
ed14c25dc3bfe3f3efefc71d08449de565c5675bbe725f380e7d2e688f1605b7,9gCXTKDLLp9WmQKzUAPo1YBtEXdmTGrhGQzEmeDv1jsWVhaM4UW,0.01,428.9156831,0,864872,2022-10-22,1916072,2026-11-14,DUE_REST_OF_2026,DUST_WHOLEBOX_CLAIMABLE
dab9a7df39201bef125cf257b2bc4848e130083dde0f60baa6d937858810c71b,9ex6w2vYtyRXsdf3uBCUi5su3WD8fbGukPUFpVaNNttJAT51AFG,0.01,10.41830157,0,864922,2022-10-22,1916122,2026-11-14,DUE_REST_OF_2026,DUST_WHOLEBOX_CLAIMABLE
9d40fdb28234d1868296bfcc69ac25303f8639af203b911d1a8f1e4c5b2d100a,9f153FFnugnngC6ZBxBtCESWQTvZAtKF14jJTRkMupaK8bE3L4c,0.01,5.85345349,0,865013,2022-10-22,1916213,2026-11-14,DUE_REST_OF_2026,DUST_WHOLEBOX_CLAIMABLE
3911ea1dcfccfccec1c13ec1f76761631bc18b41f90350774f75fcf78f4d9602,9i7QXuJBisj736qYyAZX7DJfdyxYEdsKKFnxxcLLCR5V2jQKBwH,0.01,73.57112114,0,865020,2022-10-22,1916220,2026-11-14,DUE_REST_OF_2026,DUST_WHOLEBOX_CLAIMABLE
94890ce23898055d8069f52bdb101d8ccdcba5b23ecd68e6d037c321288c6a3b,9i7QXuJBisj736qYyAZX7DJfdyxYEdsKKFnxxcLLCR5V2jQKBwH,0.01,1.90360121,0,865026,2022-10-22,1916226,2026-11-14,DUE_REST_OF_2026,DUST_WHOLEBOX_CLAIMABLE
4f3f3ba79a1cff026643776dd3d47f3e94708cccf00714152113133448c93511,9i7QXuJBisj736qYyAZX7DJfdyxYEdsKKFnxxcLLCR5V2jQKBwH,0.01,2.36895019,0,865030,2022-10-22,1916230,2026-11-14,DUE_REST_OF_2026,DUST_WHOLEBOX_CLAIMABLE
2438b5310b69749ea5631a5a96c10930e0501d3cce726d46f99d5c6908e98ba6,9ezFyqh7EmwJEm792mvbP3sxbV1CRMu8m2EV3vdqtNPNYY3KxYP,0.01,0.57963729,0,865073,2022-10-22,1916273,2026-11-14,DUE_REST_OF_2026,DUST_WHOLEBOX_CLAIMABLE
b0a9ded68ea393f1730a9a2ac609576041e11d9db2a5416bd98649274bf8a3c0,9hMJQZNGCffXJ9S7DBh1GhY8ChxzsjJ68bC8fVxcUkL3SjrfuCf,0.01,6.63371349,0,865180,2022-10-22,1916380,2026-11-14,DUE_REST_OF_2026,DUST_WHOLEBOX_CLAIMABLE
18ba050baa4136b31af2862af53f92235533f89bf96607d93498630fa94556b6,9gV2ug1mrgqvTJYeRyDtBXnhhE18Adc55JgpoFb1YL1UEGXbySu,0.188375273,0.16061327,0,865209,2022-10-22,1916409,2026-11-14,DUE_REST_OF_2026,FUNDED_RENT_WITHSTANDS
33797fd521030fb45cf760040f0fbce747f8030750d12d9b0fb59589619edcf0,9hKjV7PpsJUiounL5Q5ATpcC5f93Hudpmovb2hd3xQz1nLtkhhk,0.095031107,0.0810258,0,865209,2022-10-22,1916409,2026-11-14,DUE_REST_OF_2026,DUST_WHOLEBOX_CLAIMABLE
541fea5716959f1668e9afdc51f8f5d182dbf853c6d69387f77a15fa907e89d9,9fSw3fTUYZmNzCGN4Lzv5wzQ7dDUBkYtaUEuAXkwXzVqGmr1aDP,1.353861107,1.18367952,0,865209,2022-10-22,1916409,2026-11-14,DUE_REST_OF_2026,FUNDED_RENT_WITHSTANDS
ff43f758207c4ea5f6f4619bde381549202b49be9c656f9be73a7ec6c1f8c327,9ft4QsZd2Ajamoj66hR961bJ8icZhNrif9PokV5VtXkbzvBBod2,2.480978057,2.1250443,0,865209,2022-10-22,1916409,2026-11-14,DUE_REST_OF_2026,FUNDED_RENT_WITHSTANDS
64db30144ce417d1013bd52620b94b7859413f7d60329a574fb856b4093429e2,9gQWJLuUBzSgBKpHeXYyVbr8oZn1YPowNvWi4ZD9Zi3k3wDTf69,0.01,79.8125,0,865296,2022-10-23,1916496,2026-11-14,DUE_REST_OF_2026,DUST_WHOLEBOX_CLAIMABLE
9a4aea77bc932760f3d0f8dabfd40745d3c280cd27b52a25920a976faabf960d,9gQWJLuUBzSgBKpHeXYyVbr8oZn1YPowNvWi4ZD9Zi3k3wDTf69,0.01,43.25,0,865298,2022-10-23,1916498,2026-11-14,DUE_REST_OF_2026,DUST_WHOLEBOX_CLAIMABLE
5a9593782dd289dae5c2cffce597c3d814c281bdf7610483aa24520f5eb4cb03,9eeX8vRH64gY4kuvtuJD2KjQ4eszk9meQbVzzrRoJrXC9j3racp,0.01,43.25,0,865302,2022-10-23,1916502,2026-11-14,DUE_REST_OF_2026,DUST_WHOLEBOX_CLAIMABLE
1bf329e0d66193c5a776f545cf5ed2f12eedc98e3527c64d184398e86a6b8f6e,9eeX8vRH64gY4kuvtuJD2KjQ4eszk9meQbVzzrRoJrXC9j3racp,0.01,23.0,0,865310,2022-10-23,1916510,2026-11-14,DUE_REST_OF_2026,DUST_WHOLEBOX_CLAIMABLE
c7bac78075820e906d209765d8d8d9bb57fc852e6812efdc8500469c48978ac7,9gvEXEWBSeYyTebr6R2ehVADE5G2ctx5ABnKqkknto1Mn869c7t,0.01,0.5,0,865385,2022-10-23,1916585,2026-11-15,DUE_REST_OF_2026,DUST_WHOLEBOX_CLAIMABLE
25be784b15a63ab2ac50502a7bca9bed11d1c0b8f29997555cc05f2f663ad299,9hmxWsaJ7KxDh7XWUmnTHMXSUzgRzTN6xZFJ6VbvxtpVhCD2YQw,0.01,1.625,0,865405,2022-10-23,1916605,2026-11-15,DUE_REST_OF_2026,DUST_WHOLEBOX_CLAIMABLE
649864fe18cfd64ffc3b74e22b71f6405a46fcb7a026975b7f8f4641e91b23fb,9hmxWsaJ7KxDh7XWUmnTHMXSUzgRzTN6xZFJ6VbvxtpVhCD2YQw,0.01,49.9188958,0,865405,2022-10-23,1916605,2026-11-15,DUE_REST_OF_2026,DUST_WHOLEBOX_CLAIMABLE
a600422b102d0fdded33e931821979ef69aa3650ff95676236f07f6eb92085e6,9hQ6KZekndGWb9KV62turrvqaNGsiqxusditcnxCVrw33PEzG8B,0.01,13.44726266,0,865444,2022-10-23,1916644,2026-11-15,DUE_REST_OF_2026,DUST_WHOLEBOX_CLAIMABLE
e65c7ddcd871a2825dde72384150f26e5205e75c60c4fdb44927d3c4752585fd,9hqddiDzoVUB19JoW57w6Y9V1E34y7bi5njnZPBbbhJtzjhzH5q,0.01,17.65682437,0,865459,2022-10-23,1916659,2026-11-15,DUE_REST_OF_2026,DUST_WHOLEBOX_CLAIMABLE
6a0569f5a58ffffc8cd2f17f39080d38fba7dd66e77bbfb63b7c64acc9be045b,9fPxBfvawbkShUtxPqQ9z67UmyceL4H6dWo54noTjWLapnm28a8,0.01,11.05682266,0,865464,2022-10-23,1916664,2026-11-15,DUE_REST_OF_2026,DUST_WHOLEBOX_CLAIMABLE
6dcaba9b5f852c9a1c89fe3a2c62558c060f047213b3275c6c00e56100646260,9iFpSqCWSpYK3ZrWX25SvKZAY5U8ZqYG9aE9EQvWyCZnLbZiZ9L,0.01,16.24636008,0,865498,2022-10-23,1916698,2026-11-15,DUE_REST_OF_2026,DUST_WHOLEBOX_CLAIMABLE
427ece9f6137ca68e4b0974ddb72a880333fb883399ab64a36fa02c3298b30e4,9iFpSqCWSpYK3ZrWX25SvKZAY5U8ZqYG9aE9EQvWyCZnLbZiZ9L,0.01,9.92912683,0,865504,2022-10-23,1916704,2026-11-15,DUE_REST_OF_2026,DUST_WHOLEBOX_CLAIMABLE
ac2d5fdfb890120050c393a9c99c3a58e5dd830e2d60592150bc625baf016035,9iFpSqCWSpYK3ZrWX25SvKZAY5U8ZqYG9aE9EQvWyCZnLbZiZ9L,0.01,10.08965954,0,865507,2022-10-23,1916707,2026-11-15,DUE_REST_OF_2026,DUST_WHOLEBOX_CLAIMABLE
2d0f2364bffacc4fdfefee43b32ac4052d6d4a861530a5d3f264a5ce35a95a6f,9iFpSqCWSpYK3ZrWX25SvKZAY5U8ZqYG9aE9EQvWyCZnLbZiZ9L,0.01,1.71339664,0,865510,2022-10-23,1916710,2026-11-15,DUE_REST_OF_2026,DUST_WHOLEBOX_CLAIMABLE
1819f7402169538425401a7af99a18d601efb9f5ec681904016ae62fe0ddf6fc,9ft4QsZd2Ajamoj66hR961bJ8icZhNrif9PokV5VtXkbzvBBod2,1.620445116,1.41041953,0,865599,2022-10-23,1916799,2026-11-15,DUE_REST_OF_2026,FUNDED_RENT_WITHSTANDS
bad14bd9cfd90cff22ff9e237ee0fa9c6d67af0168ddb5b3f6b77f958d61241f,9hKjV7PpsJUiounL5Q5ATpcC5f93Hudpmovb2hd3xQz1nLtkhhk,0.151218745,0.13161932,0,865599,2022-10-23,1916799,2026-11-15,DUE_REST_OF_2026,FUNDED_RENT_WITHSTANDS
ef68b4bb8eec9df26c96d4136cf970b86af09aac86fc040ed58e44f53268eeed,9gV2ug1mrgqvTJYeRyDtBXnhhE18Adc55JgpoFb1YL1UEGXbySu,0.187767728,0.16343119,0,865599,2022-10-23,1916799,2026-11-15,DUE_REST_OF_2026,FUNDED_RENT_WITHSTANDS
e63591723036972e97f50480aa317584e3859fc5f7db39b47d94eb7e0d0fbc03,9gqB9HzmVLA3Gf31ZfUueDHC5eNtHYya3iEUREJzc4Gq1e8yv4u,0.01,5.21915577,0,865683,2022-10-23,1916883,2026-11-15,DUE_REST_OF_2026,DUST_WHOLEBOX_CLAIMABLE
27f75cf2c5226ea0cac7f5b87b2bf8b8ca03050033819fa7f2db56ad5943b218,9hgMTG4LnJqBaVp5QPrbHHkHQq6sPpK4tF6RJJXoP9mfJ9NkVsQ,0.01,107.5625,0,865741,2022-10-23,1916941,2026-11-15,DUE_REST_OF_2026,DUST_WHOLEBOX_CLAIMABLE
2af5771bb6b7c5639596ea8e32d06b83f12f9a25b1e2c4525d35c21a06fc1b74,9iEDfMQuwcYEf96CyDsnEHPRDe3iDaK3u1Z3xaVsdi1QjqPmD9X,0.01,0.5,0,865964,2022-10-24,1917164,2026-11-15,DUE_REST_OF_2026,DUST_WHOLEBOX_CLAIMABLE
bf9266ec89f99fbbff4f74350ed6f02ee80ac25871751abc49b2be1e6b2c8c6b,9hYnkvGU7XseEDxJiDtXaCaseuquNktBShLvf2DbHs7XuhkgyD3,0.001,1.21480577,0,865985,2022-10-24,1917185,2026-11-15,DUE_REST_OF_2026,DUST_WHOLEBOX_CLAIMABLE
f2eb0213f5ebba7552e3701999c183ee7f2dce300492347d6649e0b63af92e6b,9egDuV8CwjcGi9hJcJQKWHXfReuFN65oxaxMwTiD6BKk8PgF8Hu,0.01,2684.09353076,0,866144,2022-10-24,1917344,2026-11-16,DUE_REST_OF_2026,DUST_WHOLEBOX_CLAIMABLE
7093304203dc27667ece6ab0ae461e42ea4fe6e1d59a00be914e7997ec14d002,9gXn6895fyYy6rQyMVVNpUUYGeesDNVUAsuAeL8bwNptGyVLhJu,0.01,10.39444912,0,866191,2022-10-24,1917391,2026-11-16,DUE_REST_OF_2026,DUST_WHOLEBOX_CLAIMABLE
04966acc292c92dd15715e53b11a87935f557bf314d6994db574a8074f87e1f0,9hABqZ13APsEBWvQYfi2NnTnnoDgTaoDKgC9XthLopJADhvBwbA,0.01,101.02181014,0,866286,2022-10-24,1917486,2026-11-16,DUE_REST_OF_2026,DUST_WHOLEBOX_CLAIMABLE
fe62e125f9527f2044d4da25ef57acd34fa8d2e3cc116e658bbf2faa72b397c0,9hkxVqS3iwtJVTeung6a9QeDZWXryQR1G8P6kzxTde8g2tA1a4E,0.01,42.15984499,0,866339,2022-10-24,1917539,2026-11-16,DUE_REST_OF_2026,DUST_WHOLEBOX_CLAIMABLE
0ca27f9cc8d4f9b396b08dd3e7036426ac7ffa60732d78c1e3d02667029e4664,9gV2ug1mrgqvTJYeRyDtBXnhhE18Adc55JgpoFb1YL1UEGXbySu,0.177160689,0.16055017,0,866352,2022-10-24,1917552,2026-11-16,DUE_REST_OF_2026,FUNDED_RENT_WITHSTANDS
4b7843037b9b3dbeb2b05823401cf263ba030eb2ee05ff32412ab1346214d461,9gAcanEvEkDsnGFu16x34WAXQL9EBjBikNuDhdk96DmX316eh2N,0.16835469,0.15256982,0,866352,2022-10-24,1917552,2026-11-16,DUE_REST_OF_2026,FUNDED_RENT_WITHSTANDS
552e87757ee0522d7b23f58fef546ab34d8c24b4b69b88b35dca04f58d714526,9hKjV7PpsJUiounL5Q5ATpcC5f93Hudpmovb2hd3xQz1nLtkhhk,0.124004477,0.11237787,0,866352,2022-10-24,1917552,2026-11-16,DUE_REST_OF_2026,DUST_WHOLEBOX_CLAIMABLE
68e67bd88046a4592d90daa0578ed8ec646514befe1c6c12a63a200e9ea7d740,9fbhgv7uVRJVvE7Vk4HpN9u5Et2UCu6xJ47G1Q4e2vexFeefv6M,0.016731398,0.01516267,0,866352,2022-10-24,1917552,2026-11-16,DUE_REST_OF_2026,DUST_WHOLEBOX_CLAIMABLE
b79594733bdd4b43c7ade6e1f22e91555b73e38afe9d9ddd0129825514d34a0c,9ft4QsZd2Ajamoj66hR961bJ8icZhNrif9PokV5VtXkbzvBBod2,1.575233116,1.42753983,0,866352,2022-10-24,1917552,2026-11-16,DUE_REST_OF_2026,FUNDED_RENT_WITHSTANDS
e9b40f5317a12497d8802166dcb91f3ed1d4bcdaa6837cc27cdd4a99e6e02af2,9hD9MckdsgA14kbZAPwBRAgHRZ5LLhV7b6MT1H6kSQgHJsX7atz,0.01,1.77791355,0,866499,2022-10-24,1917699,2026-11-16,DUE_REST_OF_2026,DUST_WHOLEBOX_CLAIMABLE
83694acc61b72671eb2e9014e0da7784caea26f68a69292a9cefc901f8c4d380,9hF3h4sANpepuxfMsiL2jczhioFv4iWdtTowpjZo2w1CFEZ8LzM,0.001,14.33395489,0,866736,2022-10-25,1917936,2026-11-16,DUE_REST_OF_2026,DUST_WHOLEBOX_CLAIMABLE
fbf72a877d48d19b25af69c01ba134b51f3b1900bdcc6808fe13078eee495b3d,9fLRHyfzGEKAWAGR2bg4W1y8CpME7BiwLypFUBk3imxJgrLNmqn,0.028,0.38974875,0,866867,2022-10-25,1918067,2026-11-17,DUE_REST_OF_2026,DUST_WHOLEBOX_CLAIMABLE
40dca67d7f18470807b10c266d496e6d15fdd0ccff60699311cc34c1045cdde9,9hdMSdFNgnNUbsgJd5wgghVBmUrFrFHT3ARpXF26mvPLsdixs68,0.01,41.14809671,0,866906,2022-10-25,1918106,2026-11-17,DUE_REST_OF_2026,DUST_WHOLEBOX_CLAIMABLE
2eb56ea501dc5627b12af381e19fa6551a912f33d8e8e1fae4313079b4a8258e,9hR55eny1vj7ndBeUPaVpwpd737QUgWiA2XHPua8tqogUezaT37,0.001,3.81998719,0,866931,2022-10-25,1918131,2026-11-17,DUE_REST_OF_2026,DUST_WHOLEBOX_CLAIMABLE
3b8b4597cd33de433f04a1350002183041377e9d43dcc377d146e710937aca65,9gauueBs7jFcb6EmzhYyRiWDzqqEQywDiUsHoa1vZBCBDVD7xQF,0.01,77.61312501,0,867002,2022-10-25,1918202,2026-11-17,DUE_REST_OF_2026,DUST_WHOLEBOX_CLAIMABLE
9a955e28df6add36745fd5c0a2b7ed1337790725882decf2ba1c55f23acbca5a,9h7qDqVz1aTS7nBKN2owZzQJDbrE8tAeRPLCAjun9KTEdYScKkL,0.01,2535.53665849,0,867016,2022-10-25,1918216,2026-11-17,DUE_REST_OF_2026,DUST_WHOLEBOX_CLAIMABLE
0af6e86ddd83846e3c5f01c456a676f3b152a97caffce60bee10f22c1c37349e,9fbhgv7uVRJVvE7Vk4HpN9u5Et2UCu6xJ47G1Q4e2vexFeefv6M,0.237060771,0.20478997,0,867027,2022-10-25,1918227,2026-11-17,DUE_REST_OF_2026,FUNDED_RENT_WITHSTANDS
23c6c03adaf52a399c7a73cf8fff377a8c6d8ff050a6711ef4553af0a2295c80,9gAcanEvEkDsnGFu16x34WAXQL9EBjBikNuDhdk96DmX316eh2N,0.507468091,0.43838706,0,867027,2022-10-25,1918227,2026-11-17,DUE_REST_OF_2026,FUNDED_RENT_WITHSTANDS
87e417d51a431f372f17404b651806ee2c9f7699aedfbc1a57d6f55095db3a15,9fSw3fTUYZmNzCGN4Lzv5wzQ7dDUBkYtaUEuAXkwXzVqGmr1aDP,1.101987127,0.96963818,0,867027,2022-10-25,1918227,2026-11-17,DUE_REST_OF_2026,FUNDED_RENT_WITHSTANDS
d9d1eb2e1130caa5f30b63f6872213724eaabedcc3c9a100b67d3d4b3be20e0c,9gV2ug1mrgqvTJYeRyDtBXnhhE18Adc55JgpoFb1YL1UEGXbySu,0.146424536,0.12649194,0,867027,2022-10-25,1918227,2026-11-17,DUE_REST_OF_2026,DUST_WHOLEBOX_CLAIMABLE
dd5bfc1cfae612d2c5dd760f1bc7104da60ac86304b3cfc9de6458c31863239b,9ft4QsZd2Ajamoj66hR961bJ8icZhNrif9PokV5VtXkbzvBBod2,1.474201918,1.27352054,0,867027,2022-10-25,1918227,2026-11-17,DUE_REST_OF_2026,FUNDED_RENT_WITHSTANDS
fea431955b54929550b4c22ef03c3e05bbfd5288709f5fc74c92d87e21e292c7,9hKjV7PpsJUiounL5Q5ATpcC5f93Hudpmovb2hd3xQz1nLtkhhk,0.125326127,0.10826563,0,867027,2022-10-25,1918227,2026-11-17,DUE_REST_OF_2026,DUST_WHOLEBOX_CLAIMABLE
8906296ebea6d44212c0452fd54994b891b4bceb417ce82dbbc41469b99be51e,9gpTKDr69xLNceVU4eAFBs5u5Y6mQSuktpMPex1mE7dQMrExgGf,0.01,16.48399692,0,867253,2022-10-25,1918453,2026-11-17,DUE_REST_OF_2026,DUST_WHOLEBOX_CLAIMABLE
7912dbf7f728cad2ed1db9ed1964ab42fa871184ff1475160b6d8de29b99a0b0,9f6PiHBats7XjCoVZUCC9RhsHo97HcihRZX7UVwtpbSjtoZDLUo,0.01,6.79448318,0,867255,2022-10-25,1918455,2026-11-17,DUE_REST_OF_2026,DUST_WHOLEBOX_CLAIMABLE
757a241ea330a6b66a682ef5235aba7265b58b4a4b17ef8b611a15a99c085927,9eegPGb4n8dPECWLHp8P8imVykVeRWj53Ywf7jfvkbDdXy3KJ4i,0.01,1.44626226,0,867258,2022-10-25,1918458,2026-11-17,DUE_REST_OF_2026,DUST_WHOLEBOX_CLAIMABLE
09d8758acf72a721571bed912c0ee3df583dda5447830fab8a30502f9f8e3095,9ftoMjMSzitDTierUf35J3S9f2DmXmWjR4HBBZLrXh5kuYiDB8h,0.01,10.37116038,0,867321,2022-10-25,1918521,2026-11-17,DUE_REST_OF_2026,DUST_WHOLEBOX_CLAIMABLE
0a545d8ac638979f9bd511d8600050397b1f36d93cae38486bd59148826c758f,9ft4QsZd2Ajamoj66hR961bJ8icZhNrif9PokV5VtXkbzvBBod2,1.375914063,1.18870491,0,867364,2022-10-26,1918564,2026-11-17,DUE_REST_OF_2026,FUNDED_RENT_WITHSTANDS
46dbe2e7e2b7f17a1fc8d89645b007690c8dc44524103a4a2b05dbcba144c9b5,9gAcanEvEkDsnGFu16x34WAXQL9EBjBikNuDhdk96DmX316eh2N,0.471462056,0.40731415,0,867364,2022-10-26,1918564,2026-11-17,DUE_REST_OF_2026,FUNDED_RENT_WITHSTANDS
52ec21c2fdea5d14befc5c888402457212dcd53d3217b0736c06c467f5d1912a,9fbhgv7uVRJVvE7Vk4HpN9u5Et2UCu6xJ47G1Q4e2vexFeefv6M,0.331947044,0.28678178,0,867364,2022-10-26,1918564,2026-11-17,DUE_REST_OF_2026,FUNDED_RENT_WITHSTANDS
d51408d8febee1645d853a903eeaec0437890a14fea6a81f5973e46f0dab0a11,9gV2ug1mrgqvTJYeRyDtBXnhhE18Adc55JgpoFb1YL1UEGXbySu,0.150670491,0.13017002,0,867364,2022-10-26,1918564,2026-11-17,DUE_REST_OF_2026,FUNDED_RENT_WITHSTANDS
f52a636a2d05bf4ba967cd5d358d1a4ca17e16acf817545dcbbe9295f2d087e7,9hKjV7PpsJUiounL5Q5ATpcC5f93Hudpmovb2hd3xQz1nLtkhhk,0.130790854,0.11299524,0,867364,2022-10-26,1918564,2026-11-17,DUE_REST_OF_2026,DUST_WHOLEBOX_CLAIMABLE
5210cdbbaf2071b92a0f995d8f31e16dae4fab0d384c60a3d3d9a033899c4613,9gAT65NksBP1uQnTinsTi12HCxLm6FEXmkYcPakuRTxJasf1M4e,0.01,11.0,0,867506,2022-10-26,1918706,2026-11-18,DUE_REST_OF_2026,DUST_WHOLEBOX_CLAIMABLE
88609b508c3415c05926616c241afe96fe27accc0fd96663f054552a8430860a,9gXtGUGgDQu5eio436A59uKGSzPCDRiLrQx2P8ht8G9SPJE7xnK,0.018,0.50240752,0,867572,2022-10-26,1918772,2026-11-18,DUE_REST_OF_2026,DUST_WHOLEBOX_CLAIMABLE
59d2a050c2781c548755c5edd39f3b8b19bd133da849ed1f15943ab1008253a5,9g373tuBYW8D3LQy1oNF2w2fqrArkfiBGAatxVpLiRhwB4Uw6PZ,0.01,3.47275937,0,867614,2022-10-26,1918814,2026-11-18,DUE_REST_OF_2026,DUST_WHOLEBOX_CLAIMABLE
7110331a4d700c48dd2b62ff23ced50098a027d2c9f8b24a2f99741e4b976a10,9iAWXFpM1UB1oZkbwjP5BrEDBbwphUx6uhMkBFC6oSn3qXTVcrT,0.01,0.45284962,0,867747,2022-10-26,1918947,2026-11-18,DUE_REST_OF_2026,DUST_WHOLEBOX_CLAIMABLE
a8693969e92761c26ea85921d16804c8b6d92baa2d7b808c4e15ad5a61d155eb,9hcwaKmZg3pK19Z8uG6CQjnA76S2X2a8yHQM7nXhNpukf5wq8vp,0.01,93.67115063,0,867752,2022-10-26,1918952,2026-11-18,DUE_REST_OF_2026,DUST_WHOLEBOX_CLAIMABLE
660adeb667d82af428183df12e02a7957ca88b32857e004f7144c7a3812e03f7,9eatSnYHP619NcQQxMtmq35s8iLFHrNAHksyvGN8EGFKxSacjKF,0.01,37.33686518,0,867839,2022-10-26,1919039,2026-11-18,DUE_REST_OF_2026,DUST_WHOLEBOX_CLAIMABLE
4aa699862a129ce3603484a17a9c9b6a1b6f97dad23bf9f83b6607ec988e2c86,9h7K7uHUo4ZhVPP5wKa3dsCLZAjx7oRj2x1daxxc2DpSUC3hyJ1,1.290765508,1.15347776,0,867983,2022-10-26,1919183,2026-11-18,DUE_REST_OF_2026,FUNDED_RENT_WITHSTANDS
a17059a7edc1cf56a869d1736d80ac761e71a0991eabb618a405ea6bff9c2f17,9hKjV7PpsJUiounL5Q5ATpcC5f93Hudpmovb2hd3xQz1nLtkhhk,0.144562656,0.13352421,0,867983,2022-10-26,1919183,2026-11-18,DUE_REST_OF_2026,DUST_WHOLEBOX_CLAIMABLE
b70ae105c17126ad74605a89a724b9f2298a7fa316edaeee5474d023ec54b005,9gV2ug1mrgqvTJYeRyDtBXnhhE18Adc55JgpoFb1YL1UEGXbySu,0.161182444,0.14887496,0,867983,2022-10-26,1919183,2026-11-18,DUE_REST_OF_2026,FUNDED_RENT_WITHSTANDS
da7e800b7a53ac388a0d194690682eaddd186c3a6f8ce1488a6328111b0ab3c8,9gAcanEvEkDsnGFu16x34WAXQL9EBjBikNuDhdk96DmX316eh2N,0.180162439,0.16640568,0,867983,2022-10-26,1919183,2026-11-18,DUE_REST_OF_2026,FUNDED_RENT_WITHSTANDS
c0f9d5eedf15fce880c57e36aeff5baee7a385294a705109a651f37534f070b9,9g6dyUhiVd2hmZW4W9VRirwdH1DKNZcuVwWiuR2Wo1RMFRTZavE,0.01,0.86127213,0,868017,2022-10-26,1919217,2026-11-18,DUE_REST_OF_2026,DUST_WHOLEBOX_CLAIMABLE
b7f71755a69f199ae6972e48859d3ecdef591e99ec67167d49f0e38ff0c2281a,9fc6RBUnNKRWwEdMMf2KvJMYHLT6RieHhZQdKhUmp4FJNYwQxrU,0.01,2.02663576,0,868022,2022-10-26,1919222,2026-11-18,DUE_REST_OF_2026,DUST_WHOLEBOX_CLAIMABLE
9cebf6a9fad3917d001a9b88118ad8e552562a36f7ea02295effc0320571e7a4,9hyusuJqJigMcjGk2a6nFoQfenR3F13sn8u5XA8fRstLrz8PyPS,0.01,11.69610536,0,868085,2022-10-27,1919285,2026-11-18,DUE_REST_OF_2026,DUST_WHOLEBOX_CLAIMABLE
8b4a8bb4cd05b37725a096f5df891af9a657b2a8a6395a484721383d07fe8698,9hn9Q7x6ynPLB9ZXia4JpVgJ5PmePNMp4CiuydmNmbTf5jXH5Am,0.01,1.0625,0,868117,2022-10-27,1919317,2026-11-18,DUE_REST_OF_2026,DUST_WHOLEBOX_CLAIMABLE
7cf16222df77f26f3ece843862f355cc298cc3db781b40cd2581b44165d6b9d1,9ehG7utsKVQtEKHx58iGW9eL8wPBP1tTtEsw5PxCnpdBwvjHdtN,0.870267629,0.77964701,0,868161,2022-10-27,1919361,2026-11-18,DUE_REST_OF_2026,FUNDED_RENT_WITHSTANDS
85d7baba5a7b849fb74e80cce385708f12cc03eefe682acf1590f00fcb36f699,9fSw3fTUYZmNzCGN4Lzv5wzQ7dDUBkYtaUEuAXkwXzVqGmr1aDP,1.119543494,1.01623663,0,868161,2022-10-27,1919361,2026-11-18,DUE_REST_OF_2026,FUNDED_RENT_WITHSTANDS
9c80bf81f8728a90fb3b2ab394375a498fbabef20b9959f60c995d7156f8a53a,9i9gp7t7XA6TaHhyQfLcXAcmcV6ogCnogsLMGL6ckDU47yQ2F8y,1.286507803,1.19207186,0,868161,2022-10-27,1919361,2026-11-18,DUE_REST_OF_2026,FUNDED_RENT_WITHSTANDS
b6753572fd37478cd2d6fb8891672e96df5bc3e827cfa743b9f47f7c929e2c24,9gAcanEvEkDsnGFu16x34WAXQL9EBjBikNuDhdk96DmX316eh2N,0.582746802,0.53997035,0,868161,2022-10-27,1919361,2026-11-18,DUE_REST_OF_2026,FUNDED_RENT_WITHSTANDS
d2ce61b9aefbd96e9094dfb54f21541af641e48f300d83d5c47ce59aad940301,9gRsE3tH7W1c9bw29vRBDVZXFLACrWoApuL8inHCQ6W1TugViYq,0.012,1.06e-05,0,868161,2022-10-27,1919361,2026-11-18,DUE_REST_OF_2026,DUST_WHOLEBOX_CLAIMABLE
ff2fbd273afa7c1f509de753199e487d586718ef5dff5d7c03acab8fd3313567,9gV2ug1mrgqvTJYeRyDtBXnhhE18Adc55JgpoFb1YL1UEGXbySu,0.174689851,0.16186677,0,868161,2022-10-27,1919361,2026-11-18,DUE_REST_OF_2026,FUNDED_RENT_WITHSTANDS
5737843c861ec9f5c034d2ff113423fe977fe4ac54f2d0cd3f53df43ffcef2c8,9gGNPfiVbidfB8LhZuUQZo2N44VzaLftMy7JjnirvcEwkxpFzPe,0.01,5.50141487,0,868186,2022-10-27,1919386,2026-11-18,DUE_REST_OF_2026,DUST_WHOLEBOX_CLAIMABLE
59861a9df531d65f83cd941f2970e759b53438328c19b1ea9e1f0b545012ecd1,9eyCwFSy5WfxHmMh7EMsTzGHoqYJSgF9NM4yY8zysurkiU62EVf,0.01,7.8125,0,868253,2022-10-27,1919453,2026-11-19,DUE_REST_OF_2026,DUST_WHOLEBOX_CLAIMABLE
7bbfed07f5a97575c7f272f684b238b212d129b7ebd49cf59a6ba9aa654906bc,9ffAkVpQfxe6UHoPvpmGnnMvoYH4T7LUqiouwCu583bqJsck1q8,0.01,14.36754751,0,868335,2022-10-27,1919535,2026-11-19,DUE_REST_OF_2026,DUST_WHOLEBOX_CLAIMABLE
5c0e7c45594f1756be6834c9b53aab61ec171c07cd88728c2c08b3e55006c708,9h9p17gzXv3eGYit3fkiYqtCmBvu9XDyeFAB5QuXZGoM2QJBfG9,0.01,26.11343001,0,868371,2022-10-27,1919571,2026-11-19,DUE_REST_OF_2026,DUST_WHOLEBOX_CLAIMABLE
4718c89ff4966d8abb3f5b769e852e93eac77262b62b9499d72ef5b23df4cc09,9gyjzXor6Rn9y8kqaVUx28z9p6Zn7XBY2tN42f6hQpe5kwdFs7M,0.01,0.5,0,868423,2022-10-27,1919623,2026-11-19,DUE_REST_OF_2026,DUST_WHOLEBOX_CLAIMABLE
6074ab4ef7e064a9d071264c08f57319277d64d77444b14cd7aa94fe34f59767,9gfVYsUgfYs2LFp8aPaJm1TjrZHsLewjxsQ4vVxv2KRbLN4zALT,0.01,15.53349723,0,868444,2022-10-27,1919644,2026-11-19,DUE_REST_OF_2026,DUST_WHOLEBOX_CLAIMABLE
fa921cc230994165f81926a397207fc70c859c961eb188bc6ee2317e04502b7b,9fTCuevkaTA5DsDSe9Pr9n7Zu7T9oAcFYBKWrJxj8Un9AVpbLwP,0.01,3.25742939,0,868477,2022-10-27,1919677,2026-11-19,DUE_REST_OF_2026,DUST_WHOLEBOX_CLAIMABLE
2e9ec0035c9df82bbf751008f8df09aa8663145df292ec6849bd0bba8f25ead4,9fLC8EejXfquqZjxcjPBBKW2d4BCNj9umC8RgDVURK6VTEB76Ub,0.01,2.06360004,0,868504,2022-10-27,1919704,2026-11-19,DUE_REST_OF_2026,DUST_WHOLEBOX_CLAIMABLE
30e99487a1545fc4311937718f0820873b90fb8f7f7ee7d7a42b594cafd277e8,c5XsBGdCQFXGgn38mUHL9auNFNujZ45S3oHuTRybHQYCCcFWRihyefZ6sK5575FWXpsPzr78nHHZvH8jXgh6D5SpKUZ1FwVpHVTWtEpW8CkRCebYfBUNbNqEwWenoTZcae7NQpqLixAEZgoe4A3HiprFzKaHVdNEHR3rRzfEvWdXyPksWmAsCaYk4J3fEg3Bn1WPcxcMmGETMN3kPnZRvZgLK8rjpkKNELs6Gk46PzUMidb4UmayymEMyNULYYy7d3MTueqGWWimHBT33trhB5jQysBJVKNEMt2tUGke4Aneqymm3FUrjkVuAkcQ2EtsVsxZ4pyxQq3hXeYCNCNMkeg61ygZBAHKBzDc3pUfhRZX4GkYPRE9qbcRNsdroSKhfXcHe5bGUvqGq4LXovjxMw,32.738955,30.25753458,0,869261,2022-10-28,1920461,2026-11-20,DUE_REST_OF_2026,FUNDED_RENT_WITHSTANDS
859778a0a91f7eed019957dae6c6c63309f0d23556788bd3dc320b812a9bc1ee,9ft4QsZd2Ajamoj66hR961bJ8icZhNrif9PokV5VtXkbzvBBod2,2.02213831,1.8981867,0,869529,2022-10-29,1920729,2026-11-20,DUE_REST_OF_2026,FUNDED_RENT_WITHSTANDS
bca4b54cb8212048d9a17f8fba2195e608ac73089dba7314e32edd691e697e2d,9gAcanEvEkDsnGFu16x34WAXQL9EBjBikNuDhdk96DmX316eh2N,0.694230108,0.65167568,0,869529,2022-10-29,1920729,2026-11-20,DUE_REST_OF_2026,FUNDED_RENT_WITHSTANDS
c52719a9b1bb00b0d625f685f7d8ef6470902201c68a16bec843354afd7649a1,9gV2ug1mrgqvTJYeRyDtBXnhhE18Adc55JgpoFb1YL1UEGXbySu,0.220653539,0.20712808,0,869529,2022-10-29,1920729,2026-11-20,DUE_REST_OF_2026,FUNDED_RENT_WITHSTANDS
c6a526e0557e11908109abcf74d42a3a0b1a195e0bdb12c68135c9436f221862,9hKjV7PpsJUiounL5Q5ATpcC5f93Hudpmovb2hd3xQz1nLtkhhk,0.120231883,0.112862,0,869529,2022-10-29,1920729,2026-11-20,DUE_REST_OF_2026,DUST_WHOLEBOX_CLAIMABLE
0057a299368c5224b7d4406732f3be27d010fcc83444d1bc9e64c581b111cc39,9iJL8KvojmELgsdx3rY7AdJTHUutYebKmwUYWU3euDWo3LQ8CBH,0.01,2.06069965,0,870078,2022-10-29,1921278,2026-11-21,DUE_REST_OF_2026,DUST_WHOLEBOX_CLAIMABLE
6e911b0ed88e6dff6e7dc0926e467ed035f90be395eb5ea9b276e51722c44ffe,9gscnafEHprNtER2ZZWQ7UrXUGQMhDtdXVEi6kGiV6o1swc32be,0.01,15.75582862,0,870257,2022-10-30,1921457,2026-11-21,DUE_REST_OF_2026,DUST_WHOLEBOX_CLAIMABLE
285c1d736b273f3f3c17e3d369d83a8b2f20cf2212732e575b6b9a22cdf44644,9hcehNCfTBDWd53ktnqZGswd4JNiAyzvPux2Td87mfJ7Li1DRGs,0.01,151.56627469,0,870270,2022-10-30,1921470,2026-11-21,DUE_REST_OF_2026,DUST_WHOLEBOX_CLAIMABLE
2124cc6f0e67b72e08c6f101d4d68dcc4cd04b40dfbccb897758ec6354309e74,9iD3qkcUBsi5LGfMXYnBBzBg6p9d7vGPLRxE22nV7NzRQPorfRi,0.01,0.5,0,870504,2022-10-30,1921704,2026-11-22,DUE_REST_OF_2026,DUST_WHOLEBOX_CLAIMABLE
56caea2f4b4dd5d79e63b9f94f8230e23368eddbc30c880938c42b76e90ee231,9f9PKnUVd7rnBg35ZXMn1bepybzWRkkCcbynaEojCcQ77t6TRdp,0.01,1015.34102646,0,870514,2022-10-30,1921714,2026-11-22,DUE_REST_OF_2026,DUST_WHOLEBOX_CLAIMABLE
8d72593afea60ac6eba52d309700706288eef9155bf3aef167369163d8e81138,9f9PKnUVd7rnBg35ZXMn1bepybzWRkkCcbynaEojCcQ77t6TRdp,0.01,13.2835371,0,870516,2022-10-30,1921716,2026-11-22,DUE_REST_OF_2026,DUST_WHOLEBOX_CLAIMABLE
09095cbd993e1661afd96db3a9d3fd5589a03a64cd761c5262d87a2a4f02b406,9f9PKnUVd7rnBg35ZXMn1bepybzWRkkCcbynaEojCcQ77t6TRdp,0.01,13.06949348,0,870518,2022-10-30,1921718,2026-11-22,DUE_REST_OF_2026,DUST_WHOLEBOX_CLAIMABLE
ed9f6f94cee7cdf1ead2ae754e4c6b3d29949ba17029882e85c97c93ddebb643,9f9PKnUVd7rnBg35ZXMn1bepybzWRkkCcbynaEojCcQ77t6TRdp,0.01,7.07561123,0,870521,2022-10-30,1921721,2026-11-22,DUE_REST_OF_2026,DUST_WHOLEBOX_CLAIMABLE
b3f652cf150ab45acdb054d045215401e9b297cd2b624b40819105ec2b70e335,9f9PKnUVd7rnBg35ZXMn1bepybzWRkkCcbynaEojCcQ77t6TRdp,0.01,90.32028548,0,870524,2022-10-30,1921724,2026-11-22,DUE_REST_OF_2026,DUST_WHOLEBOX_CLAIMABLE
c5ddc03a82c63cda86486f0e086d0f2063504ee267b47fd29e5ff90bbe3fb4bc,9fVZ79sVyK76XJRXNXwinnyaRE2xKe8hjsQa5JHG2edwiXMQQNM,0.01,49.01589927,0,870682,2022-10-30,1921882,2026-11-22,DUE_REST_OF_2026,DUST_WHOLEBOX_CLAIMABLE
1acf0cf259f01b7bce6636b6a46d41b42ede9ca6b06ce8b151a20ed3fcdff682,9fF27KCCaaReRgT4AByCFDy36U6LSDRWzUrDriAdaKZrSXwPyj5,0.01,4.57926276,0,870764,2022-10-30,1921964,2026-11-22,DUE_REST_OF_2026,DUST_WHOLEBOX_CLAIMABLE
7f89209bf91089c3c2dfa7f9ffc51229a35549b9ddbf1dba055e545285c72ce3,9ftMLJpFVSoiughQ3PhdVKBc6pHEnKvZLMsYEw58SPxMoxjonzx,0.01,13.99682794,0,870824,2022-10-30,1922024,2026-11-22,DUE_REST_OF_2026,DUST_WHOLEBOX_CLAIMABLE
13b064074b6a03bdb240cd7875944467d1caa0c3e7b249cd56046b894e199096,9gFPFfNqzbALhjPSG5rLMP2cRYWpwiyrWy2ee64AaBazmmYCx2r,0.01,3.40120925,0,871110,2022-10-31,1922310,2026-11-23,DUE_REST_OF_2026,DUST_WHOLEBOX_CLAIMABLE
9f9fc9cd900ee86e2555570da2c40bfeb9caf33f3ba8dd475d8b55bdd4563128,9i74HzgqK728p3XkrQvUAWZbPdtR6R5Vc9TpvrzwLM2VRrgVjgZ,0.01,50.73447526,0,871128,2022-10-31,1922328,2026-11-23,DUE_REST_OF_2026,DUST_WHOLEBOX_CLAIMABLE
9029bf2855a6595c27472bfd0a4c8e4770c61c0a387b2150c91037fadf13e86f,9gXeeYoEKjhgTSoMV45kkTLTT3AbocMrjhHFtDSfZkDWni1RyU1,0.01,22.72539817,0,871249,2022-10-31,1922449,2026-11-23,DUE_REST_OF_2026,DUST_WHOLEBOX_CLAIMABLE
b6559a2ff3bbbbc887cfaa1ed7d39753247c0c3ad9ec0446ab7a88e40c17d90e,9ej8pteHaPDXsVR9uPnJ6iygUeqm2AYfwyKN1nfJ27saoxHUh9C,0.01,26.9375,0,871317,2022-10-31,1922517,2026-11-23,DUE_REST_OF_2026,DUST_WHOLEBOX_CLAIMABLE
7a6eb9a266dea095cf2b61b4d17e45d05ef12ad252f2b2f03a0cb407e8ed7de9,9f8mkYzonHH2Exf7ZQpKXWeMtuau3CpbwFDvSmhQAKVYAeqQFkw,0.01,114.73822298,0,871380,2022-10-31,1922580,2026-11-23,DUE_REST_OF_2026,DUST_WHOLEBOX_CLAIMABLE
454f8958bc32bd96953e2e48a964ec7c7458619b8adf96d870c69c98588274e9,9ft4QsZd2Ajamoj66hR961bJ8icZhNrif9PokV5VtXkbzvBBod2,2.098685007,2.56465764,0,871995,2022-11-01,1923195,2026-11-24,DUE_REST_OF_2026,FUNDED_RENT_WITHSTANDS
7df92675dffe427ca5dc54a93fbe2f355db3216eff5fff8be3b8cf38b8d43ca8,9ehG7utsKVQtEKHx58iGW9eL8wPBP1tTtEsw5PxCnpdBwvjHdtN,0.61174979,0.57425119,0,871995,2022-11-01,1923195,2026-11-24,DUE_REST_OF_2026,FUNDED_RENT_WITHSTANDS
d741df806cd56cc36defe1fbc6037738ba2c2422e9f8ad246cbfac2a3475a8bf,9h7K7uHUo4ZhVPP5wKa3dsCLZAjx7oRj2x1daxxc2DpSUC3hyJ1,0.522007535,0.48680775,0,871995,2022-11-01,1923195,2026-11-24,DUE_REST_OF_2026,FUNDED_RENT_WITHSTANDS
e98d42e1b596f7b6575eac4ea3e89557e13435f5087c2e23d42bec732579e21c,9hKjV7PpsJUiounL5Q5ATpcC5f93Hudpmovb2hd3xQz1nLtkhhk,0.166243572,0.20315476,0,871995,2022-11-01,1923195,2026-11-24,DUE_REST_OF_2026,FUNDED_RENT_WITHSTANDS
ec57e3b503d29a5783b6f9287379ba7e69052cc559b30b9837a0a4241472695d,9fPA4F8cFyoFAMNE3wQ7eJaYzXq1v2yqL3XJYF7HGDZAk4jgA8h,0.01,4.59520685,0,871998,2022-11-01,1923198,2026-11-24,DUE_REST_OF_2026,DUST_WHOLEBOX_CLAIMABLE
e58020cdbc28457a1e540e5e073c67b01c0347b7efe1c8acbeba176aea786aae,9hQdoShxKJVgdZs5urZpRawVV7r4eaXxRGzNViCFQymjHq6rh4k,0.01,17.30889959,0,872012,2022-11-01,1923212,2026-11-24,DUE_REST_OF_2026,DUST_WHOLEBOX_CLAIMABLE
e505e86b97b2a5b9a0e44d618c744f0877e757172930eeceacab2f91fa9721d9,9hgMTG4LnJqBaVp5QPrbHHkHQq6sPpK4tF6RJJXoP9mfJ9NkVsQ,0.01,1.625,0,872038,2022-11-01,1923238,2026-11-24,DUE_REST_OF_2026,DUST_WHOLEBOX_CLAIMABLE
28a109c2a8ad97d22ba0403ada3e31baa0597f702fed03816aaf1ab9bd9ca5e8,9gva2AZmDnDH3KiN97z8PMbJdv6fyrDJXwfEpeLzpWYTqFxB2h7,0.01,47.52428179,0,872195,2022-11-01,1923395,2026-11-24,DUE_REST_OF_2026,DUST_WHOLEBOX_CLAIMABLE
7fef49b3406bb12f2aff1f76f799cf2e47450c0188fa9857f66238c2c0c133fd,9fYTE58rqrTEXFQtJcs7sJteYMjCBi6ZdhQLePDRbfFdfGdQw1v,0.01,78.37739303,0,872325,2022-11-02,1923525,2026-11-24,DUE_REST_OF_2026,DUST_WHOLEBOX_CLAIMABLE
be6dd78c3838f956d1e39144745f137fe051f6da6fb8372c5cf3165a9b98c5b6,9hXzBdGrUJ4PbRFobxzDQBpbV1iZ4rApXXdKMgXvdhqu2sxuDRe,0.01,161.05374496,0,872407,2022-11-02,1923607,2026-11-24,DUE_REST_OF_2026,DUST_WHOLEBOX_CLAIMABLE
b2fb4ea73dd792ebfea91fd89525bdb3c879f20bd7b596d33d59ccc7777ea21f,9hXzBdGrUJ4PbRFobxzDQBpbV1iZ4rApXXdKMgXvdhqu2sxuDRe,0.01,101.62380782,0,872411,2022-11-02,1923611,2026-11-24,DUE_REST_OF_2026,DUST_WHOLEBOX_CLAIMABLE
a52b32ae72d2f99d25393525b4f435f79cdef28a69ffd975afbdedd599e53db4,9fjoUCEhWeEWvncm3hgiNDjPzTwkwzSvSgYLYdZ4Dr3b7vWZNJh,0.01,58.54920706,0,872447,2022-11-02,1923647,2026-11-24,DUE_REST_OF_2026,DUST_WHOLEBOX_CLAIMABLE
94e53883725e82b41226ce4a8fe44229985b3f7dc94107163609add4fdccf63a,9gJkwjtVGP3ab6ZYThEkSCz2fP8WUctqeA4gDt8gsBYCJYd19kG,0.01,3.32850055,0,872496,2022-11-02,1923696,2026-11-25,DUE_REST_OF_2026,DUST_WHOLEBOX_CLAIMABLE
8c3ea85a3edda316130cc895e687308a759923c46bb980c63e09a21d73c3493e,9hKjV7PpsJUiounL5Q5ATpcC5f93Hudpmovb2hd3xQz1nLtkhhk,0.120425515,0.15621216,0,872555,2022-11-02,1923755,2026-11-25,DUE_REST_OF_2026,DUST_WHOLEBOX_CLAIMABLE
aa43851623fdd3f93ed94b7a3278f664e5b551cf5e808cc91f073785ca7842aa,9ft4QsZd2Ajamoj66hR961bJ8icZhNrif9PokV5VtXkbzvBBod2,2.237599653,2.90254328,0,872555,2022-11-02,1923755,2026-11-25,DUE_REST_OF_2026,FUNDED_RENT_WITHSTANDS
affccf213ab2b5f47138fe29c435222fb760820a5090aea1794e99fdc62e129a,9fSw3fTUYZmNzCGN4Lzv5wzQ7dDUBkYtaUEuAXkwXzVqGmr1aDP,1.413956448,1.63285,0,872555,2022-11-02,1923755,2026-11-25,DUE_REST_OF_2026,FUNDED_RENT_WITHSTANDS
58cdd0f863b09c012b546482a6a423b76e4e9345abbc7ca36de03fc8638a1467,9i9FSBxDX6pSKfBVpbLsWVYQkqqkA64dbedQauUVLYg8tH4NUF7,0.01,420.99443438,0,872721,2022-11-02,1923921,2026-11-25,DUE_REST_OF_2026,DUST_WHOLEBOX_CLAIMABLE
6f71c74116346e06e77dd22336f29b0fd337ecd0ab39e2affd77c2f3a7e3fd7b,9feSVN1yZBSVBwm1nxi9ZFg8zeNTKuBaxXYeb9jg5ED5MRDFknA,0.01,543.29069891,0,872812,2022-11-02,1924012,2026-11-25,DUE_REST_OF_2026,DUST_WHOLEBOX_CLAIMABLE
ca42273b62843434de7574dd7b9098a602fe7cb509c67c1eb53719d0e3aa4e52,9emXnuc13j1TJeW8hGQnvXqef6VrqnU92HbLveuSnS7on2fX1w3,0.008,1.8763011,0,872817,2022-11-02,1924017,2026-11-25,DUE_REST_OF_2026,DUST_WHOLEBOX_CLAIMABLE
5a85ae34694bf52fe6eb09723936ebd28d1d8ea7e5977fd1232c343e332f1c15,9fX8MBWq9gB4KnHnhjisWNrobfpqAniquS6DEHyKvToVcJZN8d6,0.01,6.90906359,0,872908,2022-11-02,1924108,2026-11-25,DUE_REST_OF_2026,DUST_WHOLEBOX_CLAIMABLE
55f29ab72f056e8b8e1bad3825271cbaa4364742da9bd84c2848579636db0829,9hUgQtKhUK75Z28Nrd7o8T7FQe3F9Nvg8rH8p8NpqfcwRyFwVZF,0.001083024,68.05145718,0,873037,2022-11-03,1924237,2026-11-25,DUE_REST_OF_2026,DUST_WHOLEBOX_CLAIMABLE
75aa3e217936432bb053b4f9f055ecb0b17ee768a1f0430232d30c1e341636a4,9iHdsFXXA7egZxiqUtTDSAronnoLE7WjAGuGgsqBzncrbKZr1tZ,0.01,2.1875,0,873137,2022-11-03,1924337,2026-11-25,DUE_REST_OF_2026,DUST_WHOLEBOX_CLAIMABLE
ff58b384296ee0739d69f6fd4f3ab9179aed097ab591cd8c387860a50f9e0722,9guEFcsg3iB2WPqKAcYwTKa3wavFp9X26DvAdnJXFHVLKEqeExs,0.01,9.20999392,0,873174,2022-11-03,1924374,2026-11-26,DUE_REST_OF_2026,DUST_WHOLEBOX_CLAIMABLE
6f7227942dcab95d5f0bf97f9a4ac62212940f58c833b2e888bbfe4af47a5b6b,9fAxcM2v47fUgR2Te6gwhAD3GsEprgEcnkqVXubtX7eN4cxTgQY,0.01,48.71490043,0,873182,2022-11-03,1924382,2026-11-26,DUE_REST_OF_2026,DUST_WHOLEBOX_CLAIMABLE
df150f408daf1b7752314b8aa1d44c039342b16c665ce7b353df9dd3dc2760f7,9fAxcM2v47fUgR2Te6gwhAD3GsEprgEcnkqVXubtX7eN4cxTgQY,0.01,7.8125,0,873183,2022-11-03,1924383,2026-11-26,DUE_REST_OF_2026,DUST_WHOLEBOX_CLAIMABLE
36c55be67743073c0e49f74c48e022860668e5faefb726ab36f63a5a6ad822f4,9fB9k8384RZ9vBv16vxJbzu5Fqa25kVKytQD63L4sJB4H2UYFUy,0.01,47.51090507,0,873185,2022-11-03,1924385,2026-11-26,DUE_REST_OF_2026,DUST_WHOLEBOX_CLAIMABLE
4af5b0acd482ef8c7f971e0ef662f1730bb98de290ac7de41a4fddbe3b44e60e,9hKjV7PpsJUiounL5Q5ATpcC5f93Hudpmovb2hd3xQz1nLtkhhk,0.148582221,0.18131945,0,873196,2022-11-03,1924396,2026-11-26,DUE_REST_OF_2026,DUST_WHOLEBOX_CLAIMABLE
b2be630b85b04147e78def49160891708209808fec5b005fa30874383740bc92,9gGRjeVyyRhhfTcTmUnnrJA1pHuXAMp2M9iYeMJdrrc3QRpAbvo,0.01,2.62884072,0,873230,2022-11-03,1924430,2026-11-26,DUE_REST_OF_2026,DUST_WHOLEBOX_CLAIMABLE
4310351c2937bdec5a28fc1582d461cd41f629b20b9b12e0ec17983b0491e9b1,9fQrcSKXnBHu4kRiiqnj7UjLBBjA5qwzUdQduZiFJkUvnvdag2y,0.01,8.35154054,0,873276,2022-11-03,1924476,2026-11-26,DUE_REST_OF_2026,DUST_WHOLEBOX_CLAIMABLE
9a92f0bbbba99756a8416b5e1bb24c67cfbec716bc4cb0fed5c332c35518dadf,9hvMXucVdkSpKL8cwavbr4BbgHkreQnLB3S6s7P68JxQBpV1r2L,0.01,10.39136675,0,873281,2022-11-03,1924481,2026-11-26,DUE_REST_OF_2026,DUST_WHOLEBOX_CLAIMABLE
1238157406d7dccdfc810a90ffe524a28b6a846a272f04508a9bdf18324c5751,9hRoDsYp4GGPpxmXFnNrKZAEtEGyN9jryBkfm832SGtGMJqnJpe,0.01,496.080483,0,873292,2022-11-03,1924492,2026-11-26,DUE_REST_OF_2026,DUST_WHOLEBOX_CLAIMABLE
dbccc0281cfa25195d57c609ad57756b84693443a5ddaef108bb505f469c64e0,9hRoDsYp4GGPpxmXFnNrKZAEtEGyN9jryBkfm832SGtGMJqnJpe,0.01,22.25,0,873292,2022-11-03,1924492,2026-11-26,DUE_REST_OF_2026,DUST_WHOLEBOX_CLAIMABLE
0f7c852f56d3bc85f1ce8cea229948ed92e800f90acb0f52c1c2b155bc2205f5,9i9T8YRUSBbKLAiyoj2gFzJWu3X33C5MoCVZ8ukLu761PFdco8X,0.001,0.06210524,0,873441,2022-11-03,1924641,2026-11-26,DUE_REST_OF_2026,DUST_WHOLEBOX_CLAIMABLE
098beeed0a05901ef80f12d5c142b226f9884949260182ccfc8023fec8fdae0b,9ey8umftiSgp211eR9SAZu7QxnzWQQmBXNwEygENfNeUg1PgeSj,0.01,10.19683244,0,873632,2022-11-03,1924832,2026-11-26,DUE_REST_OF_2026,DUST_WHOLEBOX_CLAIMABLE
d72ad41ef6359dff7e9500a8489f17096455661c7a5d608575f3fa4758ec5993,9hxLzwXcE6JEKb1uJk3ubJZMV2kmg92QJRpCeebqpMFPkQqWEpd,0.001,7.67907107,0,873852,2022-11-04,1925052,2026-11-26,DUE_REST_OF_2026,DUST_WHOLEBOX_CLAIMABLE
1ac4edfecc34b29b7f9679e436c66b583c49dc9f3a9ebc38156b24053571b819,9gRVdLm4gZWgrLwXCBsghJZ7pgKgoqfdEuZoPF9HtNbLQQV1sb1,0.01,1.0625,0,873936,2022-11-04,1925136,2026-11-27,DUE_REST_OF_2026,DUST_WHOLEBOX_CLAIMABLE
3f532007928e24e6474e4b73133c8e3fc2f477cfa53016e8f24538337adcacd4,9gTP6dVnisBuyFsyA8uhn3TEakqTtM7enpxWnN7UxYGZnZc29zw,0.001,0.15626282,0,874113,2022-11-04,1925313,2026-11-27,DUE_REST_OF_2026,DUST_WHOLEBOX_CLAIMABLE
2fdf95ae4ff3fe7c45104883b8b24d45284f5373524a32b03de86d61973c5f50,9iCN3BuCNijRXH4cgF7EqPHJfSWBygaU3cNTm936goFrCa7i9xx,0.01,580.85109874,0,874127,2022-11-04,1925327,2026-11-27,DUE_REST_OF_2026,DUST_WHOLEBOX_CLAIMABLE
7c02f53413ef44477b21b5c096d16bc353befa0f5b16686ce76d8764e339847e,9fcHxwbfmv2vZyuENEo5vdh9VYMxfJ5xPDkr263RS9hY4SvLSiR,0.01,6.6875,0,874165,2022-11-04,1925365,2026-11-27,DUE_REST_OF_2026,DUST_WHOLEBOX_CLAIMABLE
4a05e0f0f69e54137123752948c6926b2d5a5d19458dceb6f13c6572c5da2178,9hKjV7PpsJUiounL5Q5ATpcC5f93Hudpmovb2hd3xQz1nLtkhhk,0.179390452,0.21525907,0,874181,2022-11-04,1925381,2026-11-27,DUE_REST_OF_2026,FUNDED_RENT_WITHSTANDS
1c3ccf6c3ce65918dc9109729d7d7add6abc19f88c8255faeae9ab9a92e1565e,9fSw3fTUYZmNzCGN4Lzv5wzQ7dDUBkYtaUEuAXkwXzVqGmr1aDP,1.50434062,1.81768679,0,874188,2022-11-04,1925388,2026-11-27,DUE_REST_OF_2026,FUNDED_RENT_WITHSTANDS
2bb20d219ee221c3c9601c5a7f82b03e47bb43ed6826d040b9056cc67a2ebf92,9hKjV7PpsJUiounL5Q5ATpcC5f93Hudpmovb2hd3xQz1nLtkhhk,0.186316783,0.22484105,0,874188,2022-11-04,1925388,2026-11-27,DUE_REST_OF_2026,FUNDED_RENT_WITHSTANDS
946cae70a3d12f444ab53ed7b29b30fabceed48f5785c6302dd502f0373b395a,9h8i5X7XBwhFPANXhGX8kATrdnQEZrAaecSq8XhHNq25LoDKK2S,0.008,2.0,0,874221,2022-11-04,1925421,2026-11-27,DUE_REST_OF_2026,DUST_WHOLEBOX_CLAIMABLE
4dd17adbb15a5cfdd4bdb99163bf5b1fb0f8995f89361999711ada051f245ed4,9hKjV7PpsJUiounL5Q5ATpcC5f93Hudpmovb2hd3xQz1nLtkhhk,0.172996874,0.21467361,0,874417,2022-11-04,1925617,2026-11-27,DUE_REST_OF_2026,FUNDED_RENT_WITHSTANDS
2ad91c9f9ebc1521766bc6bc72d30f2d83326ec6e20c427930972fd60b701a3b,9fU7FaVz2Ex95Wo8EBstWqyBuoKjmPzRitdQcE8XVNkPCDDi7Ga,4.179951331,4.27200649,0,874430,2022-11-05,1925630,2026-11-27,DUE_REST_OF_2026,FUNDED_RENT_WITHSTANDS
d446304b27385f5b5a1f98324a6d92baf9b33373ef7ed37f9959364ebc05c448,9hKjV7PpsJUiounL5Q5ATpcC5f93Hudpmovb2hd3xQz1nLtkhhk,0.165299484,0.20560405,0,874430,2022-11-05,1925630,2026-11-27,DUE_REST_OF_2026,FUNDED_RENT_WITHSTANDS
4e3c36beaf6da2ca9e50aa68587443667aff6c39facf8744dbfe4c7686e23672,9ftcxNG9KQKzYxzKwBHYvAHptcszSQLfdHhbmdko9UcMiptXwRY,0.01,4.72404893,0,874572,2022-11-05,1925772,2026-11-27,DUE_REST_OF_2026,DUST_WHOLEBOX_CLAIMABLE
2e1408c4aa496a418ac9d758a8291f827f52490cb5b93d2d8f2458fafbff657c,9eXYtZEVyHqWVLb9V2aiQt3NJtVWf7LB6LW7ymNb7yie7wMxcAr,0.01,37.32687168,0,874779,2022-11-05,1925979,2026-11-28,DUE_REST_OF_2026,DUST_WHOLEBOX_CLAIMABLE
353ca8833a57904544f2911f8617713498246620fa4c4315cf9c3b4dcfc0d1ce,9het7k1HtqHy3xfZEH5VP8QioLhYTPWR9Z3pfWZ5F6EqLi4YJdT,0.01,40.27346066,0,874825,2022-11-05,1926025,2026-11-28,DUE_REST_OF_2026,DUST_WHOLEBOX_CLAIMABLE
23bb869779c1bc7f9b360f53708ab1ddbfb3454e9261def73401a436c73d49d3,9h7S5jX1VMksTWDrUy3ttrgmY6UxzmvwP5nHi86NmpD2o6USRsh,0.01,121.98581376,0,874877,2022-11-05,1926077,2026-11-28,DUE_REST_OF_2026,DUST_WHOLEBOX_CLAIMABLE
0cb16670cb9e8b0fa836d19e064db3242715e259f22c1ffe1bce05e0c23a425e,9hxxnQGpvsMpjydEvdkK7Ait7h1XTQMiH53AoFRLnUTJTexNHGf,0.01,15.9951098,0,874889,2022-11-05,1926089,2026-11-28,DUE_REST_OF_2026,DUST_WHOLEBOX_CLAIMABLE
d277c78da6ef33ccde352f62e9e875c6e77601e4d63676310c8228604a0cef86,9g1Bj2hUYMjQgCY6VZmRxeJicTuRJzePy57e7GLdMP5Dbd6istc,0.001,0.25,0,874929,2022-11-05,1926129,2026-11-28,DUE_REST_OF_2026,DUST_WHOLEBOX_CLAIMABLE
2c9b4fd3ef48267a8e86729f66b5332144e2f4638b1e15913afdc6830e76627a,9fX8PddeMJTgwPuFkiu6it6rGwHTMLPGUAw3yfDSZuzNbQounoT,0.01,87.5471394,0,875025,2022-11-05,1926225,2026-11-28,DUE_REST_OF_2026,DUST_WHOLEBOX_CLAIMABLE
b862be87aeba2cf4f0ebd9a2e3daaad0599f44305abe856b32b5dd9af5f21df2,9gDJZ3DUooHasWm5szCHfWMSta6XBYaboSpnM6Ei5w8PnZV2ZLk,0.01,385.47708316,0,875085,2022-11-05,1926285,2026-11-28,DUE_REST_OF_2026,DUST_WHOLEBOX_CLAIMABLE
33299d32a6b462d0ae51213e959afa77f9e21d7c8e82f20f28a42598e061d74d,9h7xkRpXTy5bVB4wBy9LWDtTHCNBLKJGmwrrTaNXEtwDY6UJ77i,0.01,0.5,0,875202,2022-11-06,1926402,2026-11-28,DUE_REST_OF_2026,DUST_WHOLEBOX_CLAIMABLE
bb3487d87e0d136307c4a3a97246fe8d62e17eba0cb51295c5cea2106e424fdd,9eXg4vGqsuYjnRJBDth5uvbdEkiUCpPg3DLiqXgrRDhPgRu8NHd,0.001081577,33.45175885,0,875276,2022-11-06,1926476,2026-11-28,DUE_REST_OF_2026,DUST_WHOLEBOX_CLAIMABLE
471fc16da0fd807a8eb52b99803b044764e54c3bc7736d2d742a9f09a8d90819,9hEt5UP6TMSs7kbdbfdJoVupnPqCo9eS69H4REJUh24mKpWyPSw,0.01,16.25,0,875388,2022-11-06,1926588,2026-11-29,DUE_REST_OF_2026,DUST_WHOLEBOX_CLAIMABLE
d02fc066efb5177bb4f31faf0ec1d501532aba522650e21913fee9e1c0ed7a4a,9gaL4LjaphaCwESn8ELYhNNqtJTPSjgdGwWsC8RPQLKNEaLo5gP,0.01,0.81601377,0,875393,2022-11-06,1926593,2026-11-29,DUE_REST_OF_2026,DUST_WHOLEBOX_CLAIMABLE
70f9150933b958d80ab454e06bd0d68cf295a53e70c23091efbb5e4c877ba428,9gmC6PsGLXTNiA7htzxuu1Eb7r5RRDNrzbzuzotCbs2K4yNuosG,3.711887626,0.00060306,5,875502,2022-11-06,1926702,2026-11-29,DUE_REST_OF_2026,FUNDED_RENT_WITHSTANDS
f7fce5c09cdfe6748f8fca47407cabe63023c20b2d3c56718083f19fa8b4454d,9fi5JuiEabpTrDfuKRzEs8ewwLYyGLUp4jF2GuzBE53izQSjZfo,0.01,0.44091272,0,875540,2022-11-06,1926740,2026-11-29,DUE_REST_OF_2026,DUST_WHOLEBOX_CLAIMABLE
b52a4fa6b9f1f9e3074b49d2834e2bc82ee493cff93c6436cd16ca8b82738355,9hbXSKqR71rN79G6i3bpEVAS7aoZ5BZPwo88CMnZDQjZ9cXi1FM,0.01,395.80758255,0,875550,2022-11-06,1926750,2026-11-29,DUE_REST_OF_2026,DUST_WHOLEBOX_CLAIMABLE
73be7363445cfe857276bb3c558c961733af310c3149a1ef03307d623527d2ce,9gtdyNTVfziFsGzH7KNjMcUj4v8MtADx4Z3prg6MWyHCCWz9NJM,0.001,500000.0,0,875965,2022-11-07,1927165,2026-11-29,DUE_REST_OF_2026,DUST_WHOLEBOX_CLAIMABLE
4c2f7082d3b1a871093d1eb03b3adb924f046a75d4cc65c0b2fb3b8ffaaf1ed3,9fkx3Jg4tiadkLmN1Sopbwbyoy8nLWq8eJh1NtvgibCdq6PcJvk,0.01,3.63389376,0,876081,2022-11-07,1927281,2026-11-30,DUE_REST_OF_2026,DUST_WHOLEBOX_CLAIMABLE
7d8aab5c21d64656cbf9f9dfc3d6fe68743d05a16dbcc8ea3188c85cedcd1e10,9g8ECKDJ8eSpxxuyaPFMC8ZDcVMJgwp5euJxpuMwquqg9jV8x3v,0.01,47.51090507,0,876093,2022-11-07,1927293,2026-11-30,DUE_REST_OF_2026,DUST_WHOLEBOX_CLAIMABLE
9eafdbf609fa91f1d42627a2f003a2338a656afb93fcb2ab747f14744c7e61a1,9g8ECKDJ8eSpxxuyaPFMC8ZDcVMJgwp5euJxpuMwquqg9jV8x3v,0.01,1.0625,0,876095,2022-11-07,1927295,2026-11-30,DUE_REST_OF_2026,DUST_WHOLEBOX_CLAIMABLE
f9a2eae5d4aac9e6f102909271e6cd90acdfe885bfde056c2d7ed32fd8cd5244,9eoSGgycXxDMz6Zba3XrY6yHoqN5HuktdA3emZe4YCiSomeFoK4,0.01,272.61702253,0,876096,2022-11-07,1927296,2026-11-30,DUE_REST_OF_2026,DUST_WHOLEBOX_CLAIMABLE
4592e1d840b22e2e9d6553c31a3ca40c8f7837e105e71a40bbc3c1e4f746ddcf,9hNDb7GptiyNMqZsKwpWUfzPCzrDBTmREhJTE5dL2giZmtUNtPE,1.24475,1.0,2,876150,2022-11-07,1927350,2026-11-30,DUE_REST_OF_2026,FUNDED_RENT_WITHSTANDS
74ddda24a6c02dc0543d4f64a4a03e814b024b939d6d72e1b144076469628aee,9f8GFicScK22HjThrsSVxap4N8xyco5X6CYRAEbSBers5RdMeyn,0.01,19.65513246,0,876294,2022-11-07,1927494,2026-11-30,DUE_REST_OF_2026,DUST_WHOLEBOX_CLAIMABLE
b5347b1aa0ed812a109018e658c843200912cd57f3fe1c4313a18d5fb9d5566a,9gSykZ1UEicxTHfs8vsfRwpFcf8e9AoVYxkKymuSbwMDpRBCLgC,0.01,20.74730502,0,876312,2022-11-07,1927512,2026-11-30,DUE_REST_OF_2026,DUST_WHOLEBOX_CLAIMABLE
d6bbe737baa43bdd6d8512ff916131fe033e399cb521aafbed8e40c39328af44,9fDpRtK9CD8SAkhc5GN8KfUKqziGsBy2tivR5ki91JQME5gHNrZ,0.01,8.375,0,876638,2022-11-08,1927838,2026-11-30,DUE_REST_OF_2026,DUST_WHOLEBOX_CLAIMABLE
b009de24dc55ca55bfab5b2968cf90efd1dcd2e1190f67e97e0aa16aa8319a19,9eh9rVbo1HzTvzpLWpAT1rLAJPfVNDZfWZgh5QrGPDwJZKyog7W,0.01,50.32984564,0,876785,2022-11-08,1927985,2026-12-01,DUE_REST_OF_2026,DUST_WHOLEBOX_CLAIMABLE
8049029ff3d673710f7db094588fb3d55971301e978e9f6df8380a67169fc7a4,9fmPhy5sbc1K9PcQXvqeWV9cfDsCDBWbE1wL7DD4cLtK5vRhQ17,0.01,14.00564951,0,876950,2022-11-08,1928150,2026-12-01,DUE_REST_OF_2026,DUST_WHOLEBOX_CLAIMABLE
f93466fdce825085a9ff67a3a54ac724cdeb33baf0d7ea88aa2d17f4d8067ecb,9iBSEZNPW9tWkoYKbh4Mr96H2PNH3djV2xA6Xgh35zuCVta19iU,0.01,1.90292459,0,877072,2022-11-08,1928272,2026-12-01,DUE_REST_OF_2026,DUST_WHOLEBOX_CLAIMABLE
438e21be068355b24c7c90ed9be6e44d71da82f02e18650098e7eaa272ba1334,9i9FSBxDX6pSKfBVpbLsWVYQkqqkA64dbedQauUVLYg8tH4NUF7,0.01,15.38673126,0,877171,2022-11-08,1928371,2026-12-01,DUE_REST_OF_2026,DUST_WHOLEBOX_CLAIMABLE
75f7660ec3787179099a445ab4fad9395079842fd23ca5347de8641a970f3b2c,9eYjAJBJfs6ELVtCVDMnxivQJ2os3KoiWG3zwfG2HPChH5QZsfv,0.01,13.62890568,0,877191,2022-11-08,1928391,2026-12-01,DUE_REST_OF_2026,DUST_WHOLEBOX_CLAIMABLE
cd767f1d06cf589046151b3bccd013c82a749d87df2eb2fb1b058bb5dc22a3ff,9fo143Qe38cZsvDLNWmbWNaVhmvVhLdP5PP7e63n1Aye4cXhW9W,0.01,15.47133376,0,877444,2022-11-09,1928644,2026-12-02,DUE_REST_OF_2026,DUST_WHOLEBOX_CLAIMABLE
845f3007d7f5ae1eb7c9f629dfc8ac4f90e751ec0a96ca2d014011f6acf41cc0,9gVSwoGHnnCdxw5jJLRcmujCtqseTFuK96SfrBwJbPfEhKzihpW,0.01,94.19967815,0,877484,2022-11-09,1928684,2026-12-02,DUE_REST_OF_2026,DUST_WHOLEBOX_CLAIMABLE
3855c18ba528d5251d1fa4c5ee428961f72211cc32c34e7e4b0a50c38c83e72e,9hN3iSyXQEFebgHKfxwc9Gcrpu9bdzBGoVKAR3vjiMJBArHCRnM,0.01,211.68010065,0,877572,2022-11-09,1928772,2026-12-02,DUE_REST_OF_2026,DUST_WHOLEBOX_CLAIMABLE
9b0da03793fc9e1b551102056ec8078119461987718650d160aebcfff3171562,9gWgUt9yrcPGdkLXg5PSCZgvbxLWhAZxnJ1LSeNUZ7bDDxemKwZ,0.01,6.6875,0,877693,2022-11-09,1928893,2026-12-02,DUE_REST_OF_2026,DUST_WHOLEBOX_CLAIMABLE
8930a8064db07d04a19745d8b173bd4c1c37d47a158ea61da562bb40587c085a,9eYcuuP8SERFGSHgmL5uPSe8xuMDF5x93m8Jy7wtTVeZphbGQBA,0.01,6.125,0,877827,2022-11-09,1929027,2026-12-02,DUE_REST_OF_2026,DUST_WHOLEBOX_CLAIMABLE
2f0cd802d46860b43ffaa6af5eceba6c4bb736b0b5f43c711161390fa3ac745b,9fV5oCoufvozH2eu4ZHr7ticpNqQCZuqrhJJKVoVnmuf7pspTjU,0.274976326,0.29795136,0,878260,2022-11-10,1929460,2026-12-03,DUE_REST_OF_2026,FUNDED_RENT_WITHSTANDS
8379d4441499915ce6901857e231f68a434712d7fcfbe77ea0552c07ccddc643,9hGNHVtENQsmdYzm7qDiPk3DYZ5zLHwTuHBnGUEpjQZS91Nd5hd,0.566303759,0.6924938,0,878260,2022-11-10,1929460,2026-12-03,DUE_REST_OF_2026,FUNDED_RENT_WITHSTANDS
87d09676d48175315cf9bdddd5090cdd6f6d112fce5dcbddd5e2402ba28fa683,9fSw3fTUYZmNzCGN4Lzv5wzQ7dDUBkYtaUEuAXkwXzVqGmr1aDP,1.460066415,1.73872015,0,878260,2022-11-10,1929460,2026-12-03,DUE_REST_OF_2026,FUNDED_RENT_WITHSTANDS
c7bb164cd2bf53ad2d4ef92dbaa4bfcf98252bc797e10c51449c1ec98e761800,9hKjV7PpsJUiounL5Q5ATpcC5f93Hudpmovb2hd3xQz1nLtkhhk,0.186100313,0.20164951,0,878260,2022-11-10,1929460,2026-12-03,DUE_REST_OF_2026,FUNDED_RENT_WITHSTANDS
f2a8347799eaf399664d5d386163c795dd9939d0cac71618c7c5caca832b55b2,9ft4QsZd2Ajamoj66hR961bJ8icZhNrif9PokV5VtXkbzvBBod2,2.058037483,2.22999217,0,878260,2022-11-10,1929460,2026-12-03,DUE_REST_OF_2026,FUNDED_RENT_WITHSTANDS
4717323e00d72db25a6e17df0049cd5f9072a334c53e27bc7be44a465645cdd9,9fxR3Ygp6CYTqE6SaTZmvWNWyE8rRwWUrQML6vQw46GfmvtJQWh,0.01,17.62039844,0,878420,2022-11-10,1929620,2026-12-03,DUE_REST_OF_2026,DUST_WHOLEBOX_CLAIMABLE
3c093fdd2dadd98cc020e8253ca886bf6ca7778cac2f0ba72866f3d04b1f0d58,9fQAAB13ze7WSGy684mnZdVBuTyaPAhTp9s6JaQAAzWJFBXGVPD,0.01,42.91502346,0,878513,2022-11-10,1929713,2026-12-03,DUE_REST_OF_2026,DUST_WHOLEBOX_CLAIMABLE
f2e568b2bf0bb7e96bc54c2322aaf1951bbbf34695d5e08d5b3e5875a6450a9d,9hfkt9mPUyYpiDa8K7ot2YG3ZhWQum1orq2bVcJzr6bUKJ9zjvV,0.01,20.11601414,0,878528,2022-11-10,1929728,2026-12-03,DUE_REST_OF_2026,DUST_WHOLEBOX_CLAIMABLE
02673f09594130091edba4e2421753450db4b8d9c8bd3eb63d87f73a4082712c,9hx4dUtpneqEB3oNNqcPu8ypFaFS4PeMQz4WE4vAq4GCe4SCeUr,0.01,2.1875,0,878561,2022-11-10,1929761,2026-12-03,DUE_REST_OF_2026,DUST_WHOLEBOX_CLAIMABLE
387c071beb931ccba7f5246eb0db5a68eb3a00c89fc41eced4eed26dfadeeeed,9fV5oCoufvozH2eu4ZHr7ticpNqQCZuqrhJJKVoVnmuf7pspTjU,0.184505259,0.20782534,0,878778,2022-11-11,1929978,2026-12-03,DUE_REST_OF_2026,FUNDED_RENT_WITHSTANDS
5ef6cf6ee28b2b14e395c0c6c0399547bc4abbbcef6d6c82da2724f45bf2c533,9hKjV7PpsJUiounL5Q5ATpcC5f93Hudpmovb2hd3xQz1nLtkhhk,0.184350473,0.20765099,0,878778,2022-11-11,1929978,2026-12-03,DUE_REST_OF_2026,FUNDED_RENT_WITHSTANDS
d6fdbe92291ec78189d5d398d8f666f9752d2fa90f73635379fb4175fa66d832,9ft4QsZd2Ajamoj66hR961bJ8icZhNrif9PokV5VtXkbzvBBod2,1.972828679,2.22217942,0,878778,2022-11-11,1929978,2026-12-03,DUE_REST_OF_2026,FUNDED_RENT_WITHSTANDS
f8390611f892a6ca0c00af7cedc789a955bec45a1129fadf008f6e7d5a0caf2c,9gnNNBmVzAauWxnQPnJXs8KsKSWM23wuj7r5N58CbnjjqxRQS7U,0.1994255,0.22043469,0,878778,2022-11-11,1929978,2026-12-03,DUE_REST_OF_2026,FUNDED_RENT_WITHSTANDS
169e7ea0bc8f5c3e37dd696cee370bd9e8fd94e248173cb2bb088d0d5ecbd0bc,9fUQKeBQVgwt7UfRc1Sxm2u5jmccb8ZzoeA8VKjfGLfsjndGCQj,0.01,48.41390159,0,878832,2022-11-11,1930032,2026-12-03,DUE_REST_OF_2026,DUST_WHOLEBOX_CLAIMABLE
5e8b805276eaa2156bcc62a0b7d88fc8bc545053836f3286ff1118193a84328e,9ednEVrNgsACHTqbjQULZSYeJqEbKsnjWw89AsxeN5qkx8HVxZ6,0.01,48.71490043,0,878911,2022-11-11,1930111,2026-12-04,DUE_REST_OF_2026,DUST_WHOLEBOX_CLAIMABLE
7939113b9cae8c0ef7644e52053f8b1a4ccf5234d5163faf046e7bff45c779b7,9gmSHKdhMK7cetobS4WbB9gQtDQaKJFCsGCZe9gX6AhJdqmHiRJ,0.01,60.18378606,0,879184,2022-11-11,1930384,2026-12-04,DUE_REST_OF_2026,DUST_WHOLEBOX_CLAIMABLE
fa48925c47075cb23d659567ad5495d66f41a45f21c6c907943703a1d0cf6ff5,9gBCpH5LbakG6c6EU6arggeEsc9n7f9qWkQ6oBZ6gEuN4NQvnTc,0.01,15.3822716,0,879267,2022-11-11,1930467,2026-12-04,DUE_REST_OF_2026,DUST_WHOLEBOX_CLAIMABLE
abf48e60b65d31a2af618dfa78e38834ee32dd84c5d2a3b4df62308fdbb64476,9gH71BwpidBpP4nFL19VjWs6S9adXy995m5QH1G6eVk7cEmEd8C,0.01,1.625,0,879290,2022-11-11,1930490,2026-12-04,DUE_REST_OF_2026,DUST_WHOLEBOX_CLAIMABLE
33ce06b25eac49332aed63629724487cb74c5149c9989bbdfad4e7ceb1ff6b9e,9gsww2kTaBP2ByU69QfnboAagYcKaXLddNH1LKUpqVPJBpwjC7c,0.01,0.26114698,0,879473,2022-11-12,1930673,2026-12-04,DUE_REST_OF_2026,DUST_WHOLEBOX_CLAIMABLE
9833a9b39a3ea9a0cf64a5da1251c7f8dbf145fecf89248caa038980ef8414ee,9gWCTCDHJfyQgaXWsJDQdx1qRqH9zprxrudzjqHEAwknM8f8s4k,0.01,1.93766501,0,879987,2022-11-12,1931187,2026-12-05,DUE_REST_OF_2026,DUST_WHOLEBOX_CLAIMABLE
7722ec616795ea3d6e69f094bcc7f51791a493a5dcc1a0bf4a8fe5057697b70e,9h7HtN79JjH6RwVm9yfPLoT19WU2VwdTGASb8q8xDfYGQ45c996,0.01,17.375,0,880008,2022-11-12,1931208,2026-12-05,DUE_REST_OF_2026,DUST_WHOLEBOX_CLAIMABLE
0337c052d3e348308e01825ba7e73dc2849f11db0de3f47641c813a6a9f301f2,9gcrXza5Cw8vdhYB42da5vEXEBcoE9r8bP6gRMB2Hq32uVDnPAX,0.01,5.741296,0,880015,2022-11-12,1931215,2026-12-05,DUE_REST_OF_2026,DUST_WHOLEBOX_CLAIMABLE
b9abbec05a65581f91b4553f71a4e42dbe42188d1f45e49a007f3235618a9440,9hLu9MSmFdZZSoRQaXofFriVm4CaGvVbMvm2a2oBxojMfQzKudm,0.01,3.875,0,880176,2022-11-13,1931376,2026-12-05,DUE_REST_OF_2026,DUST_WHOLEBOX_CLAIMABLE
5a87c97924a144bfeae665464d019dd5520550f120c7c227ad17a087f817e2c1,9iEDQmtec54g58K6UhA2BCzewnanWptAvHCBpfY4CAgzR3sk871,0.01,20.70212247,0,880208,2022-11-13,1931408,2026-12-05,DUE_REST_OF_2026,DUST_WHOLEBOX_CLAIMABLE
763f9291f671c45cf7c3d4b112a2584b17b58436ccbdb2f5332b64a94ccd6834,9f3SrBzPzp1vcPDL9habQBmA1wp8iAt88UV65cKngZZgUi2ZY7p,0.01,6.6875,0,880883,2022-11-14,1932083,2026-12-06,DUE_REST_OF_2026,DUST_WHOLEBOX_CLAIMABLE
3b130a05704643299cd80b269f7b1edb52b97bb614a0b0fdc0a57b6695444808,9gUSC1dPgTqaiu1VBFPVEy4qjU6kRo5ccmQEwZe1idjBsy76nX4,0.01,6.10650413,0,882252,2022-11-16,1933452,2026-12-08,DUE_REST_OF_2026,DUST_WHOLEBOX_CLAIMABLE
f1fc0162d43c280437ff8bf93501e2a055eddfb78773aa2d52a45bc760540f53,9gUSC1dPgTqaiu1VBFPVEy4qjU6kRo5ccmQEwZe1idjBsy76nX4,0.01,6.16001504,0,882255,2022-11-16,1933455,2026-12-08,DUE_REST_OF_2026,DUST_WHOLEBOX_CLAIMABLE
1d9bc3c8d5c47c2764610d252e04f665dcbc6322696b66974c70f06b26981350,9fYfq7kpEDTnP4ehfzzT5H6d4cxAr4hf6WPEq6WRTM9GBt3qzYQ,0.01,50.98607155,0,882572,2022-11-16,1933772,2026-12-09,DUE_REST_OF_2026,DUST_WHOLEBOX_CLAIMABLE
4b97d9120ec8c0f43a7a16588b757541087a4a92d0fda56a68ab0f1f3138558c,9eaFBjARPdYTBhNuBoHDnAcwqbSgPAF9PHvp1n1bsXdHEwgVYyV,0.01,5.49309126,0,882670,2022-11-16,1933870,2026-12-09,DUE_REST_OF_2026,DUST_WHOLEBOX_CLAIMABLE
15aab796a4148533739a9d5ecd0d23187c0b1eb50816d382aee8c4668030be9e,9gf5HZF3EKD2eddyZvHunFQAVgAgfUoLPnuaqUX9CAdPuJ5gtfU,0.01,20.75549534,0,883688,2022-11-18,1934888,2026-12-10,DUE_REST_OF_2026,DUST_WHOLEBOX_CLAIMABLE
0b979c62a474b8136af00c6d467446ccad08b09cebd7c222ede8b6967fcfbfad,9hrsNVyAwczqwQGL8fkrxDLpyfo7o7BERr4gndt1vBWt3RLH162,0.001080255,5.46177935,0,883808,2022-11-18,1935008,2026-12-11,DUE_REST_OF_2026,DUST_WHOLEBOX_CLAIMABLE
8cb68bbad69de727e912502fa1b2966ae3ddddc7ca570e67f68944d005cf724f,9eeL7tcU77aGSsdSkbTcpKugcUBfWtpUk7DwmGtjoNnGQX8SH39,0.01,43.31149185,0,883918,2022-11-18,1935118,2026-12-11,DUE_REST_OF_2026,DUST_WHOLEBOX_CLAIMABLE
f70b63b9372b9ad3b695b7a0092270464dab7af17457b1e2374660fbc9d48b6f,9gEFoqxbNKvh8gTLLrjtLHdARFpnZXot4kacU8iZqj665gd6CWM,0.01,9.21872112,0,883924,2022-11-18,1935124,2026-12-11,DUE_REST_OF_2026,DUST_WHOLEBOX_CLAIMABLE
31bd87f408b883a343c42df340355a8b1e474961fb07a5a24f874862b4336fa7,9gXbJK8SFwmYhuGiKtSNypWB2T4C2koBH5MAXjMSQAeUNNC6824,0.001,12.77550038,0,883990,2022-11-18,1935190,2026-12-11,DUE_REST_OF_2026,DUST_WHOLEBOX_CLAIMABLE
f2a89e5e79d741ac473595402e7d2f7adb9406a92bf5e8faa25f024128b6255e,9hEt5UP6TMSs7kbdbfdJoVupnPqCo9eS69H4REJUh24mKpWyPSw,0.01,5.0,0,884013,2022-11-18,1935213,2026-12-11,DUE_REST_OF_2026,DUST_WHOLEBOX_CLAIMABLE
b5333b9e5b62d74fa0b54290ae328b4804babe68739b150eaf9458825f8e3459,9fWFoGED85HLxuVE9tDW3tg9CHmja5YTRNtmF2C7DAPYxx65oka,0.01,9.90265677,0,884056,2022-11-18,1935256,2026-12-11,DUE_REST_OF_2026,DUST_WHOLEBOX_CLAIMABLE
942e872f2e4ac7cde64d2fcf122019aeb81b6ae68eb6e4c235dac92b8136320c,9i6VUGqiVdEbA2WYGoG4gwp2GXkfNj23yj5wFuAuHwZsFZ5GCS9,0.01,2.1875,0,884100,2022-11-18,1935300,2026-12-11,DUE_REST_OF_2026,DUST_WHOLEBOX_CLAIMABLE
fb197804292f42f3e5ded0c40a3d83ca5b5bbd6faa3b247e7f70a8364989ade3,9enw2xhwaqiceKy6NdwvaiG27CLFbmF7qJgM4Epof4gbayKGj5q,0.01,40.40874678,0,884345,2022-11-18,1935545,2026-12-11,DUE_REST_OF_2026,DUST_WHOLEBOX_CLAIMABLE
102f7e74caf7bed491a5243082a13e47c657233d5b8a745b97b2f78445bfef32,9f3iqjFtHbEbfGBhSyvCks2sxmZX52uMwVjszbrtCKg7t4HgZyE,0.01,0.19529303,0,884366,2022-11-19,1935566,2026-12-11,DUE_REST_OF_2026,DUST_WHOLEBOX_CLAIMABLE
2f1a7d37c82459aa334ab5a598ae0653665cb67c70e62cf536a210261158a88f,9ecFUPMYaD9BRLncd5ySXmS6zAubBuz6HVHV6oPJ1RJ5Tgdj9Yy,0.01,12.72890239,0,884600,2022-11-19,1935800,2026-12-12,DUE_REST_OF_2026,DUST_WHOLEBOX_CLAIMABLE
7f6b909539581e11a8ba636b5670d8590b9a8c00ee426c8cc50337a11f3d242f,9eYcuuP8SERFGSHgmL5uPSe8xuMDF5x93m8Jy7wtTVeZphbGQBA,0.01,48.71490043,0,884633,2022-11-19,1935833,2026-12-12,DUE_REST_OF_2026,DUST_WHOLEBOX_CLAIMABLE
6bce227c0a638ff24a4b4059c437918571e768fa239d2d1eb03b6c6174a1f987,9h7kDsDmG71zUv7WvoDR5AjFBcEAyPCrWQrif35siWs2aBaQEut,0.01,102.74697884,0,885119,2022-11-20,1936319,2026-12-12,DUE_REST_OF_2026,DUST_WHOLEBOX_CLAIMABLE
1c0975ec6a8e59012f63b6c306c1985ac90a778ef32020ac84b61d9692623eb7,9i9zkc1bMiGEJVLD2Q672tPCAcfmf96GBTHN5x2efF8Q5hPVoaQ,0.01,34.25,0,885161,2022-11-20,1936361,2026-12-12,DUE_REST_OF_2026,DUST_WHOLEBOX_CLAIMABLE
7f8509224d20a4e4d447d4ff9b7ae1db996fa149a8ad54da50c966262cf7bdd2,9i9zkc1bMiGEJVLD2Q672tPCAcfmf96GBTHN5x2efF8Q5hPVoaQ,0.01,18.5,0,885163,2022-11-20,1936363,2026-12-12,DUE_REST_OF_2026,DUST_WHOLEBOX_CLAIMABLE
f6369ab6115be51b1051f3633005d11308b11bd7c0c5dbfab5046d248afd64a1,9i9zkc1bMiGEJVLD2Q672tPCAcfmf96GBTHN5x2efF8Q5hPVoaQ,0.01,36.5,0,885167,2022-11-20,1936367,2026-12-12,DUE_REST_OF_2026,DUST_WHOLEBOX_CLAIMABLE
57e049e569d490ba8e3381e985ae21c70a3d35265885aec70363829f52cf67b2,9i9zkc1bMiGEJVLD2Q672tPCAcfmf96GBTHN5x2efF8Q5hPVoaQ,0.01,18.5,0,885169,2022-11-20,1936369,2026-12-12,DUE_REST_OF_2026,DUST_WHOLEBOX_CLAIMABLE
3d638d3ef796e23b08c23fae76e145f5888b7b01ceac455202514aa763997093,9i9zkc1bMiGEJVLD2Q672tPCAcfmf96GBTHN5x2efF8Q5hPVoaQ,0.01,162.5,0,885172,2022-11-20,1936372,2026-12-12,DUE_REST_OF_2026,DUST_WHOLEBOX_CLAIMABLE
ac28c594b618974f209a216b21c05ba5a2af80201f18569c4ae576e68679a2f8,9i9zkc1bMiGEJVLD2Q672tPCAcfmf96GBTHN5x2efF8Q5hPVoaQ,0.01,70.25,0,885175,2022-11-20,1936375,2026-12-12,DUE_REST_OF_2026,DUST_WHOLEBOX_CLAIMABLE
ac5a4929a719fa87a33606a96560761ae4c60b1e3988482a3366aad333d100db,9fFEkuDMV6KxuFZvbV9P6q6ezUJN8KUro8cwDVKtF1YQgjg6J6s,0.01,7.71734774,0,885483,2022-11-20,1936683,2026-12-13,DUE_REST_OF_2026,DUST_WHOLEBOX_CLAIMABLE
7f1a2af66d83d4fba3c89efb46057673d3da19c1c6abeb88a0b4798005874b00,9g2cUFSxo8GqidxUbLiUcxKsjGYwznXChLedjpn2hxXvNHXiX3L,0.01,28.61505715,0,886003,2022-11-21,1937203,2026-12-14,DUE_REST_OF_2026,DUST_WHOLEBOX_CLAIMABLE
c70945cf79f7dc9888e0a4d7ab7e9f4d7cfd374a03198ea1cc7c2e37770a0835,9gknF7TmqgkueQgQooGmKQKsJUNzWvhsSVWePumeHW3gV3TTRRj,0.01,24.79920264,0,886197,2022-11-21,1937397,2026-12-14,DUE_REST_OF_2026,DUST_WHOLEBOX_CLAIMABLE
9395790a99960c7f7a46adbae10e821535a7d5561a7f2bd0a07f610a19b98b9e,9gknF7TmqgkueQgQooGmKQKsJUNzWvhsSVWePumeHW3gV3TTRRj,0.01,47.51090507,0,886203,2022-11-21,1937403,2026-12-14,DUE_REST_OF_2026,DUST_WHOLEBOX_CLAIMABLE
0592d25a2b8be0df30770efdc19635f41f95f54406172e542215a9cef5d30eae,9h1dcnXNuXL2X2FF41ayiJnCHYpZniWVww7qpg8Zwks7JLBNqwR,0.01,7.6172913,0,886219,2022-11-21,1937419,2026-12-14,DUE_REST_OF_2026,DUST_WHOLEBOX_CLAIMABLE
dd1d15055267b4c9d0ec70a5ab3c808f35f3ad7bbe141ea7c93ce1791e698c61,9hw5WfNWjifYVm2F8ZooQApvkHtDWtTiGuFc6nQnMwC5Q3CuCNP,0.01,3.46507141,0,886397,2022-11-21,1937597,2026-12-14,DUE_REST_OF_2026,DUST_WHOLEBOX_CLAIMABLE
2d267c44d7874f9ff1cebac587c7273e5f024cd22d23482f6157661316059fdd,9hiCetY5PAyY5bv6jPXCJjK8pEZd4ZqqiLi4ECxsmNMFfuWU525,0.01,9.5,0,886624,2022-11-22,1937824,2026-12-14,DUE_REST_OF_2026,DUST_WHOLEBOX_CLAIMABLE
3342ec83f2c40342c59cf0e43087221fb2264c40f46ddf620b0a33c182563a26,9fdm1RD6ZwnMK41ATMtfbXg6Sj4cgWJdUZnVggHxzCWaUMMfH8m,0.01,28.625,0,886663,2022-11-22,1937863,2026-12-15,DUE_REST_OF_2026,DUST_WHOLEBOX_CLAIMABLE
bbff65f2429dcdecd2ff9ff0b372b88f2dd7c50a5b5816c337baa77466c5b92f,9g6HB55siY8Xne6v7oyR8zGZsJKn6w9Dp2q1LqWyG1yA721hYi3,0.008,0.62286435,0,886783,2022-11-22,1937983,2026-12-15,DUE_REST_OF_2026,DUST_WHOLEBOX_CLAIMABLE
bf4f2192fbdade2bcfbd3eccb6d566b4b8bd404691e6969d7034e5fca93b30d0,9hzcNLyQ8xB6XoVnxEi77m2pHxcfMi6tqAPACfTSTTmVNSGh7n1,0.01,48.41390159,0,887069,2022-11-22,1938269,2026-12-15,DUE_REST_OF_2026,DUST_WHOLEBOX_CLAIMABLE
f67724f5786fee0f7472d341e5c9a4b5c6822a545e89f5bc73f4e82b7702be7e,9iHWCXi4gosguUxiNVdzJq6FSAx6YoThRCckJGKRBoaqB88wcBh,1.610171917,1.0,6,887143,2022-11-22,1938343,2026-12-15,DUE_REST_OF_2026,FUNDED_RENT_WITHSTANDS
4456784b811cde011cb7b1f13974a4b5321516865de894247b950f4c7e6c7740,9gtDHqu9GwoyfYmPioEaM21uSqyjdWYsF2gfk3wZCsV3XRhcWen,0.01,6.3173578,0,887191,2022-11-23,1938391,2026-12-15,DUE_REST_OF_2026,DUST_WHOLEBOX_CLAIMABLE
536fe5dd6f04c3108b64121510312c97eccc1ea5bf183e3e14f05ee6c254e836,9f5fidT225EJo7UwmyyLa6yuAsoYkWszQyZsCCqb5duF86WFdEq,0.01,2138.04818885,0,887279,2022-11-23,1938479,2026-12-15,DUE_REST_OF_2026,DUST_WHOLEBOX_CLAIMABLE
d545dd540f79f32f4cc55da3a8404a5b0573d60d1133e4d395b764a1c2b6a3e5,9f5fidT225EJo7UwmyyLa6yuAsoYkWszQyZsCCqb5duF86WFdEq,0.01,171.5,0,887280,2022-11-23,1938480,2026-12-15,DUE_REST_OF_2026,DUST_WHOLEBOX_CLAIMABLE
418b5f124bcaadb40314fadf2fe75c02d170743d06e01bf08d7a8d4c505d8edd,9hASmwg68ZjJQRkDbS2FLrX8iRCsJsLKnDVyxm9Zd5JAWbiKELB,0.01,104.0,0,887283,2022-11-23,1938483,2026-12-15,DUE_REST_OF_2026,DUST_WHOLEBOX_CLAIMABLE
2e8d28ad14f09119d3ecc80b75dc34d7a941686d5e11b8ae10ed59f1dd5ed27c,9gDQu8i4rmvM1DKHoqCgktpSPL7q9bLmctV7XXm3LradoZb285M,0.01,1.625,0,887553,2022-11-23,1938753,2026-12-16,DUE_REST_OF_2026,DUST_WHOLEBOX_CLAIMABLE
3c0fea8c47057e87f5d7175efa84d7e7a48cdefb4ca75c6dd7ffbd2b8df7f161,9i2JMqWFTsmUQ785prseyYi56VspW3TJFHGU9wDuRwEV7Ua5dKH,0.01,48.32949347,0,887578,2022-11-23,1938778,2026-12-16,DUE_REST_OF_2026,DUST_WHOLEBOX_CLAIMABLE
19165a980b7d0432e1345ef6f3d9807dcd60c7622d66e9e8ef0fcd7a82f4f455,9gbUc8y2NHco1qFF7faShdC6gEog9coYZPPuxpKTBgqi4CqhfDT,0.01,12.3125,0,887754,2022-11-23,1938954,2026-12-16,DUE_REST_OF_2026,DUST_WHOLEBOX_CLAIMABLE
db3b6c68b1ae7c1b8bfd1fb3d9d4c7a349948cac5b9b0a84d8b62ca80199d637,9gHHGbtESP4FdMLMMaFZiYWAwLVBvvxiw53j4CJa5wbZqkWpdE5,0.01,9.77121876,0,888354,2022-11-24,1939554,2026-12-17,DUE_REST_OF_2026,DUST_WHOLEBOX_CLAIMABLE
13768d7de35b66dab4f4991ae8285cc0e4b1f83b05c0f1f48b2a968073fe2667,9gAT65NksBP1uQnTinsTi12HCxLm6FEXmkYcPakuRTxJasf1M4e,0.01,30.875,0,888381,2022-11-24,1939581,2026-12-17,DUE_REST_OF_2026,DUST_WHOLEBOX_CLAIMABLE
20bd283089d2f11a03933976c43445fdb64a54bb769863580d8c7daea680caea,9fU7FaVz2Ex95Wo8EBstWqyBuoKjmPzRitdQcE8XVNkPCDDi7Ga,0.315345874,0.34486021,0,888506,2022-11-24,1939706,2026-12-17,DUE_REST_OF_2026,FUNDED_RENT_WITHSTANDS
380ab74b4c8816e705b07a4b971014ef0d5efe38cebfa7db08f6d08ca3216e7e,9gnNNBmVzAauWxnQPnJXs8KsKSWM23wuj7r5N58CbnjjqxRQS7U,0.434036607,0.3683552,0,888506,2022-11-24,1939706,2026-12-17,DUE_REST_OF_2026,FUNDED_RENT_WITHSTANDS
d8dc4637d128f4c94ad0970f1385a1aaa26c8c865fcfb10af5e86f2baf5072d9,9fSw3fTUYZmNzCGN4Lzv5wzQ7dDUBkYtaUEuAXkwXzVqGmr1aDP,2.218173038,2.00342665,0,888506,2022-11-24,1939706,2026-12-17,DUE_REST_OF_2026,FUNDED_RENT_WITHSTANDS
3e55d7ac556331175074aa34233f5837758814efcd7cc09697dc53159984a182,9gnNNBmVzAauWxnQPnJXs8KsKSWM23wuj7r5N58CbnjjqxRQS7U,0.938625196,0.7983136,0,888513,2022-11-24,1939713,2026-12-17,DUE_REST_OF_2026,FUNDED_RENT_WITHSTANDS
51baa07033ce6900ea373efd3204c5bdce15fafc5b42883ded7853acf5760e9b,9fSw3fTUYZmNzCGN4Lzv5wzQ7dDUBkYtaUEuAXkwXzVqGmr1aDP,1.724292686,1.46653457,0,888513,2022-11-24,1939713,2026-12-17,DUE_REST_OF_2026,FUNDED_RENT_WITHSTANDS
7571ad547998eef5864ebc4d9f1169f65716a15cfb0afcfd4f143047ab42bccb,9gnNNBmVzAauWxnQPnJXs8KsKSWM23wuj7r5N58CbnjjqxRQS7U,0.223601447,0.19074065,0,888534,2022-11-24,1939734,2026-12-17,DUE_REST_OF_2026,FUNDED_RENT_WITHSTANDS
064764ebd6b368ee3d192be1cf8afa6cd550ce054080b28565a19b34e810bb47,9gnNNBmVzAauWxnQPnJXs8KsKSWM23wuj7r5N58CbnjjqxRQS7U,0.210965605,0.18004473,0,888549,2022-11-24,1939749,2026-12-17,DUE_REST_OF_2026,FUNDED_RENT_WITHSTANDS
0cba518278c43f98a6be4763509c1892f3f270177c449abdeab6b8f7d782b4a2,9fSw3fTUYZmNzCGN4Lzv5wzQ7dDUBkYtaUEuAXkwXzVqGmr1aDP,1.791984152,1.52897048,0,888549,2022-11-24,1939749,2026-12-17,DUE_REST_OF_2026,FUNDED_RENT_WITHSTANDS
d1b5af3008252b1d84d9ffbf60b51cc9c18423e5bc5ef5581c3c87c20355fe45,9gnNNBmVzAauWxnQPnJXs8KsKSWM23wuj7r5N58CbnjjqxRQS7U,0.206076911,0.17584555,0,888557,2022-11-24,1939757,2026-12-17,DUE_REST_OF_2026,FUNDED_RENT_WITHSTANDS
4f56a1d63519d31f800db5c4247aff0144931f4f036afae1e5c8f67fb5bf1829,9fSw3fTUYZmNzCGN4Lzv5wzQ7dDUBkYtaUEuAXkwXzVqGmr1aDP,1.518814121,1.3001474,0,888593,2022-11-24,1939793,2026-12-17,DUE_REST_OF_2026,FUNDED_RENT_WITHSTANDS
8f2bd3457166f201265f35c4bd2232bf326a5a9e1f89f9d5477448d0b14b6d98,9gnNNBmVzAauWxnQPnJXs8KsKSWM23wuj7r5N58CbnjjqxRQS7U,0.194537238,0.1669475,0,888593,2022-11-24,1939793,2026-12-17,DUE_REST_OF_2026,FUNDED_RENT_WITHSTANDS
5082f5db1b43c26849856e8c324c727af4363617b88364d11f19eb35261cae82,9fCrk5ZPiXKWBvgGs1xtnyyxbrXQve6a8TN8hr9rowDn7Yc2x3o,0.01,4.00111909,0,888725,2022-11-25,1939925,2026-12-17,DUE_REST_OF_2026,DUST_WHOLEBOX_CLAIMABLE
2b857baa260658c7b35dca127f2f400106dd4eb8fbe7e213af374aef56d44c0e,9gAFrbrtUr7C3zcUtDkmAqh2LMvPJ34UD6cWfUVZdJkQ8a99cJq,0.01,93.6875,0,888844,2022-11-25,1940044,2026-12-18,DUE_REST_OF_2026,DUST_WHOLEBOX_CLAIMABLE
0382ca9a062ca5ac254009c8555ad500a3c015466ba1905f281c8c9db297ce61,9gnNNBmVzAauWxnQPnJXs8KsKSWM23wuj7r5N58CbnjjqxRQS7U,0.228413171,0.19007346,0,888852,2022-11-25,1940052,2026-12-18,DUE_REST_OF_2026,FUNDED_RENT_WITHSTANDS
308f31e08179837f05f356dd88bdf77d7cbe12b710b3df868e52168f7709ee04,9fSw3fTUYZmNzCGN4Lzv5wzQ7dDUBkYtaUEuAXkwXzVqGmr1aDP,1.034756233,0.86106984,0,888852,2022-11-25,1940052,2026-12-18,DUE_REST_OF_2026,FUNDED_RENT_WITHSTANDS
ef021d55e4b95470cdfd28e505df0357c34bde7dc9fff04763b0950052b1f714,9hLcAEpL2mYntYiYAPt8arWYVZQyPXK6fdDqLmip2Awnh6FQGgE,0.01,14.89439432,0,888970,2022-11-25,1940170,2026-12-18,DUE_REST_OF_2026,DUST_WHOLEBOX_CLAIMABLE
a11ef7b71bc6e0e16f335535eaddf034ba8fee1ca848daa0bc465485a90f62ad,9fnx81XAB639D7vyU6jyeELrq67yyvVGXMv8vkMSiuXQ9pz7AUT,0.01,8.375,0,888980,2022-11-25,1940180,2026-12-18,DUE_REST_OF_2026,DUST_WHOLEBOX_CLAIMABLE
e48f76594933899c140cfb416a910c8933271471af4ce48fc8d33a4e241ab3a4,9hPEjjztixfTYTxqZTDB4HSQ4PfxogbsAfVAxwPuAWfu99j2k4N,0.01,101.02716316,0,889323,2022-11-26,1940523,2026-12-18,DUE_REST_OF_2026,DUST_WHOLEBOX_CLAIMABLE
fa5406a408e294c8ad8d4aefb49b04379ccb7533f7ee8cb5ba985ac7e7ef3b34,9efxuFvF8jVaRjVDH8xYZRa5tTABgQDHaAHtFBQN5u787Zqcoe4,0.01,11.6800202,0,889678,2022-11-26,1940878,2026-12-19,DUE_REST_OF_2026,DUST_WHOLEBOX_CLAIMABLE
ac84e23afaefd5078c741d45bb8992e0dee650f3fa657c36a6b550786abf195f,9hZEJ1bGA8RhzJyPnJXa2hVix4gr3bKovZanTYRzVN5nrshdF4W,0.01,3.3125,0,889695,2022-11-26,1940895,2026-12-19,DUE_REST_OF_2026,DUST_WHOLEBOX_CLAIMABLE
42cb84a59926bfd67e95dbb7ed43d55e35dc0ee7d9b1a8432020f4dd9d3264de,9g43vGJSfamLkZ5CbAA9ruYGXYLaBKVHdU8hMW9L4xUibkUaDGB,0.01,26.05902536,0,889723,2022-11-26,1940923,2026-12-19,DUE_REST_OF_2026,DUST_WHOLEBOX_CLAIMABLE
7fe98a3ad1d17b8db2783f9f56c5e7d9f682ca9be0441b9f9486a9c1b80bec64,9ekDWnVaGxt4iyKkVmPxGyVv65iSd7s5zkPDeNjwXC9caD13qPD,0.01,6.84950407,0,889797,2022-11-26,1940997,2026-12-19,DUE_REST_OF_2026,DUST_WHOLEBOX_CLAIMABLE
840121d0808a21302b3da78667b89639f17df7d77176e205bcd237f4c92b4fa9,9hCPoCnrWdWfBRESdezCepD5V5EyN3k5adkMNtYeoo5JhNpdadf,0.01,15.125,0,889817,2022-11-26,1941017,2026-12-19,DUE_REST_OF_2026,DUST_WHOLEBOX_CLAIMABLE
342d1a71946d04125f952fb795b51517dc50ef61279a2468c677c010e3380e2d,9fMuzt3ctoQovimQJvwinx8ZMfkcR62SqGwapgFxACG9u6hGYhF,0.01,2.75,0,889831,2022-11-26,1941031,2026-12-19,DUE_REST_OF_2026,DUST_WHOLEBOX_CLAIMABLE
c8fb8f72927d3fa421ccccb4ec5e174b46215d04e892dea1aab12435dfad0578,9hrH23x7EDc3BmFXRfZ5kVag515GF6ZLz1KSd1gy41bR2kGWEeQ,0.001,7.25,0,890027,2022-11-27,1941227,2026-12-19,DUE_REST_OF_2026,DUST_WHOLEBOX_CLAIMABLE
7cb85e62cfe615c8a709da37d80d139b796895cad1c66e11ac1449eefc750c84,9erAwZjYeqx1t2KCSfpVgJDip3jqUfJBxCaTJKDKMWjG9eBLnSp,0.01,1.0141133,0,890338,2022-11-27,1941538,2026-12-20,DUE_REST_OF_2026,DUST_WHOLEBOX_CLAIMABLE
31174b25c6b78e802d707f02619439f8d5225937c44b6543b805fdc451e7f75b,9h9FGdiX8dR1XLtc75cbW96CENnPgzdJPy87CSCzqXzpjwprQ1J,0.01,47.81190391,0,890351,2022-11-27,1941551,2026-12-20,DUE_REST_OF_2026,DUST_WHOLEBOX_CLAIMABLE
de9a1e90dce80eb3f9da484312c8395f2a8c959e14b879db0095a706ea63a92c,9gUh3YanBRfZz7TLDrYS5EddLUyEjke5nfqu43dQgCwKzj5iqnE,0.01,2.46304475,0,890361,2022-11-27,1941561,2026-12-20,DUE_REST_OF_2026,DUST_WHOLEBOX_CLAIMABLE
1c57d9f61f20eea0f9f32bdd653fe62332830c9c425734a95ec515269fb294fa,9hw5GgumJWPhaVei1LGBaf9k2ouR7SFEis4uUeZuqLQgE1WVASR,0.01,20.4988476,0,890665,2022-11-27,1941865,2026-12-20,DUE_REST_OF_2026,DUST_WHOLEBOX_CLAIMABLE
e3e56dc33e26750376339a168770398204a89ef49b3b376279ef30543a460b41,9iAHpWWfutMFL2P8fnKE6K1Dfnqs8MmDQBoSAxVuu4rxCH4SJPc,0.01,6.125,0,890685,2022-11-27,1941885,2026-12-20,DUE_REST_OF_2026,DUST_WHOLEBOX_CLAIMABLE
8510c943c1b16391fd498951f1ae92f0f3770f912ca5ecab4b3afa7c9394b82c,9geANtkviN8HFnsgtUUPHN6qMEYZyzjhzSbAPAuVX61SWAjiygi,0.01,57.34751307,0,890998,2022-11-28,1942198,2026-12-21,DUE_REST_OF_2026,DUST_WHOLEBOX_CLAIMABLE
dcc4ea74833c0983443cc044537bf5e22d66366a00477a1f95d76cda5ae12f2c,9iCpxUPJmabwYuRH9b2pLogHG42u3B9XXc8u2qMzJvLPbhayo2n,0.01,71.90735023,0,891298,2022-11-28,1942498,2026-12-21,DUE_REST_OF_2026,DUST_WHOLEBOX_CLAIMABLE
699ffc0049225aba87a2501555f6702b62ca96c650502a536b87d5810e02c664,9hp9gJyX52sLbTts3DUwrdmfk9V12LBYuvJGqJyVLtKfqaGFVBe,0.01,668.90632325,0,891793,2022-11-29,1942993,2026-12-22,DUE_REST_OF_2026,DUST_WHOLEBOX_CLAIMABLE
0c67f9b7ca9a54a6fbded5c834a3bc43217fbe505697311cbdd5e58afb6340d1,9hp9gJyX52sLbTts3DUwrdmfk9V12LBYuvJGqJyVLtKfqaGFVBe,0.01,29.75,0,892392,2022-11-30,1943592,2026-12-23,DUE_REST_OF_2026,DUST_WHOLEBOX_CLAIMABLE
193efe4d36465ee461addfef34b14b586d67537d72d01a6ebedcad48c0597ca1,9hyg9t6QrX8Q8FiuKNtcMvbayMRU21zCnZ1Fq7war5pQThUnH8L,0.01,47.51121367,0,892697,2022-11-30,1943897,2026-12-23,DUE_REST_OF_2026,DUST_WHOLEBOX_CLAIMABLE
9402146329f4357e5cafd077c7ed047ed4c62c7adda92745cc0912995340d143,9gxWaG3NPA4h2nUAAdRXsU6JGHnPsvaWvaexTpm25pesAjbYMCD,0.01,8.1875,0,892948,2022-12-01,1944148,2026-12-23,DUE_REST_OF_2026,DUST_WHOLEBOX_CLAIMABLE
a71d6fea88be7a7ef24db82fee9794e1124834e991043c25da4a6339600ed6ac,9g6CHbBx9FvN4nQjnfSPUUpL2mUfzycxqtXavm6q7QMGc6Zg7QY,0.01,47.85671322,0,893083,2022-12-01,1944283,2026-12-24,DUE_REST_OF_2026,DUST_WHOLEBOX_CLAIMABLE
a83cd1a7d1d08ee0fa0c40f4cfc40323484e8fd52fd0e78b1c81ce43dc403253,9fV5oCoufvozH2eu4ZHr7ticpNqQCZuqrhJJKVoVnmuf7pspTjU,0.36098404,0.32828072,0,893492,2022-12-01,1944692,2026-12-24,DUE_REST_OF_2026,FUNDED_RENT_WITHSTANDS
d0fd0e529f3893b73d8e56adbf0293af836b3a26a3219b0c42dc54ac21b47b0d,9gnNNBmVzAauWxnQPnJXs8KsKSWM23wuj7r5N58CbnjjqxRQS7U,0.174893968,0.15904947,0,893492,2022-12-01,1944692,2026-12-24,DUE_REST_OF_2026,FUNDED_RENT_WITHSTANDS
4ecfa7f1edfe574388d5f01d3ef8d247845e6c936f37fae1c4b26d08bbf5a181,9hbdoU7C3RGYeLLRPharAsUzxtx3hcB4nDE5UKe6hgzdqeJw3nD,0.01,8.9375,0,893507,2022-12-01,1944707,2026-12-24,DUE_REST_OF_2026,DUST_WHOLEBOX_CLAIMABLE
95204024c935f8fca1dfe73a213121a0ca7cb6bc15e740c84fcae3b16d9741f1,9emYhxb4cTg96qDHrkD8bEajW8y1KQLszMVw3jm84Xxcx1ZmgXC,0.01,25.93910772,0,893696,2022-12-02,1944896,2026-12-24,DUE_REST_OF_2026,DUST_WHOLEBOX_CLAIMABLE
8d385505c72855c74b0d546baa4ddd36ec288fa3b1e8809003190b4b8c062db3,9gcjPPoHcaLcmAfZTVwH2HJTRZkLWigoPXkCeSMB37QXKhxzngE,0.01,7.49406838,0,894027,2022-12-02,1945227,2026-12-25,DUE_REST_OF_2026,DUST_WHOLEBOX_CLAIMABLE
69b3be3c02fe9d89a9ab9060976d8f93c865d1104fb2fc3355cbc81ea920ff08,9goQ7hGiV4JRjM5i7m137s2uAe2QRx82X3K4HgdpnNbT41B41Zh,0.01,211.35460753,0,894054,2022-12-02,1945254,2026-12-25,DUE_REST_OF_2026,DUST_WHOLEBOX_CLAIMABLE
8135c6bd4b5f5b481e116f7c1e22179fa047e2f7192e8763d9d67c6935fdf451,9goQ7hGiV4JRjM5i7m137s2uAe2QRx82X3K4HgdpnNbT41B41Zh,0.01,37.625,0,894055,2022-12-02,1945255,2026-12-25,DUE_REST_OF_2026,DUST_WHOLEBOX_CLAIMABLE
dd488d38994b7713c1ee35d063b5d3759b7a72b7f8262f23a163a3a1676ce1af,9gspbUbvKhoDD2mtnR7aG2YN2w2S1B5SpqNN6dqdJfbKPZzEwJc,0.01,2.92415914,0,894379,2022-12-03,1945579,2026-12-25,DUE_REST_OF_2026,DUST_WHOLEBOX_CLAIMABLE
70fbf835db728f2dca64c57a54b727107bc661a2323905f05ca6fc9349ab224c,9gggMRpsegSW44ggu3vSNWqHsUA4gFnXjqQM4kjRUyLCny1mmLe,0.01,15.93840321,0,894438,2022-12-03,1945638,2026-12-26,DUE_REST_OF_2026,DUST_WHOLEBOX_CLAIMABLE
76ad8f4ad2bc92473c703d5a1ac7d78fcb626251cfce6f9d84cfc474ad0ca127,9hC4vznETRMWnzCxEkJKspJQqzkAExFYow7J9MtzhLLYNaYAzFT,0.01,47.65254506,0,894504,2022-12-03,1945704,2026-12-26,DUE_REST_OF_2026,DUST_WHOLEBOX_CLAIMABLE
480a35f0fb4f48f6e439645fa49bb586b4130920de61825f8bc719f859d6a3ba,9fBW4yHVEuHkZkLShpWnqReqaiRG7dCuRKr1k3fMGGGCPSC5dme,0.01,214.0635971,0,895408,2022-12-04,1946608,2026-12-27,DUE_REST_OF_2026,DUST_WHOLEBOX_CLAIMABLE
cf269e85e5ba2b19129dbaec39e7453f65692851cb4109e3357360da0bf97541,9fStxtUKmMiEpCiWAzeGLMPMFGPMu45Kzq7hq9GYud2jHU5taNs,0.01,5.5625,0,895472,2022-12-04,1946672,2026-12-27,DUE_REST_OF_2026,DUST_WHOLEBOX_CLAIMABLE
1d961da6e733ec36565cc70a5adfe4f316a68fdf4589c9e58fd52f964b77f9fe,9gvv8SnPmpFiLRtiEhTZ7kKYkW2itAiAkYvdRTKodWiqZhNrQZU,0.01,64.79503443,0,895492,2022-12-04,1946692,2026-12-27,DUE_REST_OF_2026,DUST_WHOLEBOX_CLAIMABLE
f3d985e6ddc3cb8f204511e8e6b286c7abb171ba4e21faffe27f1da5b79805d3,9h7kA6qhyUAAGP5ZndowXZvcsekw7XdxoHEdSaFhv2WbxZLhx7e,0.21965634,0.64153697,0,896072,2022-12-05,1947272,2026-12-28,DUE_REST_OF_2026,FUNDED_RENT_WITHSTANDS
0cbdf050c9dbe7771f7affd9f9c2eebe01ada684cc1792a42c4e55c9c052c9bb,9fTRZMnARGsNk8azt4gKbNtEwD6HTyRBHVApZQy9tKBq3y9G5PE,0.01,0.94798655,0,896140,2022-12-05,1947340,2026-12-28,DUE_REST_OF_2026,DUST_WHOLEBOX_CLAIMABLE
2712e78dc8b7008aae8bb8d112aea4ef49d96b662f0466c305c1de05742c5cc0,9emzHQRkCp3ASKW1PqbXwFmsRpEJt5mmpfiSbxq8VgyStC9otFy,0.001,11.57333591,0,896520,2022-12-06,1947720,2026-12-28,DUE_REST_OF_2026,DUST_WHOLEBOX_CLAIMABLE
0c1b1c8ecef176032812b9f19971f4bbd33611e164627ee8fdea63494b5dfb3b,9hkWaz6r8GJd1zRN43KY8cSBTKpjU11W9CnFkdboy7RXAiZJjye,0.01,49.47315217,0,896552,2022-12-06,1947752,2026-12-29,DUE_REST_OF_2026,DUST_WHOLEBOX_CLAIMABLE
021ff39963d36af9780f2914982337ec919f36f2e5154dba8004e7c0407f83cc,9fcTyZGNYWfTkqXcST7TMPBDCbDffrdyZcai1cGvQSRN7Z2rewD,0.01,0.5,0,896810,2022-12-06,1948010,2026-12-29,DUE_REST_OF_2026,DUST_WHOLEBOX_CLAIMABLE
f51a9458d4407cb3f6920d058e99d0ef2b802945f69355a63ee1c06f2050e752,9gcdydQN4BoUNuFZyUBwpNcZAt6dMJerRfzdzjXBTfvRrBFGgTt,0.01,66.3125,0,896868,2022-12-06,1948068,2026-12-29,DUE_REST_OF_2026,DUST_WHOLEBOX_CLAIMABLE
9ce74e43698af80c63aa04adeea12b05c63d1201887a96227a141b7f2894f45f,9f4AjFSCz3LVGKceoQZUTYz5voYjwafjGivzKgTPfU5Cw4HvnBN,0.01,2.75,0,897163,2022-12-07,1948363,2026-12-29,DUE_REST_OF_2026,DUST_WHOLEBOX_CLAIMABLE
557a93bf5447b8be9f9d15abb28e996d8efecea72f0b44b8d38e53966470992e,9iQHUu93uxGweSP7CuAYGSF2QMJPD8vkbAXsoztYv3KtD1FRsvu,0.01,0.5,0,898750,2022-12-09,1949950,2027-01-01,DUE_2027,DUST_WHOLEBOX_CLAIMABLE
8a44699991cd0d93c7484363950abafd4b8d925605c17509b6f1df53b2069bbd,9hEt5UP6TMSs7kbdbfdJoVupnPqCo9eS69H4REJUh24mKpWyPSw,0.01,14.0,0,899097,2022-12-09,1950297,2027-01-01,DUE_2027,DUST_WHOLEBOX_CLAIMABLE
5e16640484bcb6c04f1385e52aa2f03499b81bcde3f6902a55fcb29aab96034b,9hEt5UP6TMSs7kbdbfdJoVupnPqCo9eS69H4REJUh24mKpWyPSw,0.01,11.0,0,899103,2022-12-09,1950303,2027-01-01,DUE_2027,DUST_WHOLEBOX_CLAIMABLE
db92649bb47fcb6a54b221a00526fd204c9da0176fd41587b875ecfd30aa4988,9gMnqf29LPxos2Lk5Lt6SkTmbWYL1d5QFHygbf6zRXDgL4KtAho,0.001,1.0,3,899118,2022-12-09,1950318,2027-01-01,DUE_2027,DUST_WHOLEBOX_CLAIMABLE
fe15c708ba4194d6b160ff4b7e0292e7020d42fb7b1dad059f0fc788d9d8e6b8,9eyfTc2uCr8BBAnq2zKXYxwPNs38rLmvaseHk9GmAFYCRcs7AtF,0.01,4.09362575,0,899248,2022-12-10,1950448,2027-01-01,DUE_2027,DUST_WHOLEBOX_CLAIMABLE
92128ee4b9df1b6b96415714c65652d062b97645345263deab4254acbba8d4fe,9gpjsWDmdffJCT8BbnPcJVnEMn34DzLSyhmWtCe3FqSpPX4V5RW,0.01,0.5,0,899626,2022-12-10,1950826,2027-01-02,DUE_2027,DUST_WHOLEBOX_CLAIMABLE
d2c129489c13fbe3d0a253f3a2ebddf02e17fc02befeb59240fb898bcb76205a,9fQ6Bw2KmmQmDAkRxpfK3TCBNi5TPFnp8UsJH1pr8QzLjJP8ySX,0.001,3.27685433,0,899794,2022-12-10,1950994,2027-01-02,DUE_2027,DUST_WHOLEBOX_CLAIMABLE
5a266aa26ecccf57eb2998fd6c7a216be9e143cc68871dc0159de84a72d8a156,9fTPJWL7h8fk7ZGPdqXqBg8QstPnKtV4EfddsDmCb18hNHyha1v,0.001962542,98.37594005,0,899989,2022-12-11,1951189,2027-01-02,DUE_2027,DUST_WHOLEBOX_CLAIMABLE
9b406e7dc5725a9d2afffb667043e09c8796ac5f2c142b9f8a0000c28bdd4dfb,9iLpwkPP8BJwAKJJDwfVunSho8surdHKfJsNNetv5dxVusE9U8R,0.01,161.02153099,0,900165,2022-12-11,1951365,2027-01-03,DUE_2027,DUST_WHOLEBOX_CLAIMABLE
53bf16877e8a162ee3f101f67409d9d872b6bb993fe01f5196ff1abeda8bb4e3,9i1Er8TiW5betDhEcvQ1MeW1wKHWsqqZkea5HswMmZ8rFY4PegP,0.01,8.1875,0,900282,2022-12-11,1951482,2027-01-03,DUE_2027,DUST_WHOLEBOX_CLAIMABLE
1f66cb30a28eee82b02a26bd8f06b925886f35346cdae1d231ef221a807a2807,9ewn8mQ5LtfNp6AiS5uLbTbYzC5V1XpwwQJvF3cmw3XqxYjqWMD,0.01,40.03566492,0,901009,2022-12-12,1952209,2027-01-04,DUE_2027,DUST_WHOLEBOX_CLAIMABLE
d9f9333fd5c86e9a634d765c3933f6db021b29a51ca34f2622cf132f78ad3455,9haLJ9d14W7Z6z3Lywfur8Fvfz7V4WYzC1rXXt3wJBAn6mMutSn,0.01,48.44530019,0,901057,2022-12-12,1952257,2027-01-04,DUE_2027,DUST_WHOLEBOX_CLAIMABLE
2a139cc15b9a0b536cd97915e444a1ec9cfdbe56ed9a3f2818ec9ee087741575,9g7GZdqKxUgPstwv6Ei4k7BGodtEYWJz67sGVxuYHERhrp1fiP8,0.01,47.9065186,0,901579,2022-12-13,1952779,2027-01-05,DUE_2027,DUST_WHOLEBOX_CLAIMABLE
9227bc73929fe5d4cb9368989ffd9a24440a5b9bba2c6f7c898b0add4c0f163a,9gnw44yyezYjk857jVUNAKapEswZYeHHUyPpTADWdeGWGsoeSiY,0.01,32.81974369,0,901582,2022-12-13,1952782,2027-01-05,DUE_2027,DUST_WHOLEBOX_CLAIMABLE
6750cfc49487d50be7c9380ce2cc97099ff26e79e93012ff306a5e6b5dfcf93a,9fDM7JfafPB2xvZa1UjbXsy96Y7wGFQqXuAWHnu7VwwYqVUypok,0.01,5.53735549,0,901931,2022-12-13,1953131,2027-01-05,DUE_2027,DUST_WHOLEBOX_CLAIMABLE
39efdd608ede2dea163289472a7e491a7a63e4ec5546e50d246f9f5f8e88cab8,9eoAzjP41g7X7SYhKTN6Qk1M9s16R4FKkoYEofSNVUsxJvCUfva,0.01,10.625,0,902042,2022-12-13,1953242,2027-01-05,DUE_2027,DUST_WHOLEBOX_CLAIMABLE
54471183ecfab32b4e7b2f1a524bfb1b1fb1e4410319d917cd560e10e77e73a5,9fLemNXiYyJiKK4Rr22seYbuT6HnskLeqGDVZi2dphqRmB7Pepr,0.008,0.00938492,0,902415,2022-12-14,1953615,2027-01-06,DUE_2027,DUST_WHOLEBOX_CLAIMABLE
411e5ed91042dbcb376a238bdbdfb416e22cbe1b7c5a5e531bb0dcb75398c424,9fpq5jW613xYNLxYuGLSPsuBiWmz3jwhdyNvxFYLLMi2jEXZGn7,0.01,2.1875,0,902465,2022-12-14,1953665,2027-01-06,DUE_2027,DUST_WHOLEBOX_CLAIMABLE
f2f7377dd6d8ec4b9bc581e7783cfa5ea9ea2c4e06c992bf1f5d126d4c00ce51,9f5zSkDjKxC3yTSjsSxAjU6t2uAyhcUL8WPY7c32BKhziBNDP7E,0.01,337.54830266,0,902640,2022-12-14,1953840,2027-01-06,DUE_2027,DUST_WHOLEBOX_CLAIMABLE
c47dd99bb329c84bebdd6012a2b557f26a8b39674cf28e053eef224cbe31f51b,9f5zSkDjKxC3yTSjsSxAjU6t2uAyhcUL8WPY7c32BKhziBNDP7E,0.01,26.09763198,0,902659,2022-12-14,1953859,2027-01-06,DUE_2027,DUST_WHOLEBOX_CLAIMABLE
985d91f89dc04fbc9941af3cfe0b7960d93d44ea63e4301ac0c0d4c959c2c534,9f5zSkDjKxC3yTSjsSxAjU6t2uAyhcUL8WPY7c32BKhziBNDP7E,0.01,12.85607478,0,902664,2022-12-14,1953864,2027-01-06,DUE_2027,DUST_WHOLEBOX_CLAIMABLE
9c64cd102ba62bdd990d1bafaef5bcc6f4dac3e3e9cc66bb537ca3f45ffc4de6,9f5zSkDjKxC3yTSjsSxAjU6t2uAyhcUL8WPY7c32BKhziBNDP7E,0.01,22.92131359,0,902673,2022-12-14,1953873,2027-01-06,DUE_2027,DUST_WHOLEBOX_CLAIMABLE
3b6c28b041cca2700d612a59b618683e2372c44b765553d863bf6c2d1c8de24c,9hdXruNwGeCsUiYMLeHEk4UiZWv9hwLjSxM8okWSxnjSKmW2C7N,0.01,49.61789696,0,902681,2022-12-14,1953881,2027-01-06,DUE_2027,DUST_WHOLEBOX_CLAIMABLE
5263fd762eb4c275fb5af42352d0adecd00ca05a1688856cc09a26fb8ae63349,9ectYMxfeAQNrW94Upf76AY6L6LwTo2qg1ksVBnEYkTgEuWrL1T,0.01,28.8125,0,902686,2022-12-14,1953886,2027-01-06,DUE_2027,DUST_WHOLEBOX_CLAIMABLE
3260f32c8189e5997b5979e927950bceb74656560a6991d1447ee253882cdff5,9f5zSkDjKxC3yTSjsSxAjU6t2uAyhcUL8WPY7c32BKhziBNDP7E,0.01,17.66595518,0,902688,2022-12-14,1953888,2027-01-06,DUE_2027,DUST_WHOLEBOX_CLAIMABLE
23db1cd4ee5fd883798ed1139dba8512952b4cec7cc9e38dbb4090fbf1bac016,9fmdLg3B63244d1fmw9dTSHE9ZggL9jBttcP9PqRbDSTrggTWSp,0.01,48.15621893,0,904208,2022-12-17,1955408,2027-01-08,DUE_2027,DUST_WHOLEBOX_CLAIMABLE
2c4bd20be5900d08545589e42852d222f48ca56e4bee1175fbd40ac99868d173,9iCcsjA22zUg4rfENG6XFVjmNE7eMJzxsmo9xDB3ryRTA231oLy,0.01,17.375,0,904217,2022-12-17,1955417,2027-01-08,DUE_2027,DUST_WHOLEBOX_CLAIMABLE
7f1936fb943574f215083a9c7ad2e57ac89193f1195b5ccb912ecaa3bbc8318d,9iPkQvnXCUXMU3UTdZ1PhfweJqGgapetJTmHxVz19aCDzLZfyXr,0.01,1.22108314,0,904625,2022-12-17,1955825,2027-01-09,DUE_2027,DUST_WHOLEBOX_CLAIMABLE
4e959cba9b888e7d7df8f49e9a872c2375f19ae3a0c1aa6799312c8acb752c89,9g7AL5PmYN4zt346GEDmdhaRPGV4CchRSWH5gYtGWpqHSyn4U7v,0.01,49.31689811,0,904642,2022-12-17,1955842,2027-01-09,DUE_2027,DUST_WHOLEBOX_CLAIMABLE
b27ac8c3c8241be1d03d54a2c7f10d7ee3cb157284983e8b49490df96cb42e6f,9g7AL5PmYN4zt346GEDmdhaRPGV4CchRSWH5gYtGWpqHSyn4U7v,0.01,1.625,0,904642,2022-12-17,1955842,2027-01-09,DUE_2027,DUST_WHOLEBOX_CLAIMABLE
0bec8b566099423d7188a28433652d93c72fb07081298eef2cc087ed896e8613,9g8H7kXRFfvm3Nr9gJeadJkaQod2CJBo7b5x3BxdD6Wu6tYd4pg,0.008,0.51090507,0,904702,2022-12-17,1955902,2027-01-09,DUE_2027,DUST_WHOLEBOX_CLAIMABLE
fdccefcacb7f14ff4bb2fac5c8a1a8adff1b19112004e5511dcc5fc931af5efd,9fqi8swbF21p6Saz9b239TRc1WmBSGc7hXvFG1bfQFDmT5pLTju,0.01,2.5625,0,905064,2022-12-18,1956264,2027-01-10,DUE_2027,DUST_WHOLEBOX_CLAIMABLE
0a176812d7abc7f5a742968bf32f73162adf1232fb77170dc8186f5a77ec3d75,9iCbtz3LncmpaRYMnK5UFgKmeVbZVeR2f4M4oAFY6KCEu1gqTf2,0.01,48.71490043,0,905186,2022-12-18,1956386,2027-01-10,DUE_2027,DUST_WHOLEBOX_CLAIMABLE
6f371440bce231b74357ca330d79e60daebc6405102a506bf306414550f46d23,9iCbtz3LncmpaRYMnK5UFgKmeVbZVeR2f4M4oAFY6KCEu1gqTf2,0.01,5.5625,0,905188,2022-12-18,1956388,2027-01-10,DUE_2027,DUST_WHOLEBOX_CLAIMABLE
80e2097ed70e51946acfafd4e9a7c3aee276d8031023823918c5c1437b7555f9,9fqi1haxiinHp9YhPAsoKEj3EdgLGFB3cJD1Z6ryvEpoBXtK1HK,0.01,199.26973465,0,905232,2022-12-18,1956432,2027-01-10,DUE_2027,DUST_WHOLEBOX_CLAIMABLE
8cebf8a599391adbcf9374eb953a3898cb25935be3b059cd6131b45dbb8b4d6f,9gyXHcspeEFyDtYViTUyR75L7RV1FKJRoY7dJXp3nUzxuwt8CJD,0.01,41.0,0,905332,2022-12-18,1956532,2027-01-10,DUE_2027,DUST_WHOLEBOX_CLAIMABLE
547e65a9d72d7ae4141dbc8d0ca16bc9976349358b13f30334bb9ceae918786b,9gVXzeAwyrTWrf8szSXDSakKvmSmD6qDTecLFiLekktaDHpfyJt,0.01,6.125,0,906260,2022-12-19,1957460,2027-01-11,DUE_2027,DUST_WHOLEBOX_CLAIMABLE
396e480436c5f6c8d6d98726d953ed1bbbfcbc30113070f40add054f453c617d,9fHsW7Amay5xT52syRTsVxLg7cg8CJN66KuEFtBmdYSTzc9Csw1,0.01,7.76360361,0,906921,2022-12-20,1958121,2027-01-12,DUE_2027,DUST_WHOLEBOX_CLAIMABLE
96e3e3c3a2516c7b1d67329bd6853359d2ff138726015cc73c552a275167cb0f,9gxqeXTv4VHq3aE16StQ84vTEhs67oJrJHNEmS4PJVLZyxcnRCL,0.008,2.0,0,907313,2022-12-21,1958513,2027-01-13,DUE_2027,DUST_WHOLEBOX_CLAIMABLE
c3a221c2cd43cfb7bf3b32746cceb9903af001b24f125765f4a3dc0f874e28f2,9fq6tZuyBst9tozZiTmVci9joBxKtNCskCfCjzFTrjNr49ydLAz,0.01,13.18302244,0,907382,2022-12-21,1958582,2027-01-13,DUE_2027,DUST_WHOLEBOX_CLAIMABLE
e749cfdf0c7f2f837894793cdd2bae3aa855674cf39f17add847fbcd3f623a47,9gAT65NksBP1uQnTinsTi12HCxLm6FEXmkYcPakuRTxJasf1M4e,0.01,7.25,0,907514,2022-12-21,1958714,2027-01-13,DUE_2027,DUST_WHOLEBOX_CLAIMABLE
90522cac523b01b77ff6ef4b8cda618bf23c73ca3a03fcf95c7338bb51e70d2f,9gH7jYwSfUNeabibroC66r1NWQ3Vaj6KncyAdJ9uxuBbZWFJZzv,0.01,1.625,0,908102,2022-12-22,1959302,2027-01-14,DUE_2027,DUST_WHOLEBOX_CLAIMABLE
31d94e4d11a22e1a418f1c49b301bea583b454300a0c58c24ebafa19724da4ec,9gDgyByQuxqYHwyZu65sbsL8Jy8rzfR5VvdRAMsaNs5T7NUDLtW,0.01,17.61023165,0,908271,2022-12-22,1959471,2027-01-14,DUE_2027,DUST_WHOLEBOX_CLAIMABLE
f0570e79502e388a681227f767467057109f6c6df9e76961ee152274aab71bcf,9iLtDWoTX5QrU8acy5ykEXYy9vUuxv8yp9ariGmGEmczrKN4nQJ,0.01,17.06020347,0,908651,2022-12-23,1959851,2027-01-15,DUE_2027,DUST_WHOLEBOX_CLAIMABLE
2c0e9bd00da62adf73800ed79d006880380651d9d083c92e7ca65e7d694cb5b3,9hCe2tZUicV75y4TYmcen6qfoihV2dxSaC3YjWdGESYu4DKmodB,0.01,45.40503691,0,908654,2022-12-23,1959854,2027-01-15,DUE_2027,DUST_WHOLEBOX_CLAIMABLE
07486d1f4ea2da98e40fd57f0ed0b2a97624318668a61035d7bb73af6d3f51de,9ejaHog4AMJ2APFcK5WhBoLzqrnFQpNVpaNQ4ctMn334sYksbNg,0.01,49.95360603,0,908922,2022-12-23,1960122,2027-01-15,DUE_2027,DUST_WHOLEBOX_CLAIMABLE
205c7ab5fc4b8b85cc4eb190872dc6c1866749afbba040b663a5c5a95429a383,9gvEXEWBSeYyTebr6R2ehVADE5G2ctx5ABnKqkknto1Mn869c7t,0.01,0.5,0,908957,2022-12-23,1960157,2027-01-15,DUE_2027,DUST_WHOLEBOX_CLAIMABLE
07a3448c737ba0a79cab4f2ff7c468468d2215fe95d50b31033105a5f71fb741,9f3hDb2w4hACX6dDp8RKQDvziEXnRFT6C6DjzwSj76YmxhpVvdr,0.01,11.98561997,0,909101,2022-12-23,1960301,2027-01-15,DUE_2027,DUST_WHOLEBOX_CLAIMABLE
b67910b22c67376031a98371f7967951541f34309f95464bad39c37024077380,9gCZvZTeXNXwZri33mgLQShXMuPUDgmtN7T217YfdnNjPTGsdVx,0.01,72.6875,0,909302,2022-12-24,1960502,2027-01-15,DUE_2027,DUST_WHOLEBOX_CLAIMABLE
8e4c9f2b90508d7ee7cb5b39be59223dc3d92a2f245637a0878dbea592d04767,9gCZvZTeXNXwZri33mgLQShXMuPUDgmtN7T217YfdnNjPTGsdVx,0.01,40.4375,0,909311,2022-12-24,1960511,2027-01-16,DUE_2027,DUST_WHOLEBOX_CLAIMABLE
bd7a4150d9fefa3e5f6cd796632a45322dffe44cdbb4edbd2bdecbdfc870901e,9fgx1wSs1LviNhJaaEhYsY6c9L5RfpVpmjiQG8dFiKuDg33Vp7Y,0.01,6.05684355,0,909375,2022-12-24,1960575,2027-01-16,DUE_2027,DUST_WHOLEBOX_CLAIMABLE
f863751a65597c2f9afd11c3da06ef826c5ab9efda221e97be2f65e220e220c1,9hNYiqkFm6Zycc4oZpcAAq6kFo3KNLpF8hhV2pFmAvpk6Adw4qz,0.01,5.86688043,0,909799,2022-12-24,1960999,2027-01-16,DUE_2027,DUST_WHOLEBOX_CLAIMABLE
71cbd8f6a5f1188ca4ed67dd3bc32bb04fe145f3fd42a59bba4f5cd30eb86a43,9gYCumHVtRWFPmtN1WYQgJFgJkfXsqpXcejppEhdVSPZjY9yAg2,0.01,37.25,0,910094,2022-12-25,1961294,2027-01-17,DUE_2027,DUST_WHOLEBOX_CLAIMABLE
e2203e04ea0e20341e62f563af1824f3c0d2c5197396acf0d18b2b008ad6feba,9htcKbXMwG35AtNEFqoWVRF3Mr1krmoDWCoKsiRD4QeM8z44fW8,0.01,49.9188958,0,910352,2022-12-25,1961552,2027-01-17,DUE_2027,DUST_WHOLEBOX_CLAIMABLE
3fe524678445c547984232b28e0001dff197208944830bb4a97a686180e4db89,9eyWqP9EdbQEWSeDxvXiiFW9rENybCKY16o786GYYFGtrH4nbMj,0.01,15.125,0,910859,2022-12-26,1962059,2027-01-18,DUE_2027,DUST_WHOLEBOX_CLAIMABLE
a2b6ed1dc69ea9a3fef1d2bf6314ac329b4ba6a7665aa9d40ddc2cc3f1ee2f13,9fR9ma9g6TbAXAS41d89DeCrWsJMS8kjcxB3xsZWUjavz13kfsy,0.01,63.15438609,0,911167,2022-12-26,1962367,2027-01-18,DUE_2027,DUST_WHOLEBOX_CLAIMABLE
2a6d2b168b35dff9e418ca80d3d1eda60e6ce0c7d30bd44bb9da8a8d35ffebf5,9fR9ma9g6TbAXAS41d89DeCrWsJMS8kjcxB3xsZWUjavz13kfsy,0.01,10.05327152,0,911199,2022-12-26,1962399,2027-01-18,DUE_2027,DUST_WHOLEBOX_CLAIMABLE
088e40ba90d55425bfde64177f4fb7abbe4e42d8ee73abc236afc6da74066630,9hX2VL6iDYszCbavmZ6oDenvippVHqvH9JgypoD2QMYWKKihjbe,0.01,23.0,0,911328,2022-12-27,1962528,2027-01-18,DUE_2027,DUST_WHOLEBOX_CLAIMABLE
a6e6956a9045a8c70e88e505c03acfeb4efd443d3885a75bb563cfe03a46cc6f,9hv958L9MSBeJwVaQaWdAiNUnVbEjjBS7gsGdqvZo3hLDvzVJ6Z,0.01,1.625,0,911789,2022-12-27,1962989,2027-01-19,DUE_2027,DUST_WHOLEBOX_CLAIMABLE
dd272341fabc91ac981360e2da3bfcfc01a6c27423ce2effb4fbb15f9cf37e01,9fNf3c3EGbs5QkhCLj3sUVkE822DuoqYfjGnTnEg4RqWPPAtLoG,0.01,4.4375,0,912121,2022-12-28,1963321,2027-01-19,DUE_2027,DUST_WHOLEBOX_CLAIMABLE
1d4f221b2bc7d24ba3e659a6b23c1b1d0e4a6bd47b77dab3f502facd04b814c3,9fkJEte9HDwzKrzqn73vVTwG36khpGRectQ2Fj8QX5HbWAz6Jsf,0.001,0.5,0,912458,2022-12-28,1963658,2027-01-20,DUE_2027,DUST_WHOLEBOX_CLAIMABLE
e03659986533171d902284f1aca3fafbf3e3fb9f42933282014d8758ac19d721,9hbM7imgDpeg72trg48pjZ4YjVq2LPfVS4m7QJrKKE5s7wqS4CF,0.01,3.3125,0,912477,2022-12-28,1963677,2027-01-20,DUE_2027,DUST_WHOLEBOX_CLAIMABLE
c83f61706cb30f3ba01ab5e859c9852046ae065814262eaa0ac9982ee084a55f,9hY4sFEdEQiVtqpQHSbfxXaBGeswyz2tT6qtxMn2AQQkm8UwtLc,0.01,23.8675441,0,912539,2022-12-28,1963739,2027-01-20,DUE_2027,DUST_WHOLEBOX_CLAIMABLE
2cf14e5d3dc43cd88c2dce644ef9ad0468016c7ac1d4ca80a31158ed1cdafd9e,9fZ1cb6RnqKsVgDb6y3XcSLjcL1RiYDdvZzb9dD3iR6Eo1TieJk,0.01,10.625,0,912567,2022-12-28,1963767,2027-01-20,DUE_2027,DUST_WHOLEBOX_CLAIMABLE
7fbbbdc8e6417a751843377f12130bc869940cd5147cfdacc38037f54e4733f2,9gPVSFC9fLi4zZidTsRnPmGPuTXC6HPcN9WkkyD2dewHd9MxW14,0.01,6.3125,0,912688,2022-12-29,1963888,2027-01-20,DUE_2027,DUST_WHOLEBOX_CLAIMABLE
9c0b9b6bc46044de93fb81f3f93a2188b9657a9deaf2f299361518a53512d8b6,9faDQZfRBCJcjqmQnhvaaT7YuJEbM5knFEoJAFJhkvN1zm2QYCC,0.01,11.37066548,0,912693,2022-12-29,1963893,2027-01-20,DUE_2027,DUST_WHOLEBOX_CLAIMABLE
5ba36217dcfd9dd83c61fe2eb21691b9d7024e4d77e635563f86d33eac3b2e53,9hZzmAdvcEfPNpjNf54h2KPdhfxwekE5dDk9XkphFmEYBMWKDQx,0.01,11.1875,0,912707,2022-12-29,1963907,2027-01-20,DUE_2027,DUST_WHOLEBOX_CLAIMABLE
16360a06af512ed7eae8cadbfa86c872aca4fa2cb379dbbae1e0ce0cf2f91d29,9g6ju1tCeTmsfNpqxvfcYJD9j3EinqkddZVVQ5W9havxbKADnpZ,0.01,15.0843228,0,912780,2022-12-29,1963980,2027-01-20,DUE_2027,DUST_WHOLEBOX_CLAIMABLE
b146d5259041a64cae783620d2a08da54329b5759b306007f24cada58b6f9116,9i4CTAxFQSBtSFVCa5ZpAFnKJEXvFbQBXxHtj66FBZvQWXETFRw,0.01,9.5,0,913004,2022-12-29,1964204,2027-01-21,DUE_2027,DUST_WHOLEBOX_CLAIMABLE
0f96863643c0390c06a6958864475509ca3aa4c9e7a1a8bad77049de60293c1a,9h4innwE7akVwJsfgPBSbUZemRpDegEWKLsvRW9gwfHX3hR5sW8,0.01,64.88102455,0,913784,2022-12-30,1964984,2027-01-22,DUE_2027,DUST_WHOLEBOX_CLAIMABLE
dc0f0f2de13ef5bf84cb826881ddfc7b79db24c5372493bc395f3744d8db378c,9ehcGz4WJHsRDpvh9T2f3gCBTQ4yh47ycxsvunVG27Cef8ckZxg,0.01,16.25,0,913801,2022-12-30,1965001,2027-01-22,DUE_2027,DUST_WHOLEBOX_CLAIMABLE
dc00bbb0164726be8564260cd46fcdd878cac2b7151866d69f2682bc2efbf8cf,9iEDfMQuwcYEf96CyDsnEHPRDe3iDaK3u1Z3xaVsdi1QjqPmD9X,0.01,0.5,0,913888,2022-12-30,1965088,2027-01-22,DUE_2027,DUST_WHOLEBOX_CLAIMABLE
7707b3448c7ec45889b66d1999fdd0ef1f369829db28b220608b1f1983bc37ab,9fHe2N3tXFgqg7eB4wB3hH7iJFDTznZvzyP8oJeyoK5GrWD8qFP,0.01,87.125,0,914013,2022-12-30,1965213,2027-01-22,DUE_2027,DUST_WHOLEBOX_CLAIMABLE
d65a7ef2f2a991042fe8567ce2230fe32358625d116fd9033727da2a7c607656,MdB8AseqUXfqXDpg4RmBtecdxCWAohpSqGycxEGFGFTkkzLFx22oXih4W4V7NFRw5Gd6JNzrkdF1K4hiin8G6AZVBP5PeoYySjVAUDqWkRvMuZ2iX74QG3vVZbiHgJHTpP2agosVXJ7MvVcUEd3DLHfH9Td5uicDBvTAcXZhnscRh4BLafz6MbstB1HAX4YA7KPk9Bi5wSfkFKRchrWdaC8fNN5qr5B4RKQPyYW7zHzz3WZNg2RvgBkB48xCM9gkrVBcmnTAHUsA8xNMSDNf9A8yqVREBE5EPpKka7WsPRkCkBmwiYxusbvimpPe5zLQjdjmczNqHpUkmV87J2UkgmevvLTk3DVyyBnkKoouyUZtEYEtfvsrygd3QNrQFk7gh7HcWzBGgGFajsADh9ECmeMK7qpLmKRKUUkp89nJKjaxcnZScbrdy8Zp6skLC4QC3uPf9Gqwbi8VhmFwfjE6W5knGGjXcRu5LvwK6W9Rp7UHM7U19fS4KwivLLFXwRrwKrjGRLmNQWTYKcZ2vwTQFbFzHkoRXCCcHAmT3ijGoj6Uqq8882Fi5Lo4abmG7FxXVqANswMsQsDE4iXjLoc5hz7ZwwNKyGzigWbGTkhkPtXhx4fpWUaNTKAc9ndiusbFj9zgBDtu4D8reXbMoCtE4JCbkAmhAtZYYGrgRnnNBVtH53ZwGEtw97oNgA1coAgJRpbLaR67cScGyeNezUbpMZuW5yB6muJqetf5Krnea1Mu3C8dbD3tkzGTZGYsQqJ8okU8mJUM8iZsBEKAcVtdb43jbMbioka4hpUhtiAw5,0.001,579.78671504,1,914176,2022-12-31,1965376,2027-01-22,DUE_2027,DUST_WHOLEBOX_CLAIMABLE
5fc884e5dd86b0837705d26cd903b3e627bb301e22c4d5a95eb240111b48a550,9f3zMaqPjgnuBdReJXPtBRpFpzSAwnaADNtiBrcQDWAeupEuMAN,0.01,9.5,0,914621,2022-12-31,1965821,2027-01-23,DUE_2027,DUST_WHOLEBOX_CLAIMABLE
1ef1a7f69039f807e1d29bf6f537845bbdb13f3248a883da9f8fb2d8f398adfe,9g75VC6iVBA8bfYgLQv8VW3UqQsSAD94odfKgG4LSowjjrHJsha,0.01,17.5625,0,914692,2022-12-31,1965892,2027-01-23,DUE_2027,DUST_WHOLEBOX_CLAIMABLE
e52941fc8129ff8bf1d113736f183884c704f88f9f0fcf69203909f168fa7d67,9fa5bWmXCYzBMu7fVfURmfYDW6E9S7KknmamHPj8juZFbZF4BvR,0.01,48.5,0,914759,2022-12-31,1965959,2027-01-23,DUE_2027,DUST_WHOLEBOX_CLAIMABLE
0fd60e630dff8d6d21b99925459db4a580ca04bd4e10baf4f2bf63763d730335,6ioi264iGHmm3q8XP75oUPgBaEeTqrLN4iysQoVvkxq8jeXne1v8dprKhxgofZCcgGmJ9mvNpzBFY42SYjQZBbgvAx4wCEp2J1VZwhPkwSfweQc6A57SuBsapLBbvHKKS3YS15HRHL1V8gL4aerSzBgMKtZokC1ECu1GFa9hZENWnRRNFEM1BDcyc6vQvaUJ7scA2JeBsu1uXK9sZyPZcXZHzHfU3jyGm8GPNxVZEjSoraFMwSRc7rfHh5oLyorWTpgreiv898Jf194WauxuEoqoqZWKgLE57,19.711225278,17.06161398,1,914910,2023-01-01,1966110,2027-01-23,DUE_2027,FUNDED_RENT_WITHSTANDS
997488da5cb99c65cc3c68e1e32d0535f8357d5d899892d727535d38c419abbb,9htRc3Ri91LoACLSP2aZaqcdy6ryYwk1dRrFPQ7MW8DkMfXRfXc,0.01,41.97198094,0,915384,2023-01-01,1966584,2027-01-24,DUE_2027,DUST_WHOLEBOX_CLAIMABLE
2346934ff9e1b4e2c05965ae34f9ad55d18e2a2fa793d6c0f68b775f79bae93b,9iHKpdeGVYi4yooqXMYGrtM4qNgKzaRKMU5m3CLFVFBLjSANQhe,0.01,15.6875,0,915485,2023-01-01,1966685,2027-01-24,DUE_2027,DUST_WHOLEBOX_CLAIMABLE
828714603a269022ea23803489978a4bdec038773e24022803c76855a4aff6d5,9gVpYStbi9ydnCxvGD9RQQbXLqr4nLx9gbqr6w6H9vmUNwVXVm2,0.01,14.84465573,0,915508,2023-01-01,1966708,2027-01-24,DUE_2027,DUST_WHOLEBOX_CLAIMABLE
fce3de490431d7ecabbe84b1622cbb588c2c99219481813490d10074992a2a10,9gVpYStbi9ydnCxvGD9RQQbXLqr4nLx9gbqr6w6H9vmUNwVXVm2,0.01,16.87109074,0,915510,2023-01-01,1966710,2027-01-24,DUE_2027,DUST_WHOLEBOX_CLAIMABLE
f004f8a66bf8fff18e915da70ee82ad80b48755ce028cd06be39dca609e77abb,9h9Wg4Ky49tmKnZfJSkRTcyijUZDxWBUUpH3oC6vp6Txs4UrtbV,0.01,32.00592443,0,915583,2023-01-02,1966783,2027-01-24,DUE_2027,DUST_WHOLEBOX_CLAIMABLE
60bf658a2b396e73b610457d45804aba0470622292ae631f38fe5e961f25dd6e,9hzbToJwBG2XDsAZAdkcPZjHUGcxkL3d4Ms7LT6it8FHryiWJoG,0.01,3.875,0,915867,2023-01-02,1967067,2027-01-25,DUE_2027,DUST_WHOLEBOX_CLAIMABLE
b9a91d29eb8f31eea893bba32b8b04944831b3c1139fdd5354f05d90b17732aa,9h95BnDCY4xv2eFQDhSYr6ekhGgvAbhXuF2nxizXrVB28YA7PtV,0.01,24.125,0,915985,2023-01-02,1967185,2027-01-25,DUE_2027,DUST_WHOLEBOX_CLAIMABLE
aca9afc0e010956c4a25f6b18524beb708cff15293b1542edf03afaba640e88e,9g1XHZbtqG7aS7VGfdxFxEMKYUCFEwsT541ShTmr14CQn8YyGop,0.01,81.3125,0,916030,2023-01-02,1967230,2027-01-25,DUE_2027,DUST_WHOLEBOX_CLAIMABLE
5c80fc17dd5c6a75a3077de158360d3e482f8e6c758b93fa31dd0e8f0cf81d39,9g6FvHG5p8N6wt9RUQkyr62bvRb1poK78ZEVDTgsGRrbB86UmoP,0.01,200.375,0,916073,2023-01-02,1967273,2027-01-25,DUE_2027,DUST_WHOLEBOX_CLAIMABLE
fe027a1323a4ea14a833269ccdcc7140f1bdd21aff7d23eaf72c7aec12ae3b9a,9hgMTG4LnJqBaVp5QPrbHHkHQq6sPpK4tF6RJJXoP9mfJ9NkVsQ,0.01,32.5625,0,916145,2023-01-02,1967345,2027-01-25,DUE_2027,DUST_WHOLEBOX_CLAIMABLE
886a4791f9ae0aeec015c3564cec8379fae2e3587745d07d219b8c578b514cc3,9gX3i8WLEkiA7iStbsq1nfcpAbtbfXdotfdJeHygon9w8LyUHtk,2.384042305,0.00325301,6,916251,2023-01-03,1967451,2027-01-25,DUE_2027,FUNDED_RENT_WITHSTANDS
2e41bfda66a9fb8974379dbc05b491a400582ac7aeb0b705a27c87a30b6f0caa,9hQZum5oCTNyzc9nXhHU5YkCiWS6wPWcHafEZBLSMQed3ezCCiC,0.01,1.18441883,0,916480,2023-01-03,1967680,2027-01-26,DUE_2027,DUST_WHOLEBOX_CLAIMABLE
0b1647bdd3f22b576d1844a3cc05079ccb0f3383453c57599c27b74b176791cb,9fmd6BQkGX9tDBnN132tRADHzrsSSMSFmFwYBcUybGoqA7BnUDk,0.01,2.1875,0,916887,2023-01-03,1968087,2027-01-26,DUE_2027,DUST_WHOLEBOX_CLAIMABLE
aa07ef1ace4d11852b14b427f2643228a177e25154bb0f131af414b180cf4a07,9fmd6BQkGX9tDBnN132tRADHzrsSSMSFmFwYBcUybGoqA7BnUDk,0.01,49.31689811,0,916888,2023-01-03,1968088,2027-01-26,DUE_2027,DUST_WHOLEBOX_CLAIMABLE
f3309e744ab4c5fdf78a4b6baee3b4b7ca3d3a0d9886db618e32aebd97698b56,9fmd6BQkGX9tDBnN132tRADHzrsSSMSFmFwYBcUybGoqA7BnUDk,0.01,48.14381539,0,916892,2023-01-03,1968092,2027-01-26,DUE_2027,DUST_WHOLEBOX_CLAIMABLE
c56c0479726943249c297459f739e59b90504b6d03585b1ecea3ef86418a9c56,9gYz8mNua1TeA5tfrepDztra4rCYqDuzxuJWWd5VBmqeiMrKwWR,0.01,35.58866341,0,916895,2023-01-03,1968095,2027-01-26,DUE_2027,DUST_WHOLEBOX_CLAIMABLE
133042256c56b55c5dea05e32b02dd257ce393ce37fab05050e153195a8c7266,9eYyzMC4AB6HAdE84KzbF9wRGyvqXn29bPzYUxJMu5r3QmFcEey,0.01,32.0,0,916913,2023-01-03,1968113,2027-01-26,DUE_2027,DUST_WHOLEBOX_CLAIMABLE
16764deefda4e5645bf321088a9af35615ef411d818c6d72e6be66b93c5a6990,9gXWBbGecHfc53mQCbvhb8x7Vf7YAL2RmceCnfz2NtcCTPrgnz1,0.01,193.4375,0,917546,2023-01-04,1968746,2027-01-27,DUE_2027,DUST_WHOLEBOX_CLAIMABLE
7a977145971ba04ae22c597c83f0ce76cb0f0e8b6bcc832b79ef5bb02ceba4c5,9gXWBbGecHfc53mQCbvhb8x7Vf7YAL2RmceCnfz2NtcCTPrgnz1,0.01,542.05200085,0,917551,2023-01-04,1968751,2027-01-27,DUE_2027,DUST_WHOLEBOX_CLAIMABLE
67de650c6a7f65880cb544c1df74712ecb2b8ded28354f2684061d354b5224db,9hGbNkG8v6Xqxe2QhiwWRQaief5YvguJHgDACwWUsoxfZV4op71,0.01,2.75,0,917635,2023-01-04,1968835,2027-01-27,DUE_2027,DUST_WHOLEBOX_CLAIMABLE
11e7f5af92fa30e4a421e4f3d9661e934fdaffb010a7445df1ca61693058a795,9hYWdtcfDirsHmxyZGA5CV78RY5ege7HB4v2jT6obrTyg4htj3t,0.01,48.18288906,0,917995,2023-01-05,1969195,2027-01-28,DUE_2027,DUST_WHOLEBOX_CLAIMABLE
f924ed72803182312918a666b5802ccab7851088c521d4823efb7c555fc3a107,9hF5EUNqH9vLp3qFhCwmTRvDgCqd6StKzTGqwKiB6pY7hngmRUU,0.01,0.5,0,918014,2023-01-05,1969214,2027-01-28,DUE_2027,DUST_WHOLEBOX_CLAIMABLE
c89b0b3d29510fe9fe236f53b27dbfdbadcb4baf253774ab792ee58bc0a76b8c,9iBxGDvqFGCNeJAufzAhKay58ocwo15arNA3uf5mWmZWrxnRMtX,0.01,20.36951583,0,918125,2023-01-05,1969325,2027-01-28,DUE_2027,DUST_WHOLEBOX_CLAIMABLE
1266a61d34aae92ea652784226af99fa90b7bc14a2e65460368b2de8948ab022,9hih11Y3HAY7H3Hjm91CcG2Apuf3qcgwTpUhSpoCfvztnvxAxWT,0.01,11.1875,0,918240,2023-01-05,1969440,2027-01-28,DUE_2027,DUST_WHOLEBOX_CLAIMABLE
bdae75af63f268dd1840a733d1c318f37e5f0de24fa9eb09722e934e4c442dce,9fMAghgUKrYZEBN8FNWnctZAu116Ycv7kvCWcYAYNC4wK5BNNe2,0.01,3.875,0,918294,2023-01-05,1969494,2027-01-28,DUE_2027,DUST_WHOLEBOX_CLAIMABLE
8f4972a16e2b4bb56a5b7400ab272125992042ab62db7a6cbb357694ce2cceef,9errFbq769A7qXwCma3rK9MuAq9rLvzuetRe4S3oHJCRpskpaKB,0.01,12.20936838,0,918516,2023-01-06,1969716,2027-01-29,DUE_2027,DUST_WHOLEBOX_CLAIMABLE
34f5faeebd23d6e5870d684e117bc54d0e35a3526a435e7a29831040d9d4a71f,9ev2QXXdJpxPEcCejEtobo4kFdFH5uv67ZTJAGL3LSXjN8y3cxe,0.01,6.6875,0,918530,2023-01-06,1969730,2027-01-29,DUE_2027,DUST_WHOLEBOX_CLAIMABLE
bee241a27ed89283c31281331de1bc704a73f636d70e290def0732b0fe164524,9fmhXEu5vZauzfFgCAAEX3KHYohFaw7APTib484EPntdshJLvnx,0.01,5.0,0,918716,2023-01-06,1969916,2027-01-29,DUE_2027,DUST_WHOLEBOX_CLAIMABLE
18e2ccce712e44ea9904f9017738c760cbae90ed95f06a7e37252c6d8ad99348,9fwJH3fffehWztbNTwoDYMSaukEF62hRFdQ1DigGsQ5wBWegM5y,0.079832246,0.1,12,918975,2023-01-06,1970175,2027-01-29,DUE_2027,DUST_WHOLEBOX_CLAIMABLE
c5bb1663d3e589f786c6d5d1bfa228e1962a77fd5e85fbca1306903942f42cf2,9g33ZusYV4oKEAHZbNQsNLq9fiQsed6B5o17tV2ydCnvVtszzJp,0.01,47.87686554,0,919006,2023-01-06,1970206,2027-01-29,DUE_2027,DUST_WHOLEBOX_CLAIMABLE
01082b73e14e1e3be8d050905f89b67e843128427b4b21fe452f557d4551420e,9fmd6BQkGX9tDBnN132tRADHzrsSSMSFmFwYBcUybGoqA7BnUDk,0.01,47.51090507,0,919090,2023-01-07,1970290,2027-01-29,DUE_2027,DUST_WHOLEBOX_CLAIMABLE
1dd2b62fcc0cb554856b078ca56e82436b2e68fbb2a7aa0e4b3f06b6061d24fa,9fwWpVt4LYsuMtTTYuy6EkRLauja77DUT54wxfAQAaVxLhWjaAN,0.01,78.5,0,919261,2023-01-07,1970461,2027-01-30,DUE_2027,DUST_WHOLEBOX_CLAIMABLE
fe431f694d76c9f4f6d02037f112c5f4e0c5858ae93f6726e42d282fc7dc616f,9gPYqqnxRtbPRSL1Cdo1zosBtEnRth5dvRG7pJW7pHsa62f9iTd,0.01,47.75,0,919354,2023-01-07,1970554,2027-01-30,DUE_2027,DUST_WHOLEBOX_CLAIMABLE
95d1616ec5c496a1b1743cc049ad6073a3f6a11edeb62d3f350a000eea51a61e,9gwKHhrePSxjbsPeW1m6TH3JeCL7LB6MAiFXLB1ssiV8Gyci9Zg,0.00526,0.00918692,0,919552,2023-01-07,1970752,2027-01-30,DUE_2027,DUST_WHOLEBOX_CLAIMABLE
d48fc51499447ee7f2152adde4a6ca3e9bd225042dff6f7bc7f825f3fa5b4ef2,9hc5nK8asNphK1235sipQS8YcwAyTEd5c3tcoMVKzAAUwhi5mmy,0.01,30.6875,0,919568,2023-01-07,1970768,2027-01-30,DUE_2027,DUST_WHOLEBOX_CLAIMABLE
33cc4093652c7a6e29da70c835c49fb151eabf5b919ef449aaf49e370a0e859c,9eYk83zdxEFz1NyQnwcrMcMBg51ya6b72h6vw8gD9JHvz6pWpnH,0.01,16.0886207,0,919572,2023-01-07,1970772,2027-01-30,DUE_2027,DUST_WHOLEBOX_CLAIMABLE
a628d7760dad725d7167b0dc82b73dca85051b1f3faacb18a98c8168422f9ed0,9fmywN3NEvSedzH9FnQHxV9izawjFWhgnZ9nDNmPELBf963S8QU,0.01,1.0625,0,919596,2023-01-07,1970796,2027-01-30,DUE_2027,DUST_WHOLEBOX_CLAIMABLE
9c6a498f56ffe557056326159c73db28964dfb110eaacc3b70d6c36be0532ecd,9fLbG4gLN3NQZGXyNPY5t9dt84i1XyZg9Vn42Fju2EEiFxQdX37,0.01,11.75,0,919616,2023-01-07,1970816,2027-01-30,DUE_2027,DUST_WHOLEBOX_CLAIMABLE
29baf8efcd91767cf66e4ee8eb0d011045886d73630dc1027ca3acb423a22ede,9iLNRXedHjBcqNczCFVEkG474LMUqoX1L2xB27oQBPwwgWoyBqH,0.01,49.31689811,0,919736,2023-01-07,1970936,2027-01-30,DUE_2027,DUST_WHOLEBOX_CLAIMABLE
efbfa039f9bbe393bcbcec8e9130d49b3d30d4f91b6404383c26fe283d4df2c0,9fqX9gFxZUWef2c3pKZpaNjamETNARLsdHMn46CDedtq7edicqg,0.01,9.88384526,0,919784,2023-01-08,1970984,2027-01-30,DUE_2027,DUST_WHOLEBOX_CLAIMABLE
9b3987bec0a5fa62f8291ff3e79c4da43c059fb3d41bb5cb593f8f62bb8bc107,9gtdyNTVfziFsGzH7KNjMcUj4v8MtADx4Z3prg6MWyHCCWz9NJM,0.001,1500000.0,0,920047,2023-01-08,1971247,2027-01-31,DUE_2027,DUST_WHOLEBOX_CLAIMABLE
73113976761a7c46b3f4c06eb11fea59c4bb6e120e3309406b332648f72bc086,9hj6BiPcEuivmQ6GBGRV2fL7Vnw5R5okmVndYvYFFaM3iapL7oa,0.01,0.5,0,920114,2023-01-08,1971314,2027-01-31,DUE_2027,DUST_WHOLEBOX_CLAIMABLE
978894a74d13be801444cc245950f08977375e6fa97c97cdb462f3a0dfe4bf27,9fmFeNu2kbCrmyt86ijQGjDYPzc5zdDNJktMt5vmMnN5w3KpHtQ,0.01,11.1875,0,920199,2023-01-08,1971399,2027-01-31,DUE_2027,DUST_WHOLEBOX_CLAIMABLE
2c1bc1c4c480dae7ae2f1901070f99c4514373d69fcb22c2ffce6cb9481ddbf0,9gWTqiWDKYYmyDoT2RduEcSEc3DWZ26F7rE2sKDBNfq7qVmFcCe,0.01,44.30559974,0,920314,2023-01-08,1971514,2027-01-31,DUE_2027,DUST_WHOLEBOX_CLAIMABLE
191eb6deb3788d2a2e0351394f277a2e1a64852a356be9bb4a1195a39e11f823,9gRh4PVPsRG7FFsLKrFnXt4SxUeFmyXPofpH7mYE6F7gPPobEb2,0.01,241.25,0,920318,2023-01-08,1971518,2027-01-31,DUE_2027,DUST_WHOLEBOX_CLAIMABLE
6e55dab85951c63b8ce539b20bd59ab00cfce9ac99bad2708aecc602c8f8d52a,9hngCJZq3gQRKdLioePdwNgUw1FLWNhp3B2iYEQbFB2sRjGytxa,0.01,0.16898707,0,920547,2023-01-09,1971747,2027-01-31,DUE_2027,DUST_WHOLEBOX_CLAIMABLE
f49cdce278292dabb61cc826b37f95ea1358c295436c3f9c6e4a46b8a6b0fdeb,9fPzwk6N8pkw39LLFHo1HHF3TtDRzxYcsmq87MtBqbMSwMTEMjc,0.01,19.88576145,0,920557,2023-01-09,1971757,2027-01-31,DUE_2027,DUST_WHOLEBOX_CLAIMABLE
051b81188c628f837bd54445fad64940abe48b7ff6fee11983cd209ea14bbce6,9gp1ooFniJGwdcjUFtLmHpuiFZQ5eUJ2eyWzXZNS4rB5YZ1yUcm,0.01,126.875,0,920685,2023-01-09,1971885,2027-02-01,DUE_2027,DUST_WHOLEBOX_CLAIMABLE
fdbc67dd9879019bdfe5f21dc1dfd3d95d3165d273d38d0051b22f621c43ea5c,9hpqZTZSbodm7bReYptr5gyMutmmUMfDJviPXDkRhe41FyW8aud,0.001,6.21527042,0,920750,2023-01-09,1971950,2027-02-01,DUE_2027,DUST_WHOLEBOX_CLAIMABLE
cfe07e51558ccb6446ac8c068b34ef6a9447c0b7b3fd4d1861d6e51ecbc1a527,9evXgx1Zyz79r3ZG4hnJHKfjXJywBu5CX1pfa71gR4LjXAZnaQd,0.01,101.75,0,921026,2023-01-09,1972226,2027-02-01,DUE_2027,DUST_WHOLEBOX_CLAIMABLE
ceedaecc75b5f3adff1ff991b873f2fc00fc10ec599d05733a9c3a1a617236c3,9fPzwk6N8pkw39LLFHo1HHF3TtDRzxYcsmq87MtBqbMSwMTEMjc,0.01,49.31689811,0,921171,2023-01-09,1972371,2027-02-01,DUE_2027,DUST_WHOLEBOX_CLAIMABLE
2c858039f0df3a6bf9a7a83c18da607ac38b1c2ff2c8520d2a5d175f4cd01e4e,9hikQTdZmFZKqmKvYsp3RMd4S7Mf2xJW272auEZSAVLPWFFDswf,0.01,1.625,0,921182,2023-01-09,1972382,2027-02-01,DUE_2027,DUST_WHOLEBOX_CLAIMABLE
2e8e744697e06369a21dd7920915c94ef091d63f01e7b73d440aa043702674b3,9g4T1a22mjF9eVkVAs6oKJWo2PeXaoUbxQLRusTRpDx4Qm1qNXj,0.01,0.5,0,921680,2023-01-10,1972880,2027-02-02,DUE_2027,DUST_WHOLEBOX_CLAIMABLE
1bc8f1fb92feea5043d608749f961c1a747157251c3a02edfe88c46b2fa7ae05,9g4T1a22mjF9eVkVAs6oKJWo2PeXaoUbxQLRusTRpDx4Qm1qNXj,0.01,0.5,0,921684,2023-01-10,1972884,2027-02-02,DUE_2027,DUST_WHOLEBOX_CLAIMABLE
cd5a54425de45c17c6db10584130ad622a77b9cbfc128197a5a185a21851bb0f,9eknfeEi28uchVFN7yNyg6LMM9SMz6gME8u62rUWwHVBDsoVXbe,0.01,5.0,0,921782,2023-01-10,1972982,2027-02-02,DUE_2027,DUST_WHOLEBOX_CLAIMABLE
444c84a1d4077e8cbb1e1d67d5d42be8b34f80b236b56774b40f2cbbe0119d02,9i5aD37eTtXUofw7p7o23mRrL35ADBrotZwHSLBMavGMUjvYKTt,0.01,47.81190391,0,921937,2023-01-11,1973137,2027-02-02,DUE_2027,DUST_WHOLEBOX_CLAIMABLE
820928e2abee9dd0a87639ff6a8a846d0ab37df903db6fa5f06b1f1221c918bd,9fCX9r3NWtBWfWiFduvXc2hXfxgPzaC1V28bp7KZ7LNF9DAHQfy,0.01,12.875,0,922050,2023-01-11,1973250,2027-02-02,DUE_2027,DUST_WHOLEBOX_CLAIMABLE
334647f08a540126e2004b8deec5030519b269a0130f6b868b1342b2db381fbf,9fMHAY9oqeMxseHr4koMj551C62PtWivXMqVBZg5H2qozW9h9fv,0.01,77.87582833,0,922229,2023-01-11,1973429,2027-02-03,DUE_2027,DUST_WHOLEBOX_CLAIMABLE
1ffd377ec89f98496d3e26fa81f6589420c0eae3de722639cf35e668be6556c7,9fum1DRuzTRt9ecw7VyRvzGKCquvANLn2R1AhVt34Mt2kJupgyC,0.01,5.0,0,922327,2023-01-11,1973527,2027-02-03,DUE_2027,DUST_WHOLEBOX_CLAIMABLE
154cabba60ef98f89abd6b889c275bc6b13bd7868a78f84246f3ec993c313540,9hoWzzUJgHA9ZgnEvjJzMSyab4SzyjZTeRtQjiCBpfHmAYR3bSQ,0.01,11.75,0,922354,2023-01-11,1973554,2027-02-03,DUE_2027,DUST_WHOLEBOX_CLAIMABLE
f656e6260354c73c22948ed3e67f90cf79f2904b6b14c1d4c90764e6ab41d841,9hp9gJyX52sLbTts3DUwrdmfk9V12LBYuvJGqJyVLtKfqaGFVBe,0.01,8.1875,0,922523,2023-01-11,1973723,2027-02-03,DUE_2027,DUST_WHOLEBOX_CLAIMABLE
17fc2f49ac21bc1b2fd29cd2c011683813e82f5badf42f8133d5d1a87f593b96,9erZQQR64BKRFZKPc6MMNLfuXv2N2eqdvKvKwZAcFAb96WpqC59,0.01,9.09547786,0,922578,2023-01-11,1973778,2027-02-03,DUE_2027,DUST_WHOLEBOX_CLAIMABLE
c2748cecb89c9bf36e3ba70e8ba73c46b8ca28027fd6ed17b055c6135e774cb5,9iNkzUSYGkDSDpMm3qgjnxTU3L2Hto46WSYJuNUV3RwMMfnQAKW,0.01,0.03250573,0,922688,2023-01-12,1973888,2027-02-03,DUE_2027,DUST_WHOLEBOX_CLAIMABLE
ab0d33afb44123570dc201a81003b9fdc85c14b2fd720291197ed8dcba0a09d0,9eqsEif3zjb45gYsUrUg4vysAioVGUSP25HSC8JuvxXo1qGXBxN,0.01,55.36245676,0,922863,2023-01-12,1974063,2027-02-04,DUE_2027,DUST_WHOLEBOX_CLAIMABLE
e64670aed2d8d6652142a95c17db05e87ab3548bcc461716c2885429a4408833,9gAT65NksBP1uQnTinsTi12HCxLm6FEXmkYcPakuRTxJasf1M4e,0.01,13.4375,0,923170,2023-01-12,1974370,2027-02-04,DUE_2027,DUST_WHOLEBOX_CLAIMABLE
e70847483fd12a014fce77b145cd8b4d398e69941f3a4baf8f494960b0f10749,9hEDXfXT6nJA9ZKDqMCdrQa1iZ6SAu2tGEXHon99uxdQ7HRdVPE,0.01,0.49714328,0,923208,2023-01-12,1974408,2027-02-04,DUE_2027,DUST_WHOLEBOX_CLAIMABLE
558acdbe9b96f5fbff1d36fc30e837242c012e05697105f7617b0753129f4a7d,9hEDXfXT6nJA9ZKDqMCdrQa1iZ6SAu2tGEXHon99uxdQ7HRdVPE,0.01,263.36051839,0,923217,2023-01-12,1974417,2027-02-04,DUE_2027,DUST_WHOLEBOX_CLAIMABLE
958ab69d3c9b73f81bdfd1c72700f721053b4b623bb2d792d492bfd9d4c36cf5,9hEDXfXT6nJA9ZKDqMCdrQa1iZ6SAu2tGEXHon99uxdQ7HRdVPE,0.01,88.8623277,0,923221,2023-01-12,1974421,2027-02-04,DUE_2027,DUST_WHOLEBOX_CLAIMABLE
a8b2ca9d730b0a5ba0333dae2481ae0ca1743db8faff6c31cb0aa4b55be8675e,9gQVwaVqfKxMbJEbX3tjZKwM6VsRfVhmAutZ5jxBAx1v8dAcCEP,0.01,2.1875,0,923298,2023-01-12,1974498,2027-02-04,DUE_2027,DUST_WHOLEBOX_CLAIMABLE
151c2a5ebd3cb142d3a543b54463d1e8cea43409ff7e4f03e61eaf1cd81e3bd5,9gtcG5iwdokC4Km23oUQ82yVgXNKQp3JdeCG1NdXg8QDFUPhk8M,0.01,72.23092109,0,923493,2023-01-13,1974693,2027-02-05,DUE_2027,DUST_WHOLEBOX_CLAIMABLE
732806f1072ba95196617cc26a76afa3277768fe32e9f0c30e373bbb50f9f65a,9gwtwiVU7nUvHpmTkhMAp7gkVcdmpQG92AXdYvK9R8nfyBZCeXw,0.01,0.5,0,923897,2023-01-13,1975097,2027-02-05,DUE_2027,DUST_WHOLEBOX_CLAIMABLE
cd8aa95a9077083711cfa8d10b5c1792a648239f113534bf53e7055bce091c72,9g4zZoZM9xCbh8j6Grxxuw7JJUUJnhoD9vVCpSL6vh13MVshPUB,0.01,47.51090507,0,924245,2023-01-14,1975445,2027-02-06,DUE_2027,DUST_WHOLEBOX_CLAIMABLE
1613f4f854fdab2eb2dab082bfc8063fe3d9146b86a4c751c07d6d6d78fc2ab8,9fYkzvXJke2xx4BaPjDbD1wNGFDfd7YtBDxrT8s7ieCNzRo4VoL,0.01,49.31689811,0,924361,2023-01-14,1975561,2027-02-06,DUE_2027,DUST_WHOLEBOX_CLAIMABLE
a92ab899b4b22f53af10f20a8d683b6a434a6c668780d522a62cc92575036aea,9g29exkZMzhTd71UNUzhW5PUBbhMR2vthbajJqwozHQywyWYynf,0.01,49.72491816,0,924465,2023-01-14,1975665,2027-02-06,DUE_2027,DUST_WHOLEBOX_CLAIMABLE
7c967f88b1fd8741dc52dd6b68e46ceba9c4512ada84371e905d85b703e2aa78,9g29exkZMzhTd71UNUzhW5PUBbhMR2vthbajJqwozHQywyWYynf,0.01,32.91997902,0,924472,2023-01-14,1975672,2027-02-06,DUE_2027,DUST_WHOLEBOX_CLAIMABLE
a3dcbebaec55a3307c9176b25b93335d422439a267fcc0cb1cc34697b209b904,9g29exkZMzhTd71UNUzhW5PUBbhMR2vthbajJqwozHQywyWYynf,0.01,22.09415086,0,924477,2023-01-14,1975677,2027-02-06,DUE_2027,DUST_WHOLEBOX_CLAIMABLE
29d14d8dce6d5482885ee1139988891fbcd54b8f1874125915a69d76b34e9fdd,9hYcFMkNAH6c1ue7jStXEHW4Bn4ickMiowoJUrxWtaSz8fzUKcn,0.01,19.625,0,924522,2023-01-14,1975722,2027-02-06,DUE_2027,DUST_WHOLEBOX_CLAIMABLE
e2f974662c8f4fc2379e4ed725930461092a9f8cdb885c050dc4eac5b03fa04f,9gutKrVcYhYaUhD637NAhKPN3iD7Eyo5DQ6qa86jqMDZyTxHrri,0.01,1.625,0,924598,2023-01-14,1975798,2027-02-06,DUE_2027,DUST_WHOLEBOX_CLAIMABLE
cf951e83daf95257809ddbe9080ff5e3a47cfdb68b58bc1f2309fdcbde1c73e8,9gutKrVcYhYaUhD637NAhKPN3iD7Eyo5DQ6qa86jqMDZyTxHrri,0.01,667.90296071,0,924599,2023-01-14,1975799,2027-02-06,DUE_2027,DUST_WHOLEBOX_CLAIMABLE
e833626ba5b83b75341ceef38f9bd10139bbd53011fca7afecfc0bd3e15bc6d0,9i1JUghVM57pm17bUWJgPQJTBshP7dtUKUZxFmpo1LFGn98vMrY,0.01,7.25,0,924613,2023-01-14,1975813,2027-02-06,DUE_2027,DUST_WHOLEBOX_CLAIMABLE
c9b7f4c04a8bdeef8369ccc498943ac22ff63d83c0c0e1073405bcfd6630cf1f,9iL7n4g6bJsyBbokSjFNEJczBoddzRtczPZ6VSnVVoakkNiFgKN,0.01,176.09346617,0,925097,2023-01-15,1976297,2027-02-07,DUE_2027,DUST_WHOLEBOX_CLAIMABLE
770781c7ee2ef5773ce8a1d05b5027804e425f996f3bcc75f31be5d9c414381a,9g794Zu5UJHkdiE3SeNHfWGFTUE2p3YYLKj4wH6bB4HqY47HHMN,0.001,0.0363433,8,925317,2023-01-15,1976517,2027-02-07,DUE_2027,DUST_WHOLEBOX_CLAIMABLE
6725524ffc631b4cd1266cd8b69cbb37c8fa4ef42147bda9370eb78afba79a3f,9h4L4NfaY1k9zsApo8ZEhkFzG576yR4J77ggNzsA4RbS1XYmAFX,0.01,37.17990669,0,925368,2023-01-15,1976568,2027-02-07,DUE_2027,DUST_WHOLEBOX_CLAIMABLE
366b6a0c4bb2436480bab9960ec7750c14850bf265d3b9fd0f0cb74079f95508,9hoWVrHmXkmzW29h3mXeWnY244GNKn3uetNQDQ5Mvyc6B6ikRZb,0.01,2.1875,0,925418,2023-01-15,1976618,2027-02-07,DUE_2027,DUST_WHOLEBOX_CLAIMABLE
29be92ece9770532c10cc086ca3350357344d1c5555befcbd95793fab6c61023,9hEDXfXT6nJA9ZKDqMCdrQa1iZ6SAu2tGEXHon99uxdQ7HRdVPE,0.01,0.7578097,0,925506,2023-01-16,1976706,2027-02-07,DUE_2027,DUST_WHOLEBOX_CLAIMABLE
fe21d968a2b0bd98c70fd1c82b96326f0e061664b340acf4f621eafa560d32e4,9grJ8zs6JPhHsKtKnXHs2SE3WQPbVpp2prJLY6GuEMwyu2Qgdp7,0.008997066,0.01,1,925621,2023-01-16,1976821,2027-02-08,DUE_2027,DUST_WHOLEBOX_CLAIMABLE
a7c8828e5845cf5bc05a789ecc21ab293c175a5e5ed20b73703775c85b258763,9iEtJd9QKMzjTX6cspVmrudf5bepJosdgoYWtJpdiPEgHpe1qN4,0.01,21.3125,0,926175,2023-01-17,1977375,2027-02-08,DUE_2027,DUST_WHOLEBOX_CLAIMABLE
847a2963e9cdaadcaf6321d402f8cb746b3fe9c5ddade841aa1b457d15cf57e0,9eo9HrCxaYG9miSzoCALntgNtGa5ELL5xnMwkbDrpvQ822GywwC,0.01,42.76706386,0,926705,2023-01-17,1977905,2027-02-09,DUE_2027,DUST_WHOLEBOX_CLAIMABLE
8e40daead2fadcaf5483618ce153a4c05d18b52debefd90e105dabc0e60077af,9eo9HrCxaYG9miSzoCALntgNtGa5ELL5xnMwkbDrpvQ822GywwC,0.01,52.84053941,0,926708,2023-01-17,1977908,2027-02-09,DUE_2027,DUST_WHOLEBOX_CLAIMABLE
cdce2cc14425858cdeab5bfbac4983276747591542290cbaf0e9083cca5350b2,9eo9HrCxaYG9miSzoCALntgNtGa5ELL5xnMwkbDrpvQ822GywwC,0.01,23.71499581,0,926713,2023-01-17,1977913,2027-02-09,DUE_2027,DUST_WHOLEBOX_CLAIMABLE
f5bc88f7e3561fe77fd608101f1d9ab74743a2b59a557a25eccd440af358b584,9eo9HrCxaYG9miSzoCALntgNtGa5ELL5xnMwkbDrpvQ822GywwC,0.01,23.87552852,0,926724,2023-01-17,1977924,2027-02-09,DUE_2027,DUST_WHOLEBOX_CLAIMABLE
c570587c07d89805df80eeccc5d2889540bb99bccd390b7ecc7bea991192a6ef,9egeBpZWsMXkrD4pcq6DGeN9hFRPRPoHoFTfxSeEPsXnEwiVbub,0.01,44.38893974,0,926731,2023-01-17,1977931,2027-02-09,DUE_2027,DUST_WHOLEBOX_CLAIMABLE
78212e4d7dfb902a1a8792f7714c72a1888dc1637dde691edeff9be60c7f4fe4,9hEt5UP6TMSs7kbdbfdJoVupnPqCo9eS69H4REJUh24mKpWyPSw,0.01,27.5,0,927000,2023-01-18,1978200,2027-02-09,DUE_2027,DUST_WHOLEBOX_CLAIMABLE
e138cd5e7750af0071a190369b0b147fdfcc08cb25b7942eb1e7b0eeb2cac89b,9hPBNrHBaTAWnfJk2GqveQ1PdJPF3R4c56FiDKKCMqPDwDgEPwr,0.01,3.3125,0,927038,2023-01-18,1978238,2027-02-10,DUE_2027,DUST_WHOLEBOX_CLAIMABLE
a2ea1bb00cc9d7d1fcc9ec4f7c78ecd0ed61dfe9d308ee2bddd27e3ed226855c,9gwGwmiWd5DKeVwXLy1ZoWMejSXgqQYhV5mVxTdPwqidEExC1pU,0.01,0.15374212,0,927517,2023-01-18,1978717,2027-02-10,DUE_2027,DUST_WHOLEBOX_CLAIMABLE
bac407b1671bba16ebeb1f5d41875e5c578cf3c8f570f070ce6cae430100d085,9fnTEeeWNvNPfg35uDLGobLhfBN2gP19DALMv2xm6FBbTrFJTjD,0.008,2.0,0,927603,2023-01-19,1978803,2027-02-10,DUE_2027,DUST_WHOLEBOX_CLAIMABLE
c247d86720c218091e1a0bddadfdc3783b12e8657c0c1b9fec1609ad907c7c30,9hARnm8c8oid1toYpvSXmuBjBGGcAtG3gaMpUr6hvQyUD14H51C,0.01,135.50057553,0,927613,2023-01-19,1978813,2027-02-10,DUE_2027,DUST_WHOLEBOX_CLAIMABLE
374a0bd75396f58ab7700b1256c5967ec01402192160fdb281d9a3b62fab8351,9hARnm8c8oid1toYpvSXmuBjBGGcAtG3gaMpUr6hvQyUD14H51C,0.01,135.44706463,0,927615,2023-01-19,1978815,2027-02-10,DUE_2027,DUST_WHOLEBOX_CLAIMABLE
11abde6ed3c6986757226fb4de2f90625bc1689a21875439f0fd47f8dd5f7138,9hARnm8c8oid1toYpvSXmuBjBGGcAtG3gaMpUr6hvQyUD14H51C,0.01,171.27776612,0,927618,2023-01-19,1978818,2027-02-10,DUE_2027,DUST_WHOLEBOX_CLAIMABLE
64e7c903efc95c37c634aa7b26596c5fdb14ddb7a7eff3f19b78a27ebb531f04,9hARnm8c8oid1toYpvSXmuBjBGGcAtG3gaMpUr6hvQyUD14H51C,0.01,168.10052621,0,927620,2023-01-19,1978820,2027-02-10,DUE_2027,DUST_WHOLEBOX_CLAIMABLE
7dde4938366f77e7ba17b39fb6247052063a07bd6a255862db54bc9e658533e0,9hARnm8c8oid1toYpvSXmuBjBGGcAtG3gaMpUr6hvQyUD14H51C,0.01,1277.63774786,0,927622,2023-01-19,1978822,2027-02-10,DUE_2027,DUST_WHOLEBOX_CLAIMABLE
3788eebfdfddce36da8c966029b0ca90456374612b2ad566ce1a97bec197b8c5,9fhtWDEdWCWDXXU8U7pk9FKycAPH6oogEWAEGpT8YxmohoAMQhB,0.01,10.625,0,927784,2023-01-19,1978984,2027-02-11,DUE_2027,DUST_WHOLEBOX_CLAIMABLE
75b11c878c7e2886ea7eb4231aae723cad68819c139c5a9b6bc228296b0fcd7d,9gaDASNvpkBVSMkbq6u2yivAKqCpcfsJx7neGSxBukCjggkqM3g,0.01,47.51090507,0,927832,2023-01-19,1979032,2027-02-11,DUE_2027,DUST_WHOLEBOX_CLAIMABLE
25cc6ea0e8d86c533de731ccd6914eae9f82b31cbfb44a0e8f0203d4dc81c54f,9gHowoiRmFpsJAJjzTmMKsSAkPsvwTgkwKGNJS3iqPnrU2jW4QM,0.01,0.85228808,0,927895,2023-01-19,1979095,2027-02-11,DUE_2027,DUST_WHOLEBOX_CLAIMABLE
a0230adab79fcff59f8bdbba3881d1ea729550ab497f21d2dbc8a1f752f94219,9emzHQRkCp3ASKW1PqbXwFmsRpEJt5mmpfiSbxq8VgyStC9otFy,0.01,10.0625,0,927915,2023-01-19,1979115,2027-02-11,DUE_2027,DUST_WHOLEBOX_CLAIMABLE
13b41dbc82aeb3a69d8e17b50efbbc70926e076ecd3f1b3bfab9f187e935cc60,9ehofP5YJ5dFEZLfZek35t7m7LdxsyW26NCnb1sTeWnyJ6Df98w,0.01,30.79166942,0,927926,2023-01-19,1979126,2027-02-11,DUE_2027,DUST_WHOLEBOX_CLAIMABLE
5bcd5cfce43533d58d615b7d1a40565a10a11b281ea8c2abf0b0b16a96ce6060,9hF9Av7FXM5rdCrXEuHTy4SH8Huj4HzLBGgvRJ7xaZAnGfZXJVh,0.01,49.7012652,0,928007,2023-01-19,1979207,2027-02-11,DUE_2027,DUST_WHOLEBOX_CLAIMABLE
66ee94242c60851abd980bc68eb3c2b8335170ce82fb06f68dd2a74429a9e7f6,9gipBYwHj78SBaMfKPkF1ve2UVbwsqci1UrJqAByfFT6Tkaippb,0.01,8.95808893,0,928018,2023-01-19,1979218,2027-02-11,DUE_2027,DUST_WHOLEBOX_CLAIMABLE
68d101a97d0c2961c8c45651249caadcb2dc39b748d30f20a8adf81e126e879b,9hTwz3c7kfHLeY8be3ddt4xdUWXbgGimuPSCNAQyjuYu57m1WHU,0.01,63.5,0,928113,2023-01-19,1979313,2027-02-11,DUE_2027,DUST_WHOLEBOX_CLAIMABLE
d47b5680d3795a339715820d3421611411e62de0b0207687eb7a2858e4a4e6b1,9edSQhV6y5YuCUDwGi18kd6vDvRnd3r32HS3yrkVvsSq4rhPRiQ,0.008,1.0,0,928160,2023-01-19,1979360,2027-02-11,DUE_2027,DUST_WHOLEBOX_CLAIMABLE
bea8cae453efb79c0ea9756006b323dd2d5b0da3f8b1abf84f3effbdb8631942,9gHVanyKK1rhDPt7NDeSbgdi72YDrXR3MEubNcwAPEuU7DujdC1,0.01,5.91633435,0,928167,2023-01-19,1979367,2027-02-11,DUE_2027,DUST_WHOLEBOX_CLAIMABLE
3fff78baf7ba532e9846c9d7de157b77d11426fe6d9351fb5eb6cea0abb52d24,9fx4yv1MNs6q1vXVGGS8jVRTsABfy9LTBGgjWbhj2h6Uz7HYvPF,0.01,8.9375,0,928334,2023-01-20,1979534,2027-02-11,DUE_2027,DUST_WHOLEBOX_CLAIMABLE
b7549277bc23ec1e2ff7977d3f2357673ecf3b02fd4440719daabba616b63239,9hRXaL4SDdLiGJjGyT4JdeZKLv26Wona3nGHtroyZWqEZnQxGfi,77.669571937,0.01911116,0,928402,2023-01-20,1979602,2027-02-11,DUE_2027,FUNDED_RENT_WITHSTANDS
f6f87581f199cd0bd716c4987686ae46ef9c5505c37a6098717a0ac8a3e9be4c,9gprtFZaEfDWNsAxxxUU5nfyGX37svipZ4qQ399kSMwN64zX2hs,0.01,11.1875,0,928462,2023-01-20,1979662,2027-02-12,DUE_2027,DUST_WHOLEBOX_CLAIMABLE
14da4b8be3b03f83324786e10a2db9f7db45b937864b7d191bb621d7c9f8d432,9hiHK9H2mLx8gx4PFJhz7bPppM7a2SQvSrsewh1tkEu4SZcrZDZ,0.01,12.3125,0,928557,2023-01-20,1979757,2027-02-12,DUE_2027,DUST_WHOLEBOX_CLAIMABLE
1072c4f4781490eff365024f5cc73b92e8ca48fb25ee9db655cfed11c031646c,9h1PmbWmWtcrHNhcUdh6jRrK1K4XCkZpMMx2qNci5sX3hEfykEd,0.01,94.57158193,0,928644,2023-01-20,1979844,2027-02-12,DUE_2027,DUST_WHOLEBOX_CLAIMABLE
dc049f8a48b8c48c83761df95c1456d6e7baabe11a19858269ab3bdc02d47328,9f7767qDC1fz4c67iC88VasWj9dY2reJLZAdp3CsMnKyaj3ZjRo,0.01,1.01105391,0,928695,2023-01-20,1979895,2027-02-12,DUE_2027,DUST_WHOLEBOX_CLAIMABLE
bd4293d98ad2348659ca7b81d3e890c7c9a68e880b684a9463cb0999e0ec465a,9eiGcT6rjwxrxBn6bgyRh2mMfcBkYqF11KBohTwsvFApGGXaR3y,0.01,12.3125,0,928891,2023-01-20,1980091,2027-02-12,DUE_2027,DUST_WHOLEBOX_CLAIMABLE
fcdeb1258969f39b7aa7242ae136978cfb46e6e0cd62b40c33d872ba7d23edbd,9i4ExESAe3qrsZeCRuvZsu5ozKjL8BCNcRFFK3HT8ppw6n7dsT8,0.01,73.74701238,0,928893,2023-01-20,1980093,2027-02-12,DUE_2027,DUST_WHOLEBOX_CLAIMABLE
bd63f56f2f2dc6484062e0edbb4718397e454227d144fd76868c8644a53d283c,9i4ExESAe3qrsZeCRuvZsu5ozKjL8BCNcRFFK3HT8ppw6n7dsT8,0.01,40.61872642,0,928897,2023-01-20,1980097,2027-02-12,DUE_2027,DUST_WHOLEBOX_CLAIMABLE
eb2639c4f7aac50a142beab3b866f8b02ae4bc9e415f067eb2a62d329d04d5d8,9i4ExESAe3qrsZeCRuvZsu5ozKjL8BCNcRFFK3HT8ppw6n7dsT8,0.01,33.77739742,0,928904,2023-01-20,1980104,2027-02-12,DUE_2027,DUST_WHOLEBOX_CLAIMABLE
e98ef1b71a1a67cf353ad7d3883e1219343978edc84c1ea234f1b8b4478bf9c4,9i4ExESAe3qrsZeCRuvZsu5ozKjL8BCNcRFFK3HT8ppw6n7dsT8,0.01,529.10905069,0,928906,2023-01-20,1980106,2027-02-12,DUE_2027,DUST_WHOLEBOX_CLAIMABLE
4c29ff6a44f8d1857de072aa405f72aa1cebfe4e380f4b4d0488c742a3c2e8a6,9gpaseN32QtSSgDH6ytwFnzk7QsDJ7qFHsGgAgcKqB32evz9Ny2,0.01,33.63059903,0,928925,2023-01-20,1980125,2027-02-12,DUE_2027,DUST_WHOLEBOX_CLAIMABLE
87d83a0f7c9e1da06c92767438bdb62143c7d5c1ce98496bcd2dc4cd745c8e98,9fXKf8HMxJah834AGXRuDpdXi3mqrHaE39L8EL2gmH9MTQCqasK,0.001,1.0,0,929025,2023-01-21,1980225,2027-02-12,DUE_2027,DUST_WHOLEBOX_CLAIMABLE
481a31427035f482e24be3d0679f6f05b81077754d981cecc0e507f5b5b2f630,9hpf5YJfw3BurGXDrJmVY3rEbLT9gMcyjGf8rUfeyTS3QcEWyzt,0.01,1.0625,0,929029,2023-01-21,1980229,2027-02-12,DUE_2027,DUST_WHOLEBOX_CLAIMABLE
d6504a2f7dd303efadab0fb3aed49365566c17d0a14d61a6a4e21f58af50b8ed,9enujKAKDS1N49L2L3R1Tsto9FRK4jsSHfJvGbTs7u4XuULnAgH,0.01,665.89630177,0,929202,2023-01-21,1980402,2027-02-13,DUE_2027,DUST_WHOLEBOX_CLAIMABLE
f61c10c7a7efe02235939f3c0398255fcae8ec66537fceaa32bdf7db68b3bdf1,9enujKAKDS1N49L2L3R1Tsto9FRK4jsSHfJvGbTs7u4XuULnAgH,0.01,666.39796651,0,929206,2023-01-21,1980406,2027-02-13,DUE_2027,DUST_WHOLEBOX_CLAIMABLE
500f72757253c93c172a3c4ee67b559270c77a86fc00b55c0b81c8cf3f8b9faf,9enujKAKDS1N49L2L3R1Tsto9FRK4jsSHfJvGbTs7u4XuULnAgH,0.01,665.89630177,0,929208,2023-01-21,1980408,2027-02-13,DUE_2027,DUST_WHOLEBOX_CLAIMABLE
e2c2d38c4456c019c41d8d95f87317a761329a138ad76476f5fae5f4cc4524d0,9fnEKUzjfrcnGNyeu95AMUxP1W9j8oDygEwXJC2VcbjYfCJJ6VW,0.01,7.8125,0,929267,2023-01-21,1980467,2027-02-13,DUE_2027,DUST_WHOLEBOX_CLAIMABLE
82f19357fbf9074ff8b511062134288b0a814a4849cdcdbeec2f6c2203b39b1a,9iBpcgnyeyW5aXqaPmHjPU5R1M5UfypVUBr7S1r1JKPUb8HB66N,0.01,0.15385906,0,929328,2023-01-21,1980528,2027-02-13,DUE_2027,DUST_WHOLEBOX_CLAIMABLE
071c3d5b93c1899b5b3489918d221d76b1babc5d09946abc1bb1d30d7cc48c26,9g95YDKomM52jZHBaPUuAYt9NZhtmwQQDMnZi1XUVi5zgU2zkVb,0.01,18.72092828,0,929337,2023-01-21,1980537,2027-02-13,DUE_2027,DUST_WHOLEBOX_CLAIMABLE
036d3788c2b788a638118b63bd82c052bf6d2ffdd84d0abb722723f7716bf145,9g95YDKomM52jZHBaPUuAYt9NZhtmwQQDMnZi1XUVi5zgU2zkVb,0.01,17.02721927,0,929340,2023-01-21,1980540,2027-02-13,DUE_2027,DUST_WHOLEBOX_CLAIMABLE
a2ea19d531340a2a00edf87d947b4fd03269c0a889fcc2b1489a1a04c03d946d,9hCh4DypqmWvkUnH6v3yea4xGvS2jguzwL99mzhmFPg3L2LymPd,0.01,87.3540914,0,929565,2023-01-21,1980765,2027-02-13,DUE_2027,DUST_WHOLEBOX_CLAIMABLE
39b70b58fc7ccac44c35e7c3a6c01dc381d485972e7893f90b068a06a27a0be1,9hCh4DypqmWvkUnH6v3yea4xGvS2jguzwL99mzhmFPg3L2LymPd,0.01,96.63834175,0,929568,2023-01-21,1980768,2027-02-13,DUE_2027,DUST_WHOLEBOX_CLAIMABLE
b53361982991c2db38df70a318ac43f551ec0686d4b9436e7d6ab7a4f060195d,9hCh4DypqmWvkUnH6v3yea4xGvS2jguzwL99mzhmFPg3L2LymPd,0.01,110.7853172,0,929571,2023-01-21,1980771,2027-02-13,DUE_2027,DUST_WHOLEBOX_CLAIMABLE
796179279b3f96fb6a48f27773534d687021a3ecd959d1b44d2a485057581200,9hCh4DypqmWvkUnH6v3yea4xGvS2jguzwL99mzhmFPg3L2LymPd,0.01,101.08578727,0,929573,2023-01-21,1980773,2027-02-13,DUE_2027,DUST_WHOLEBOX_CLAIMABLE
d71f10d8f82511167ca7e21a167e70323fd78e86a2c75540831584055da95949,9hCh4DypqmWvkUnH6v3yea4xGvS2jguzwL99mzhmFPg3L2LymPd,0.01,1.49862017,0,929575,2023-01-21,1980775,2027-02-13,DUE_2027,DUST_WHOLEBOX_CLAIMABLE
461269d54906f5e075fb24a80c177de57426d9df39ef66de2ed1b13db0c73a61,9i2JMqWFTsmUQ785prseyYi56VspW3TJFHGU9wDuRwEV7Ua5dKH,0.01,19.625,0,929745,2023-01-22,1980945,2027-02-13,DUE_2027,DUST_WHOLEBOX_CLAIMABLE
8992ab2be9178f67812900d41a9bb57fdab361f3a4dd43deeac165c13dc473eb,9edMr9j1zLLdWzAqobp8KfsMgTqpueJ4EsTP4mVYiRXBCvxTgTb,0.01,15.6875,0,930142,2023-01-22,1981342,2027-02-14,DUE_2027,DUST_WHOLEBOX_CLAIMABLE
88b4c7118e20177be67d33d363b74bc2ff27eb78bfbe8df792247b496a458f2a,9ezgxBYDjPHpZ56Wab1WDAPaQtcsMtFZmrCinm4cf6XZF3SmqT6,0.01,12.27521187,0,930333,2023-01-22,1981533,2027-02-14,DUE_2027,DUST_WHOLEBOX_CLAIMABLE
1cbc1e373355f7e7f1c525332769a5e92a4963813b7072fd4b2b91b816b6f3d3,9iCp9K55utrAyTySqYd4caCFqVtmCJY45cw8zXZT1ggc1bTWSL4,0.01,102.875,0,931089,2023-01-23,1982289,2027-02-15,DUE_2027,DUST_WHOLEBOX_CLAIMABLE
4605952973ac05d27554670ea47b091f7c4769cff6bf13a8b7ef28ee1d318732,9efzQ88wxEmGNLNUyTWAW1xNQbgLWDtW4pUVB49QLFe7vqy6r9h,0.01,104.63379623,0,931185,2023-01-24,1982385,2027-02-15,DUE_2027,DUST_WHOLEBOX_CLAIMABLE
1c8dca1530c015527892d42871ec44d8a8c26271726f12f21ac345552f7b79e8,9gC7JpGvVZRbwWKQu62GyaidsjK1uPQSsRReVsLGRDTvwAKho63,0.01,47.57467068,0,931214,2023-01-24,1982414,2027-02-15,DUE_2027,DUST_WHOLEBOX_CLAIMABLE
29a30f0372252e38019a880801ec4f5107b32695e5a4cbcbe6d813204b0810d2,9gAFrbrtUr7C3zcUtDkmAqh2LMvPJ34UD6cWfUVZdJkQ8a99cJq,0.01,0.6875,0,931271,2023-01-24,1982471,2027-02-16,DUE_2027,DUST_WHOLEBOX_CLAIMABLE
98d690bd55f0e2d835e4241c5f152a12cb6490e7d25fac0d5e92bdeba524e1e2,9hwSoK5BxJW9Y2tiyKq8tsvyooYTQGDXb3WQSXstXFoEPhTQywL,0.01,101.16190466,0,931494,2023-01-24,1982694,2027-02-16,DUE_2027,DUST_WHOLEBOX_CLAIMABLE
989acc71e0bfa1fcbd06d7120a60b4f158fa9614b45570a668ea5e7f4b341d4e,9fYMMHg1aFbXBkDcMGJHsCSXFrwg1W1y7DqCpGw3hAcoiDcFCoc,0.01,5.18385909,0,931649,2023-01-24,1982849,2027-02-16,DUE_2027,DUST_WHOLEBOX_CLAIMABLE
7a83584c681e08d93f47fd06cb74eca5774173bc89e39e832f227c59934ff8ec,9fKvxSLKwaBKtrrZ4t3Umo99zsgX4UEFJz8zHC7VkmkzB9QMNs5,0.01,9.5,0,932013,2023-01-25,1983213,2027-02-17,DUE_2027,DUST_WHOLEBOX_CLAIMABLE
6ff714fdd21463204eb8889beb3b23de1fbd3532ae5ae098c5b9263bee045f7d,9gsV9Lx1uDK1V1wtJSgmXMBmvo7XY5EKnXLrxY3AmhfLJtjjQvo,0.01,60.125,0,932212,2023-01-25,1983412,2027-02-17,DUE_2027,DUST_WHOLEBOX_CLAIMABLE
f08c4817accca01446127d2b8935de8234cf3c003c03ec720ebba32710ddd159,9gsV9Lx1uDK1V1wtJSgmXMBmvo7XY5EKnXLrxY3AmhfLJtjjQvo,0.01,484.39099359,0,932212,2023-01-25,1983412,2027-02-17,DUE_2027,DUST_WHOLEBOX_CLAIMABLE
26b4aa13bfdaa77dec06a8ce1855c383e6e09f860b27ca7ed1f1d7caf8e6af18,9i5XvT9CUJSWA4oK5huYH9L7wytYsihJwJsenNcqRd8KpovMAbn,0.01,8.9375,0,932227,2023-01-25,1983427,2027-02-17,DUE_2027,DUST_WHOLEBOX_CLAIMABLE
6b801e05396af88b80ddd8faa65d99014fefcae6740c63d1bff816fb7be4b8fc,9gr9qjWyy1cAxKT6vH3zubDM3TCSEniuys82QBjEXBPy9g2GK2k,0.01,10.625,0,932278,2023-01-25,1983478,2027-02-17,DUE_2027,DUST_WHOLEBOX_CLAIMABLE
84812f8318fab212fc660a9f58ff9ba231763948726f640c10bd75b4ff4a37be,9hu7FPYcsPqxL93R3BAcg6JW4N55sZnogCPimRJMr77UNdqdw5b,0.01,5.05767718,0,932282,2023-01-25,1983482,2027-02-17,DUE_2027,DUST_WHOLEBOX_CLAIMABLE
62872d3b3b4b735c5751990aef67e8fcaff22b8a5a7d4e69ca83447a53f16694,9errFbq769A7qXwCma3rK9MuAq9rLvzuetRe4S3oHJCRpskpaKB,0.01,13.843067,0,932646,2023-01-26,1983846,2027-02-17,DUE_2027,DUST_WHOLEBOX_CLAIMABLE
86b8eb7bd6e99a9bfc4d3a7484154a251bb58aa2f3a1a68a9f30caf69c9e58c2,9hgMTG4LnJqBaVp5QPrbHHkHQq6sPpK4tF6RJJXoP9mfJ9NkVsQ,0.01,9.125,0,932731,2023-01-26,1983931,2027-02-18,DUE_2027,DUST_WHOLEBOX_CLAIMABLE
01073704cbae899063cad6cf69f2a530fb690b25fae5347a6c685671451f91c2,9f2CRMFnyK44PqeUiwRuNujwEXiyNVeMDoULiRT5xcmA2D53hi7,0.01,205.04660224,0,932817,2023-01-26,1984017,2027-02-18,DUE_2027,DUST_WHOLEBOX_CLAIMABLE
424f3f38389d60ca104623b009874cd40f467a51e0e7bcf59ff8dae1440569be,9fyBtvJaNqqBeigAiUCdv9umHYu4z6G8EBRbwzMSjGb9gDNYyTi,0.01,36.83579219,0,932975,2023-01-26,1984175,2027-02-18,DUE_2027,DUST_WHOLEBOX_CLAIMABLE
8186b36b0a5381d430b9739018d6a25d4856e5bbd6b97ab1cde1f69bf9b2ad90,9iHKpdeGVYi4yooqXMYGrtM4qNgKzaRKMU5m3CLFVFBLjSANQhe,0.01,2.5625,0,933523,2023-01-27,1984723,2027-02-19,DUE_2027,DUST_WHOLEBOX_CLAIMABLE
d7715eb6b126ef04225a94b6801a87350a89233252e4e52cdc68c79de677abc3,9fqApJSk3rzw8hS7uALL7jB9UXtJbsUE4rdQAL2ffvdBWxZXtFf,0.01,215.97211276,0,933583,2023-01-27,1984783,2027-02-19,DUE_2027,DUST_WHOLEBOX_CLAIMABLE
c3e6ff6d115d4b571d85b7909873a0f0b5310062931ead1d2d5862478245bb41,9gLDDrnWSTupthrEibvsWDXXY9xNxQKRedxynGKxMY6vnd6y4tK,0.01,22.06875597,0,933704,2023-01-27,1984904,2027-02-19,DUE_2027,DUST_WHOLEBOX_CLAIMABLE
2c2d63f45756280875e8011fb833ca8bb74606da3b68a477b796c3e9e64f15a9,9frmpE1ob5N2cdvZqEg3TC8nAzopsfK1KsGdHwNtLruuo4fv6Lt,0.01,6.6875,0,934520,2023-01-28,1985720,2027-02-20,DUE_2027,DUST_WHOLEBOX_CLAIMABLE
fe11d586917a339bd6fa049ac13ec1d80c44c82e2d71af73c21e2a6bc654ab79,9gCbhEwEMZ2VorhVhfyAeqLJR4D12fQKwXJgyjgPL3T7ZrGFAPS,0.01,0.6875,0,934545,2023-01-28,1985745,2027-02-20,DUE_2027,DUST_WHOLEBOX_CLAIMABLE
02cececa670b77eb55d8d6f75ede9b210c93623e6b98e62fea900fd0856665f4,9gKwnm5xRpwAqgGWH1oZja5Hn4FwqRMKb8JLxzQWpZGhXoPUemu,0.01,4.4375,0,934671,2023-01-29,1985871,2027-02-20,DUE_2027,DUST_WHOLEBOX_CLAIMABLE
33159348f581f7ac1400398dc6267d3ac61209dfdfbabe95c85337af019c317b,9hgKPrGTq4E5DLA3aza2wedrPSa7yrtCbEoPxHLusTPmmZur4YH,0.01,9.5,0,934726,2023-01-29,1985926,2027-02-20,DUE_2027,DUST_WHOLEBOX_CLAIMABLE
7bf9bdb808e2e37931746a6a2814f7b2b5e0e50df635a2ca97948dc1f64b2061,9hZzmAdvcEfPNpjNf54h2KPdhfxwekE5dDk9XkphFmEYBMWKDQx,0.01,8.9375,0,934795,2023-01-29,1985995,2027-02-20,DUE_2027,DUST_WHOLEBOX_CLAIMABLE
6276be0ec399f87a8a0c804c8d258d4d78a2fe718233243835999ecbaed46841,9esygLX1Bz7WnGrv5ftkFvCeB8shYmqyVY7a1ivbMEfJPAtPCMj,0.008,1.0,0,934879,2023-01-29,1986079,2027-02-21,DUE_2027,DUST_WHOLEBOX_CLAIMABLE
8ac4bf9531871d5c69847861c1299ebd3abc82fa08fee44ff4d57fa5cd353e48,9eq87z5zBbtAW5N6L2gqqNq5tJbXRjj13Rtg9yL6CcEtXo7H5yy,0.01,3.875,0,934897,2023-01-29,1986097,2027-02-21,DUE_2027,DUST_WHOLEBOX_CLAIMABLE
2764864e5c26bba326ab7a930b6852e11a1b56cb49cdfa8a94bf905211d3f0df,9hbxMgze7oRtnSjsXEyH8tvgw3uP2sNFFeaa1eQf7AmPoiz67eu,0.01,2.1875,0,935964,2023-01-30,1987164,2027-02-22,DUE_2027,DUST_WHOLEBOX_CLAIMABLE
68669e0a5fc5c8ac7704c129672c6fdf6d5391523275769dcb3ea5fa0af38c09,9iLqJzb79XetaDQa8XgnpfA6QtGoHP5mf6tn7L2AokBRDkXKBCB,0.01,8.9375,0,935973,2023-01-30,1987173,2027-02-22,DUE_2027,DUST_WHOLEBOX_CLAIMABLE
7d579d9ecb2dc2d983acc76f951d964cf2355f791d577296058ac3e26bd0ba1b,9eaBbUfHRfNPpkyeXhasb5NqF8cXfwhfQhXwoyb556Vtztnboc7,10.860995284,20.24685675,0,936493,2023-01-31,1987693,2027-02-23,DUE_2027,FUNDED_RENT_WITHSTANDS
34458b90c622f3e8563081bb8c9f3e17ad0ff3f56da56f8591212ba1a5293f61,9fH5qjbK1crKiyqbXCG8Ztu7rU4hvTaZ1JBK5Pm4HgQsVm7CehJ,0.01,5.5625,0,936742,2023-01-31,1987942,2027-02-23,DUE_2027,DUST_WHOLEBOX_CLAIMABLE
6375a139bbc939b79c8e2f78817022942d4d6806c0989351c0b87e5014a62860,9fkeLLwPFoScz8QVSYYZHc86eUTLp67BywA5TS8xGYdbufFbfZD,0.001,2.0,0,937750,2023-02-02,1988950,2027-02-25,DUE_2027,DUST_WHOLEBOX_CLAIMABLE
8d1a57b3303bd0ae79153b7d707883200f3e131afdfcf39854cd59f972f871d6,9hi9Juh3hHTgyMWNf4XggRzoveoK2zdnMMuXz99e8R6QV7gTiaz,0.01,12.59375,0,938220,2023-02-03,1989420,2027-02-25,DUE_2027,DUST_WHOLEBOX_CLAIMABLE
87eb878fa5f6135269dc884ca1870a90240338a67ffa4110149d02c7e1fe33d2,9hi9Juh3hHTgyMWNf4XggRzoveoK2zdnMMuXz99e8R6QV7gTiaz,0.01,12.59375,0,938222,2023-02-03,1989422,2027-02-25,DUE_2027,DUST_WHOLEBOX_CLAIMABLE
5303384233741a3e03ee714b1d52cda2135efb00e4bcf68ec41ab7041affedc8,9hi9Juh3hHTgyMWNf4XggRzoveoK2zdnMMuXz99e8R6QV7gTiaz,0.01,13.15625,0,938226,2023-02-03,1989426,2027-02-25,DUE_2027,DUST_WHOLEBOX_CLAIMABLE
dc01aca0594e58cf4f7597060f405e3b4515c88175a601dd16b0f7673829bcec,9fxQZw3NGmPb3j6EDNuARJVXTuC6Pc6WoDUaX9pnGbL7DN1fj3K,0.01,7.8125,0,938231,2023-02-03,1989431,2027-02-25,DUE_2027,DUST_WHOLEBOX_CLAIMABLE
76cec03aa1da31900efc8a91d89f54920b8f13fb70aad4b7de6ce7b61347bad8,9g6FvHG5p8N6wt9RUQkyr62bvRb1poK78ZEVDTgsGRrbB86UmoP,0.01,12.40625,0,938397,2023-02-03,1989597,2027-02-26,DUE_2027,DUST_WHOLEBOX_CLAIMABLE
582624fc319864170798275152594899a7d4cbf51051e653f300c1addda7adec,9htcKbXMwG35AtNEFqoWVRF3Mr1krmoDWCoKsiRD4QeM8z44fW8,0.01,9.5,0,938454,2023-02-03,1989654,2027-02-26,DUE_2027,DUST_WHOLEBOX_CLAIMABLE
3af8be6aded5376ba86052dee4ecb0b7d61efd76c1f75dd690a847928d1f6644,9hp9gJyX52sLbTts3DUwrdmfk9V12LBYuvJGqJyVLtKfqaGFVBe,0.01,2.5625,0,940562,2023-02-06,1991762,2027-03-01,DUE_2027,DUST_WHOLEBOX_CLAIMABLE
48e23b6c84a4e6a9b52a3562d7bb32af631fddbf307ea1330c070cfd09779c41,9gAT65NksBP1uQnTinsTi12HCxLm6FEXmkYcPakuRTxJasf1M4e,0.01,16.90625,0,940895,2023-02-06,1992095,2027-03-01,DUE_2027,DUST_WHOLEBOX_CLAIMABLE
60ff76acd799bad1eec3c81c53c3ea7547fb5ba3ceb660f52a32f8617fbf522a,9ecc85qdheD15HmhTKoM19rXys4j5RSCyV7wS5ojMFVst6XhA6a,0.01,29.75,0,941492,2023-02-07,1992692,2027-03-02,DUE_2027,DUST_WHOLEBOX_CLAIMABLE
f6aef406edf190f4224d4b7d4d8cf1627fdb763f5970fa0e718d1e56eb8d08ad,9iJsY79Qkypd1MpKiW3Ugif7VswBniPnHvS38QdzEhXE4jRrNdA,0.01,0.78125,0,941576,2023-02-07,1992776,2027-03-02,DUE_2027,DUST_WHOLEBOX_CLAIMABLE
76822621de3b5e2665bb1a65d177540ff1c1087ab6aa4ce6df31791b6314b7eb,9fwqYxk9awUqXW538eF2Hm98hMYCqYfvmcUwg3FDHHcpsNFe6aC,0.01,111.625,0,941869,2023-02-08,1993069,2027-03-02,DUE_2027,DUST_WHOLEBOX_CLAIMABLE
665083194a148e240e7d9cd844b81ec7111752218ff61734f4a29f5836d92ec8,9efEKXVEVJoW153NVkmx7n661WAfUAoFJPth6WeEhuJnTAgiidu,0.01,0.25,0,942192,2023-02-08,1993392,2027-03-03,DUE_2027,DUST_WHOLEBOX_CLAIMABLE
87bb4f2c2355856d319a8c9cf428603b24f597f129f3000813f542a70807b8d0,9ghE3mzwYDVrZJZege36PPNrpmTCqeBnhB7T3EyKXvez9wqzCab,0.01,5.3125,0,942239,2023-02-08,1993439,2027-03-03,DUE_2027,DUST_WHOLEBOX_CLAIMABLE
961c1bd7e4af06703183667ce74932babbe6510a776eca2294f15c089de36969,9hGUnDQjkfSLM468UDTBV7jShfNoCAwGYTzruDipKthQ4ae9ZDx,0.01,2.21875,0,942522,2023-02-09,1993722,2027-03-03,DUE_2027,DUST_WHOLEBOX_CLAIMABLE
ff7d7abb208fc8bb2cfb8ee9ef7a5ddf7b9b81bbff59cabab21e5a41b9507a88,9ho21vAozhMF4oRKByHtsnpNRRZZg5JvpBDaUmn5HHRaCJ1LS5V,0.01,10.375,0,942771,2023-02-09,1993971,2027-03-04,DUE_2027,DUST_WHOLEBOX_CLAIMABLE
059be88407886d6c6163589741fc5ca43f0b2e6aad0b656000c6fccccdb3885f,9iEDfMQuwcYEf96CyDsnEHPRDe3iDaK3u1Z3xaVsdi1QjqPmD9X,0.01,0.8125,0,943006,2023-02-09,1994206,2027-03-04,DUE_2027,DUST_WHOLEBOX_CLAIMABLE
0fd133133f589b568d3b3bc08ca5d0b62f804ae1a819d00f44bc28142523117c,9gwM1dqQDTiwP7e6FSdGXLyBMaTTutJrnEQ2vsNkmiAXNMCgP68,0.01,12.53125,0,943040,2023-02-09,1994240,2027-03-04,DUE_2027,DUST_WHOLEBOX_CLAIMABLE
90b295ebadf0233d0e1ccac8d6fe43f6d7ec883ad5c641963e726eae84805f90,9hn2tXjnnHAuJNCtoKpeMMVbpxaAMrS1sbLp56yfZEFBKy5EghW,0.01,482.87273924,0,943064,2023-02-09,1994264,2027-03-04,DUE_2027,DUST_WHOLEBOX_CLAIMABLE
f787bf871432aee915c9b29de396f1d89ecf0682672ef55124128ba83c804e3a,9gFGg7EAwePsRbVCxC4Ly89apBGbdXL97sMt7KjWbu9L7QRDscf,0.01,581.11144935,0,943078,2023-02-09,1994278,2027-03-04,DUE_2027,DUST_WHOLEBOX_CLAIMABLE
7078023e1e7bc03e65d1630f30ccfe3f8ca480821e92a97b6538a445738d11e6,9godxY6Cq1BUT8Fm72wfFUG9vBMudchSfsatyjeZS7SAKKuGqFJ,0.01,888.16169087,0,943086,2023-02-09,1994286,2027-03-04,DUE_2027,DUST_WHOLEBOX_CLAIMABLE
c8fc7e49ece9f656f8996e4db74e2f20447fb770a51557113b88dc2ec7cdbd06,9fFMmPFoQesHYPUxZSSSwgQsh9xxQ9QLthKR54n5ioRKrvufFwA,0.01,1.375,0,943226,2023-02-10,1994426,2027-03-04,DUE_2027,DUST_WHOLEBOX_CLAIMABLE
03f0f3b8cb5ff7e1fc8d5f30e42738235091980b1bbc02258ea539cf6c8c0c62,9gCtyuRAouAycVGL2owZhJYc3UXNUqSqdv1UJgMVr2Lj5ynkyys,0.01,3.14355116,0,943236,2023-02-10,1994436,2027-03-04,DUE_2027,DUST_WHOLEBOX_CLAIMABLE
0a245d0549f4151819a4ab44700f6f139d47da8b37ad22d0b535876742f7def5,9hkR5ekP3pY3Z8P9eQtsVM7sR1DUN5beTARh3iXdmfxaCKeS538,0.01,11.21875,0,943252,2023-02-10,1994452,2027-03-04,DUE_2027,DUST_WHOLEBOX_CLAIMABLE
131c917e6c4e11810dfc9b6a49294dc6bf08b803c12ddc97eb2d114efbb71c4e,9g33ZusYV4oKEAHZbNQsNLq9fiQsed6B5o17tV2ydCnvVtszzJp,0.01,1.9375,0,943279,2023-02-10,1994479,2027-03-04,DUE_2027,DUST_WHOLEBOX_CLAIMABLE
84aaf00501a4bb606cc385f09538da97be90158ebe68ff81363e8710cf1c6858,9hFdjrLud3SUpRN2LqYhv4hvfYUipfZHqb9fq2a1RnvWcE6bT9v,0.01,14.03125,0,943319,2023-02-10,1994519,2027-03-05,DUE_2027,DUST_WHOLEBOX_CLAIMABLE
f1426f6d3e8cde0f620070dfbd1e1e9c09668aab50be786bf5e12cdb95921870,9g4oECUt4XEjDXE3VBF5oFW41dpNooCL6GKP2mmBZa8gvDSuuvJ,0.01,48.51090507,0,943643,2023-02-10,1994843,2027-03-05,DUE_2027,DUST_WHOLEBOX_CLAIMABLE
273de72a3d5c319fdae34b99f1379119be48886629d6054a8053f2ce169838d6,9hSdkj8wG1JYQ1odgiTmtqCEpjc8qS5JpTVaecnhL2FTM3YALk2,0.01,2.0,0,943718,2023-02-10,1994918,2027-03-05,DUE_2027,DUST_WHOLEBOX_CLAIMABLE
d163de6248e3a985df7604afbde86cc07608d49c2fd1f50fb528468537f71221,9fi53Q3xkaV7GBVBSRnrxFy7CBmpn6zQBXSGYGEcszhBCa5LrB2,0.01,10.34078791,0,943805,2023-02-10,1995005,2027-03-05,DUE_2027,DUST_WHOLEBOX_CLAIMABLE
3301722cc4783f5ac3866dd8f4e2d980a72169e6937c7f40722f1b8a3b4b1a67,9gJJvb33YLdcFnZ65xaigVr3B9mg4NohN8XjnuL7kB2Pa4DSddQ,0.01,12.26582834,0,943851,2023-02-10,1995051,2027-03-05,DUE_2027,DUST_WHOLEBOX_CLAIMABLE
084389168b75bffa7049dbcbfb731d7bea9d3c4eddc730dfffb6faff9c04ed0b,9hxUu3C6KEQAGheFadEP5qi5PWjGifG2VXxEkathbcWM65LgwcC,0.01,22.76255452,0,944164,2023-02-11,1995364,2027-03-06,DUE_2027,DUST_WHOLEBOX_CLAIMABLE
1af2f7d67d4d18e2752fbd4bd1473b76ad4e909d6573b2e9af318b4d701ca2de,9gLtgfbH17W34hfVqxpHm8nNQ7krJcTv48idvXyyL9Jk1XVXaEc,0.01,19.40694092,0,944256,2023-02-11,1995456,2027-03-06,DUE_2027,DUST_WHOLEBOX_CLAIMABLE
917c31d7581c6b3f165e93beec5495ffaf5f4ca2c8b3f33b326a1892f7eb9994,9eyWqP9EdbQEWSeDxvXiiFW9rENybCKY16o786GYYFGtrH4nbMj,0.01,2.78125,0,944347,2023-02-11,1995547,2027-03-06,DUE_2027,DUST_WHOLEBOX_CLAIMABLE
e9c5b5a04b653006d843363cd4cd916a84c2f5a269a73b56e16f1d22b9188465,9fJ8pYUMTT3HEP4mJXx87m14vVNkND5bS6Z1awKyk61aZa5KFQd,0.01,18.97292962,0,944382,2023-02-11,1995582,2027-03-06,DUE_2027,DUST_WHOLEBOX_CLAIMABLE
4ed633d3097ea10a35cd4066e76381813885677ae0e8cae96755054d6301f872,9hbxMgze7oRtnSjsXEyH8tvgw3uP2sNFFeaa1eQf7AmPoiz67eu,0.01,3.62289388,0,944561,2023-02-11,1995761,2027-03-06,DUE_2027,DUST_WHOLEBOX_CLAIMABLE
f0458289aabfd9eddc52cbd5c16e9fe2c273cf0e6d4074929f116c503984aae6,9iKcuUmSSZ9oqGznwPHM6u4bFybBRYHJHBeSKCh41Hmug1v9yXn,0.01,8.125,0,944645,2023-02-12,1995845,2027-03-06,DUE_2027,DUST_WHOLEBOX_CLAIMABLE
0c99dffc6b7e119cd73f0c9d32ab82cfd2a0d93b5d1e9b19a15b253c272e0aad,9hAU2nV2rys4iiyQ6kSXSF5msWhZ4PzX979hupiXogf7a5DfFSJ,0.01,7.28125,0,944667,2023-02-12,1995867,2027-03-06,DUE_2027,DUST_WHOLEBOX_CLAIMABLE
e2443524601831440cfc8cf2b9cd9c41812733a5ea83f76974b368406bbc2308,9ewNibSaBHphaKTpK7xEq4nnbGDPfv1UicpqfKLWjZA4hpjLGUa,0.01,33.02191376,0,944799,2023-02-12,1995999,2027-03-07,DUE_2027,DUST_WHOLEBOX_CLAIMABLE
37a0ad4417e5ff0ccfac076e1d443c36f8a39f0ba3953651c08192eb3ffde59b,9gEFoqxbNKvh8gTLLrjtLHdARFpnZXot4kacU8iZqj665gd6CWM,0.001,20.74534996,0,944807,2023-02-12,1996007,2027-03-07,DUE_2027,DUST_WHOLEBOX_CLAIMABLE
7930a6573ddb806fa78f59fdd857d729af4c575ebb589386d6f628056dca336f,9gk3oXBSZjtG9DDHq89T8kvUeDKTUK9o9jd9KEmL4cx8qbui5B9,0.001,4.77744502,0,945006,2023-02-12,1996206,2027-03-07,DUE_2027,DUST_WHOLEBOX_CLAIMABLE
124b1a24d42873902709aa0630817acb6c600a580c084445d3880001433d53b7,9fRW4n6UVBmkJYq249rxbXTRZt1J9qJnmAyU9WWP13ZsmdhQqPi,0.01,13.9375,0,945342,2023-02-13,1996542,2027-03-07,DUE_2027,DUST_WHOLEBOX_CLAIMABLE
679605816a74feacc6d357ffb8c83b89201da356a4e501216b448c6e7ef5edaa,9hDdqULu1pjnmxwdfBN33aE6dUGQM6DqgNREDXRN2bdscgyDF1A,0.0079,2.0,0,945345,2023-02-13,1996545,2027-03-07,DUE_2027,DUST_WHOLEBOX_CLAIMABLE
6f12b2c100c3acf8589bd92905eb11966a1d4c631476daf6ee6c234065944189,9h8wzgqBteAFdRP32Q1ZevS2uGXCSxzdH1w7voDjXAxuTUjD6SM,0.01,0.43616522,0,945373,2023-02-13,1996573,2027-03-07,DUE_2027,DUST_WHOLEBOX_CLAIMABLE
a79d8ae80f931e241b7122ccc8299c9c6bba4c01a52d9fb4fae30b48ef1681ee,9h8wzgqBteAFdRP32Q1ZevS2uGXCSxzdH1w7voDjXAxuTUjD6SM,0.01,1.375,0,945373,2023-02-13,1996573,2027-03-07,DUE_2027,DUST_WHOLEBOX_CLAIMABLE
94d32fb6230456fd29c45ff984a2abb42fa7d580202998f158422477ce6d5043,9gvR1V7zxgyDJoxPVFDgF5azuoRaf33Az58UhRBqPeBL4pdaEBD,0.01,6.71875,0,945376,2023-02-13,1996576,2027-03-07,DUE_2027,DUST_WHOLEBOX_CLAIMABLE
8b19bc0a1b68898d0c36ef45e2e0fb1e1bceed257ebda1fc8a06d487788c0b8d,9ghvsqih4bsYzwKt2duDgNmeyNGbWoGuafh7FFQpWEQysPENcNZ,0.01,9.25,0,945544,2023-02-13,1996744,2027-03-08,DUE_2027,DUST_WHOLEBOX_CLAIMABLE
d67b8ef67a923be5b932f7e503f832126fbfc59a859c32199b067a1eaafb2a3e,9hFnojmzWEe1X1sQYSqep7dAJqvE3GHJbVeGZSXT9Bhzxup8t1h,0.01,110.6875,0,945557,2023-02-13,1996757,2027-03-08,DUE_2027,DUST_WHOLEBOX_CLAIMABLE
a4081981531db56320018e41280b7dad983c61e04c88f465ae78bae139f9970e,9hEmkdWQREwfzdfexkPvdf7izkf9ZFmLwmzFyjSNt5hCLuG3wJW,0.01,66.625,0,945972,2023-02-13,1997172,2027-03-08,DUE_2027,DUST_WHOLEBOX_CLAIMABLE
639ee0ce4d344421ef00619d7f8e7f7b9c3462d9f42790a4f39382cd3bc059b0,9hEmkdWQREwfzdfexkPvdf7izkf9ZFmLwmzFyjSNt5hCLuG3wJW,0.01,71.125,0,945994,2023-02-14,1997194,2027-03-08,DUE_2027,DUST_WHOLEBOX_CLAIMABLE
e82fc314394645944efa03b086b899f9dfba097fe25e62ea89b0de2cbf72f765,9hEmkdWQREwfzdfexkPvdf7izkf9ZFmLwmzFyjSNt5hCLuG3wJW,0.01,71.125,0,946007,2023-02-14,1997207,2027-03-08,DUE_2027,DUST_WHOLEBOX_CLAIMABLE
5788805ffc62c62c5102fa6ce8a420c85200601f345c42c3ea8203d1a1fb4001,9hEmkdWQREwfzdfexkPvdf7izkf9ZFmLwmzFyjSNt5hCLuG3wJW,0.01,24.71875,0,946012,2023-02-14,1997212,2027-03-08,DUE_2027,DUST_WHOLEBOX_CLAIMABLE
e7851b526940cd37a8131119fe59687f0880e208232f5e217cbe6f59dd55a421,9hEmkdWQREwfzdfexkPvdf7izkf9ZFmLwmzFyjSNt5hCLuG3wJW,0.01,24.25,0,946017,2023-02-14,1997217,2027-03-08,DUE_2027,DUST_WHOLEBOX_CLAIMABLE
35e2a42630b7cf0461717c00d4a7dc1efe6b30e746dcc89c05bdb5c1579c7997,9hEmkdWQREwfzdfexkPvdf7izkf9ZFmLwmzFyjSNt5hCLuG3wJW,0.01,21.90625,0,946023,2023-02-14,1997223,2027-03-08,DUE_2027,DUST_WHOLEBOX_CLAIMABLE
39804ceff53e45f5edf0cb8770074fba24afa6523e84015be82a1689beb1f0a8,9feTRkPNejztKQk9QuV94fX24VvXQL1mW9A9iZeYZD2cxPcC7Mx,0.01,1.09375,0,946194,2023-02-14,1997394,2027-03-09,DUE_2027,DUST_WHOLEBOX_CLAIMABLE
e54eab0ae64914566af20b0b08b7a9ad2600dfd9344b642e439dba24dd3f119a,9hfLA4RRBs7hzxurvcHD2W77yM64usjyiLwroTgjV6QhEuSt7kD,0.01,3.99447558,0,946686,2023-02-14,1997886,2027-03-09,DUE_2027,DUST_WHOLEBOX_CLAIMABLE
acbf50f078558ef96dd85fab1634a47b73c52ae3ffd12390fb65ab1ca90b3d9a,9fd7RmBCgadwbG5WRmSLER1D5QSS6zcpNVWNLwQWECfWBgy4mQS,0.01,47.97583883,0,946745,2023-02-15,1997945,2027-03-09,DUE_2027,DUST_WHOLEBOX_CLAIMABLE
cb7e4dbd58a3fea53f523127d723eac74fe9773e09faf36ee012fb72fa649d3b,9hfLA4RRBs7hzxurvcHD2W77yM64usjyiLwroTgjV6QhEuSt7kD,0.01,0.25667582,0,946790,2023-02-15,1997990,2027-03-09,DUE_2027,DUST_WHOLEBOX_CLAIMABLE
387ad2ec2ea16aa2c519731b8c1179d2ad7858ae81bb31e5cb7be495c634308e,9fckY8Ly5m9wwWsc8UruS3gaNvEkHD8WG1tUiDoGoYTUwK3x2pJ,0.01,18.625,0,946973,2023-02-15,1998173,2027-03-10,DUE_2027,DUST_WHOLEBOX_CLAIMABLE
b07f3eac6e2a470b7c2b3e51a864ed0d95d954019478324c91690a987af36595,9fHu3YaPJuDi2FqkjBV5bjgcvLJFvh8TNMcQsZUX4WfxotRE7Bd,0.01,163.0,0,947070,2023-02-15,1998270,2027-03-10,DUE_2027,DUST_WHOLEBOX_CLAIMABLE
b82905a1fcd298b1a0e7d4754d75f5a443124a6fa2aae74f6f496e23081b3a86,9gyvvr9YVuWv5LZqSgSa3fGTKvWuBC3NsKTqJaCSW2X7n3yBeAy,0.01,1018.37502763,0,947203,2023-02-15,1998403,2027-03-10,DUE_2027,DUST_WHOLEBOX_CLAIMABLE
25dcbc40ca4a2ead7329557d1b2bd02a2ee32f0c47d3a3983de0473a150186bf,9fWURsHvUW7n5AqYEDBLdKSW8a3UiJhiA6MrKxwtrmm4DqasFTp,0.01,89.875,0,947317,2023-02-15,1998517,2027-03-10,DUE_2027,DUST_WHOLEBOX_CLAIMABLE
a53bdeebcc4305ebafb2a5611882d00f9f4387cef6a55c68403e9fa2f009772d,9fDnsjCUpnKVf8LpB4pPbPaSCNYZN6biAjjsdM7WWBxLSYbtoz7,0.01,8.6875,0,947533,2023-02-16,1998733,2027-03-10,DUE_2027,DUST_WHOLEBOX_CLAIMABLE
7b3aecb9bf6532febc26185cf13bff18be5a3a194e1ec2ea5eee38d7f8d7a935,9h7vELtVvtvX9vA4vRuLo9GcY48ZdgU6TKwDSmxcugZunXyBgHM,0.001187403,21.16070955,0,947771,2023-02-16,1998971,2027-03-11,DUE_2027,DUST_WHOLEBOX_CLAIMABLE
e34e45041de187f93451896e889d9e28d69b015238768032fd1bd496de6c0ef8,9hwh2xNh3Z74xbDteWWeB686TdVGeU1vRur2eFkvdvGbThxzgTe,0.01,5.875,0,948128,2023-02-17,1999328,2027-03-11,DUE_2027,DUST_WHOLEBOX_CLAIMABLE
ad653d1c7f47a6c488dec33d0758f7f470efb5d2db32d2643e68706c782adef4,9gLTcB9aiS9EYyQrq3LUGrN1GUUHAZYPD2LpC6SsJBdqfSh1FG2,0.01,4.14100841,0,948682,2023-02-17,1999882,2027-03-12,DUE_2027,DUST_WHOLEBOX_CLAIMABLE
5693c3d359897b85af7d1f8972a21e63d90ce91d618804d2650eca6cd8c026d9,9g3kCkmU9EKST8WMtrjDX5bxBbuWsNbX2BJ7E5FU95nhtvZNpdn,0.01,48.51090507,0,948685,2023-02-17,1999885,2027-03-12,DUE_2027,DUST_WHOLEBOX_CLAIMABLE
6b40cdd0e2ba3cf629ebfa11e68e9fa5278c7608ca401b7a5e0697ef0013f1c4,9eaSoEnzvUDuJgZVwTK3KK7eFdPSACG2G29yCCnBhDWPPTYGcrb,0.01,0.25,0,948808,2023-02-17,2000008,2027-03-12,DUE_2027,DUST_WHOLEBOX_CLAIMABLE
ec5182684bf46e8cf6aa01507a2182d98f4ba15617188b4e253824cb6e62bcb2,9gtDJuLBz7qV22TCA9V9QvjgXxayLG7HVL4DCwDcrXRmhCpX9yw,0.01,5.23075288,0,948882,2023-02-18,2000082,2027-03-12,DUE_2027,DUST_WHOLEBOX_CLAIMABLE
56b0fd8a87c3209b001f0a51597c44b83a89c3bf7a0926009f3f4612f4c5e2d8,9hsEJxEmgeiKu7GPXUwGnvkTsnvoJA8DVXFQfU1rXyzRZBLRnpt,0.001,5.5625,0,948888,2023-02-18,2000088,2027-03-12,DUE_2027,DUST_WHOLEBOX_CLAIMABLE
e2acdd0909660d8636586a4dc57466caefc8ff059efe01aec0d7434aefdee6f0,9hEt5UP6TMSs7kbdbfdJoVupnPqCo9eS69H4REJUh24mKpWyPSw,0.01,13.75,0,948977,2023-02-18,2000177,2027-03-12,DUE_2027,DUST_WHOLEBOX_CLAIMABLE
6934443d300d098664995f88878ab8c12b76450511ab852bbd5dd8ab35a760f1,9g29Lun8whCFmVg8E87uQnsGntsaCXNmxKK2z6vfPnQYHw5q8rj,0.01,48.15625,0,949232,2023-02-18,2000432,2027-03-13,DUE_2027,DUST_WHOLEBOX_CLAIMABLE
b817dd4bbeb8944e1aee515f095ee6c5786e0150dd72a899b0085fc1c96f011f,9ejv9LtTdWjCqbGkNv8gs4jVfQbeRccypPBfR8C6KbLQqwxF2XD,0.01,1.5625,0,949516,2023-02-18,2000716,2027-03-13,DUE_2027,DUST_WHOLEBOX_CLAIMABLE
b889ec5ef996475fff7c1f0236731f6a9566484866ed6e3c3094f5344fb56bd4,9ez9gpCyQAFpPVY4MP3RqFZBhqKqB6VD6JwiYKBHoM6XkbgKyrn,0.01,3.20121332,0,949738,2023-02-19,2000938,2027-03-14,DUE_2027,DUST_WHOLEBOX_CLAIMABLE
5cb265ccb5723c4c99cf1dc6d6bd6407c9e4e0dc3fe8511f1a161dace231727e,9gbjoECddwGDBmXGQ4zj9eCgx4D6q7bBvbNmYtmZC7dL4KVE4fj,0.01,22.65645027,0,949934,2023-02-19,2001134,2027-03-14,DUE_2027,DUST_WHOLEBOX_CLAIMABLE
8d5772b1b74826297b364a87b988ad71aff60360ef0d43ecdd7b492cbf298b34,9f1MuxJoJFgKshXDeTndDyv2WANBryh2feYoY791a6uN4hQ4M8o,0.01,2.5,0,949948,2023-02-19,2001148,2027-03-14,DUE_2027,DUST_WHOLEBOX_CLAIMABLE
3778378190ce8474bcdcd3f5dd242153c1b87680e8121dab365504acd1be416e,9gq3khmqz2W2sZBLZ9az1qtcCkb4JAzzf8KeV5yKH7mGiHDC9Nw,0.01,0.00346146,0,950221,2023-02-19,2001421,2027-03-14,DUE_2027,DUST_WHOLEBOX_CLAIMABLE
b83ef135582ee70631b42b90278bb5c4b52dec4fe325d9577f07a978bbf2b5ee,9h95BnDCY4xv2eFQDhSYr6ekhGgvAbhXuF2nxizXrVB28YA7PtV,0.01,1.375,0,950331,2023-02-20,2001531,2027-03-14,DUE_2027,DUST_WHOLEBOX_CLAIMABLE
82703a86318d76985249ab2c86e8eca3aad082164c8827b4716f69bc568cc7ba,9fgvxJCmfjamdZUEdUMKkt7Jy1L4mpVrWKAppiShFS7cJSEAVPu,0.01,263.90900705,0,950402,2023-02-20,2001602,2027-03-15,DUE_2027,DUST_WHOLEBOX_CLAIMABLE
df05bedc57840685c2f4f3257d36413d762541fc0b98e617508b03fb8f77ed3d,9ewVQmEbHgcfRsjPZ6Um3xnNPWRC1ahrkNDiUBx1vBoowQAAuch,0.01,0.28303859,0,950730,2023-02-20,2001930,2027-03-15,DUE_2027,DUST_WHOLEBOX_CLAIMABLE
b84b22f7e2b7b3c70951191a9ede5ad7ebad95d08b9ad29207e6061178acf208,9grCc9Ebuiav6ApiuegpVF6QCfhFgkaMHHgcPtmeEJQcWsoD6mT,0.01,0.92889665,0,950800,2023-02-20,2002000,2027-03-15,DUE_2027,DUST_WHOLEBOX_CLAIMABLE
6e18d2cfc2ac3382f52bf591e8d04a5dcb163b93a7177ae1a9df8b4a42d141fd,9fcH1mBQ5PhWSAxCGxCDeV6WhuePUHGHwqgMwrprV2tdiQEfgBj,0.01,13.75,0,950818,2023-02-20,2002018,2027-03-15,DUE_2027,DUST_WHOLEBOX_CLAIMABLE
0f6e355c9401480e11c7ebbdd67d781a4d74f1ee30e76fe2c80b7be6c623da62,9hsiE4XQH3CcTDRNcYEXxgfiu2KEMkW4b7K5AYBoGNgPX7pt2qZ,0.01,7.375,0,950922,2023-02-20,2002122,2027-03-15,DUE_2027,DUST_WHOLEBOX_CLAIMABLE
5adb2eff655da5422a5ad5c82afcc8fb40c1f0803aa0df2bd7a5e21c8b009af1,9evvyy5KvuShe1sMbJjv12gzwJ5r93R3GkffUpaUo4td26NAHcx,0.01,1.9375,0,950929,2023-02-20,2002129,2027-03-15,DUE_2027,DUST_WHOLEBOX_CLAIMABLE
7f6b50ab5149fd25db8fa055f96b39f1a23334d986377cfa9e79a4f228677b32,9fXdoNSVmpGsT3iyBSxKMu1y8qa2vu2nzF5ghWizAsMB38Hb3Xr,0.01,91.53963477,0,950953,2023-02-21,2002153,2027-03-15,DUE_2027,DUST_WHOLEBOX_CLAIMABLE
49f1aefa75ea547a9cfb982ef9a4c6a1bbbad3333648fb46ef834b0e825468ba,9hsxf1FSHCJPgwERCqjPWUrtqg4uWUw1RWxPw8uH7XGJHS1Hicm,0.01,2911.32862795,0,950987,2023-02-21,2002187,2027-03-15,DUE_2027,DUST_WHOLEBOX_CLAIMABLE
4fdcc6bdcf3a6d7a5d0b772990f5619b929197dcb1673cbc4e6f8f0c30cb67bb,9hsxf1FSHCJPgwERCqjPWUrtqg4uWUw1RWxPw8uH7XGJHS1Hicm,0.01,152.66191053,0,950990,2023-02-21,2002190,2027-03-15,DUE_2027,DUST_WHOLEBOX_CLAIMABLE
a98d2642e15fdc74e75ae2d61f8ccd5f2b0b6937ca40b60a94cfede939f4acf1,9hsxf1FSHCJPgwERCqjPWUrtqg4uWUw1RWxPw8uH7XGJHS1Hicm,0.01,155.71203212,0,950993,2023-02-21,2002193,2027-03-15,DUE_2027,DUST_WHOLEBOX_CLAIMABLE
4cf67d62e391524ca218bf89f809100e21dbd996f263a58617a50c5d33ac1d42,9g6UnaMJih6EpfZPhF36mG3eAy76xyNGY5Bjz3Nk7c3nMM549Nx,5.419337437,0.90956314,2,951004,2023-02-21,2002204,2027-03-15,DUE_2027,FUNDED_RENT_WITHSTANDS
cf9026b155e7eaf19768a9555637b8675fed93022815fd921d108eb441ceb925,9eq3EzBADtmXdNwM2wXiRCa76N88h73k5sPqpRSJdBY6Zt7MsiH,0.001,5.20026982,0,951087,2023-02-21,2002287,2027-03-15,DUE_2027,DUST_WHOLEBOX_CLAIMABLE
2d528b97dd53bcb74046b4405ce286e99f32433140ad5480b55216ab04c1aa0a,9hsxf1FSHCJPgwERCqjPWUrtqg4uWUw1RWxPw8uH7XGJHS1Hicm,0.01,152.92985527,0,951200,2023-02-21,2002400,2027-03-16,DUE_2027,DUST_WHOLEBOX_CLAIMABLE
21c70835da14dc99aaa595287dda4a865ebe5fc0d26b1bf1d31cb89db0be224b,9eiC7gAthhLUn6v4E1yR7pu6z754qbgLEtJDDfUmZKkQJH5Pgh7,0.01,2.5,0,951224,2023-02-21,2002424,2027-03-16,DUE_2027,DUST_WHOLEBOX_CLAIMABLE
81f672eddb438f9ed694f00341e2d15e9655ef7001c88b02decf5027609dea75,9hvTX5MejrRdbZE9iE7ibSsitKDeZ4JnqPfJ3PXDzZ6v1yMVUn1,0.01,15.15625,0,951380,2023-02-21,2002580,2027-03-16,DUE_2027,DUST_WHOLEBOX_CLAIMABLE
159916c2d90185dba1a3e39d697bc81ef5a12fb862de727edb69248173413660,9haAJ82pdxuArocE84wB9zKagtZYZykcmUyEwdrfBZFYps9Bdhs,0.001,49.76290935,0,951781,2023-02-22,2002981,2027-03-16,DUE_2027,DUST_WHOLEBOX_CLAIMABLE
67d76a38d4944cf55bc3c7adb1bfbdf8c4480250cb706bb610797397fb48995a,9iB2tVSYDsPkw7FCZctcFwPpSD4b42q3RsqmUD7Ley4rdsLZiXJ,0.01,48.81190391,0,951831,2023-02-22,2003031,2027-03-17,DUE_2027,DUST_WHOLEBOX_CLAIMABLE
b304df888400a3108106853a1cd331b6b447668545ad59324c4950223b8b96a8,9gfhLpQmwhMGQ6xBay1Ttdgcu1NxQYWfNzXrNNz841VRy1REaT7,0.01,2.5,0,951852,2023-02-22,2003052,2027-03-17,DUE_2027,DUST_WHOLEBOX_CLAIMABLE
c0d2d73194bfd5f974763a7dbf268047896b6fedf44053b3563b7bca0e978bb3,9ez1vHim3nU8qXp4vNuBMBG8V6BwRLwAL2xJKbrTJKoRaSAWATh,0.01,2.5,0,951854,2023-02-22,2003054,2027-03-17,DUE_2027,DUST_WHOLEBOX_CLAIMABLE
cf4921a7473612e9cba357918a07dd73f2bb8dea5f9a4263ed7cd824d7345fc3,9hT3ka1xabW1Ee7fztVJJSLECqZSZ8cWoYsWWBvhnBD66zXzTxp,0.0079,2.04776657,0,952152,2023-02-22,2003352,2027-03-17,DUE_2027,DUST_WHOLEBOX_CLAIMABLE
e8c0caad054ebfb129f06304268bba026cc3ee6f2a0c08654d2419ed11fccdda,9hCMx2EAYpsCoBkNj9rnkkQicd75mF42bpgC2N4KZfScAzHxM4N,0.01,0.37118102,0,952182,2023-02-22,2003382,2027-03-17,DUE_2027,DUST_WHOLEBOX_CLAIMABLE
5a475cc60010b191c9a94897f59bb56e7e019fc5e91fa03a1e3336bc9132e26e,9en2f9GSu7Q5a3skQ3APb9GqGd4xJ8gmq66xdWLFAVVFP32bTWM,0.01,0.93768463,0,952192,2023-02-22,2003392,2027-03-17,DUE_2027,DUST_WHOLEBOX_CLAIMABLE
ee5bb8a179b653ec5e7230e2a5bafe10ecdd29281fc712845a7a8e21f953c83a,9efVi8vhNpN7cCNdhqpdisVYVwHG7JZzzGQtxqmLUMUEy7z9HHa,0.01,0.85283806,0,952200,2023-02-22,2003400,2027-03-17,DUE_2027,DUST_WHOLEBOX_CLAIMABLE
d4e4ce39be7c73895f836606b63f225e617de19759e35235bf772d1f4167243b,9f7Qh3bNkEEqFYRsiNmbSS1DQgbT6M4UPAHSJQ2zHnZ5U1V4oPF,0.01,6.21125542,0,952216,2023-02-22,2003416,2027-03-17,DUE_2027,DUST_WHOLEBOX_CLAIMABLE
0be14e736985e52e5a2b3cf3df4808e0c5535f4319a941d158a33ab589b3d7d7,9iPZTD1oEFH13sjqL8FzU2VVBJQytG4a1FuNKMFTs75Bc9qkQQG,0.01,8.00116061,0,952227,2023-02-22,2003427,2027-03-17,DUE_2027,DUST_WHOLEBOX_CLAIMABLE
ddd417a40aea10dff606fcca626b956f88c5dc05df900a77aa4784680f04131b,9gpj6ZE2EfYL9fPVKWkdHrMYwcELfh9FWrohXYjhP4tz57bmZmm,0.01,0.53125,0,952229,2023-02-22,2003429,2027-03-17,DUE_2027,DUST_WHOLEBOX_CLAIMABLE
5754c6a791e7cc19dbf4c329aae7f799cf97a370b7699e6d739ed027f984cf25,9g449u35QZ9zYNtuYBP558LMCRUxKp6ywFwC6nJ2QcNXzbDbppL,0.01,1.79237563,0,952242,2023-02-22,2003442,2027-03-17,DUE_2027,DUST_WHOLEBOX_CLAIMABLE
7afd315ad145fdf5b491eca40d56fec3500df8d2d13087913c630dc274351435,9ekE4aPHfCLoNP8nzCi7qDh1yp9zGB7ifThSaj9BiK2vChXzZAM,0.01,27.40133728,0,952252,2023-02-22,2003452,2027-03-17,DUE_2027,DUST_WHOLEBOX_CLAIMABLE
1d27543d1c38eda1d21da8c63923a8dadd1bfdb2383c1db769d5952d3e70ee2b,9g1UPkAUEdsvfGob8ime3qG3G7oWo8JBJqXc3D9QRwVmAbhex4S,0.01,2.15955668,0,952270,2023-02-22,2003470,2027-03-17,DUE_2027,DUST_WHOLEBOX_CLAIMABLE
e228c24c536bfd4155aa84ff9515758c0cd4d758edb5dc91c56db8aa228b98b0,9ez1e9eysrUgHyK6zvgBSwWByTpczbFaTq3Xy1so5awiMNCbLD4,0.01,5.59375,0,952297,2023-02-22,2003497,2027-03-17,DUE_2027,DUST_WHOLEBOX_CLAIMABLE
407adc375499e88e21b0bf88464a5e9cc5462e6f4eafe5aa73a28368021512eb,9h5osQ5ywm1Lx8sEQGTrzV3JWNzVSvuZ8zfN4gY5ACokqJmqRrF,0.01,14.3125,0,952299,2023-02-22,2003499,2027-03-17,DUE_2027,DUST_WHOLEBOX_CLAIMABLE
4d113a67ed96f4853de7f8092f686e0ec925b24869839cea2427a77264f71d34,9iEDfMQuwcYEf96CyDsnEHPRDe3iDaK3u1Z3xaVsdi1QjqPmD9X,0.01,0.4634215,0,952365,2023-02-23,2003565,2027-03-17,DUE_2027,DUST_WHOLEBOX_CLAIMABLE
caf2648b9cc8387eedaf6611daca6e0b3c7fc1b3b9efb2eb3f742ab0975e3aff,9fs1HTaDkHCfM77AWtpUYn6BwL7jVEKRr71VjPin262GmWuZBmT,0.01,124.29163774,0,952370,2023-02-23,2003570,2027-03-17,DUE_2027,DUST_WHOLEBOX_CLAIMABLE
cc7ec6f1d196851531297db982c5ddacea9a7127e3b0f4a3132203998bc3212f,9hxR9f5ratc24sgw8F7Q2rZLFxpqWsum8jrBi8uWC7TH61vJenX,0.01,2.86169061,0,952407,2023-02-23,2003607,2027-03-17,DUE_2027,DUST_WHOLEBOX_CLAIMABLE
a63ecbffccd283ac7f2b54e7afe8f915bc8032529aa3f3aa87847f37653c421a,9iGMWMfdFGY67kU8KZbPfBeoE9xGZBC3duRSJQ628MYheGt25po,0.01,21.421352,0,952414,2023-02-23,2003614,2027-03-17,DUE_2027,DUST_WHOLEBOX_CLAIMABLE
2a04c909ab76796fb31268ab9d30acf11be74404137a75bed4ab73e3be6f4d31,9hcMY7XTYKqjB8DAxQgqzrDQKDujqVS636EYoafBm5KFm27eE3c,0.01,2.31222826,0,952418,2023-02-23,2003618,2027-03-17,DUE_2027,DUST_WHOLEBOX_CLAIMABLE
c3420d3c1adc85bb84c91f750ba11b7b550b862173825f5f0bad4d7843c63cc2,9iPbYXTvwGs2f7PEp7Mobx4eUhjRuGkzpiz7pEXRMKL7xEMgeUa,0.01,1.19848391,0,952424,2023-02-23,2003624,2027-03-17,DUE_2027,DUST_WHOLEBOX_CLAIMABLE
7b1d7e3356c73e3b7b2071f1810a92393b1b1664645ea0845ef43b3b2b6fef22,9iFgQmPD6Ae7VZRJ282biuiyLogwJhTsTchauEJkUKqjRfGzGSb,0.01,1.375,0,952442,2023-02-23,2003642,2027-03-17,DUE_2027,DUST_WHOLEBOX_CLAIMABLE
7ecee107091ebbad4bec06cd133e437d0444dbb38b05248617c6ac21b6195fd0,9fzrq3d3napdy9944pCEC9oFM9oLS8Ct35M5pCFWav5hgbsRk6D,0.01,3.93596815,0,952451,2023-02-23,2003651,2027-03-17,DUE_2027,DUST_WHOLEBOX_CLAIMABLE
3337989fdc55c0cd6f5df684ac376fb72a3a9de4bcd0084aaa57bf0a58255842,9fTyYFJpEQmkGjXgRqQkeofYxoEAgKb1uNDLBKr6R4cHeFrb2i5,0.01,14.03125,0,952561,2023-02-23,2003761,2027-03-18,DUE_2027,DUST_WHOLEBOX_CLAIMABLE
c4f2734fb935737a3c39eb7cb623a1d683392325cea03cf41bbeab5d69d89478,9i2zQzd4buGn4ticRLZB3258XxWYRa78rMJGkthJQi84Xuj79BX,0.01,0.58549675,0,952565,2023-02-23,2003765,2027-03-18,DUE_2027,DUST_WHOLEBOX_CLAIMABLE
8523aa3a842b1d923501fc41281287916b4b8fe5d174beaaea7f243a15b58bc7,9fPeinNBmAEj28RTSUES3dqdDZA5n3vobhrtJz9meWszD627ZUj,0.01,1.9375,0,952607,2023-02-23,2003807,2027-03-18,DUE_2027,DUST_WHOLEBOX_CLAIMABLE
742d7fe920c0086406a0fdd481c9414542616b5956cdbcf4049050f30900c53c,9gQCw4rZ2PDhb2M65LHBNJKgHthFKxgMUCUBWnuVqKaN4E9Zf9F,0.01,3.01769462,0,952619,2023-02-23,2003819,2027-03-18,DUE_2027,DUST_WHOLEBOX_CLAIMABLE
670105f6dc6d5dcd53e7c977c049789655570c23fba57679392e26dc12ed6115,9iADxQuZFUxXu5medxwyM1CmXSJS3rR75Zr3tTTuwHKwhw5njCe,0.01,0.60529765,0,952624,2023-02-23,2003824,2027-03-18,DUE_2027,DUST_WHOLEBOX_CLAIMABLE
93ea9719dcfef93a4ee5acde6af402d761f615b71db03cc9af4907761c550e3c,9f5GaSjQAFWJ1Vv29QZSix7b791FeJoYrEXvk7n9gvg6aep6pFc,0.01,1.04926391,0,952629,2023-02-23,2003829,2027-03-18,DUE_2027,DUST_WHOLEBOX_CLAIMABLE
ea0eed54f84da0b918d3e73235aa9c3b3c353d33547502ade374bba384a757f3,9fNGaYwm3sVXGnDwpo8w7Cs79Xyi2jHwfQ2rUzTTL11doKd8HBW,0.01,2.21875,0,952694,2023-02-23,2003894,2027-03-18,DUE_2027,DUST_WHOLEBOX_CLAIMABLE
82e1a666c404419c28543fb5c84afe85a235344b45e6a806faec259bde587da1,9hjEepyVzNZpgA7voYUdgmHUT7tKSg1Nv9iHxQBKv1AUbdtsJvX,0.01,366.27442105,0,952833,2023-02-23,2004033,2027-03-18,DUE_2027,DUST_WHOLEBOX_CLAIMABLE
3b79470d79cba7f0af1d2adce48c0084bcc0956128330da2c679113f9519dd5a,9i72bgiRvuEecSfvjUP7Bf17USEZ5Nwz81Ws59iPSAREfKsR6FZ,0.01,14.36622637,0,952848,2023-02-23,2004048,2027-03-18,DUE_2027,DUST_WHOLEBOX_CLAIMABLE
eb85d80d2b4a579a8efd87301d079fa5c1afc22e0c569b407a45a03dc0095dfb,9hSfabf1YZGVuPNCehPGpJ96EabDPaDU4xwUY2rCs8jLeQvPHXD,0.01,50.38850641,0,952868,2023-02-23,2004068,2027-03-18,DUE_2027,DUST_WHOLEBOX_CLAIMABLE
ffad2de7858384294de469d5eb80684a6a2205b73627f8970879dc870de8b58d,9fF8HxT3jGm2ub7u5Phyd5VnHqfDKJcCMe3yQUxpRMqFnAAcdPq,0.01,12.0625,0,952872,2023-02-23,2004072,2027-03-18,DUE_2027,DUST_WHOLEBOX_CLAIMABLE
7219af8f53dfa2804f255796cba3538c48e54f324bebea924cb97159ff0cc328,9gN9X7mfQ1v3R8KofFoTD2R68UWVR2A63NrJavZjpNKVHcKHdKB,0.01,16.84375,0,952902,2023-02-23,2004102,2027-03-18,DUE_2027,DUST_WHOLEBOX_CLAIMABLE
9daa85c13758f6522b21b96e8439346bbb1055c0f5cb75ac68fbd022905fa5d0,9gN9X7mfQ1v3R8KofFoTD2R68UWVR2A63NrJavZjpNKVHcKHdKB,0.01,50.01589927,0,952902,2023-02-23,2004102,2027-03-18,DUE_2027,DUST_WHOLEBOX_CLAIMABLE
219137dfd14fb233df0ff92a512734f01a161c9b51fc0eedd755f95dc69682ec,9hqw3GST9yH323nAWgHjoT5b71XXZKq9tJUTvkRrzLQFFeVc4gL,0.01,11.60177379,0,952904,2023-02-23,2004104,2027-03-18,DUE_2027,DUST_WHOLEBOX_CLAIMABLE
b4cc544203699c262082e29afa4b09a774d5fa9e64362909570c436baa978911,9iCkBzyaQkNTm2QA7int2AhFtaWP8m4k2ijyX2yfNcMiXQD5uXD,0.01,16.283513,0,953005,2023-02-23,2004205,2027-03-18,DUE_2027,DUST_WHOLEBOX_CLAIMABLE
4d7685faaa9f2d86cadddeafef078063c0171ab334074b788e627ec0022b31b2,9fMjoEDCNbudAeYWzBPA1kaYPy9TdZbLe6FcGqdzeeW3cbbsLnF,0.01,6.4375,0,953014,2023-02-23,2004214,2027-03-18,DUE_2027,DUST_WHOLEBOX_CLAIMABLE
d0686c14a3f59bc5f8c8ea5897c25f405c63f11c34736bd1eeaf4ea7f6aec7c1,9hYYRurwJMMuphcNKCaK6mi77cfDvho5HZDM9A67zfD61FFBrnT,0.01,49.11290275,0,953014,2023-02-23,2004214,2027-03-18,DUE_2027,DUST_WHOLEBOX_CLAIMABLE
f962a60c7b52acc5117e08f59cdbb24256e0e0fcfa562c1cc6f15074c9c5a2b6,9hksLF7kHCu3ino2PfJCif5Xiz58wktNxPoipst18NgLbHhYab9,0.01,1.375,0,953029,2023-02-23,2004229,2027-03-18,DUE_2027,DUST_WHOLEBOX_CLAIMABLE
de4005f6f4836123f13d1e44fbf8114ca08e7f74d5fa40238abad519b6fa18d0,9fzrq3d3napdy9944pCEC9oFM9oLS8Ct35M5pCFWav5hgbsRk6D,0.01,1.93154333,0,953040,2023-02-23,2004240,2027-03-18,DUE_2027,DUST_WHOLEBOX_CLAIMABLE
1dce041b78068bcda49672bb6e849c91374827adde9fd976d9f250325fc543f7,9fA7MbLKxdrusofHN8xCdjEzRbtYK8HDM3Fi5b3BRyDeDYuK1Fb,0.01,12.625,0,953099,2023-02-24,2004299,2027-03-18,DUE_2027,DUST_WHOLEBOX_CLAIMABLE
0e16bf7e81e60327d1f5bb0651eb03a71a5ca4f4eb26d151ca1c59a35b7beca5,9fJYwwSjqjCdMyEXZEX7CEkpJjfirAbQaNsUVkZapeU2Rg6rXUA,0.01,1.00130762,0,953109,2023-02-24,2004309,2027-03-18,DUE_2027,DUST_WHOLEBOX_CLAIMABLE
955458c7d19c48acb5abc70cdb58fb0a4f692f97076dbd4edf283c3d25f3f770,9hYYRurwJMMuphcNKCaK6mi77cfDvho5HZDM9A67zfD61FFBrnT,0.01,48.51090507,0,953136,2023-02-24,2004336,2027-03-18,DUE_2027,DUST_WHOLEBOX_CLAIMABLE
0b2562fc096d84c834d0691e3b90cf7eb40326321c6620be73ac4d406a137d35,9hWAgriifwKQEs2Nfc2chycizAkyiyKknHVm9Z4c3SeKsa3c7pD,0.01,10.9375,0,953211,2023-02-24,2004411,2027-03-18,DUE_2027,DUST_WHOLEBOX_CLAIMABLE
cdfad54a736d3e0da08619c1701e993fc3770900e8869a0cecf731c2f6fcc919,9ehxTtMb1TiJccpCZULYW1AuUtaHkdJvtxEv3Bop6NN5GdD8tV9,0.01,6.0067585,0,953211,2023-02-24,2004411,2027-03-18,DUE_2027,DUST_WHOLEBOX_CLAIMABLE
3f388ab25d1584eca08d3bbbede588b5318292da7da09a59f5ba6aa3ea5bd7cb,9gVhfj1G4c6GAmBvQJBJRA8G7L3nA7K1TeEnnbWuaFimiof8Y9S,0.01,0.82935306,0,953250,2023-02-24,2004450,2027-03-19,DUE_2027,DUST_WHOLEBOX_CLAIMABLE
c38155615c97510f50007718680eb531ddd7d9a90e5e9ec7df15b94fa00726bf,9g6epLrsLooXdJrfvEPH3rvZRUbjnNnp2reKTz7vzLU8L4GK9Nn,0.01,13.46875,0,953259,2023-02-24,2004459,2027-03-19,DUE_2027,DUST_WHOLEBOX_CLAIMABLE
fc0c0199356bfe24741a45f3a16b79f9d17de505c4218550a2d422ac6245a8cf,9h825SVwJeioyob7tCxZkirm2UJDEYABCT7GUG6UHVL8CBEXDm4,0.01,1.95085008,0,953383,2023-02-24,2004583,2027-03-19,DUE_2027,DUST_WHOLEBOX_CLAIMABLE
66a5c196bfc7e239ffe69cdb1ea923a5abddf3c0249888cca789c646c3b30636,9i5mi3YoUUgpvmGrtn2z99KnZnxJqbhemsi51KTP3TXJTLWa7dw,0.01,1.9375,0,953420,2023-02-24,2004620,2027-03-19,DUE_2027,DUST_WHOLEBOX_CLAIMABLE
4dd4dc2edd1c6a6bc1af7b74c4072e4134dd50effbf06849321361369c91f6e0,9gwoVsbBTW4AiHeBdo4U8khuoPTSNnaYZuaeBbHVSfM4bikV9bs,0.01,5.45951089,0,953432,2023-02-24,2004632,2027-03-19,DUE_2027,DUST_WHOLEBOX_CLAIMABLE
5f8366724eecf670e49706526e231d009bc7e5c261c888d5f5301c94c8bbaa1c,9fubSxsRaDF8uQV9ZXzFpjRsF3rt7FRUL9cZo2VpR8pnZanmknx,0.0079,2.563e-05,0,953556,2023-02-24,2004756,2027-03-19,DUE_2027,DUST_WHOLEBOX_CLAIMABLE
595cdc9f4fd40b7bc338a287066e364715856befcc75993ad6c721e6c8be0835,9hVHxeZkd5Hh5PbxLB3MV3Zd3HxtPyukc9yCzciU963cW28D9YA,0.01,4.96249036,0,953681,2023-02-24,2004881,2027-03-19,DUE_2027,DUST_WHOLEBOX_CLAIMABLE
7069ca4b6f59ba596ebe8edf55e3e8f1bc40de7734d78c174ee8aac4daf4e59f,9hgUiSBNJcJ4YXenMwzyVJB2TyQeTnT8asBnapbhrn2yHsgvFYH,0.01,10.9375,0,953773,2023-02-24,2004973,2027-03-19,DUE_2027,DUST_WHOLEBOX_CLAIMABLE
a75d74e7af6d2f0b07072b957f5dfad013b949054f0a0342362527c70bfb27e4,9hQ66BgnPovFL4MhbujAokzQHix7tMXZuR3i7QW5srkXyewUWji,0.01,1.9375,0,953796,2023-02-25,2004996,2027-03-19,DUE_2027,DUST_WHOLEBOX_CLAIMABLE
46692320993db9c7c87b7e26f30490c4be1a44e3199cdab3b43c72d408d98824,9edniL4ASjmePPoD1TrreVQwVwd4nmuMPtEHJGPZLki3j6yn8zp,0.01,4.13710501,0,953864,2023-02-25,2005064,2027-03-19,DUE_2027,DUST_WHOLEBOX_CLAIMABLE
db91ea99ce34d67cd29e0336eff032e38edf13dcb2e188010e8c8ef9e67d7c8a,9h6CWqha29ecbqVbFoXmM3tQFMM6y29SLX53sXTRjN7n6rsGS8N,0.01,2.5,0,953917,2023-02-25,2005117,2027-03-19,DUE_2027,DUST_WHOLEBOX_CLAIMABLE
3f1d343925dff98d9ff3134d2be7a7fae1f9d8e99823c4dfc72c533599d4bfe0,9fAeGgyYUmbBSCyCb19njQ4hzwRmKpgnmS4Ajfj7ZaHLFULvcdU,0.01,3.0625,0,953928,2023-02-25,2005128,2027-03-19,DUE_2027,DUST_WHOLEBOX_CLAIMABLE
8d3e46711aa7856d1bd43097cb99a02d161d2c2160308d3f2d3a8c7b29c3e6b0,9hRoDsYp4GGPpxmXFnNrKZAEtEGyN9jryBkfm832SGtGMJqnJpe,0.01,17.27685306,0,953962,2023-02-25,2005162,2027-03-20,DUE_2027,DUST_WHOLEBOX_CLAIMABLE
9f348a0ea7df1b8ffecd07b94bea44ee50eba7c422678fbfa3310a1445e1cd54,9hRoDsYp4GGPpxmXFnNrKZAEtEGyN9jryBkfm832SGtGMJqnJpe,0.01,15.8125,0,953962,2023-02-25,2005162,2027-03-20,DUE_2027,DUST_WHOLEBOX_CLAIMABLE
a93139693af2ba6fa8d5fcfba53913917411b0a44d3790719a495b343138ffeb,9hThprJYeoUsneEytinkTDw8r9TCHgCo5Am194CiZ3U4TViX7eD,0.01,7.0,0,953988,2023-02-25,2005188,2027-03-20,DUE_2027,DUST_WHOLEBOX_CLAIMABLE
9f6ad52ee1831bc8d7c9229d3ec22668f14d94b45c4878feee10c90a5792a7a8,9eukmLsVk7P7UJ1Lgqpc9etUz6dBBaN6AaaRNVWPNhx68dmPJQV,0.01,13.9375,0,954023,2023-02-25,2005223,2027-03-20,DUE_2027,DUST_WHOLEBOX_CLAIMABLE
c050abd10d598c2bbf9aaf42a61bc3c84db99a87b632f36fe4b9c287dd726fba,9g3JNg2qFdosALAxzQ83dLv7hUQbGyq7iSv3p8RtzQBxqTsTZj2,0.01,54.52404852,0,954129,2023-02-25,2005329,2027-03-20,DUE_2027,DUST_WHOLEBOX_CLAIMABLE
dcc3ba08c50289326f7b3362e3afabca7a183923d1dd8094c7e19d5a2c9b5fd7,9hV2xjfYu5J3YjvQKnDMGXXykp3zLFQMSHLoNMunE51yZrSra4Q,0.01,1.375,0,954198,2023-02-25,2005398,2027-03-20,DUE_2027,DUST_WHOLEBOX_CLAIMABLE
0ff39a91a1fefe8572b80dc817ea073f7559f39e749d63ac567d5a9330b42ae8,9f2tYFwGQHgZNMCe5w48fsPNdB5eTdxRS27pazovEGsfBXTzLuh,0.01,43.0,0,954221,2023-02-25,2005421,2027-03-20,DUE_2027,DUST_WHOLEBOX_CLAIMABLE
e59ed292ef00b7801866d025406c2156a81e3f926aa065b5917f740f088e8322,9f2tYFwGQHgZNMCe5w48fsPNdB5eTdxRS27pazovEGsfBXTzLuh,0.01,672.41461386,0,954221,2023-02-25,2005421,2027-03-20,DUE_2027,DUST_WHOLEBOX_CLAIMABLE
a6d62b0b864c845bd6938f37443058d06c545b00856a7ed932aade6bbffadb8e,9f2tYFwGQHgZNMCe5w48fsPNdB5eTdxRS27pazovEGsfBXTzLuh,0.01,26.32352505,0,954230,2023-02-25,2005430,2027-03-20,DUE_2027,DUST_WHOLEBOX_CLAIMABLE
8e3c2207b91e782ea080590d981ef22698fa63a3ab9b25b4f577412da7a21b59,9fCYfdzT214S2qTdfGxKmQEkchairSLftWjb3CPdhEuPsAveUEA,0.01,48.51090507,0,954260,2023-02-25,2005460,2027-03-20,DUE_2027,DUST_WHOLEBOX_CLAIMABLE
fb024a13d0780b583aabb678388f307af482ef8f661be7bf746392b20aebf630,9gbrN7qr7U4AT9nkTzrBZvQQMPxooeHuJM5EtWxp8f62NB6n5oJ,0.01,454.85225559,0,954317,2023-02-25,2005517,2027-03-20,DUE_2027,DUST_WHOLEBOX_CLAIMABLE
7c80b5d82c70e859164577a302d948079270506138027b80011ec3da634fac36,9hLnBW5kqxT64qcNtHptECkgPkZNpxcvyTGnBeMCi9Eb3e4kqva,0.01,0.51686,0,954355,2023-02-25,2005555,2027-03-20,DUE_2027,DUST_WHOLEBOX_CLAIMABLE
494f906803b8c883108348f1a4f79075c29565acc983b915f77838531c5e1c57,9hoZ1m9Wp5qsPwHF7NDA7QGX4u6N6hKLyWoiNczZv2UUohDc4DB,0.01,63.26609488,0,954399,2023-02-25,2005599,2027-03-20,DUE_2027,DUST_WHOLEBOX_CLAIMABLE
db9b214910bec950d18cd76a6db874b4c86a96ea49f03ba58808d57a1e84ac19,9i9piUiE57kqjrZne9DFoQggNac6jAVyj9RjvGPNqz4DEvddbqM,0.01,0.28954683,0,954554,2023-02-26,2005754,2027-03-20,DUE_2027,DUST_WHOLEBOX_CLAIMABLE
8a157052e1cd21214b1274c41cdd59518b5df28924d5c5f129d77d32499f8f93,9euJX6YUiJ8u4ap3jrYWHHVYz9NfYsdup6ecrKjAwyXgZ74Zqbw,0.01,0.21735505,0,954614,2023-02-26,2005814,2027-03-20,DUE_2027,DUST_WHOLEBOX_CLAIMABLE
5966d9331e6b76ca351a7653ef456477087b17f04b5ab8f1f5ab73b939ac451a,9f9euQtVraNdgC91fd5JZ3MHUTkMW2wwxK8x6BcoKpriAL8B7i1,0.01,1.70299142,0,954659,2023-02-26,2005859,2027-03-21,DUE_2027,DUST_WHOLEBOX_CLAIMABLE
d821d19e55b7537f1065a2067de7a51d0dd4d85a3e6d98a6046d8b2f7fc000fc,9ge3qy5k22d3pBftZdgg1GaRBQRtskL5sfLHb9fj3yZBkT6itWz,0.001,35.21875,0,954674,2023-02-26,2005874,2027-03-21,DUE_2027,DUST_WHOLEBOX_CLAIMABLE
813e45dd91d6ce79dc130f0157a177e1f49a0f9e1c17cfe274c96d9890b4df42,9gaxQzyVhcRnDZDqrw7KfesJTQDz1jywYAebbvR4mqccwcWiLGn,0.01,4.46875,0,954726,2023-02-26,2005926,2027-03-21,DUE_2027,DUST_WHOLEBOX_CLAIMABLE
0774b86b6b08557098b8e7128542fefb72a78d0599736749151152fcd014b19e,9iCWaLgQ83Tc4sgkYKHLrr5E7CecxT8MJ9x1aozyCrktsW9XYem,0.01,120.89350004,0,954755,2023-02-26,2005955,2027-03-21,DUE_2027,DUST_WHOLEBOX_CLAIMABLE
0f0f5a7963b5968f27cdb0986265e69deac92a0a2f9a81fabdfb1678705ebb39,9h2koZnrL8qyWaWTyVAPqYsr6yVdL1Ao78PvwLWn3nRzJHNUUL9,0.01,2.5,0,954872,2023-02-26,2006072,2027-03-21,DUE_2027,DUST_WHOLEBOX_CLAIMABLE
b1e83afe2780348a564d80edaf1bb25be7d193727af27e2360bfc62c0fd90296,9haEDnBdqyfwqrRXmRu8aR7hNaPPNoLK9Yq2JjFNg3V22YuvbPU,0.01,72.8125,0,954890,2023-02-26,2006090,2027-03-21,DUE_2027,DUST_WHOLEBOX_CLAIMABLE
26abab56147c388991f61019a4c9d9a613039a5bdfe080743e27e4c4d5dc21c9,9hqPKMfaK6Bqs8fexqb9doQowm6gfqy3LLMxEpX9yvhrFmd28YG,0.01,97.5625,0,954922,2023-02-26,2006122,2027-03-21,DUE_2027,DUST_WHOLEBOX_CLAIMABLE
e138fea4c93af26cebf3ca85cc61d04648b8551358bc00c427d0fc6251253725,9fDDRV7UkMNdnsVy5K474xbNtTCJ9ufodbWacnpmTevJQ2v5uBA,0.01,7.72318088,0,955100,2023-02-26,2006300,2027-03-21,DUE_2027,DUST_WHOLEBOX_CLAIMABLE
f347694b050693f3f2b0a61a54206c4fe18362d7da46b5f5a852658a3f02fd01,9fSC7pwRCmRV3YoWqoc5CoeS5Fb9rG3Au9hQXkWczfPWuWHny8S,0.01,65.5,0,955105,2023-02-26,2006305,2027-03-21,DUE_2027,DUST_WHOLEBOX_CLAIMABLE
392783ad6f1ff9f9d160b212bff8842c0af76378e02420b1bf2286d239e303dc,9f65mjPMKKqYhfaw1j9bopnvF7e4HumDfWcKXGTR9ModbkxUA8z,0.01,4.62304339,0,955311,2023-02-27,2006511,2027-03-21,DUE_2027,DUST_WHOLEBOX_CLAIMABLE
4d08088fd53b402ad6634cde8f92b043ce9c442fa7effaf5034efab6d7840c2f,9gcZQ69S5eBdpHonzPFwyvG8masfBpb5MzvXwqHtdxrKuNzAFdQ,0.01,4.1875,0,955344,2023-02-27,2006544,2027-03-21,DUE_2027,DUST_WHOLEBOX_CLAIMABLE
f97313ffb4f0775ff09c8af4093f38e579d08f7d2dfa9593b59f9d1bc0068b2a,9i4urrxSF2usJoZSG7PkDLjAkVeVG69BbgdGGDqSWeDvzCpdidJ,0.01,13.7835988,0,955355,2023-02-27,2006555,2027-03-22,DUE_2027,DUST_WHOLEBOX_CLAIMABLE
cf4421f857840e0eefa18be4f2277da8220a4b50dc5e23a7264d4bc9daca9584,9fjW8hxh8ZWCVXRJApqCZNR1qe7tupe8ieZGvihNx3DvLmDPxyG,0.01,112.375,0,955376,2023-02-27,2006576,2027-03-22,DUE_2027,DUST_WHOLEBOX_CLAIMABLE
d7a128d6c085cf688f2d6736299fa34fe396393b8953083e78d9758a21a9ae03,9h5R1yhKtdSeR6QWy5tG2Bx2ko4vbSUcCGXxBY38JNj6wM2bRyh,0.01,265.56451375,0,955406,2023-02-27,2006606,2027-03-22,DUE_2027,DUST_WHOLEBOX_CLAIMABLE
827e31bffe5055dccfc886b43fcd4fb4cd6eb6606802a6f7b13b2e03e5b8e384,9guv5qAMzfAFw2UfDEN97KoySPrPdosQmHFZmrppU2uLiuQY5Ao,0.01,10.9375,0,955464,2023-02-27,2006664,2027-03-22,DUE_2027,DUST_WHOLEBOX_CLAIMABLE
b2f6e5e235974dcdd45e65ff6365441e8be5a50a21188dd7163164f5f1651b27,9hqkXXn9CQvG17v7ZPpPC2xvRdDe9U8LgTGQfjXCKKoFQAXamp1,0.01,1.9375,0,955812,2023-02-27,2007012,2027-03-22,DUE_2027,DUST_WHOLEBOX_CLAIMABLE
488b3097ded0ed56d7e831d6fe261a1194f320b895f67a9a25babbc13e0edbe5,9fBXdg4TLzYwxbbxkBs2MEHkHzX3RyQXxXF3EfMYbLfeYNEZA2s,0.01,6.22293796,0,955950,2023-02-28,2007150,2027-03-22,DUE_2027,DUST_WHOLEBOX_CLAIMABLE
1fe4a7e1a7cc8c01f89221388ce79eec5039174a82484eb2bf6f945b95beecbd,9eXii91LWvxWBDRRdLKZQYRdxJdByjxRhkkSnfrVDgRCCttBkgE,0.01,530.10905069,0,956108,2023-02-28,2007308,2027-03-23,DUE_2027,DUST_WHOLEBOX_CLAIMABLE
4db836e0d347ff7e5906b16f50d3f2b70075b2a1b43d58166e16e1d7a333438c,9fSC7pwRCmRV3YoWqoc5CoeS5Fb9rG3Au9hQXkWczfPWuWHny8S,0.01,65.5,0,956476,2023-02-28,2007676,2027-03-23,DUE_2027,DUST_WHOLEBOX_CLAIMABLE
768d89ead892ed9db026aba581981ba587e02a398388d1f2da76461368456402,9fSC7pwRCmRV3YoWqoc5CoeS5Fb9rG3Au9hQXkWczfPWuWHny8S,0.01,66.625,0,956479,2023-02-28,2007679,2027-03-23,DUE_2027,DUST_WHOLEBOX_CLAIMABLE
182f1931603c01f0b184734ed3c9dbbfcae012f2569162db1be05e3b027b95ac,9fSC7pwRCmRV3YoWqoc5CoeS5Fb9rG3Au9hQXkWczfPWuWHny8S,0.01,66.625,0,956483,2023-02-28,2007683,2027-03-23,DUE_2027,DUST_WHOLEBOX_CLAIMABLE
dbd8d2aa0dfa70b91935fcaebb9f5cd5e15096c4942d2b3f98ca0190609e1786,9fSC7pwRCmRV3YoWqoc5CoeS5Fb9rG3Au9hQXkWczfPWuWHny8S,0.01,65.5,0,956498,2023-02-28,2007698,2027-03-23,DUE_2027,DUST_WHOLEBOX_CLAIMABLE
75d695a81fccbd81923e2f66e058c08714f8d98776e337d1ca682d51be005cbb,9gWdA59GxPraKSGTdEAfGBRTHwet8M1H26K7ajeWMdjxvkECvh2,0.01,8.8387004,0,956953,2023-03-01,2008153,2027-03-24,DUE_2027,DUST_WHOLEBOX_CLAIMABLE
30e1d84fe782cb567e2b8b31b7d08317ba6f7c98cc420ebbe6e852b9699f6e52,9hN3iSyXQEFebgHKfxwc9Gcrpu9bdzBGoVKAR3vjiMJBArHCRnM,0.01,12.625,0,957057,2023-03-01,2008257,2027-03-24,DUE_2027,DUST_WHOLEBOX_CLAIMABLE
cf8ee353fddbc48c0085f4e7a5a3a8403173941c3ebb050150e2209e55cb012b,9f5ccgqJfxSSQLRrSFCcTeWsX51cDrspUwpDKi9x2pBFWGRoUck,0.01,1.9375,0,957319,2023-03-01,2008519,2027-03-24,DUE_2027,DUST_WHOLEBOX_CLAIMABLE
56298d5ce40abdcfa0d90a54f16206bddcd5e9d1cedd5c954c2ac79630a56764,9ekjcccVD3n4LA8dxQztE1x1MUb1fe2WAerk2RXTvuy1SEE4yjd,0.01,2.84331116,0,957349,2023-03-02,2008549,2027-03-24,DUE_2027,DUST_WHOLEBOX_CLAIMABLE
2c9dc9547089aeaab0036d133594005ca12f3be5a1f0471847564115ed5b5f78,9gxwhTtPfpameajgYXUBKs99NvxoEjGwpvdF6ZWAaD9Rr8AoyuJ,0.01,37.375,0,957505,2023-03-02,2008705,2027-03-25,DUE_2027,DUST_WHOLEBOX_CLAIMABLE
deddd2c496e1f50e08d132e540fbcc04e5114c6c5ac5e154800b03de938dc3d5,9hxX7nxparGYGmkGNVr4CbtNsScrktkWgPqKg1DDCC3Vom7wKeK,0.01,0.66562251,0,957583,2023-03-02,2008783,2027-03-25,DUE_2027,DUST_WHOLEBOX_CLAIMABLE
da6b8f452b1f2cc3bf8231888f1992bb7546ae3a0bbc783d4da54df0ee45e819,9gAT65NksBP1uQnTinsTi12HCxLm6FEXmkYcPakuRTxJasf1M4e,0.01,8.59375,0,957734,2023-03-02,2008934,2027-03-25,DUE_2027,DUST_WHOLEBOX_CLAIMABLE
7a5c025a0317e3a51c5f74cce5d822f80b20a8d5c5cdbcd0324099767639dffa,9gHFAn7s7vWynqnr8ynDduhmW14zPRkXMfRDgthoznzWzMU16yM,0.01,0.59610881,0,958129,2023-03-03,2009329,2027-03-25,DUE_2027,DUST_WHOLEBOX_CLAIMABLE
dea8de9bb64504ee098b9b76f3d989380daf19e9c863616a5bd8ea9fc118d9fa,9fCSNk8HWZhnkxsAFqK6dnzi7soBuz4sJmgi2PNrKRKHiKV3Ff4,0.01,0.60768479,0,958141,2023-03-03,2009341,2027-03-25,DUE_2027,DUST_WHOLEBOX_CLAIMABLE
694eb4ebb0cdd0d432fbe3a174a12fc1ad0dd499eace50ec0e4b490d80b1ebcd,9f1UndvWdEVSPHS3deYQX43B7vU2m8nhiWt18tzR1KuhJKBhDcL,0.01,18.74751959,0,958178,2023-03-03,2009378,2027-03-25,DUE_2027,DUST_WHOLEBOX_CLAIMABLE
538a7293e9bbe704a2305462db2d270dd424c197cf08509f96972d42f1cdead5,9hYcupbJdpq3GU3u4uV8bGDVKdaQRZGjKQCqkeah8Pr94ZWq4f9,0.01,0.8125,0,958206,2023-03-03,2009406,2027-03-26,DUE_2027,DUST_WHOLEBOX_CLAIMABLE
fd7e8c04e9615741f015dd977be1c6cbdf9eb2f5c29e192f6cbe993a9f32ac1c,9hJTDaMV2rn1kmwif7eMoa435mSjFVfk8ptXAS3oYTNtLqH7Xm4,0.01,328.3730456,0,958316,2023-03-03,2009516,2027-03-26,DUE_2027,DUST_WHOLEBOX_CLAIMABLE
5d7fc434ba0aa1615eb99662f85263a4fcfe9e20bb8033819fa347187bb6dc46,9hMhhmTCedctP9dEr8sY6psQwKLxr98DWtXktmcFpq2sh3fNXqo,0.01,7.29638654,0,958462,2023-03-03,2009662,2027-03-26,DUE_2027,DUST_WHOLEBOX_CLAIMABLE
98a57c5d8595f7815426190409ed8c755686c4d2fd1b5b8da361ea70fc6c9873,9hFi9eqh7ZdYX5nq3krtCScHo6qKaE3dcGYxsE7N1zHZUWShAKU,0.01,0.95661586,0,958629,2023-03-03,2009829,2027-03-26,DUE_2027,DUST_WHOLEBOX_CLAIMABLE
87077487428b392e7bbf64f677351417bdb00272bcf2e0132c64082bd5e0c407,9gN2b8PrSzSjhfeW9Jj1m2dgbW4QoGL7vHfLEjv8VZaJ9FY9J3x,0.01,6.5876898,0,958949,2023-03-04,2010149,2027-03-27,DUE_2027,DUST_WHOLEBOX_CLAIMABLE
65815e0dda7d956f68870f26cade6dab0a362f7cdfc60bf60ce25262cc80c42c,9gN2b8PrSzSjhfeW9Jj1m2dgbW4QoGL7vHfLEjv8VZaJ9FY9J3x,0.01,2.25407207,0,958951,2023-03-04,2010151,2027-03-27,DUE_2027,DUST_WHOLEBOX_CLAIMABLE
19beb0e099ce955356538f5c8ec84785b89a14d0293a7d9c778577cf617205c9,9f7ZVfvDySzzb9UCf55o4wdnRSkitmcWREFT9VtYXeSVdx6UQgB,0.001,3.3870785,0,958989,2023-03-04,2010189,2027-03-27,DUE_2027,DUST_WHOLEBOX_CLAIMABLE
b25c6750ed81f71e34364e98a41b195a208b58d0540747fe0fa20993433239cd,9hNjthgxQbP95b4ite8jCCvFWenoy84DANLQfo7Xpwgii4Edi8i,0.01,1.39166193,0,959145,2023-03-04,2010345,2027-03-27,DUE_2027,DUST_WHOLEBOX_CLAIMABLE
2b4e5046dd7f9e56079d636293c947c589a484624d6d3225f08cbc75087777bb,9fckY8Ly5m9wwWsc8UruS3gaNvEkHD8WG1tUiDoGoYTUwK3x2pJ,0.01,0.8125,0,959246,2023-03-04,2010446,2027-03-27,DUE_2027,DUST_WHOLEBOX_CLAIMABLE
30fb21e6d4294d430bc06a86ef04b9d1df6d6733e3ec42c8b596ddf6f4ab5b41,9feSVN1yZBSVBwm1nxi9ZFg8zeNTKuBaxXYeb9jg5ED5MRDFknA,0.01,16.99298198,0,959249,2023-03-04,2010449,2027-03-27,DUE_2027,DUST_WHOLEBOX_CLAIMABLE
f6c23ea57167d716c32ddd7b053021e7a290a55770d459b883284d1cc8e3ef74,9ecujoQ11ntxqv8TSjyjKSpN64gQRLGh7NoooogxETmCbqBpNcy,0.01,1.9375,0,959457,2023-03-05,2010657,2027-03-27,DUE_2027,DUST_WHOLEBOX_CLAIMABLE
72574e5c835d032261ee18325b8f34ad03651f2bcaa17e168c970d4e7d883c50,9gbTrAxrnuBkGnDX1UDodovuHtsWj5CymFWzyhtBJ44jchJ7ybY,0.01,34.5625,0,959460,2023-03-05,2010660,2027-03-27,DUE_2027,DUST_WHOLEBOX_CLAIMABLE
337dbf0d236d0a471832055ba6935dfd857087a91b8b3856a04b8211e2a60d66,9h8qZneqY6TKHBvPVduMpMEixjkHr5ooBhbipwjSSj1eBjJisWS,0.01,56.53754083,0,959473,2023-03-05,2010673,2027-03-27,DUE_2027,DUST_WHOLEBOX_CLAIMABLE
861819eecd8904450a38ea326c7c7385f416f9d7aadaa7342090fd9de009a937,9eezDTAybqCQP6ajDPtFDYzRURx2fVuYVNBGFxkFU9QMw59hXm8,0.01,0.93971046,0,959636,2023-03-05,2010836,2027-03-28,DUE_2027,DUST_WHOLEBOX_CLAIMABLE
49740d2f1de360302d99b5dfcddf40b3823392cc8b0bccfc6f9dc8e3aaae0e49,9hEt5UP6TMSs7kbdbfdJoVupnPqCo9eS69H4REJUh24mKpWyPSw,0.01,2.5,0,959699,2023-03-05,2010899,2027-03-28,DUE_2027,DUST_WHOLEBOX_CLAIMABLE
91185d43047457a62197336a0269f0b92f7e77291a28a8bd6ea980f581a8abc3,9hEt5UP6TMSs7kbdbfdJoVupnPqCo9eS69H4REJUh24mKpWyPSw,0.01,18.15625,0,959701,2023-03-05,2010901,2027-03-28,DUE_2027,DUST_WHOLEBOX_CLAIMABLE
9aed90343909d0c6678bea65256a1a631523b9dc81ec62765990c509f73f023f,9hcL6ShFmsUc66tu2qSEgz3QoB6cyiaKPoAR7GXcNmUfbMM6H6C,0.01,1.09375,0,960015,2023-03-05,2011215,2027-03-28,DUE_2027,DUST_WHOLEBOX_CLAIMABLE
d315143de4faeeaf8b304133cc665c34397cf1d8eb47cb6304b2f59f3094cdef,9fAQf5bJwRFtxiMUC74rK5q8PbaH5yMi31fDQLC5i1uh4GpoGgi,0.01,9.53125,0,960066,2023-03-05,2011266,2027-03-28,DUE_2027,DUST_WHOLEBOX_CLAIMABLE
1b1c91e58676a274c0f6a9dcbdd80dccf9702366fb3c9f7d68511e70c01ff32a,9gtvS3kRfUHVAYDWMpdMaj8ZKprqNV6P3gmLTvNGu57gQXYM3ta,0.01,18.53125,0,960076,2023-03-05,2011276,2027-03-28,DUE_2027,DUST_WHOLEBOX_CLAIMABLE
47cca6f5c0caf184042de6dff7cb7d0c7f15e6476fb0f2f4692e2d736421b416,9iKYjSVeJq5mngzLaLR712FVRXNogtLs4bcJZWXmj4WdUQr8T1S,0.01,1.375,0,960114,2023-03-05,2011314,2027-03-28,DUE_2027,DUST_WHOLEBOX_CLAIMABLE
453439cdaad988b6e076c6c93c1620faad4e62c5d8617c2a3627e91c648a7923,9fArzvUyPJEMBmikaPTA3hsiagV9wT7ZULsWhb5UaQW9jrf8bj9,0.01,11.42788098,0,960171,2023-03-06,2011371,2027-03-28,DUE_2027,DUST_WHOLEBOX_CLAIMABLE
4b2a09549067bc53030c2285924bb8341278703dd73fd52fa183b041137ef890,9eXii91LWvxWBDRRdLKZQYRdxJdByjxRhkkSnfrVDgRCCttBkgE,0.01,29.24902659,0,960206,2023-03-06,2011406,2027-03-28,DUE_2027,DUST_WHOLEBOX_CLAIMABLE
5e2eab918efc6780e5a440ca1529c5d5ca835fdb9cf3813bb44a1b4a58492cb7,9eXii91LWvxWBDRRdLKZQYRdxJdByjxRhkkSnfrVDgRCCttBkgE,0.01,29.3025375,0,960210,2023-03-06,2011410,2027-03-28,DUE_2027,DUST_WHOLEBOX_CLAIMABLE
ace17f325fd9b85782bd01fbdeeb2313ad8e0b1dfaa5d216f7f8112f3eac06c6,9hno54nKHW2k6PnDfukyQgcuG8JV7EyTeKmFQgTr4GiE6oja4Bo,0.01,50.61789696,0,960234,2023-03-06,2011434,2027-03-28,DUE_2027,DUST_WHOLEBOX_CLAIMABLE
bef7d6b6521239b8f237c66759641343152325ab2c38246bcb1eef1e7815346e,9ffiX7dMay3h8hRN1xPJDPQvX2Bwi8wQjtkLdzcU3ekeiBWJ18Q,0.001,0.25,0,960283,2023-03-06,2011483,2027-03-28,DUE_2027,DUST_WHOLEBOX_CLAIMABLE
75147eeda75724b4483190f70ee07be2a6b56ccf37f6896ae59e004a7009a5fb,9iCkBzyaQkNTm2QA7int2AhFtaWP8m4k2ijyX2yfNcMiXQD5uXD,0.01,7.0,0,960399,2023-03-06,2011599,2027-03-29,DUE_2027,DUST_WHOLEBOX_CLAIMABLE
01f7ab6be3216d247d437114264133a8e90dd5d43efbacf0e863936782b243bf,9fgiW19ecXKiGKTufRLpp1G3i9hy6mRz8gjuCbvMDnngjoHFf8X,0.01,7.80196373,0,960444,2023-03-06,2011644,2027-03-29,DUE_2027,DUST_WHOLEBOX_CLAIMABLE
49df0a0de9c47a2c3705bb2075086aa4e96b49938efc9c07d7c1a24650aebccf,9hEn7dqeoMEv1oD6h8XEpY7j7bHrvJFxuXUUGXtLL6X8WfgSuBa,0.01,262.10067171,0,960643,2023-03-06,2011843,2027-03-29,DUE_2027,DUST_WHOLEBOX_CLAIMABLE
d72d83f8649923591783f849ff2fd86a47256b433171581d0de7e047df52393c,9hAdvBpW1nFwMYJxVizWo7i5uDsVcApo6jCc7TDVckRgmcqiph7,0.01,0.8125,0,960813,2023-03-06,2012013,2027-03-29,DUE_2027,DUST_WHOLEBOX_CLAIMABLE
d07b393c9c4f5abcc42eea5ead68db77b46c7a0b97698122c8ccd055dd7d688c,9hmTd2m6H9fCsBAWd5ny9Fq1RhfRYqJz5iyz4jkKKPG4LELAtci,0.01,118.06772676,0,960867,2023-03-07,2012067,2027-03-29,DUE_2027,DUST_WHOLEBOX_CLAIMABLE
c8c3976b1a82a1a8704b359420983d7d752751ed3c9c887cbc5d831cbdb5aa56,9fEVEWnmDUwDCKQ8H6vFTsEg9ATHfAWVnQnAZahFcgYeMR4exeB,0.001,1349.0366434,0,960940,2023-03-07,2012140,2027-03-29,DUE_2027,DUST_WHOLEBOX_CLAIMABLE
47703391a46add93023a17b36038fa6dc0cf88c5c728574f48dde46e930d8722,9hT3mokfrYn3D4RzmwPko7urkTjGHQcbYQrcLjqiomU2Vdb6X1h,0.01,26.125,0,961035,2023-03-07,2012235,2027-03-30,DUE_2027,DUST_WHOLEBOX_CLAIMABLE
4cfea0c35a73ccc63a4beb29de0133abbac8ce13db823b86ba11d391b7797e58,9hNG7mrMjg8s5GZBzeK8PBktUL9i6V7HJp3z1vrRgPPzi9omv29,0.01,24.44333411,0,961440,2023-03-07,2012640,2027-03-30,DUE_2027,DUST_WHOLEBOX_CLAIMABLE
be3c37e29b0eeb48e34e704d262039afd65905fc2d9e0199a3fb8f4274829246,9hEDXfXT6nJA9ZKDqMCdrQa1iZ6SAu2tGEXHon99uxdQ7HRdVPE,0.01,1.86483151,0,961534,2023-03-07,2012734,2027-03-30,DUE_2027,DUST_WHOLEBOX_CLAIMABLE
1b86ec9dba8230fd087722783c23f723180e9bd367a8c9d9b7c18f8c2c133237,9fuWYkjHv3jcnuMP16zaj9VNdV8SoHyLqNKTJXNTZXeX9gU2FRn,0.01,1.375,0,961618,2023-03-08,2012818,2027-03-30,DUE_2027,DUST_WHOLEBOX_CLAIMABLE
b0685c90b60ef9dc2c17f975dad1491e0e7414d92b0ec2091b218575b3b92655,9fhZTordcRAPioAR5o6iaWxwh4na7jNfwqTquBmSA1NYo7JuKfp,0.01,362.77194953,0,961718,2023-03-08,2012918,2027-03-30,DUE_2027,DUST_WHOLEBOX_CLAIMABLE
8aae86c2505835fb8c823f62fcf2720a295b2a91e48cfbe83fc0c82a067563e2,9fhZTordcRAPioAR5o6iaWxwh4na7jNfwqTquBmSA1NYo7JuKfp,0.01,31.40259507,0,961721,2023-03-08,2012921,2027-03-30,DUE_2027,DUST_WHOLEBOX_CLAIMABLE
348b022e9399275913bbac1a5fac831fca260422f79feabdcc1fc6d456fe3808,9fhZTordcRAPioAR5o6iaWxwh4na7jNfwqTquBmSA1NYo7JuKfp,0.01,5.87220714,0,961724,2023-03-08,2012924,2027-03-30,DUE_2027,DUST_WHOLEBOX_CLAIMABLE
50772e2d5137c58b7d1210c4a73e2d3a8f72b36b43a505439295c14ce071e9d5,9fhZTordcRAPioAR5o6iaWxwh4na7jNfwqTquBmSA1NYo7JuKfp,0.01,25.56422021,0,961740,2023-03-08,2012940,2027-03-31,DUE_2027,DUST_WHOLEBOX_CLAIMABLE
cde05fa97e98df496f7e1aab79bfa296ff627b9ef12bf75ecfa8e19ae4aa26a1,9fhZTordcRAPioAR5o6iaWxwh4na7jNfwqTquBmSA1NYo7JuKfp,0.01,24.95854904,0,961743,2023-03-08,2012943,2027-03-31,DUE_2027,DUST_WHOLEBOX_CLAIMABLE
260da727d8a8a68437d9a97137b0c955648f8f5d72f704e571c29c9f58b679a5,9iKJ51fwUx7anv2LdMo58GccZiRSci2okHrh9YgEHnm4cUQmeMi,0.01,11.8830608,0,961783,2023-03-08,2012983,2027-03-31,DUE_2027,DUST_WHOLEBOX_CLAIMABLE
3d021dcf909d9f601adc0b1ce0d6daf056e8b8654db752fe1549e1b0484e278c,9iHKpdeGVYi4yooqXMYGrtM4qNgKzaRKMU5m3CLFVFBLjSANQhe,0.01,4.09375,0,961817,2023-03-08,2013017,2027-03-31,DUE_2027,DUST_WHOLEBOX_CLAIMABLE
a21718392dcf592bc2ac444831aa15fdcc330f087215703b73d1c9f06492e382,9hkDv9UjpA9DQx9Fyvc1ZoHN53sQkvnv1cVpaN4jpFqKSLjimx6,0.01,0.43236248,0,962256,2023-03-08,2013456,2027-03-31,DUE_2027,DUST_WHOLEBOX_CLAIMABLE
bed8d354d4a33c7190332f4e6c53da9f791ff1ab131b4635553173d3ce2ae415,9fhZTordcRAPioAR5o6iaWxwh4na7jNfwqTquBmSA1NYo7JuKfp,0.01,24.5304618,0,962283,2023-03-09,2013483,2027-03-31,DUE_2027,DUST_WHOLEBOX_CLAIMABLE
ff2e3bd597185e9f290a84c464f51958f2cd2987e6bef0df8aa4e96a3764c6ce,9hn9Q7x6ynPLB9ZXia4JpVgJ5PmePNMp4CiuydmNmbTf5jXH5Am,0.01,3.34375,0,962351,2023-03-09,2013551,2027-03-31,DUE_2027,DUST_WHOLEBOX_CLAIMABLE
9b0ad6177dc40f2becf0c0317a6a2e7e78cc7df74d61bf9606e423b038461da8,9ff3k4yNFtDFXyEPEUpyqEH2DMRqgCw1ZZSa6n5oLmT9coh3Z1j,0.01,12.67500347,0,962524,2023-03-09,2013724,2027-04-01,DUE_2027,DUST_WHOLEBOX_CLAIMABLE
02b0a834d22820b9e86775520638cf7dd4b660272e9804cf73cd5e084e8ec591,9hdi9GcF6BXPe1wCQuCHu41a6CDAwmXSrMZwTCrriKYNxCsGba7,0.01,39.25,0,962842,2023-03-09,2014042,2027-04-01,DUE_2027,DUST_WHOLEBOX_CLAIMABLE
3bcf3ef7eb9bf54463beeab0d6730b3227f96a397ce98239d9f49f32c15fcd17,9gPzb31DHKWQEtE3wdYAthCDh5b6djWLxZu5TyZb9thDNKmZ5Hq,36.458902162,15.06174409,1,962900,2023-03-09,2014100,2027-04-01,DUE_2027,FUNDED_RENT_WITHSTANDS
897a24c3bf35bdd19ee442873601b255892334ae4d6735df9e68739dd141bc5e,9enT6W3DQrviBHafx68XN6j9qYmAK73NUsHdD41AEe1psS8QqWe,0.01,51.9141793,0,962934,2023-03-09,2014134,2027-04-01,DUE_2027,DUST_WHOLEBOX_CLAIMABLE
fd0e71ab6825b5017ac0018a8985095234e44a33890bb4bb1eb6e8cbbef769d4,9eqx9gW7rPnGUSQbevSYuLrvxik68rhj9sXAAXVumNVaBT5cCPi,0.01,1.375,0,962960,2023-03-09,2014160,2027-04-01,DUE_2027,DUST_WHOLEBOX_CLAIMABLE
5393aad7517533019a04b1b7d86b96db455b40ff5e5417fe4a978b7ba14416a9,9f1hu6ReLWQEfLf6HWA54z8y2gu4SqfwUETMtjyi2MM7eKBfBKQ,0.01,12.33692487,0,963043,2023-03-10,2014243,2027-04-01,DUE_2027,DUST_WHOLEBOX_CLAIMABLE
d452d2a00eb4e4833d86f63dd8e8766aa0b3a63ebf7b2b364edf88f8555bd47f,9iB2tVSYDsPkw7FCZctcFwPpSD4b42q3RsqmUD7Ley4rdsLZiXJ,0.01,0.74083506,0,963075,2023-03-10,2014275,2027-04-01,DUE_2027,DUST_WHOLEBOX_CLAIMABLE
d2e153c16b38b6d966cb188ab63b91267f352f6eb416fbac307cd951b7ce3af6,9hSYWXAL3f7yc5WXSrPcMQEoqyCB1iBiU2hr62KJuSLq7HiQjQ8,0.01,2.84064363,0,963165,2023-03-10,2014365,2027-04-02,DUE_2027,DUST_WHOLEBOX_CLAIMABLE
e26e89a3ee9dd4a2bc238c054181c4ba77e426be9a9517bc46b42584583ffb37,9gzW45PejCqoJeHSPfayTrra7z3n32mestHq6TKBwSfpHQMD94B,0.01,65.05887964,0,963262,2023-03-10,2014462,2027-04-02,DUE_2027,DUST_WHOLEBOX_CLAIMABLE
fa17dc16b2ba6f0af1af531b7669d2ae5cc341896229fff258b5cbb5d78f0667,9gwiaGaaYFgENxjQ9983t3cpgyB9dwDYDC3xNZCD6zCg8f5NcRp,0.01,101.90087549,0,963580,2023-03-10,2014780,2027-04-02,DUE_2027,DUST_WHOLEBOX_CLAIMABLE
118f797ce31743762528cc6e5d41b7e612b2e0619891685e25e20bf3dc1414c2,9houL1FE4PWzY4Wvxd5CCuKaUmV6wmQjwmh4tnP1qT8wcxMaBQm,0.01,390.71875,0,963788,2023-03-11,2014988,2027-04-02,DUE_2027,DUST_WHOLEBOX_CLAIMABLE
3611eca49349088c866036cfc7018064949b1858fde32ca4bd4246214450316f,9hdtXzMnhVnANwyCJ7fHxxQ4CKQM49kzjrB4DsK2Ft1DrXrYHJK,0.01,0.64312165,0,963888,2023-03-11,2015088,2027-04-03,DUE_2027,DUST_WHOLEBOX_CLAIMABLE
873052c44085247a0b17d71a6a936e59393c3a5363b51dc7b0cdaf4e22cd39be,9hSfCfLQmBbZityfQiLhnAXyabcZaW1DuLsSXmuTS5jqFenp1mq,0.01,0.45656641,0,964053,2023-03-11,2015253,2027-04-03,DUE_2027,DUST_WHOLEBOX_CLAIMABLE
766605559b6b88bf47021dfea4b348791feeba03cc247fe783fc873981db5e65,9fckaB2V12ey7Ao6X9txwCmttsNnpbuESexRWbtVVQsyphG9Pb5,0.001,129.98266739,0,964321,2023-03-11,2015521,2027-04-03,DUE_2027,DUST_WHOLEBOX_CLAIMABLE
6ececf6d6049ca9fa90f8dc0d6f906b156d002a49c777c2edf6f56513b2b6ed1,9gWUAzfgKoCp97pcdtoGsBjGpFWFL3AyY9WtMnrvUFeTVWsyV1S,0.01,10.09375,0,964677,2023-03-12,2015877,2027-04-04,DUE_2027,DUST_WHOLEBOX_CLAIMABLE
8386214014571a0ac8640943cf6e8a0dbbcd6fd728f64a64cff27b5e84cd6afb,9gWUAzfgKoCp97pcdtoGsBjGpFWFL3AyY9WtMnrvUFeTVWsyV1S,0.01,7.5625,0,964679,2023-03-12,2015879,2027-04-04,DUE_2027,DUST_WHOLEBOX_CLAIMABLE
3d42b396a35fcf084a07a9d49bbbd34e39a57573dd6afa2d2f4ce33ddf89a2de,9gZYqtUv41Pu3e28eyUTwwXKYeGPhctSuftNnUeTrcdJsUEoDDS,0.01,1.9375,0,964817,2023-03-12,2016017,2027-04-04,DUE_2027,DUST_WHOLEBOX_CLAIMABLE
a7d40341c1b271d2cdfceb77d52c9fb86cb41280419dee8a835e2239b1d2bcbf,9fn7B9FN9qPbLw3ptGHgoVX6GiwEBJZSt3QtPxXseYijmpa1b8M,0.01,13.23108558,0,964823,2023-03-12,2016023,2027-04-04,DUE_2027,DUST_WHOLEBOX_CLAIMABLE
8a1665869dbb248ab5ec937bfef9da0bb86f92586c13dc007eae6346fa4735a0,9gf1jQ4pLx1AiBr5MTBy7BwggEDc5sF5U3HQUqXFVqvFhXmxZg4,0.01,5.03125,0,965135,2023-03-13,2016335,2027-04-04,DUE_2027,DUST_WHOLEBOX_CLAIMABLE
b3e0699eb4688ee6420065443f428d72dc25dd60d10b3bd94effddcda02d3f7c,9ex2anJVWih6JzdF6EHxiFSQtgqCm2rFXHTPE8a75J4Xcw5MFT4,0.01,4.1875,0,965150,2023-03-13,2016350,2027-04-04,DUE_2027,DUST_WHOLEBOX_CLAIMABLE
4381ccece9eb3c0947271764f57568abca12a1c6f2698d26f8c88f9676c721cc,9heJFLSY6dC6pbDykHEQsm8kQ3YCktwnDsxXHvEabqekKEFaXja,0.01,12.90625,0,965243,2023-03-13,2016443,2027-04-04,DUE_2027,DUST_WHOLEBOX_CLAIMABLE
782ffa50b485a4d903ef2d75cf4b842c00e3725cf10e6e109b00914a6882f8c8,9heJFLSY6dC6pbDykHEQsm8kQ3YCktwnDsxXHvEabqekKEFaXja,0.01,49.41390159,0,965248,2023-03-13,2016448,2027-04-04,DUE_2027,DUST_WHOLEBOX_CLAIMABLE
dd8134bd607e7b316b4241ff1728f9f3d116ac34a619e01e5c900dda060986d3,9fcKmF3bemZKhRoXfU2M6Gc3wsWejsLYqM4wAfkJkyqyYSBRXjC,0.01,7.84375,0,965286,2023-03-13,2016486,2027-04-05,DUE_2027,DUST_WHOLEBOX_CLAIMABLE
267671af7a59eb95e644c68b2e8a462b9331f74c6bf69615815c416bd2ec06a4,9fPnm8RvuK15xMb9rjr2VU5J71JjC2N7HgxyN4vF1mTt1agUuQs,0.01,25.43502925,0,965307,2023-03-13,2016507,2027-04-05,DUE_2027,DUST_WHOLEBOX_CLAIMABLE
da2d7bd79a0940475df52a490ddb8b3835be66eaf9590fb872d4eb7772564cf8,9gqxmN2xSwudGQgYkT7RmhHxLunB2yQXtKGK8EUfFpry13p6jR3,0.01,5.03125,0,965887,2023-03-14,2017087,2027-04-05,DUE_2027,DUST_WHOLEBOX_CLAIMABLE
68bc3f9ddc1919f09905719ebce1561d05ee161b2c90a9ece7c4066db04bc663,9hmjRekvQt4wibcyyQQcGBkmoRaQkgC3LK4BMM9GJULydebh7YP,0.01,1.53218497,0,965997,2023-03-14,2017197,2027-04-06,DUE_2027,DUST_WHOLEBOX_CLAIMABLE
4c92ec1d8c7ff3be82dbd618fc37a3c751f1fc347ea9664c7c274ddc689d4d93,9hmjRekvQt4wibcyyQQcGBkmoRaQkgC3LK4BMM9GJULydebh7YP,0.01,1.17868547,0,965999,2023-03-14,2017199,2027-04-06,DUE_2027,DUST_WHOLEBOX_CLAIMABLE
e39801023767b1713cb673fe017a58bb7babeadc6f5eb08f83b8ca9c1ab32249,9hmjRekvQt4wibcyyQQcGBkmoRaQkgC3LK4BMM9GJULydebh7YP,0.01,3.85514265,0,966002,2023-03-14,2017202,2027-04-06,DUE_2027,DUST_WHOLEBOX_CLAIMABLE
b460c7ed7b1a065d74a0600d18816964d95d045a6d9925c7de061797304f0be4,9gcpDQ6sZM2B4CLjSUqvVRiKmPbqEJeYnC4T6fVAuWoiMM5GQC3,0.01,5.42409697,0,966136,2023-03-14,2017336,2027-04-06,DUE_2027,DUST_WHOLEBOX_CLAIMABLE
dfaeba13c2519d7593e4b24f6a4ec531a44c948b5a49b27c6bef55defb02853b,9gcpDQ6sZM2B4CLjSUqvVRiKmPbqEJeYnC4T6fVAuWoiMM5GQC3,0.01,30.625,0,966142,2023-03-14,2017342,2027-04-06,DUE_2027,DUST_WHOLEBOX_CLAIMABLE
545a9de3ace6fe68707bc8adf002802b8c4e5e1c58688bae91caa49b2ab4f46c,9gcpDQ6sZM2B4CLjSUqvVRiKmPbqEJeYnC4T6fVAuWoiMM5GQC3,0.01,575.1350647,0,966143,2023-03-14,2017343,2027-04-06,DUE_2027,DUST_WHOLEBOX_CLAIMABLE
e2b66beb1b421158144ecd61af6229505f8089eee05b2dafc5446a7d8b6b33cf,9gcpDQ6sZM2B4CLjSUqvVRiKmPbqEJeYnC4T6fVAuWoiMM5GQC3,0.01,22.1875,0,966148,2023-03-14,2017348,2027-04-06,DUE_2027,DUST_WHOLEBOX_CLAIMABLE
6e3498c73c4c18a2c7f8c7b55ce0e360c2935579c585b5222ce79213d0380a8f,9gcpDQ6sZM2B4CLjSUqvVRiKmPbqEJeYnC4T6fVAuWoiMM5GQC3,0.01,543.05200085,0,966149,2023-03-14,2017349,2027-04-06,DUE_2027,DUST_WHOLEBOX_CLAIMABLE
161ce0969d51b8bfbc035413ad0e3290b42baa488fc15f67057802f1842bb4ae,9gcpDQ6sZM2B4CLjSUqvVRiKmPbqEJeYnC4T6fVAuWoiMM5GQC3,0.01,548.46997999,0,966153,2023-03-14,2017353,2027-04-06,DUE_2027,DUST_WHOLEBOX_CLAIMABLE
f2585d0563dbf0c4ea458c30fcf1ecc629dded666259f4eabffe7cc7e9418725,9gcpDQ6sZM2B4CLjSUqvVRiKmPbqEJeYnC4T6fVAuWoiMM5GQC3,0.01,32.3125,0,966153,2023-03-14,2017353,2027-04-06,DUE_2027,DUST_WHOLEBOX_CLAIMABLE
4df2e2fd8adb7531b41bd4d498587cb93479b57c7557ca6b1160f88ebe36d499,9encqB5o31Bjk9rZ9bcunkaqzj1v1a61eZhhD6CCqZ4s3Qz6bX5,0.01,28.49002499,0,966564,2023-03-15,2017764,2027-04-06,DUE_2027,DUST_WHOLEBOX_CLAIMABLE
0e629c50a27f1c10801c567ec3308b24476ab25033942581e493f3c245244e01,9f2yUZ2x55RpUXGBt6KhWaXQMYDXT5Ugh2WrHVNqXbxBkUQut7V,0.01,24.80112448,0,967071,2023-03-15,2018271,2027-04-07,DUE_2027,DUST_WHOLEBOX_CLAIMABLE
5c29ecf09313e1f2a9d3eaffd7eab48074f5ca1e3799dc531bb955880f78a235,9f4AjFSCz3LVGKceoQZUTYz5voYjwafjGivzKgTPfU5Cw4HvnBN,0.01,0.25,0,967146,2023-03-15,2018346,2027-04-07,DUE_2027,DUST_WHOLEBOX_CLAIMABLE
e4bbe7d92a8bea36cf18fc8c1340249474794deaad9cec905c29894ac8612404,9hEXMKf8UybDrCA1Zm8QPnsvJofzb9FT5Jbjd1mDTZYzuA6A39t,0.01,4.75330136,0,967182,2023-03-15,2018382,2027-04-07,DUE_2027,DUST_WHOLEBOX_CLAIMABLE
ad01d8086898c0ffadd2ec8c4c30a4210d9085e7ec4dc31a8d738c32075dad4e,9fPEMBwG9RTQ5sbEnJxjRCqycCe3Q8ino7SSvQAorJbYWe28xGL,0.01,7.84375,0,967213,2023-03-15,2018413,2027-04-07,DUE_2027,DUST_WHOLEBOX_CLAIMABLE
ac909617e2e0819ac30bf23f5231789d3fdf8548ac67371c8f0278e6359f1ea6,9gCqeyXEJNS2s4SKSkiNukMGt66LVuYq9EGEfkiEn2cbjHCTow4,0.01,49.5625,0,968349,2023-03-17,2019549,2027-04-09,DUE_2027,DUST_WHOLEBOX_CLAIMABLE
f5f0b497005d15b62fa2821a63da4b41acb501c993d95d43244827c7a09a6ee5,9hGUkCe6Nu8evs2tjBo56rgzBaY8WPAEGs8WJe5u81rtjzKG8Fr,0.01,483.77989123,0,968468,2023-03-17,2019668,2027-04-09,DUE_2027,DUST_WHOLEBOX_CLAIMABLE
8dcd5572a98ddbf3a5dc5d687f5da64779d1ec6b898ea7c3a6b4776bd13fb073,9iJsSHZio1CqzczuXxp7hLFZwRWoNAVSQxVGXVnR53jTbRDp1fL,0.01,2.21875,0,968852,2023-03-18,2020052,2027-04-10,DUE_2027,DUST_WHOLEBOX_CLAIMABLE
091b4b7969169411f54c2d588c3a010aab52a1a71b8b03dd3e1f984339504684,9fb4bZvELh2EkohLXZkZ1svDZFa4oMRSTAetyp3rpq8FpER9y9B,0.01,8.34030381,0,968869,2023-03-18,2020069,2027-04-10,DUE_2027,DUST_WHOLEBOX_CLAIMABLE
8047662aa9eacf2609ffd236620684a338488ec4ac770b0510e3148c67a27565,9hPgqmBu6tQvJwGM9AtFob2YMUc1XRzFErW1DEcu3y2ixQTavTn,0.01,24.20784274,0,968906,2023-03-18,2020106,2027-04-10,DUE_2027,DUST_WHOLEBOX_CLAIMABLE
9d39fb4ae5bd8c3f30153cd5f427d74b029634cae58e548b81de1cf2bc6afb57,9gnM5CsGSD49dvcc3NpAT5LD3EfdLmJ7nHBh34KzCxLiEQqDmPX,0.01,13.75,0,969173,2023-03-18,2020373,2027-04-10,DUE_2027,DUST_WHOLEBOX_CLAIMABLE
f9b413837d0e1f40aa76e480cf49f021cae7e31bd9960d032a718203f12db6c6,9fuNitNeZagXUDrGSpkaFECh1VRcY156hAza78FzkYhT8qSQSop,0.01,14.3125,0,969212,2023-03-18,2020412,2027-04-10,DUE_2027,DUST_WHOLEBOX_CLAIMABLE
db0d1ae3f340cea00379e1c46de53f2a2cd75efd6459a30ee48f346c8fcc45b3,9hqU5gQjVAfWwatw6Qg84sHfXha9SCxX95dXjaBbc5FUp5K3esi,0.01,2.5,0,969692,2023-03-19,2020892,2027-04-11,DUE_2027,DUST_WHOLEBOX_CLAIMABLE
b1cc6bc66d59066a7035c5e2cb2178bc5666f36853f47a5a05fe261a973fad2b,9ebvMofzpCfom3j2dyR6Wauey6KMH6cZgkTxohTo47UbeWBQK1q,0.01,109.09375,0,969855,2023-03-19,2021055,2027-04-11,DUE_2027,DUST_WHOLEBOX_CLAIMABLE
2e246fe829f2a0dafff7996bd9cdd4566395b0c08a19ea76f48802ddcf55a7a6,9htkadEsNb6TWqKJvWKX2ZaqesJFki958y8ZFQ4NVAyf4jTMJ6t,0.01,0.53125,0,970318,2023-03-20,2021518,2027-04-12,DUE_2027,DUST_WHOLEBOX_CLAIMABLE
d2830e91b7705b8402dc3b995628cb85ddbb48f78bcde44b9fd916d011977b08,9htkadEsNb6TWqKJvWKX2ZaqesJFki958y8ZFQ4NVAyf4jTMJ6t,0.01,1.9375,0,970320,2023-03-20,2021520,2027-04-12,DUE_2027,DUST_WHOLEBOX_CLAIMABLE
7ee6244d365e4f0ddd2376f86264727b8807a055ed7cc3bd52e1ef4538ba6c22,9htkadEsNb6TWqKJvWKX2ZaqesJFki958y8ZFQ4NVAyf4jTMJ6t,0.01,1.9375,0,970322,2023-03-20,2021522,2027-04-12,DUE_2027,DUST_WHOLEBOX_CLAIMABLE
e9c6b7089412af041018b7861d055503c23c9f10e91a1b2434db8d2cf181cd2d,9htkadEsNb6TWqKJvWKX2ZaqesJFki958y8ZFQ4NVAyf4jTMJ6t,0.01,1.65625,0,970324,2023-03-20,2021524,2027-04-12,DUE_2027,DUST_WHOLEBOX_CLAIMABLE
2d66545bfb9f4683ba2cb24584b5f8c1360adac05b86bc4d8db0b0b9d0d8ae4e,9gMjtsDEPbL5bNnWXJCy7NzU8pUEavA7BWF9kFxB2ab9Bvi71jM,0.01,79.0,0,970369,2023-03-20,2021569,2027-04-12,DUE_2027,DUST_WHOLEBOX_CLAIMABLE
8a88a5ea22c7d62f8cb45d867cbcb9a0b3290b1ebfbc51f5c19ae44c9deb2cb4,9gPYNDTPursoPJrioKGHxnLqUQmsy2oWnkGEGt9Ab9DYMKpcusE,0.01,3.625,0,970613,2023-03-20,2021813,2027-04-12,DUE_2027,DUST_WHOLEBOX_CLAIMABLE
35b696434e82441212da999a49745eb96742577e518740ac5cf99f47f1a7e5c4,9hu4wpcQish7bouYAZ99ASoozLRgdFTs6GmyDBqqVfgngWTx3kg,0.01,2.5,0,970714,2023-03-20,2021914,2027-04-12,DUE_2027,DUST_WHOLEBOX_CLAIMABLE
163ead684e30b22874449fd80acfe83d3bc7a0f1356640dcb4e211b9552fd2a1,9f4DRmEUZPxgLFMZhE533gLmUMWzCozLbhbukHeqcSBv74ovjHx,0.01,765.04660603,0,971003,2023-03-21,2022203,2027-04-13,DUE_2027,DUST_WHOLEBOX_CLAIMABLE
cbc52fa618fc3ca5e28f62b2828bcede954cea2811bcbd12c840de0e528d282a,9feCwxswYEhMEbY24ye4u5zCjkqFLeaWcDDirJ2DtNjRSxXvz66,0.01,3.92267611,0,971131,2023-03-21,2022331,2027-04-13,DUE_2027,DUST_WHOLEBOX_CLAIMABLE
af7cffabeba672b7177fb2a7e8b9733ff721ac0afc2e8e3e91945b325531e763,9gM7wh9miP6YzzPG7nnSCNEATqWxAAXrN71ZByfRQN54muP4Mwa,0.01,1.74266147,0,971225,2023-03-21,2022425,2027-04-13,DUE_2027,DUST_WHOLEBOX_CLAIMABLE
08ac8c2990b81aa6c664f89e0943ba8d6b7286010f8b0d9d3fe6a0c7a28aef2a,9gqL4FWKMigXiFJGrVEebCRhRX5TKLkWA6UY6o9eSrA8GjSBpVD,0.01,657.25,0,971648,2023-03-22,2022848,2027-04-13,DUE_2027,DUST_WHOLEBOX_CLAIMABLE
7352d38b5909fd6a1a7bb67a55d878695e9acda0b93b64a324b329e0850dc011,9f6tBw3cjqWWz8rxtNd5zuF2vVCPcCh5Thch7fqRn54ZV2kQSsD,0.01,4.1875,0,971675,2023-03-22,2022875,2027-04-14,DUE_2027,DUST_WHOLEBOX_CLAIMABLE
05c586896c25ae5d43face612169e9373b0f9e63e8aab6cfe2c5ee716b422aa9,9fs2oMMYBxWMM1m1WpBn1K1rsLEp5Pv91xLTyEoBxP3uzPuS2vJ,0.01,0.8125,0,971751,2023-03-22,2022951,2027-04-14,DUE_2027,DUST_WHOLEBOX_CLAIMABLE
9256ab4f947d67a2e88250277c7cc3c4fab6644961fc4a538ade3fab742ac33e,9iBdLLyVYAvgCQjZZHoLAAMpqsyBeLT2X4aqhSgDExMETiBGfB4,0.01,22.17940984,0,972035,2023-03-22,2023235,2027-04-14,DUE_2027,DUST_WHOLEBOX_CLAIMABLE
b4d9520a4035ab4caf014dff0ab61a385c717103a6ac1c6d19ed9760a39175c8,9iBdLLyVYAvgCQjZZHoLAAMpqsyBeLT2X4aqhSgDExMETiBGfB4,0.01,48.85872595,0,972041,2023-03-22,2023241,2027-04-14,DUE_2027,DUST_WHOLEBOX_CLAIMABLE
ac3cd47e9fe7d6851e92c86437ab7129e4418e18499da578f3059cf55e8f44af,9fuFzD8YN4QLaTFAcvmzxzESPCTeAYHY9kx38YVY4hMZzthvpps,0.01,14.3125,0,972466,2023-03-23,2023666,2027-04-15,DUE_2027,DUST_WHOLEBOX_CLAIMABLE
c3929af3e342cb8dcb14d3c172b2520f713915ddb4783cddaf7e0e573e1e63a9,9fBZahmxztEqdWg4ndzKcCo1RoKkxDM5DGgF7KyXc6xwjUTU6Hr,0.001,34.26670824,0,972516,2023-03-23,2023716,2027-04-15,DUE_2027,DUST_WHOLEBOX_CLAIMABLE
af0c3f7f89cfe590ba5ba6485c9890e18bce7cb08148601cc6b0c88b000dec21,9hBs1zK52WY7dNvfwmhShus5NvPMK1YbDb22S34ALNBLayKswNN,0.01,49.76840993,0,972633,2023-03-23,2023833,2027-04-15,DUE_2027,DUST_WHOLEBOX_CLAIMABLE
d27826c9d23914a2de6ac8a42a86cb08c0b0e0e058af6623f475d75e1d61f742,9hPUqCncjTu1YgxfN37mRhRJv3Zgb3J2TRxX5Xz3re1jY2jDYh4,0.01,7.0,0,972875,2023-03-23,2024075,2027-04-15,DUE_2027,DUST_WHOLEBOX_CLAIMABLE
f6011714f2482e0336a13d9fc87548f8f994f9fd51a213ac54f0e095370f65d1,9gMbuSeCLTG9ov9B7jKNt7UBHqd4rJALQ1mXa5sjipGLAL9nfiZ,0.01,12.34375,0,972906,2023-03-24,2024106,2027-04-15,DUE_2027,DUST_WHOLEBOX_CLAIMABLE
5c28a718326ffacbe345bfe5acbf8ef0f133fa86620e3ce0b67cb474a24038ba,9gyjzXor6Rn9y8kqaVUx28z9p6Zn7XBY2tN42f6hQpe5kwdFs7M,0.01,1.9375,0,972931,2023-03-24,2024131,2027-04-15,DUE_2027,DUST_WHOLEBOX_CLAIMABLE
07e8b388fe62a6aa59bdb145daa026aa6787e6cbe54b884a6f4a3fc98f9a48f7,9gw2hpeDZyc4r3LqRTNiFZMEDEamuDzENavvBM2gWGmEY3cLWGJ,0.01,5.3125,0,972950,2023-03-24,2024150,2027-04-15,DUE_2027,DUST_WHOLEBOX_CLAIMABLE
8b75087ceeadbd7e1cd11037f4455f28bcdaee60f6efa8c8c59bf82a4349e66e,9fbxvJDTJiZ6GZJyHhnguvKzrxHqk7EAYdWWKhBVb4yJrddZU9f,0.01,23.59375,0,973409,2023-03-24,2024609,2027-04-16,DUE_2027,DUST_WHOLEBOX_CLAIMABLE
43e78f5d0b362a1b7442d0d8ec44618efdbcfde578e060b2dfaad9dd8294455a,9hMg13voqsPcGS9eo1y3t5ao54A3iXHjAnVTt8G8evp2nddZEkn,0.01,3.0625,0,973530,2023-03-24,2024730,2027-04-16,DUE_2027,DUST_WHOLEBOX_CLAIMABLE
ef3d9f051876d3fda0ec6bb93e8f542bb64af9f468d80a321795bd5d756aec1c,9hVqsoJ171jqHc8k8vhBcEkYfMF9Ws4fkmaHDWWt9HkdZ2SSFZc,0.01,48.55745956,0,973828,2023-03-25,2025028,2027-04-17,DUE_2027,DUST_WHOLEBOX_CLAIMABLE
ea7df14821e0ea73cd324a628d12fbf61dc20e5bc9b1851a366e9eab74eb0fdb,9hX2VL6iDYszCbavmZ6oDenvippVHqvH9JgypoD2QMYWKKihjbe,0.01,0.8125,0,974147,2023-03-25,2025347,2027-04-17,DUE_2027,DUST_WHOLEBOX_CLAIMABLE
eb7f938a71003eb5dffe51cf90308b1ac6445cbd2ef432c85d0baeaf0c3a6fb8,9iQ6CLisQEiZRnBiLwRfxsggM86Lps7h5RnF5B6z5BqjJrLPA4K,0.01,3.34375,0,974206,2023-03-25,2025406,2027-04-17,DUE_2027,DUST_WHOLEBOX_CLAIMABLE
f4001f8087766530133d6a228645b8e7ad75654c239efd0b71b8c6c28c180a35,9gcfBvJuu9LfCb6Uij8twVzLtwhMpKDUuJhkcx2z9efcZ6ghkky,0.01,4.75,0,974323,2023-03-26,2025523,2027-04-17,DUE_2027,DUST_WHOLEBOX_CLAIMABLE
9d2a789cff1affc750f1bd17d9cb175e3d967e6dc7c4be6c88f33b6543cd9b31,9fy1N7d4GKLroauE7ryUPQSqHjNasySxjG5sW44ffvVuvGVVnLE,0.01,48.81194672,0,974332,2023-03-26,2025532,2027-04-17,DUE_2027,DUST_WHOLEBOX_CLAIMABLE
331ba85ed0592441e1d1e59c72479162b37dc09c0ba1b2643ecf2fff8d7024ab,9fX9Kpuw2hjcs1PnVAR5ygNufwMCgZgrgMgk2ZT8k6ykjhJYgv2,0.01,2.78125,0,974369,2023-03-26,2025569,2027-04-17,DUE_2027,DUST_WHOLEBOX_CLAIMABLE
47fc00b401851f6af54f26b17467854d61c538ade3ac486cbe60bff6b826849e,9h8VANRHkNBV8YC5suwBqTJcoSdG9J7qBgwnYZETSrenAUBuosw,0.001080015,0.23570936,0,974546,2023-03-26,2025746,2027-04-18,DUE_2027,DUST_WHOLEBOX_CLAIMABLE
b09db270b556dec9f7c1a562eac9bff4d93cf63d02c6ff1f298e32eaad2c9931,9i7tMWSSyNewgX5reGqLnLixc6hwHRNogehUDpAY5kjbUVTHzFb,0.01,2.78125,0,974563,2023-03-26,2025763,2027-04-18,DUE_2027,DUST_WHOLEBOX_CLAIMABLE
277c07f1344862fcf80ff68ed4f2e7a9180b63c5c9d0671cc578396f1e43cacb,9i5Nz2GTo97EyfVLU5ZhJnowZwQ9xxRaZvSZTzfqEnPDi7CB4mg,0.01,15.4375,0,974870,2023-03-26,2026070,2027-04-18,DUE_2027,DUST_WHOLEBOX_CLAIMABLE
13bbb3ebf629b4b678580453615ca4410c88bc6082f9f700e05b71889acc1b50,9i5aD37eTtXUofw7p7o23mRrL35ADBrotZwHSLBMavGMUjvYKTt,0.01,7.0,0,974959,2023-03-26,2026159,2027-04-18,DUE_2027,DUST_WHOLEBOX_CLAIMABLE
b0c25a5129088f3ce5ab89feb93ff4bcf3b8fc61a154cca4ceb95ddb84871ca3,9hEt5UP6TMSs7kbdbfdJoVupnPqCo9eS69H4REJUh24mKpWyPSw,0.01,5.875,0,975110,2023-03-27,2026310,2027-04-18,DUE_2027,DUST_WHOLEBOX_CLAIMABLE
0b6abb611af76f05a2834f606a55f738cf87ba63f451f1874e21b010b4bca178,9g5XyYtf46FXS6SL1pES6GQyc2UusyHWpdJtWHTBoc67CLcRah8,0.01,8.197526,0,975217,2023-03-27,2026417,2027-04-19,DUE_2027,DUST_WHOLEBOX_CLAIMABLE
e2644e998bcca1e6567642ecffa68f2a69d7d6d1da35926c7a50aa223c72237c,9fAbrZe676JGX2gAkyqHqiNqrDJthsthgNco3U7x2vmugk2mAsU,0.01,3.28833264,0,975258,2023-03-27,2026458,2027-04-19,DUE_2027,DUST_WHOLEBOX_CLAIMABLE
60b2dec0c6f0867f42e5203a276b8820ea7fd2dee12da3a123c0e0604000124c,9i9tuFNQZEGWEcgeog539MMjTwWdtDrFPZbjeJsyemgekZ9RRwo,0.01,10.375,0,975352,2023-03-27,2026552,2027-04-19,DUE_2027,DUST_WHOLEBOX_CLAIMABLE
a7a6ee37eb618073cef984ce5d2b974ded4347fd77575e9477b985ce2ca17b67,9hopMUj5Nz75E7P4TkDdLksuoMiufdQ3MECvgt4EpHeprhGAUnC,0.01,216.902404,0,975904,2023-03-28,2027104,2027-04-20,DUE_2027,DUST_WHOLEBOX_CLAIMABLE
96fe617ddd52a7173120b3d093336dd6955b0c29273d9bf3783e58f1cf7dbcbc,9enLZUH3tG7uUyVzpR4nGqhsY8LTo7hZTDLf7y69CqbaW718UY9,0.01,50.59375,0,976102,2023-03-28,2027302,2027-04-20,DUE_2027,DUST_WHOLEBOX_CLAIMABLE
65ccc5f0b6c47a15379d0cb36f29d543e20966b4446ee65f56ee165798f631bd,9gLV6qafAVR74MxSiRwnCyxmMiJWdMHCc7bjkej5TPrqocwbxiF,0.01,5.59375,0,977302,2023-03-30,2028502,2027-04-21,DUE_2027,DUST_WHOLEBOX_CLAIMABLE
c687ab223a88ec8114ddfb284b7b88f326ae50b3ba8fc913e6eba8fd030a6803,9fVB2QSn2znqXUPWF645pSqLWeysQLQCo9oD7QHUPJSs36WjeoH,0.01,48.51090507,0,977382,2023-03-30,2028582,2027-04-22,DUE_2027,DUST_WHOLEBOX_CLAIMABLE
cb1137744e2b0fe2de2c49e0821cdd200f6bea634ee6a3645f45a57e6bfb8687,9fVB2QSn2znqXUPWF645pSqLWeysQLQCo9oD7QHUPJSs36WjeoH,0.01,30.56123315,0,977387,2023-03-30,2028587,2027-04-22,DUE_2027,DUST_WHOLEBOX_CLAIMABLE
ed3d2d9650125435296dd4b5ef2e977f555ac64d38c32d1886cbdd2dbfc2246f,9ffFetHBW3CCpuhF54ec5aPLbkwyKjgKdMaL4QkfP3NX7REku4o,0.01,21.82022578,0,977574,2023-03-30,2028774,2027-04-22,DUE_2027,DUST_WHOLEBOX_CLAIMABLE
51c0d44b3841f37463c76f2ff4c7ea68bd7a7e3ad7241f7554945d7c4d648f71,9hQ9fSb1Abv7SD6apcyogaaTUb5psq4ZMxW3Y9sBvqc7jAiaND6,0.01,0.46680414,0,977593,2023-03-30,2028793,2027-04-22,DUE_2027,DUST_WHOLEBOX_CLAIMABLE
bd3470af12e9532d783cadfc0396327f044c3b6bdc7da9700b5ea05e1035b24a,9i7Z2f18zgP4opnn1vqZ8mryz71CB4BPshqszubmbcqepwrYTSk,0.001,0.42158772,0,977916,2023-03-31,2029116,2027-04-22,DUE_2027,DUST_WHOLEBOX_CLAIMABLE
1b51c0a8c8fd5f52d0e4432f93e37c4192aaee5573e0044d1b52850fab48b342,9hBPgnQKEy7iGRnRBK47nz2X5sregiMGc1NewbeeMCtJDJ33aJX,0.01,48.72514959,0,978152,2023-03-31,2029352,2027-04-23,DUE_2027,DUST_WHOLEBOX_CLAIMABLE
f2e0ee133e79d1ba363943d1603ab6e36e4901aa7209c1a167a160b4cbfddd5c,9ez1mpGJH8J1dUz3SFoAY5cZApvKy2xc2yfHdNU44oAa7AQ8ZYL,0.01,1.9375,0,978637,2023-04-01,2029837,2027-04-23,DUE_2027,DUST_WHOLEBOX_CLAIMABLE
e78b9969c7e25214cc2492c3c370c6597df7f161173d9c1c9f246cfa2966d0b2,9gh7xLxSUrHqySZpn6JbBSxx3LTpWs7cK2vzg7o7i69Py6eK9kC,0.01,49.86229012,0,978696,2023-04-01,2029896,2027-04-23,DUE_2027,DUST_WHOLEBOX_CLAIMABLE
79c8417be31cb6bf2eb636d7bc74edc1303aa3566118c7a6787e2566f879f2f6,9heRDB4dQkt5M3QbtWz7eL2YFtnygYuRzGWQrJnUeky7p1kY46i,0.01,64.99605775,0,978766,2023-04-01,2029966,2027-04-24,DUE_2027,DUST_WHOLEBOX_CLAIMABLE
6203eeae380abe95ba312d82d09fc1404d1db2b9bec3e321fd8515e43f2f299d,9heRDB4dQkt5M3QbtWz7eL2YFtnygYuRzGWQrJnUeky7p1kY46i,0.01,9.67618604,0,978770,2023-04-01,2029970,2027-04-24,DUE_2027,DUST_WHOLEBOX_CLAIMABLE
dfd5e8101a15ce92bd47c6acdc16eccfd884c33e0622431c3b8890a845f6818f,9eio6nwArRHCoM3UCEsrRP2QzGzjQ6Y9b8nrNY6XMknPYygnfyq,0.0179,1.0,0,978932,2023-04-01,2030132,2027-04-24,DUE_2027,DUST_WHOLEBOX_CLAIMABLE
e77d041538271f9d442302955fb6c20a476beba424174bcd7179925fe6d847f9,9hwzGC5oGA5KUNz8eXYvEwptnbAnG9nexQG32xBM66HZtcXXBSD,0.01,3.0625,0,979272,2023-04-01,2030472,2027-04-24,DUE_2027,DUST_WHOLEBOX_CLAIMABLE
6b2158cf9d31e4072c1d49ffe273ab42bda5fd8d17b623728bc758040c3d5653,9gQ41taCaPqUgim1BHFHi7KgwKsT2orxqELZZGfjkRkR1wZNAaY,0.01,12.53125,0,979525,2023-04-02,2030725,2027-04-25,DUE_2027,DUST_WHOLEBOX_CLAIMABLE
f3940c137c0d86f7886a446d8ec9f31c30726d796e4cd1129688f6680afe6bd6,9grUZKxKuM6BnqLXvmtdX5griJX2xT7STBd17BQW3bHF8b67UFM,0.01,0.8125,0,979579,2023-04-02,2030779,2027-04-25,DUE_2027,DUST_WHOLEBOX_CLAIMABLE
1d47d065dc27858a038e90bc9191f46fd8e68d285db47f3b9191a8f5477a0963,9fdbc9mibybNCAfwbYge95pHP2mL3W2FVxri3z8J9QxK6EeBG5v,0.01,8.26294578,0,979715,2023-04-02,2030915,2027-04-25,DUE_2027,DUST_WHOLEBOX_CLAIMABLE
a235ea670ca54cf6e542e55032336370ee474bd22b3e22714b817ed9f84f645b,9gpCSYZCrUqHxN5ho2Nrg1zWkBksE9t4zLXMj26niwLw3y6to3u,0.01,1.03229975,0,980022,2023-04-03,2031222,2027-04-25,DUE_2027,DUST_WHOLEBOX_CLAIMABLE
c885d6e794694c53ba9aae735022dec182c751624d39884300bd0c3ca3b2328a,9gjvKKggDz5B2TunNcPstGugZZdGs7C4gU1iVdewuydpWnfcGG8,0.01,43.9375,0,980292,2023-04-03,2031492,2027-04-26,DUE_2027,DUST_WHOLEBOX_CLAIMABLE
f70309555d59ad0a6b9a4dca5e51f06c934fbd514311429eaa554d18dadf0c7e,9fJnJqqsJtEC3WTpGEmshoeYr66UnWLU1sy8Jq91Hv3qB4fXfW4,0.01,2.78125,0,980335,2023-04-03,2031535,2027-04-26,DUE_2027,DUST_WHOLEBOX_CLAIMABLE
57e0892072dcf9d847512797ac080467f557fdd139ccbcf08193d1a63c3a9643,9gLoZ4yHfMtn4RHXFS1CT6kRP6UHtvomQbSrsG3WCGVKob5QvtL,0.01,6.13052205,0,980801,2023-04-04,2032001,2027-04-26,DUE_2027,DUST_WHOLEBOX_CLAIMABLE
2929908ede246458aa11e7dc27caaf9e30ae3a76924da94072abbfb7a463d2c4,9g5wFB7APXrJZ7kBsqcqPEMuC8T7hdk6N7hYDHFPDzqHJUexbLy,0.01,48.51090507,0,981037,2023-04-04,2032237,2027-04-27,DUE_2027,DUST_WHOLEBOX_CLAIMABLE
2e3da089a03772003724a951f2d2e927dc82bf24289ce2cb20b27b758227679e,9g5wFB7APXrJZ7kBsqcqPEMuC8T7hdk6N7hYDHFPDzqHJUexbLy,0.01,37.39407114,0,981039,2023-04-04,2032239,2027-04-27,DUE_2027,DUST_WHOLEBOX_CLAIMABLE
f4eb36c538936d7ddcf55f3fc91dce1d4cbb51883a4e4a9eaac05285bb47fe2d,9g5wFB7APXrJZ7kBsqcqPEMuC8T7hdk6N7hYDHFPDzqHJUexbLy,0.01,37.62487579,0,981073,2023-04-04,2032273,2027-04-27,DUE_2027,DUST_WHOLEBOX_CLAIMABLE
ab72b319e71c0f72595f7ff078a82de2fe277201d08a73e4aa603bd31077fc40,9fJPntCozorzcgXXHCLotcRKHyMQsxVNgCDNB5txgjCg4rufg6W,0.001,0.28046998,0,981100,2023-04-04,2032300,2027-04-27,DUE_2027,DUST_WHOLEBOX_CLAIMABLE
e1f4d8daa03b2607688e53b9314c9eaf678bd0be5d9713b350cd838900d436fd,9huWMhA5zrH3PJE6rrRxXYvqJAPqwbZKNENc6y4FZcpsBp8oBz1,0.01,157.25924297,0,981348,2023-04-04,2032548,2027-04-27,DUE_2027,DUST_WHOLEBOX_CLAIMABLE
8bd6d97377fdee26e44a14cffc1f20e711e65d6f283bf26e8043578fdf56d546,9hvGBgnyTbum4uWPW5ftmaGnB3xDH1wWTXTYxn6Sd9JDdJckAaR,0.001,34.40476165,4,981752,2023-04-05,2032952,2027-04-28,DUE_2027,DUST_WHOLEBOX_CLAIMABLE
f5c218e86639d9cb59f60b158b6d2850d388b2ac711f3e550f23c496dae6c791,9gMUL2D9N2j98umrxLJMcyCfXDEKwX5fsAdhXqouiErJuLWqTq9,0.01,0.8125,0,981861,2023-04-05,2033061,2027-04-28,DUE_2027,DUST_WHOLEBOX_CLAIMABLE
89d1d54cf6d80f43dcb9bd06a0ea658f8f31da68434897d0327fc65896e91882,9gMUL2D9N2j98umrxLJMcyCfXDEKwX5fsAdhXqouiErJuLWqTq9,0.01,0.25,0,981868,2023-04-05,2033068,2027-04-28,DUE_2027,DUST_WHOLEBOX_CLAIMABLE
449819ca4c9e282128561e3b9a1d33a56ddedf91554752276c4b9a6df5cbd187,9g5wFB7APXrJZ7kBsqcqPEMuC8T7hdk6N7hYDHFPDzqHJUexbLy,0.0079,286.95895753,0,982112,2023-04-05,2033312,2027-04-28,DUE_2027,DUST_WHOLEBOX_CLAIMABLE
4a55eb3889b29b1087cc81a64217f6683073bc25ad349d1efc0b2bd306198a4c,9gNuMnGmxY7EFE9MAFP16aLsaFbQLaAmRPq2UnnBChJEQG7znGo,0.01,30.88716091,0,982347,2023-04-06,2033547,2027-04-29,DUE_2027,DUST_WHOLEBOX_CLAIMABLE
1d6935f2ffe3cfdf4cfb90b45408bc9eea4e3482f58d7ea2e7e816b4bd441654,9f7767qDC1fz4c67iC88VasWj9dY2reJLZAdp3CsMnKyaj3ZjRo,0.01,0.74424949,0,982481,2023-04-06,2033681,2027-04-29,DUE_2027,DUST_WHOLEBOX_CLAIMABLE
5c93b010cac0ef15824c183ffdf8044d486cd137b6a26d8a7a43b9d46a05d0e0,9ey8cNM2EbzBW4zWDpSEZnjVFsArcvR8fSv8TinVHSi8a7AAcZx,11.290257872,105.89254983,1,982588,2023-04-06,2033788,2027-04-29,DUE_2027,FUNDED_RENT_WITHSTANDS
ea6dfe1287aba45acf40705ae3a7d6e81b952ea509a9d279e13347f60adf10dc,9iPfU4pgVftAwiXvvmqJHLhuGL5UcAS6iJQA55X4TTwG4tzrVct,51.807456326,34.90602791,4,982636,2023-04-06,2033836,2027-04-29,DUE_2027,FUNDED_RENT_WITHSTANDS
041952614149d5a5b674e9301f74d71af67b8e6e4e9e6b06af0711c76117ea1f,9hb8bs7tCWYYEUttyKykAvZyGt2kr119f29wgLsiRbuhbKtF35x,0.01,2214.07755094,0,982884,2023-04-07,2034084,2027-04-29,DUE_2027,DUST_WHOLEBOX_CLAIMABLE
6312c9fe6e7f9dc179a036033925a40a50b64c19d8dd1065d4ed41651937a861,9gCEE7TRZg3CDQ9QZBmsY87Bmo3CPe2zphGqz3UaR2SBrGnpS8f,0.01,0.74033579,0,982932,2023-04-07,2034132,2027-04-29,DUE_2027,DUST_WHOLEBOX_CLAIMABLE
1af0c44709fccc1cf8195d629d7a3bb2aa1f156ca8237116fc5ae915cdeb43d7,9hrDXLSJ8Yh2gDAmEhdjhLr4Cb76JSHXq31Xwo2kGGdbUoZvxqJ,0.01,1.09375,0,983038,2023-04-07,2034238,2027-04-30,DUE_2027,DUST_WHOLEBOX_CLAIMABLE
9ae6464c9338b852528751d7e8af4ec338ab7c06c718f9dddb323d8206710353,9hRLiwzqUdj5ZdX5d4AcpJZVWKP4Xj6kHDwCFhpataSKNCbX8F9,0.01,0.5353636,0,983120,2023-04-07,2034320,2027-04-30,DUE_2027,DUST_WHOLEBOX_CLAIMABLE
177ba05a7f591b884583088b3a9e86ecdacfdd2efb678ad1e09945801dd25006,9gH4Sbq7MiK9MnAJAtcsx9uz8qy74PZN5CQUb15JoxctqZe4vmS,0.01,25.7147012,0,983247,2023-04-07,2034447,2027-04-30,DUE_2027,DUST_WHOLEBOX_CLAIMABLE
f36fed78b7144350516ef87e597f74e26ac5393c3ad6fbf99ac802a6d834799f,9gH7yzmenwHFVLtMksq7TWw8qCtEDUdxEHXohUG8GEwAqkYRrHb,0.01,41.59375,0,983309,2023-04-07,2034509,2027-04-30,DUE_2027,DUST_WHOLEBOX_CLAIMABLE
cf99a9ad9130278bfb72fc3468970b683a0ddd1dcb7493055d50f3709f423a68,9i9c8amw9BoaZp9W5Dmp1GaSwmtgGtytBaywhjwCDpZ8PMNqMyc,0.01,95.5,0,984120,2023-04-08,2035320,2027-05-01,DUE_2027,DUST_WHOLEBOX_CLAIMABLE
c240aa03b3ed19724311c40a450e8655d7844debb3e913f44028099aea49d25b,9fA2dDsQg4hPVyygsLadVfXhyRAvMqz6VWzaaTJcUGZZDFhTkny,0.01,13.0,0,984209,2023-04-08,2035409,2027-05-01,DUE_2027,DUST_WHOLEBOX_CLAIMABLE
312b14835bea0e45f20daa64fa0e0a42812e5b1102fc867a3820ce4a70c47e3d,9fJ7ZEP2G9NBC1renekCTjCn2WsdMKtDiddiPFT3cgKhUug7YkL,0.01,102.02181014,0,984266,2023-04-09,2035466,2027-05-01,DUE_2027,DUST_WHOLEBOX_CLAIMABLE
950fd1c67b1e462c1b75dcb569d3cc821480caca2ba5f160e40e27805c171a7a,9ebcJSvsxpEZVA6XYYg2j4zH3fgniHtNU68bcMi5pd61i9somWm,0.01,8.48545479,0,984609,2023-04-09,2035809,2027-05-02,DUE_2027,DUST_WHOLEBOX_CLAIMABLE
f38fe5780b5d77e257b48c6b742aa76528082e40a79273ac6d54427fecfa7786,9gH4Sbq7MiK9MnAJAtcsx9uz8qy74PZN5CQUb15JoxctqZe4vmS,0.01,25.7682121,0,984632,2023-04-09,2035832,2027-05-02,DUE_2027,DUST_WHOLEBOX_CLAIMABLE
fe2f8556b6fc7bf3e13ab50a37de6aff48fd17ece27484128371e460f7bb3e10,9fRYUzk573eKnxS7ASntUtWFYQds8g6ZStS7StEM1UqirmJpA4y,0.01,49.71490043,0,984768,2023-04-09,2035968,2027-05-02,DUE_2027,DUST_WHOLEBOX_CLAIMABLE
e546a86c133d104e54c8a35d6c3bcf7ae5d597bfe0d2e91291747e015ad8909b,9fRYUzk573eKnxS7ASntUtWFYQds8g6ZStS7StEM1UqirmJpA4y,0.01,14.875,0,984769,2023-04-09,2035969,2027-05-02,DUE_2027,DUST_WHOLEBOX_CLAIMABLE
01d01499b8566581fe2c0e6f3dbf3e021e27f147d9059c5f510eae9425a797fd,9h2kXhQX4K4fhdHszPoDPdz55UxSoEEDXDUX8LiHnQV99ZDfhcw,0.01,5.3125,0,985217,2023-04-10,2036417,2027-05-03,DUE_2027,DUST_WHOLEBOX_CLAIMABLE
660cadf58a4350515f9426303163bce61ddf41a139bebbdcb461857e1d0f2e76,9ecmF3ya7GxnV9Th9uXSGxB93qZnezU8NjEpEU8miemv8oLAf2C,0.01,33.7103637,0,985217,2023-04-10,2036417,2027-05-03,DUE_2027,DUST_WHOLEBOX_CLAIMABLE
6013952a8a452f1bc47eb58fbd39b725535cdfc433da2c36082086888503c1bc,9gVz23P2yzAicPNu13AEokaEEjZ7HR9TGjszTH7X6NdHbqJV6Gb,0.01,7.84375,0,985248,2023-04-10,2036448,2027-05-03,DUE_2027,DUST_WHOLEBOX_CLAIMABLE
cd0d5472c70484f0980333e17d6eeb8c03c1b89889dca65b1243c07e78b488ae,9gwQo2NtKnGa3iawW69kr7bse6owknKg8pWKRyJhsLbi6z67zVZ,0.01,9.92388643,0,985253,2023-04-10,2036453,2027-05-03,DUE_2027,DUST_WHOLEBOX_CLAIMABLE
2d011b1418e660c2b6d8798611dd23ca9ccb90b6c2ae937eeb961673f53fd926,9fmR5qFUzzyKcNqiH8RjqLsigdoZiSt7XqF6s1XVzMMGLQsFbax,1.917045174,2.60409173,18,985275,2023-04-10,2036475,2027-05-03,DUE_2027,FUNDED_RENT_WITHSTANDS
e0e095df8c4f5a5d0d99576e201e8a0a853c1897d5790e5afb52381c09d96b42,9hhYb2qHkzGzficxvYWQcDyFHizvhenATEmg13iNvBtA6xAzAei,0.01,194.44665046,0,985718,2023-04-11,2036918,2027-05-03,DUE_2027,DUST_WHOLEBOX_CLAIMABLE
f04d15fc8ed462083abf460de4573b8389d1685ebcd535e58221c1cb773bfbc7,9gSkipHfuhSGH77XfcKbjed2LXyFoyHTThpoeMgAyQHXthU8zFL,0.01,4.1875,0,986165,2023-04-11,2037365,2027-05-04,DUE_2027,DUST_WHOLEBOX_CLAIMABLE
93b4ba71494b8b8524072b1bc64f483bffdbae1bd53e08abf98eb5e1cc6b14be,9fp4pWnXV1RKSyvcTNTpRbvurdSptEFsiYRnPGbK8MXPNNYJMq4,0.01,141.14816212,0,986777,2023-04-12,2037977,2027-05-05,DUE_2027,DUST_WHOLEBOX_CLAIMABLE
28016df3452083ba75cc4e1429ecb7be7d34f9a0c18f37c6644055d5e5df22f3,9hJc1LNStLyEyqT9jCSMn6Sy3VeN4uFPPWWCMQiVyRcFc4AT8LQ,0.0079,2.26385043,0,986836,2023-04-12,2038036,2027-05-05,DUE_2027,DUST_WHOLEBOX_CLAIMABLE
ca91e206e63edb505d3bd8e9b618b9a68d7a0632c6e69be3427cf8604180398d,9h1Ft5wGGzZeskqRpchYJ1qMUCGRuWAyyUiFWRPDRrfdEiKz7Bx,0.01,44.32939795,0,987436,2023-04-13,2038636,2027-05-06,DUE_2027,DUST_WHOLEBOX_CLAIMABLE
5d37e01350a75ddbc3f2510384110a24ed8a9df3499309a0c5fce56a16a1a920,9gKvthcF97ZvhuCDu4Q68wbjSF5S3885myXHBDAUbNPcVj3qGqK,0.01,1.65625,0,987467,2023-04-13,2038667,2027-05-06,DUE_2027,DUST_WHOLEBOX_CLAIMABLE
894f723c070fe0ab8c36b6cd62b45f6b102700896edddc964e70f37cc2c3c8fa,9fq5QKCvossu47Q2i4Brfx65zJiju1RyFW2mnYVqQjrMLEisbZm,0.0679,1.0,0,987471,2023-04-13,2038671,2027-05-06,DUE_2027,DUST_WHOLEBOX_CLAIMABLE
d1d2551ef2e784d010c8af99f76ab024bfa5387f3ec6f989989889ba5b4316f5,9fQoDw5kqsMHP5Z7L2akMR7hWJQkRQvPBLUGoiE7RGgyowzqdmZ,0.01,6.32176877,0,987658,2023-04-13,2038858,2027-05-06,DUE_2027,DUST_WHOLEBOX_CLAIMABLE
fdac4de78e475323a9494c73c0a1dabe6b22475f420c0552dfe84842ed04c53c,9hHMDryp9WUzwnXVHifW5SUDF9ff79UvpDrX3iZWVqkcVWv4X3s,0.01,0.25,0,987694,2023-04-13,2038894,2027-05-06,DUE_2027,DUST_WHOLEBOX_CLAIMABLE
95c39ca7fb9b9c77c384d8e5eb54f318d1a5b367a7623d56566ad3213b5d0800,9fjmFDEtC98C6GumDVcbEsKKaYRFpNLjoFvfzR3RGqUbPhqKkTc,0.01,0.53125,0,988650,2023-04-15,2039850,2027-05-07,DUE_2027,DUST_WHOLEBOX_CLAIMABLE
2bbf58cb7113c8f1fa3663d04909af2e563e397fc74a705149155c202bf53347,9ehdsRCwyVLSB66cwpaTbdmJtZrTRUCqb2e6i9TQK33FXPNdkK5,0.01,56.125,0,988721,2023-04-15,2039921,2027-05-08,DUE_2027,DUST_WHOLEBOX_CLAIMABLE
e76e97920f2246da54b166ddbda603207d0912249b21db08799e72609e5cbc41,9fHzng3AeN1ExPzvBhUN35Dca8MDt71u6tX2Emmu2fCW4qqLAzV,0.01,0.35736794,0,988748,2023-04-15,2039948,2027-05-08,DUE_2027,DUST_WHOLEBOX_CLAIMABLE
702104c9d9a44f1b3b41742480c2613678848706fc19fa990bd03e3d55377c90,9i9tuFNQZEGWEcgeog539MMjTwWdtDrFPZbjeJsyemgekZ9RRwo,0.01,1.5021519,0,988795,2023-04-15,2039995,2027-05-08,DUE_2027,DUST_WHOLEBOX_CLAIMABLE
60ac8ea0f3a621c8fd19bdab25e1b02fe4c652231193692128c444abf5b58548,9hDv9hkQVSXQJ73aW6irRgviYfetiVp9zQwKNccBKHA9BSqLWrk,0.01,14.3125,0,989084,2023-04-15,2040284,2027-05-08,DUE_2027,DUST_WHOLEBOX_CLAIMABLE
ba0ff56885f8103cb6322316125f15748b5bd697d3bafe2617dd4fd18502a918,9fTKXSQLV3MLyojzCpM2GR5XmqTMF19vhuSjyAUXh3FJYNVzHww,0.01,58.79825956,0,989327,2023-04-16,2040527,2027-05-08,DUE_2027,DUST_WHOLEBOX_CLAIMABLE
8586347aa67c3a7c4bfef2f841acdc28d53a8b8a12c57750e43d7af1252293a6,9iEDfMQuwcYEf96CyDsnEHPRDe3iDaK3u1Z3xaVsdi1QjqPmD9X,0.01,0.25,0,989375,2023-04-16,2040575,2027-05-09,DUE_2027,DUST_WHOLEBOX_CLAIMABLE
8a4d00e90ff86ad495aa3fbcc7447e68f6ad12a0f21a4ef31592153b10e6d1cb,9iHKpdeGVYi4yooqXMYGrtM4qNgKzaRKMU5m3CLFVFBLjSANQhe,0.01,70.0625,0,989788,2023-04-16,2040988,2027-05-09,DUE_2027,DUST_WHOLEBOX_CLAIMABLE
0590f9b11e325960db0b7ab98230c5723ba6848afa30b04bc67e108c3202a541,9gvZa4BDMfPUthh5GYje34BL7aFkVNFE7kbXUcb7iDRWMV7Pb3W,0.01,3.90625,0,989851,2023-04-16,2041051,2027-05-09,DUE_2027,DUST_WHOLEBOX_CLAIMABLE
fdb3a0572a5703f53f4bdcfee9a4e5cfb7fabaeb40e4208573dc6ebe22402c43,9fBCiWTZbYpLHy7tabqq7aNrJTh7HDagxCZjXEF5uSwtDHaxif3,0.01,3.625,0,990164,2023-04-17,2041364,2027-05-10,DUE_2027,DUST_WHOLEBOX_CLAIMABLE
f237d7bfd28b3ec321c23c5c4b2462e06dbc1a1f3688fc31d9438d9594cad274,9hj6BiPcEuivmQ6GBGRV2fL7Vnw5R5okmVndYvYFFaM3iapL7oa,0.01,0.25,0,990622,2023-04-18,2041822,2027-05-10,DUE_2027,DUST_WHOLEBOX_CLAIMABLE
e233d998aa57eb2abc5b78d16449b78ddb4039bc4071e8fd3d56d7f4948d5b13,9fGqD6P7Zg2bCZFJv5sUUoPfJ9UT8PYfjqTRFwpXnZZYXp9okWf,0.01,26.49816579,0,990690,2023-04-18,2041890,2027-05-10,DUE_2027,DUST_WHOLEBOX_CLAIMABLE
9750b904d7010a029e014dbacae5b88cd0fa74fd0df563c9b29568da347a4d99,9hRg82rSqhDbfRAUbuhnW8Ws5uEg6KV4hjEPExnV71BmUgPzGPS,0.01,24.71875,0,990696,2023-04-18,2041896,2027-05-10,DUE_2027,DUST_WHOLEBOX_CLAIMABLE
3ea568a207b52a0563d53d5fd030506a9367962e7eda71f839da92b4f2d88dc6,9hRg82rSqhDbfRAUbuhnW8Ws5uEg6KV4hjEPExnV71BmUgPzGPS,0.01,41.59375,0,990698,2023-04-18,2041898,2027-05-10,DUE_2027,DUST_WHOLEBOX_CLAIMABLE
3ff95670260a0d76f0156b3629c956d10b079cf4d162f6cf34dc8bd8a095f78e,9heFTfjz485iUJmKXqFpQbuAiBzFNrUKCC84d24VuGNqihKT78h,0.01,24.71875,0,990713,2023-04-18,2041913,2027-05-10,DUE_2027,DUST_WHOLEBOX_CLAIMABLE
57dab9b83f22c73e8dfb8345b77e6717f69b03d070752e9b023935382dceb62b,9eeX8vRH64gY4kuvtuJD2KjQ4eszk9meQbVzzrRoJrXC9j3racp,0.01,97.0,0,990773,2023-04-18,2041973,2027-05-10,DUE_2027,DUST_WHOLEBOX_CLAIMABLE
24cfcae8cce47d476dd69ff13b2f8c2cac4bd99a32742cd145481d52de628f09,9eeX8vRH64gY4kuvtuJD2KjQ4eszk9meQbVzzrRoJrXC9j3racp,0.01,191.5,0,990775,2023-04-18,2041975,2027-05-10,DUE_2027,DUST_WHOLEBOX_CLAIMABLE
a4c551ffcff8840ef6c2c9450d427bcd98d147c882e3f2b340a42031480379e2,9hDgxVzV4Un6H2j5JLTgiUVsMKLKfhgcyg8QnLkKUjczGEu2Fnf,0.01,0.25,0,990951,2023-04-18,2042151,2027-05-11,DUE_2027,DUST_WHOLEBOX_CLAIMABLE
91371fd9f00b7417159e260a6632170832cee3e185b8f264613bfde04daad1f7,9i2JMqWFTsmUQ785prseyYi56VspW3TJFHGU9wDuRwEV7Ua5dKH,0.01,19.375,0,991018,2023-04-18,2042218,2027-05-11,DUE_2027,DUST_WHOLEBOX_CLAIMABLE
3a537b6d8d170496934f995f308d640358bcdd1b732b6dbfabed7543d7f06d28,9fzSiwYo61VUy2kP5kzczx2Ying6nZLYbJJpntudh575Ptvuk7P,0.01,1.35426758,0,991057,2023-04-18,2042257,2027-05-11,DUE_2027,DUST_WHOLEBOX_CLAIMABLE
a26c60ee991b029f0d5941674971a4df332b2c3ba85a15a7a9240cf33ec5935d,9gAT65NksBP1uQnTinsTi12HCxLm6FEXmkYcPakuRTxJasf1M4e,0.01,0.26747972,0,991068,2023-04-18,2042268,2027-05-11,DUE_2027,DUST_WHOLEBOX_CLAIMABLE
ae6182aae1905133efa2815e6093061c51fc09e5a0f034d63062ab6f13261cd0,9gAT65NksBP1uQnTinsTi12HCxLm6FEXmkYcPakuRTxJasf1M4e,0.01,21.90625,0,991069,2023-04-18,2042269,2027-05-11,DUE_2027,DUST_WHOLEBOX_CLAIMABLE
0780ff552498b918edee05d6e1a0d2d2b40deea887faf9d9311ba1897ae7c8cb,9evjCfngQSSkBvPJtmgq2xz6FQRE6jTDfkL6xKz7svbjRQ4Migc,0.01,75.41283172,0,991772,2023-04-19,2042972,2027-05-12,DUE_2027,DUST_WHOLEBOX_CLAIMABLE
ee3c51ab955b57d8e3eb6d72c880fa884d003331a01c7b8a75983f5a389e190d,9evjCfngQSSkBvPJtmgq2xz6FQRE6jTDfkL6xKz7svbjRQ4Migc,0.01,53.47128701,0,991804,2023-04-19,2043004,2027-05-12,DUE_2027,DUST_WHOLEBOX_CLAIMABLE
60525f17c6f2de86be1eceabb2e4355098b5405302dc2e6d9d37379ff30c07f0,9gc1u9wZF1ntf2cRPJYMEEVXNpPrzgBhuJkK48TK7gnwWxUTFwJ,0.01,0.8125,0,992140,2023-04-20,2043340,2027-05-12,DUE_2027,DUST_WHOLEBOX_CLAIMABLE
35686186323de42e9788bc6aa04a936dad425061380bb3cef23e3be3f9a19ac1,9gJouoKGMkebFggkwSEEMLxKvoWGn5yWFUo7zKXw3WuB7k2sakN,0.01,7.375,0,992890,2023-04-21,2044090,2027-05-13,DUE_2027,DUST_WHOLEBOX_CLAIMABLE
c5692263c343d09a95754605a3b56de0a8984d58f36f8a4f0e3f709a8cf3edbf,9hytavBzavwZh7q8BefQNczCrECXoTxGFKsHabjhKg332BgJNAZ,0.01,11.5,0,992987,2023-04-21,2044187,2027-05-14,DUE_2027,DUST_WHOLEBOX_CLAIMABLE
4da62219ea4ec832b679068ca10cd18cf01944f2a642c465281b6a38ef4e7077,9gLicVw6dA6NRR9uUdFeXhDc1rNcvNWau5vZz4vURNcXkACe3zW,0.01,8.08155436,0,993065,2023-04-21,2044265,2027-05-14,DUE_2027,DUST_WHOLEBOX_CLAIMABLE
c198bfa71f3a5fcb2eddeedbfd2395f083d0e822528a061aaa2469fadf46d056,9iCbtz3LncmpaRYMnK5UFgKmeVbZVeR2f4M4oAFY6KCEu1gqTf2,0.01,1.375,0,993067,2023-04-21,2044267,2027-05-14,DUE_2027,DUST_WHOLEBOX_CLAIMABLE
11ec9aa4266ec8b16f9ea5d2b7bbfaefa504520483cbf476f4f7cce86d72a1b9,9hRoDsYp4GGPpxmXFnNrKZAEtEGyN9jryBkfm832SGtGMJqnJpe,0.01,5.96875,0,993121,2023-04-21,2044321,2027-05-14,DUE_2027,DUST_WHOLEBOX_CLAIMABLE
bcb3d74e3d6c7d5b91383e1d1afd8e104ec9a4f7eff586bbc99bb635df080aec,9eegVAgL56b24fcyk63EKR2SasKFGxqhhJh7XGV76Jxqytpu74S,0.01,51.82862399,0,993141,2023-04-21,2044341,2027-05-14,DUE_2027,DUST_WHOLEBOX_CLAIMABLE
4f85d29f2c3d6ac11257287af89d16a14d650290cd20facb6a6a4e929ba50a7e,9gFKukFPHUhWKy6MWXiQvRRDgNcGLFKhsPEDUoarTRxeq4W5VxW,0.01,10.375,0,993856,2023-04-22,2045056,2027-05-15,DUE_2027,DUST_WHOLEBOX_CLAIMABLE
0e299e9c0b1a600521ad4a389fbfffd816aaea393ff061037b6039f737960d8f,9fQJaPZuTPBKrvEawXHYGMVUud7gAnNWMnpZk6zR9zuvyFB85Hf,0.01,1.09375,0,994124,2023-04-22,2045324,2027-05-15,DUE_2027,DUST_WHOLEBOX_CLAIMABLE
5240d54f3d284942c3a00e2788b1fef4235edae8391c0ff2de8dcb7c70612137,9iM3358wnfUHfwKNQdhPNV6v69vG9XozeDcm7Kbs1CF4oV4SAUc,0.01,13.36160714,0,994352,2023-04-23,2045552,2027-05-16,DUE_2027,DUST_WHOLEBOX_CLAIMABLE
9ea9eeb2de2d9cd07f2191471ec0347338fcc0e6de6855996c3e5f2438407413,9iF4gwN62gtnE44TjfmLhLjGrEnL2qfLiXMQtGWS2yExtszgoRW,0.01,0.90327322,0,994540,2023-04-23,2045740,2027-05-16,DUE_2027,DUST_WHOLEBOX_CLAIMABLE
0011e33e11728d29680788f9bd29a7730cc2f3b58a8e7abf5f6e5ad6a3cc3811,9hqddiDzoVUB19JoW57w6Y9V1E34y7bi5njnZPBbbhJtzjhzH5q,0.01,16.11005205,0,994854,2023-04-23,2046054,2027-05-16,DUE_2027,DUST_WHOLEBOX_CLAIMABLE
57d4679914d93e9b276331363ef06fce7839227cd11e460a4d0220f56b43e07e,9f4AjFSCz3LVGKceoQZUTYz5voYjwafjGivzKgTPfU5Cw4HvnBN,0.01,0.25,0,996027,2023-04-25,2047227,2027-05-18,DUE_2027,DUST_WHOLEBOX_CLAIMABLE
d7deba6ff1e6ff049044865f3e237529da4f3abce9e5b9ea6f6333181947314b,9gqaBZZWCt97wiQ5tax1aRzfgHBassHsarZD9UqMFeCRE6MvsNA,0.01,7.0,0,996039,2023-04-25,2047239,2027-05-18,DUE_2027,DUST_WHOLEBOX_CLAIMABLE
1b67c868424a58f10650008a7d771c75e71aac6a42c03340f3fd1a821d2c42a8,9fZaCeUkrBm6WXNiBtDsYwFjbQcrEEj4w9NDfZB2HB9r9TMX9kc,0.01,0.10624202,0,996324,2023-04-26,2047524,2027-05-18,DUE_2027,DUST_WHOLEBOX_CLAIMABLE
cdf23a1ca8a881c3d75ab8b5ed833097e04c6fe06977286e49641b86b1487536,9hhJepwauDPw31v2PUXFvihmA4JCi2gUzZhA6sCpo8uM61TJEpn,0.01,16.65598485,0,996471,2023-04-26,2047671,2027-05-19,DUE_2027,DUST_WHOLEBOX_CLAIMABLE
a410ccf4f5619b1a82b3c7e5997d21813ae99b4ba73ad2601ad6ad81024f670c,9hhJepwauDPw31v2PUXFvihmA4JCi2gUzZhA6sCpo8uM61TJEpn,0.01,49.71490043,0,996477,2023-04-26,2047677,2027-05-19,DUE_2027,DUST_WHOLEBOX_CLAIMABLE
b6d224c122ac20c6d303764229cfda4b359626d9670caf94370534e8120c1777,9fYMMHg1aFbXBkDcMGJHsCSXFrwg1W1y7DqCpGw3hAcoiDcFCoc,0.01,1.10597958,0,996695,2023-04-26,2047895,2027-05-19,DUE_2027,DUST_WHOLEBOX_CLAIMABLE
618cd54fe88d83ac7c099e41cad83a248ae23868097f473a7facc09326349d37,9gwfkqVgL1YUFguw3HgQf7FWMGcuBhAEMyvKaxWDyPHXd2qX1iW,0.01,8.125,0,997564,2023-04-27,2048764,2027-05-20,DUE_2027,DUST_WHOLEBOX_CLAIMABLE
9c6a327f5d200bf1e484b349e5380b8bc98aa05c0d180f40314a7fd777936b66,9feYuDhKxV2Eg9hddgBvMjJKbjc1uK1eTMBeq5scLY4xjcVkVpe,0.01,11.5,0,997707,2023-04-28,2048907,2027-05-20,DUE_2027,DUST_WHOLEBOX_CLAIMABLE
8955f4a268d7cb6f27eca72e3a8b2538d373ccd1d3ae200ea5c9ff7bfaec3be5,9foSMBAZo6gYiqjnUGNTwaRjBiqqAP4sDZau1yrXdE5gEUM5rmw,0.01,49.0331715,0,997770,2023-04-28,2048970,2027-05-20,DUE_2027,DUST_WHOLEBOX_CLAIMABLE
2ae4639e1661f69a525a9c769347609c2f8af166d38d0bdb7c116d4984b50b80,9gUuS23x9u38j6etv8DU9YRKW9csrcaDRrzpjb7VCCDF5MjGrsJ,0.01,1.09375,0,997885,2023-04-28,2049085,2027-05-21,DUE_2027,DUST_WHOLEBOX_CLAIMABLE
94b9407dc3fd1b224009a5a26aceccfc8b2d04eb84a658eb153db8157a0451b1,9hbM7imgDpeg72trg48pjZ4YjVq2LPfVS4m7QJrKKE5s7wqS4CF,0.01,0.8125,0,997924,2023-04-28,2049124,2027-05-21,DUE_2027,DUST_WHOLEBOX_CLAIMABLE
302cb7aed51d0f7780cd67bdfafd5c763d3045d0c51a7f977a48296953ac998a,9g3SKDxakoei7igHntdH9jpDpN9cUFWD84ZB85aXhS5RFmH1AwA,0.01,4.75,0,997984,2023-04-28,2049184,2027-05-21,DUE_2027,DUST_WHOLEBOX_CLAIMABLE
31272826c237183b7fd869f9350499b3801a66357812865114fb8da796234a40,9gWijkUEekxVfwCXF73Hi3NH2w4ByGV8LbAUACNadJ48fHBvZgP,0.01,87.93628218,0,997995,2023-04-28,2049195,2027-05-21,DUE_2027,DUST_WHOLEBOX_CLAIMABLE
ed486da0b826d8143d8f21aed08c082abdf39aa5fb908b5e58720209bee55778,9hc5nK8asNphK1235sipQS8YcwAyTEd5c3tcoMVKzAAUwhi5mmy,0.01,417.62921416,0,998584,2023-04-29,2049784,2027-05-22,DUE_2027,DUST_WHOLEBOX_CLAIMABLE
df1cb80a6e5b4f26cbf3aec8fcdd6a93e5143d2da173bf1d870eb5b6399edb90,9hc5nK8asNphK1235sipQS8YcwAyTEd5c3tcoMVKzAAUwhi5mmy,0.01,540.94500897,0,998593,2023-04-29,2049793,2027-05-22,DUE_2027,DUST_WHOLEBOX_CLAIMABLE
1152c7ea8867997190d4aeee6e2a671b9630ebb271936e7a3111572e40a3f3e9,9gny4ChD3M9jAkhE97hemQ632QHYSU1e7tVujH9rho9n5UGPZi4,0.01,3.34375,0,999471,2023-04-30,2050671,2027-05-23,DUE_2027,DUST_WHOLEBOX_CLAIMABLE
bdec02077077466c0e9c2b9f8d16cb6c870f8428bfd0d93db5c2eadf53a28e2d,9hNGGcA16PWcbf3aenvZvo8xLctixpwdx4vfDqAXnXY8uveUj5s,0.01,5.5,0,999488,2023-04-30,2050688,2027-05-23,DUE_2027,DUST_WHOLEBOX_CLAIMABLE
242cadd2c0059d80898b1f05f01247edf36dfb14584013def7aab8d6ae6b49fb,9heFTfjz485iUJmKXqFpQbuAiBzFNrUKCC84d24VuGNqihKT78h,0.01,45.34375,0,999959,2023-05-01,2051159,2027-05-23,DUE_2027,DUST_WHOLEBOX_CLAIMABLE
f127458327373629f49b77ee2917b0b487957318db3b96cf172d7f4bd8aa9df1,9gQWJLuUBzSgBKpHeXYyVbr8oZn1YPowNvWi4ZD9Zi3k3wDTf69,0.01,103.75,0,1000007,2023-05-01,2051207,2027-05-24,DUE_2027,DUST_WHOLEBOX_CLAIMABLE
e5a57efa0fa9befac7624648f7d68dcd033ca120eb59fd00998f0673867c885f,9hvRo9ZPcfDktYDPunY3hN4zkeVPrQvwiJDy6CpyUDSVWuT8aHY,0.01,0.8125,0,1000210,2023-05-01,2051410,2027-05-24,DUE_2027,DUST_WHOLEBOX_CLAIMABLE
9f4d70c52b94ebe58f0b22295bc931847fb465cd44e945c2088953adabd36f05,9endHxQCh3bJA2a8h6E44DcfRq1pNtaNn8eE3wA56mNvjfysG4b,0.01,1.375,0,1000265,2023-05-01,2051465,2027-05-24,DUE_2027,DUST_WHOLEBOX_CLAIMABLE
fb5eeca77c1e63b123783243755f2d79b575ef7956b33857c3e9693ed34238d0,9gQWJLuUBzSgBKpHeXYyVbr8oZn1YPowNvWi4ZD9Zi3k3wDTf69,0.01,220.75,0,1000747,2023-05-02,2051947,2027-05-25,DUE_2027,DUST_WHOLEBOX_CLAIMABLE
9e5dfad3d3622f2a129ccfbd390910137aeb1150c487925b1ac54089569451cd,9g968PPivW3hbgKxjoJ24ufeRwT9RAj4WD4eBYnXoH9pb5aFqcS,0.01,0.38418123,0,1001219,2023-05-02,2052419,2027-05-25,DUE_2027,DUST_WHOLEBOX_CLAIMABLE
92461ec724532d5189228674679d43b2c4c31c3fa77a1afd922575419da7cbae,9h7xkRpXTy5bVB4wBy9LWDtTHCNBLKJGmwrrTaNXEtwDY6UJ77i,0.01,0.53125,0,1001272,2023-05-03,2052472,2027-05-25,DUE_2027,DUST_WHOLEBOX_CLAIMABLE
b17a4961dbe3146a48cc0e4693e66b5c10f8420f193dfee8deb0c7d8fc31665d,9h7xkRpXTy5bVB4wBy9LWDtTHCNBLKJGmwrrTaNXEtwDY6UJ77i,0.01,0.53125,0,1001287,2023-05-03,2052487,2027-05-25,DUE_2027,DUST_WHOLEBOX_CLAIMABLE
790f835d0cfb6f00ab93e3826e33e24ba8312b0c5ef04f8dd673fe9b94fd35ed,9h7xkRpXTy5bVB4wBy9LWDtTHCNBLKJGmwrrTaNXEtwDY6UJ77i,0.01,0.25,0,1001299,2023-05-03,2052499,2027-05-25,DUE_2027,DUST_WHOLEBOX_CLAIMABLE
f9b383ad288b7a31f6b65f5d8a3fae528ecd622f12ed59acd7b9e16104906a32,9f6jY3hUcAdrD4d2uzm3f2mv7QUjVip5eD9FWuVW8k9NNpiVVLH,0.01,0.8125,0,1001455,2023-05-03,2052655,2027-05-26,DUE_2027,DUST_WHOLEBOX_CLAIMABLE
ac84ceb3ee3b28b48318b409bfe8ff03d7e5f36c725cd83832cb56e5e7b2eba4,9hBShCV82aLBh1x2t9w9nQCrbSRVKjPc3KnmqYwatMMUqv7HMk7,0.01,3.34375,0,1002002,2023-05-04,2053202,2027-05-26,DUE_2027,DUST_WHOLEBOX_CLAIMABLE
41cb22a9b23e108dd1f5621511750e8588f703495973c593cab3e32f86787cca,9eixy6fMLeh54KismBNT3fv55TEHCPgwvoGfrZwrvLM3z38MPrU,0.01,586.14966465,0,1002073,2023-05-04,2053273,2027-05-26,DUE_2027,DUST_WHOLEBOX_CLAIMABLE
351c06c4aa8650fdea01f942b346650612ccbf690ab63a7fae4cdc7fec3b29ee,9gvc1cgqFcDUN7K4XJFNU2P9Apmrzr3kjeVn8HU6JEFa3F1GENg,0.330982393,0.11555008,26,1002574,2023-05-04,2053774,2027-05-27,DUE_2027,FUNDED_RENT_WITHSTANDS
21122020a98ffa4844afc8db88989216af02b38478a47117490a22f10da38466,9g6acfLhyyqoCKCrzjwA2mUpxvyyUYMsQTkfdHwY9Ythcbs8dSe,0.01,29.07733631,0,1003006,2023-05-05,2054206,2027-05-28,DUE_2027,DUST_WHOLEBOX_CLAIMABLE
60a481542004680bb327f41d72d049e1cedeeda758540dea80e8ab9253bbe688,9g6acfLhyyqoCKCrzjwA2mUpxvyyUYMsQTkfdHwY9Ythcbs8dSe,0.01,1332.71911521,0,1003008,2023-05-05,2054208,2027-05-28,DUE_2027,DUST_WHOLEBOX_CLAIMABLE
69f9c2629849c3b4ba18508602f65134ed29f3e5c2fc86281435b6ab1d94aa6e,9g6acfLhyyqoCKCrzjwA2mUpxvyyUYMsQTkfdHwY9Ythcbs8dSe,0.01,132.07261912,0,1003012,2023-05-05,2054212,2027-05-28,DUE_2027,DUST_WHOLEBOX_CLAIMABLE
992cc6d2a531f1d3d5a43a282da92d260572aa93da46b28447edaf1de9b387ab,9g6acfLhyyqoCKCrzjwA2mUpxvyyUYMsQTkfdHwY9Ythcbs8dSe,0.01,101.02978552,0,1003016,2023-05-05,2054216,2027-05-28,DUE_2027,DUST_WHOLEBOX_CLAIMABLE
8595f439d1fe8e3aebbc5403f87b9bde3e09470e77777c2144679c7a853e402f,9g6acfLhyyqoCKCrzjwA2mUpxvyyUYMsQTkfdHwY9Ythcbs8dSe,0.01,83.42638447,0,1003021,2023-05-05,2054221,2027-05-28,DUE_2027,DUST_WHOLEBOX_CLAIMABLE
0e5b7709f0205be5141dc58d475137b8e732f9593505ea87b34d1e64fe2a088c,9g6acfLhyyqoCKCrzjwA2mUpxvyyUYMsQTkfdHwY9Ythcbs8dSe,0.01,83.47989537,0,1003023,2023-05-05,2054223,2027-05-28,DUE_2027,DUST_WHOLEBOX_CLAIMABLE
943befd490b6a2b0f19da03bdb9e51631c857b41757a52c05bf7086252607b8f,9g6acfLhyyqoCKCrzjwA2mUpxvyyUYMsQTkfdHwY9Ythcbs8dSe,0.01,104.56150525,0,1003026,2023-05-05,2054226,2027-05-28,DUE_2027,DUST_WHOLEBOX_CLAIMABLE
fb8f1070bc6595f0fdd402ff29e86a4d53f1b769089c12766c72ca60af4f3545,9h7oYDFKAWppZycmgjcVgeTvnfFni7Mg3LrZwdMx86AhDRumfSj,0.01,48.625,0,1003156,2023-05-05,2054356,2027-05-28,DUE_2027,DUST_WHOLEBOX_CLAIMABLE
e767e5758b9452131dc95763bc3038d499ed32b515a82630799ec7d9558d05c4,9fYkzvXJke2xx4BaPjDbD1wNGFDfd7YtBDxrT8s7ieCNzRo4VoL,0.01,4.46875,0,1003421,2023-05-06,2054621,2027-05-28,DUE_2027,DUST_WHOLEBOX_CLAIMABLE
ebcb2f07e0e31b818e0af30882cdf5d6e91f0b3d9ed0d4b5d7fdcad6f7b3e46a,9fMAghgUKrYZEBN8FNWnctZAu116Ycv7kvCWcYAYNC4wK5BNNe2,0.01,0.8125,0,1003443,2023-05-06,2054643,2027-05-28,DUE_2027,DUST_WHOLEBOX_CLAIMABLE
bb5936af1986d1b55e480ccf7ffc2aa08126a0e6796677ebcbe6fd7921b5c452,9i931MQwfhf1fERFLpHYwxTucpjFLvAowY6y4LWJHEEkGq98Usz,0.01,20.21875,0,1003490,2023-05-06,2054690,2027-05-28,DUE_2027,DUST_WHOLEBOX_CLAIMABLE
524a2da13800b5f372538b0a27e4c04138b983f047f4e725c9ca444058d6c936,9i931MQwfhf1fERFLpHYwxTucpjFLvAowY6y4LWJHEEkGq98Usz,0.01,14.571527,0,1003497,2023-05-06,2054697,2027-05-28,DUE_2027,DUST_WHOLEBOX_CLAIMABLE
d98b541f43a8aac421b611cc920047bde23ae14770415ce1d0c203374b279b01,9gAHT8WJVCpK7FwmpJUdSXBVkAWx2MgG5AD6eJChEkWsaMbdruS,0.01,10.375,0,1003803,2023-05-06,2055003,2027-05-29,DUE_2027,DUST_WHOLEBOX_CLAIMABLE
aa1399648c5bc1f8ddc68e001ef837f2fc3ee59b5af92eb3e867c9253cac7fa7,9h7XqGF9oFnfexsFDBCTVt9wxT4BKEipeSxvdsduZSaZRuvVWwg,0.01,1.9375,0,1003873,2023-05-06,2055073,2027-05-29,DUE_2027,DUST_WHOLEBOX_CLAIMABLE
4184fb230489f5324e4f150fa85c4c46b972d9a82e0918d4cafae2302b420f87,9gVSwoGHnnCdxw5jJLRcmujCtqseTFuK96SfrBwJbPfEhKzihpW,0.01,5.01461672,0,1004296,2023-05-07,2055496,2027-05-30,DUE_2027,DUST_WHOLEBOX_CLAIMABLE
f0c0f80b6465b87f80470dde977b043285cc0fd394cfa7073fe9458446f465e3,9fGCFuuSSc4fJ1tneRbnHaFPrYBzXBZJwXNg2k2ggyTjiFJbqXX,0.01,20.96875,0,1004310,2023-05-07,2055510,2027-05-30,DUE_2027,DUST_WHOLEBOX_CLAIMABLE
ba91aaccc921bcdadae2697f6d8385b3c6ea5b3e5bf0ae9e2739aded34f4cb14,9fGCFuuSSc4fJ1tneRbnHaFPrYBzXBZJwXNg2k2ggyTjiFJbqXX,0.01,13.9375,0,1004312,2023-05-07,2055512,2027-05-30,DUE_2027,DUST_WHOLEBOX_CLAIMABLE
9ef078ceeaada9afed9b327b49c7f0bf620bed83ff140e3294f822ab7bb22e5b,9h95BnDCY4xv2eFQDhSYr6ekhGgvAbhXuF2nxizXrVB28YA7PtV,0.01,1.375,0,1004991,2023-05-08,2056191,2027-05-31,DUE_2027,DUST_WHOLEBOX_CLAIMABLE
e52fe0ae354096c252c99929aef6f64c69299082819aa43731cbf66677894201,9egrwi4xxcpWyXYwN7AivGMaWGg862bx8A267EQGS4Hn5wtiY1Z,0.01,0.25,0,1005180,2023-05-08,2056380,2027-05-31,DUE_2027,DUST_WHOLEBOX_CLAIMABLE
bf86b32674df069d5a966f4b05c65c3f99f2c03f42696f36d5611245a5a860fc,9fdfbfnPP1q1kxiJUpUfub3ccCF5U57ULwoHH6BhSTbHXHfKVV9,0.01,49.71516658,0,1005240,2023-05-08,2056440,2027-05-31,DUE_2027,DUST_WHOLEBOX_CLAIMABLE
93cd7413e46b49f4e0c2538ed1cea2ce188bb5f85b195f22358e1fd0cb09ddf5,9fdfbfnPP1q1kxiJUpUfub3ccCF5U57ULwoHH6BhSTbHXHfKVV9,0.01,16.5625,0,1005247,2023-05-08,2056447,2027-05-31,DUE_2027,DUST_WHOLEBOX_CLAIMABLE
b4900811e21358f105262d0336ceb0b5004ee6eece5faa2c22a295547f711158,9fdfbfnPP1q1kxiJUpUfub3ccCF5U57ULwoHH6BhSTbHXHfKVV9,0.01,16.5625,0,1005254,2023-05-08,2056454,2027-05-31,DUE_2027,DUST_WHOLEBOX_CLAIMABLE
af9f14c7136ff6587505fbebeb40aef3051aabfa1b81acd05ae5582723973c85,9fdfbfnPP1q1kxiJUpUfub3ccCF5U57ULwoHH6BhSTbHXHfKVV9,0.01,14.3125,0,1005257,2023-05-08,2056457,2027-05-31,DUE_2027,DUST_WHOLEBOX_CLAIMABLE
6113d2d79234cd319cd498b3acdb58b2719d4c53850b5cab38b1cdbe31b34666,9g75VC6iVBA8bfYgLQv8VW3UqQsSAD94odfKgG4LSowjjrHJsha,0.01,21.4375,0,1006322,2023-05-10,2057522,2027-06-01,DUE_2027,DUST_WHOLEBOX_CLAIMABLE
b38606302abe67932327be84bdc65c10fc4a251bbf9cc511cc2e4c16d5c8c418,9gTWXrY4KjRSANrMShPU7JgLym7hVodoPCNosfEF6KKkDZRmJCP,0.01,14.3125,0,1006776,2023-05-10,2057976,2027-06-02,DUE_2027,DUST_WHOLEBOX_CLAIMABLE
94ab8665b5f300eda5a4cf51e1dbdcb3b57ecb5aba94c60530298750e10db01d,9gTWXrY4KjRSANrMShPU7JgLym7hVodoPCNosfEF6KKkDZRmJCP,0.01,16.0,0,1006779,2023-05-10,2057979,2027-06-02,DUE_2027,DUST_WHOLEBOX_CLAIMABLE
cbaa63d79b78d75747ceaa820b94f490669cc86f248110a99de34f5516a95148,9gTWXrY4KjRSANrMShPU7JgLym7hVodoPCNosfEF6KKkDZRmJCP,0.01,16.0,0,1006781,2023-05-10,2057981,2027-06-02,DUE_2027,DUST_WHOLEBOX_CLAIMABLE
095540a7545fd0631a8a7463e563db656546344744b1744990d23dd58b8d5311,9gTWXrY4KjRSANrMShPU7JgLym7hVodoPCNosfEF6KKkDZRmJCP,0.01,7.84375,0,1006786,2023-05-10,2057986,2027-06-02,DUE_2027,DUST_WHOLEBOX_CLAIMABLE
f169cd301bb223a6ce37a61c9da24700bac544b6f24ad18fcdac21a534c72912,9hBpytfDFfgZ7rtrquc5qWFKHHb8J2t5dcDLdRYJngH8hfLqJuG,0.0079,0.83254365,0,1007893,2023-05-12,2059093,2027-06-04,DUE_2027,DUST_WHOLEBOX_CLAIMABLE
1d8be9a7291ba0233f80d1761d74553c68ac318bfb725c6e17b8d2525720a608,9fXAPYDaUP9uJYMJEvUCaLwpPzgmkq8bK1CyBqPs7THVUueWEwr,0.01,0.8125,0,1008139,2023-05-12,2059339,2027-06-04,DUE_2027,DUST_WHOLEBOX_CLAIMABLE
73043e9822efc9a1a154767c22a518e4c28b4d92feb09c38c80e673b4f294aae,9ebJ8AEZwvtVgh2Fro1XB8Z9PjFyhhNHE68GAVEatNBvYEtm6mP,0.01,0.8125,0,1008484,2023-05-13,2059684,2027-06-04,DUE_2027,DUST_WHOLEBOX_CLAIMABLE
7255df43b6b26eff9cd835672c24cb75223b6858776b3f6f1e75870c6622ff4f,9iLZez21oXMuGHFQafJXcxCXJpBwxELf887qfhmKZJzLZ1XKub2,0.01,7.375,0,1008649,2023-05-13,2059849,2027-06-05,DUE_2027,DUST_WHOLEBOX_CLAIMABLE
06417fe941cde33e7a572192e940bf755b5d162cf5a66db3f4b00fe3621c6592,9gD4YH56nm3DgNWBpkyaRVjQsUFT7qa6pN6kzPb2zyg4MKwHFzw,0.01,11.46139142,0,1008739,2023-05-13,2059939,2027-06-05,DUE_2027,DUST_WHOLEBOX_CLAIMABLE
0b35b8470561d4e5839d6332e4df69121de2d21898401c4fa013be00acef7b0a,9iBPp2QcwKCRo1zMGyRq6SHFrtStHGhvCzFfHuQqBDSVdVa3DtB,0.01,8.6875,0,1008751,2023-05-13,2059951,2027-06-05,DUE_2027,DUST_WHOLEBOX_CLAIMABLE
f7645bfc931c886eceb2b4cbc926c00c71a6aec1a1691820a00b035971b75d9a,9euRQywuA4cPmY1uzg3sC6pM5SNTcp3YQcMQtSXZt5AaJ4hs1j9,0.001,1.625,0,1009084,2023-05-14,2060284,2027-06-05,DUE_2027,DUST_WHOLEBOX_CLAIMABLE
f6d4073c0b5012cb2544e8c216ac450d43fee0d119dac13b7e607662d35b3c9b,9fjmFDEtC98C6GumDVcbEsKKaYRFpNLjoFvfzR3RGqUbPhqKkTc,0.01,12.0625,0,1009187,2023-05-14,2060387,2027-06-05,DUE_2027,DUST_WHOLEBOX_CLAIMABLE
c92a06a85eac7d24adf136178d209c3737497eca70f1c624707ac63f696b8f66,9esvzc6E9i8o3em6xnFqgbLreZVEFo6erMN3qgYsfaMADSaE9am,0.01,1.9375,0,1009260,2023-05-14,2060460,2027-06-06,DUE_2027,DUST_WHOLEBOX_CLAIMABLE
37979430081d0b2747efd3332849a1addc78a44336a230a70cb48384917732f2,9i9PNhau8q7yzd8X5xG3QF7yJWXnFcgukb7EpjSt6wU1a9KyUNw,0.01,5.3125,0,1009334,2023-05-14,2060534,2027-06-06,DUE_2027,DUST_WHOLEBOX_CLAIMABLE
6f919cb239b6374e897a8351f1789df4052e4837b8058b3780d13e56ab9c1f68,9eY6YkPQFwstcyXFBb7LWENKTWw6ijYT5kWkkCAWKaMBEzBu2jU,0.01,11.5,0,1010130,2023-05-15,2061330,2027-06-07,DUE_2027,DUST_WHOLEBOX_CLAIMABLE
51ed2856b280e56bdbdbb7470dba006a930f2139e9781ab711abb58962f4d464,9hDS5Dp7XU57uaoV14nDYWw9DEfAzerFu153hh4H2TFVkjbnvqh,0.0179,3.235e-05,0,1010398,2023-05-15,2061598,2027-06-07,DUE_2027,DUST_WHOLEBOX_CLAIMABLE
75187c5e7082057d7a38e7e82f8955050e9327769bab1d40e1d0ccbddfe26c7d,9hDoAMoZAtXB5qwDMX6F28wNkermdnFeGt8wYzhNYjvpHeA2HNU,0.01,0.68279789,0,1011086,2023-05-16,2062286,2027-06-08,DUE_2027,DUST_WHOLEBOX_CLAIMABLE
7ad484a2eb421054f36f7faa18fefbd806ec14d44fc195ca1a42d0188adee406,9iCpxUPJmabwYuRH9b2pLogHG42u3B9XXc8u2qMzJvLPbhayo2n,0.01,6.79913822,0,1011691,2023-05-17,2062891,2027-06-09,DUE_2027,DUST_WHOLEBOX_CLAIMABLE
bd13ec8aba7ea13b0d521b35c43da7682d33776bde9eb953b8208e7ba3a6a26a,9eixy6fMLeh54KismBNT3fv55TEHCPgwvoGfrZwrvLM3z38MPrU,0.01,54.06145614,0,1012045,2023-05-18,2063245,2027-06-10,DUE_2027,DUST_WHOLEBOX_CLAIMABLE
17684e865189390ae58892e7e5fad705db43e145d30c1ec41026aa81cf873d36,9eixy6fMLeh54KismBNT3fv55TEHCPgwvoGfrZwrvLM3z38MPrU,0.01,34.06238471,0,1012047,2023-05-18,2063247,2027-06-10,DUE_2027,DUST_WHOLEBOX_CLAIMABLE
64613ced7827d28c19be625011b1587dedeeb868c9cc5213ed862ade093d1d3b,9iCeXVmUNaxbBs5cELhcmdYfStLwExj18QXpUShY3NJDhdSrz6w,0.01,10.05415714,0,1012566,2023-05-18,2063766,2027-06-10,DUE_2027,DUST_WHOLEBOX_CLAIMABLE
12f359bf66ace35bb805eeb28ac55d172e17694a31cb37722d9b5330c9649778,9gLNLWoVBL6hoKWBrjom4S2cBCFfAjSMp6CuBVdgHRqPiDuHdH3,0.01,1.9375,0,1012900,2023-05-19,2064100,2027-06-11,DUE_2027,DUST_WHOLEBOX_CLAIMABLE
f3b36e3b010536d25dd3f8dfc724eab25233843c456c896bedfac2264fba0035,9giZ52ebYiVnWrBviJo6rdhcjxBqX75VXtZwpsqhY9py2TEWE4j,0.01,17.21875,0,1014975,2023-05-22,2066175,2027-06-14,DUE_2027,DUST_WHOLEBOX_CLAIMABLE
b1964cbbc347fcc937f0ac70e0080d82af0f0998feae46c9139b6a686cf6d336,9hR1exRNC41ds4H3kAeGsDXJaqCjuvVRwmEkyzyVwHsb9EchqxZ,0.01,28.84207293,0,1015049,2023-05-22,2066249,2027-06-14,DUE_2027,DUST_WHOLEBOX_CLAIMABLE
d4604653501d58787693a86c2167a1a867c59495f88eb019f75583ab6cb68870,9hwh2xNh3Z74xbDteWWeB686TdVGeU1vRur2eFkvdvGbThxzgTe,0.01,9.53125,0,1015081,2023-05-22,2066281,2027-06-14,DUE_2027,DUST_WHOLEBOX_CLAIMABLE
9566fdd5c793049b3fc2c768095470f15c18dedb6e341149758050ccbda429b4,9hEt5UP6TMSs7kbdbfdJoVupnPqCo9eS69H4REJUh24mKpWyPSw,0.01,20.5,0,1015262,2023-05-22,2066462,2027-06-14,DUE_2027,DUST_WHOLEBOX_CLAIMABLE
f95f6f8fe376bb42c26513b00fca0467774542970a9d51c803dadcec5d97fb1f,9eunD6fbkJMthkjuMat9FAs7A2t1V3bfp5T8R66Xy9UTGd7zshz,0.01,0.25,0,1015435,2023-05-23,2066635,2027-06-14,DUE_2027,DUST_WHOLEBOX_CLAIMABLE
52e4a12db06a74c16f04fc5637e2804f0a9d9ac09180f4197054b68d0dcc21fc,9gJWsMdh8bXDBjiC2mRp4UxzhvHMKKJLNvgvCYaDcwpiTScTjwj,0.01,32.03125,0,1016067,2023-05-23,2067267,2027-06-15,DUE_2027,DUST_WHOLEBOX_CLAIMABLE
b5d6a4748f2ff1dfb103cd5579741fa2b3129a62f3af6f2be5fcd6c82c4260d5,9hs68C8pgBgdhPcaVVQJ34GL4RaryygTcc18CoKYinUx6cDP9LB,0.01,5.59375,0,1016488,2023-05-24,2067688,2027-06-16,DUE_2027,DUST_WHOLEBOX_CLAIMABLE
af37696af63fe9c0060973fe8318aa21e10a8ddbdb07fc7c694f5268312990b7,9eo1xERdLAQT3eEwVfnVinLuQW5oqxe8dqoKjSkCTwcmP6sa7Hh,0.01,16.0,0,1016516,2023-05-24,2067716,2027-06-16,DUE_2027,DUST_WHOLEBOX_CLAIMABLE
ad3c9a303e39cbb69f0a842a6669c93372a4c61d52b03a85534028ead34202c3,9fRBhtAxiYiFH35W11WsqgZygih2pZyxbkEtovLGh5ZLVmrdyB7,0.01,0.8125,0,1016783,2023-05-24,2067983,2027-06-16,DUE_2027,DUST_WHOLEBOX_CLAIMABLE
53a9706a78eb83e68258841cb60f645b208ed65cbed8116832fc1ae4c4596115,9f9cG1MuMLowJiec8ZaohfnLHcrPn1MBTEYfYFJ5d6qnYg1m4Bx,0.01,4.1875,0,1017072,2023-05-25,2068272,2027-06-17,DUE_2027,DUST_WHOLEBOX_CLAIMABLE
9e6aa94cea6ea8a2ce8031fdaa34c381a007e861834d8023ceb630f9c52df9ba,9fDpRtK9CD8SAkhc5GN8KfUKqziGsBy2tivR5ki91JQME5gHNrZ,0.01,4.46875,0,1017155,2023-05-25,2068355,2027-06-17,DUE_2027,DUST_WHOLEBOX_CLAIMABLE
59f0c22aef5de9d54e2ac23805383214bbf184ee70457b5a41ab107b4bbee999,9hSqUFdee59zki2jLTpWkSAK4KEYYzr8tH9i6uPc6ZskSV4EryV,0.01,7.3783355,0,1017760,2023-05-26,2068960,2027-06-18,DUE_2027,DUST_WHOLEBOX_CLAIMABLE
99f9ecfbd09d718271fbd0fafacbe70909d9b56dc3cee5a4af12b1d18edc3673,9eaRgdADogKGvA3may4UwLLDTgEfCmGaZp32A3uLbYLCtu2oyNT,0.01,102.4610605,0,1017803,2023-05-26,2069003,2027-06-18,DUE_2027,DUST_WHOLEBOX_CLAIMABLE
3609d4ad451d417bcdb09ef8086384ea4a32d23211081a91ae5312d465606166,9fvEKSRFp4nhLMWXWdWnzhcW3ffHiQ5vPAzVJNdn9WYXXkwPYzy,0.01,1.65625,0,1018081,2023-05-26,2069281,2027-06-18,DUE_2027,DUST_WHOLEBOX_CLAIMABLE
00be37208222d310e07a14b665f66dab8bd75b045de4208fc4ea15418eaea82f,9hTmGJXKnofntRapBswvbuWBPcFFsWS73EieBd4RpP7PTJUCCfh,0.01,6.4375,0,1018418,2023-05-27,2069618,2027-06-19,DUE_2027,DUST_WHOLEBOX_CLAIMABLE
c9f2bb36a0e149acf620199cde5a070b827205229316c102da97bb6c97d95a9e,9gtdyNTVfziFsGzH7KNjMcUj4v8MtADx4Z3prg6MWyHCCWz9NJM,0.001,200000.0,0,1018482,2023-05-27,2069682,2027-06-19,DUE_2027,DUST_WHOLEBOX_CLAIMABLE
1100a63521c9a44d1e1933a543fe21ec2d3ca0807c30f3976487d70d94ccbcd4,9gtdyNTVfziFsGzH7KNjMcUj4v8MtADx4Z3prg6MWyHCCWz9NJM,0.001,300000.0,0,1018493,2023-05-27,2069693,2027-06-19,DUE_2027,DUST_WHOLEBOX_CLAIMABLE
19d750e0396ee7908830963b080afe86ab6e00db44a8cb6d57e0fae30b5f7f0f,9gtdyNTVfziFsGzH7KNjMcUj4v8MtADx4Z3prg6MWyHCCWz9NJM,0.001,500000.0,0,1018498,2023-05-27,2069698,2027-06-19,DUE_2027,DUST_WHOLEBOX_CLAIMABLE
e8aa94212cd67ce6b578bd8c2ea932f5171be8166bbec31799a5139940e15b6a,9frfWq6DfrArFMfk7aJ1p4aPBjaWxN9ccktH7TqZGmnLQCXyqQk,0.01,3.68515192,0,1018762,2023-05-27,2069962,2027-06-19,DUE_2027,DUST_WHOLEBOX_CLAIMABLE
793bcd29bda1d9369cb7b2a272ac1e7978c9c50b024a3103a63ede858fc3390a,9g33ZusYV4oKEAHZbNQsNLq9fiQsed6B5o17tV2ydCnvVtszzJp,0.01,0.25,0,1018908,2023-05-27,2070108,2027-06-19,DUE_2027,DUST_WHOLEBOX_CLAIMABLE
2449e08041ce11989ac893de56711dd350bec801c9db8abc911590eb99b81821,9hSdkj8wG1JYQ1odgiTmtqCEpjc8qS5JpTVaecnhL2FTM3YALk2,0.01,43.0,0,1019067,2023-05-28,2070267,2027-06-19,DUE_2027,DUST_WHOLEBOX_CLAIMABLE
239642ee941f58e901b36d671e94076ced301edba44a40cc95e5ee95e73f165e,9foWs3P8FLJGtGWxVitt2Zk4xHkzjMXiLddvQmHsbdopBry3Mwz,0.01,27.8125,0,1019357,2023-05-28,2070557,2027-06-20,DUE_2027,DUST_WHOLEBOX_CLAIMABLE
6368d9fae243103ef994a1742e20415ca86aa75c7e540a70421b71799c954365,9f2tYFwGQHgZNMCe5w48fsPNdB5eTdxRS27pazovEGsfBXTzLuh,0.01,24.25,0,1019520,2023-05-28,2070720,2027-06-20,DUE_2027,DUST_WHOLEBOX_CLAIMABLE
64881e1f2605cd10d8acc28d55ef5a44a2ab4d2ed866e4ddd88a2dfaa4077e9c,9fS3qqEwYNGkrixBZpPdnBxW6cSPgC8G4u3yRaSfEamJionq2nF,0.01,8.96875,0,1019578,2023-05-28,2070778,2027-06-20,DUE_2027,DUST_WHOLEBOX_CLAIMABLE
cddce3a471f5f023f83f5591f1eb93ee737ec1d417eb1ecc7a817b9b2333d92d,9i6SDm5KuktCH27G6iqtCKC5Hd3nUW16zTtY3V8BtWF42yrF7Qy,0.01,5.03125,0,1019925,2023-05-29,2071125,2027-06-21,DUE_2027,DUST_WHOLEBOX_CLAIMABLE
74650d1e19b2b6acc9c4741cd3e3e891f3cb9b7fc24876045908edda7e07bd9b,9eX8gbSWCBnPT5AGhdj5hCAdPYUhwz5dXuJ6SzySqZar3Wiyb3b,0.01,3.34375,0,1019986,2023-05-29,2071186,2027-06-21,DUE_2027,DUST_WHOLEBOX_CLAIMABLE
feed4dfa5df1ea5b1c23f057c6922272025b58a52fad4c017154756791384aa5,9hTPULo9oXBvpnEiqSjbdxmjvVLEXYxczLAV5MriyoNr1BMcomN,0.01,1.9375,0,1020275,2023-05-29,2071475,2027-06-21,DUE_2027,DUST_WHOLEBOX_CLAIMABLE
cc413478530f39554fa70be032fa70400b5abd971c75167f7de64b326e0e5dac,9fGsZGz2eAazMiqWWQD1QUasYRbVhV7MavVAiTqAvXw7yot1tPc,0.01,1.42991216,0,1020493,2023-05-30,2071693,2027-06-21,DUE_2027,DUST_WHOLEBOX_CLAIMABLE
ab6da200b4e3f6bdadccce92c7de3783b82539f78df322513e5912e8a852b18d,9fuezy8Ar9b22x2eXRhkDkrqS7EViQeuemjD4Lz9behAKbcGTaE,1.7527,33.25697459,0,1020615,2023-05-30,2071815,2027-06-22,DUE_2027,FUNDED_RENT_WITHSTANDS
5ec006bf92ea28569b881c3a2e1a1bdc4c6e910e267af5d56e9e66ee8db9954f,9f1GqSq9fCYHMBJMA2gGRrLha87Pt47ZDNojYyLobFr4CihQV5C,104.091347424,16.41014338,6,1020623,2023-05-30,2071823,2027-06-22,DUE_2027,FUNDED_RENT_WITHSTANDS
4a161d12c214db648245d0607d3a625716c7184b73e096d6668843add71da03c,9gyK1sHWtX5KDipGWcJfLKLY9VkuQv1P3tzduE6oJNDwF1mzMLR,0.01,4.1875,0,1021560,2023-05-31,2072760,2027-06-23,DUE_2027,DUST_WHOLEBOX_CLAIMABLE
cb24f1b271580694dd729e6385f57741548fc088ac6a9da5c74a03d409490b56,9gKwnm5xRpwAqgGWH1oZja5Hn4FwqRMKb8JLxzQWpZGhXoPUemu,0.01,2.21875,0,1022142,2023-06-01,2073342,2027-06-24,DUE_2027,DUST_WHOLEBOX_CLAIMABLE
a5d3e7b7601702ff9876d4644774e80123878df567d5cc7acc5c53ba738df374,9h7xkRpXTy5bVB4wBy9LWDtTHCNBLKJGmwrrTaNXEtwDY6UJ77i,0.01,0.25,0,1022505,2023-06-02,2073705,2027-06-24,DUE_2027,DUST_WHOLEBOX_CLAIMABLE
89c6d6ed3afb32784164bcbf9c29f3d9ed7600f6f5a24bbe44921a7f51358833,9gGzdX1cajyjiE4jozAERHctVaL3a4vZYk4xtyYgEz5hbay4kQs,0.01,12.46875,0,1023021,2023-06-02,2074221,2027-06-25,DUE_2027,DUST_WHOLEBOX_CLAIMABLE
b564777efdca3a92005b9ad1e305a743f737513419b0cfa37371692e050f65ad,9feLyGN7YNMPZWiJt81UcSmLh76rtLVKYAoDMvbU2SYN4bFvC8g,0.01,7.12700749,0,1023311,2023-06-03,2074511,2027-06-25,DUE_2027,DUST_WHOLEBOX_CLAIMABLE
9e7147a0fe66fc2886b25affd75f27fd246d526c5205451c4346761f439e1e8c,9gPoZExn3LJnTT3Tk6uSAz5JmHDoDbjmESACd4SNik66mpaCmq6,0.01,16.125,0,1023558,2023-06-03,2074758,2027-06-26,DUE_2027,DUST_WHOLEBOX_CLAIMABLE
3063b3ae45274cae118b347b7d5132b955c714061a5ffb6bd1661db2fa8c9069,9enkKLvUT2n4R3TzUANofreFwdP66dNr3twev4AnANtQqoyYNZE,0.01,339.75,0,1024074,2023-06-04,2075274,2027-06-26,DUE_2027,DUST_WHOLEBOX_CLAIMABLE
ab82013f529e2c05785192c32b2d02f48cd448f00a7ed5d53999eaa13b8233ea,9hQPRSw4M3YoNVzh7wjZFhkN85KJQ6UNodT5Wk55kszgbecTeKs,0.01,2.99514574,0,1024078,2023-06-04,2075278,2027-06-27,DUE_2027,DUST_WHOLEBOX_CLAIMABLE
f3572b48241f0b68d3ffb23ed7840f710791cc800a9e8e091e748ce89682abfb,9fqkS9bWW5oZCctL5bhC4eB2jHrcvz6YGT7Cvv6sn6JdKVf6djG,0.01,4.57322215,0,1024266,2023-06-04,2075466,2027-06-27,DUE_2027,DUST_WHOLEBOX_CLAIMABLE
21a83d41ce1684eed3691e8cdbc2047f0934b57624884bb882569a7fe43d548b,9hR17kd5z2JwXt4VchUeviFYevG9nZRdP5ty69dvqJzQVykGjE2,4.14e-05,0.7854628,0,1024308,2023-06-04,2075508,2027-06-27,DUE_2027,DUST_WHOLEBOX_CLAIMABLE
d0c2ead667b806993b3f8bc2417e98deb45adfa3c097bffee942984b618b4f93,9hRougB6YFp9Dxmwbz3ffFZTkJbkoaW8GVKiRx5KcgErtm52the,0.01,4.87846787,0,1024994,2023-06-05,2076194,2027-06-28,DUE_2027,DUST_WHOLEBOX_CLAIMABLE
44eb7ad6a0d49581f0722214c66a3a91e87f204206fa53ceac4a5bf765474f73,9gqCNDoYu5MnzVFQn9W72uEy1rmkwHfEQzrPr4Fokvbce3pNLxe,0.01,15.0,0,1025560,2023-06-06,2076760,2027-06-29,DUE_2027,DUST_WHOLEBOX_CLAIMABLE
bd327774a12fbeb89a4967b776812cb42e9f43ac2b9e86b7996762b60866bfdc,9gHS93sRRBKgPUo3KrZ1fEanYVHgPPcJyZxQL5yKMSMwhMYTHrq,0.01,4.3125,0,1027255,2023-06-08,2078455,2027-07-01,DUE_2027,DUST_WHOLEBOX_CLAIMABLE
bdd8d92ffb78132bcc38f7a398191d85b0976729720c6a3790e8775b950125b3,9iGoyanBkNeYizCibx8KKtXcfx9jY5UrqnSUG6dMuonVUCSPzC3,0.01,8.8125,0,1027719,2023-06-09,2078919,2027-07-02,DUE_2027,DUST_WHOLEBOX_CLAIMABLE
f970f4350cd529a6ecbe313885bd567d3b691f81400194d98c9c16347d075dbc,9grmY6twjuDPsPkeU37PWihSeMG9NxyHcktLQmWyTBjfNszytBh,0.01,62.08662733,0,1028594,2023-06-10,2079794,2027-07-03,DUE_2027,DUST_WHOLEBOX_CLAIMABLE
4ac0aeb0f61f8a962494872b7a83be80f2d96307c1fbe3904b8bd2183cf3baa6,9esnLn4YFwR4iidnpmJE8uoiCCBqbDaYhPVg7ft4gkbsLhQcTBW,0.01,0.65625,0,1028995,2023-06-11,2080195,2027-07-03,DUE_2027,DUST_WHOLEBOX_CLAIMABLE
fad37e9f1cb0ae41ab17b83dfc0a0a93703a6dccb68ace2f183f4abf5e064da9,9i1uxZ5F7rjM2PEgKBzPiGb3f3bNyPTfdA1YdR4edgYnZXfUHnL,0.01,2.625,0,1029771,2023-06-12,2080971,2027-07-05,DUE_2027,DUST_WHOLEBOX_CLAIMABLE
3dff03463047996d39457695441eb915fd00d1fc806d73d36a3baab3f993e9b5,9fXmUgQRRR2sW2nzRvGTZ94pM1qgHexThvXiDchmx3FhefwoNjY,0.01,20.4528724,0,1029821,2023-06-12,2081021,2027-07-05,DUE_2027,DUST_WHOLEBOX_CLAIMABLE
f6a91322253510a1c7b1296e9bb86429031021c156632035cfa628f057e885b4,9fWUMDMrq5W5QFLM7Ma1Lm4K8urGUYjYnjzZovp5JuQfxaXcodx,0.01,4.875,0,1029845,2023-06-12,2081045,2027-07-05,DUE_2027,DUST_WHOLEBOX_CLAIMABLE
09b1fa88107ffa0f3a2ac867fc1edc3f2157b6b78da8cdd870360c15a3225e1d,9fjFMUubaSbedfqVzbSMERUAJ6EuKtdNDitJXrMT8YHchkHPECA,0.01,23.36177023,0,1029883,2023-06-12,2081083,2027-07-05,DUE_2027,DUST_WHOLEBOX_CLAIMABLE
b53af60303bd60e133a3f39fd151cbb254c0e70caa77edeb4d51bc4ca5ba6ea9,9ejKLz532YQ9ktGrAYkUivnqu6tv2jgYpQS7QygejSxWidYMcUa,0.01,2.0625,0,1029997,2023-06-12,2081197,2027-07-05,DUE_2027,DUST_WHOLEBOX_CLAIMABLE
429cb5ea986b25290e965ee14d882005150bd6aaf041089b4a9adefb816428c1,9iJkR7SwKnTfkrBMt2fv32dgPVXN3xkpfGMWLE7xi7TPi7B38Lk,0.01,21.98943533,0,1030001,2023-06-12,2081201,2027-07-05,DUE_2027,DUST_WHOLEBOX_CLAIMABLE
703ba1d9dec35e2da580348f3b404589fa86c928bff5b939da2b7b15ea2cd6f5,9gQ6YXg76U7RFR1nN4opDb99Mb11mNLC9Ck6m8168i6NhZBM8uF,0.01,49.01589927,0,1030007,2023-06-12,2081207,2027-07-05,DUE_2027,DUST_WHOLEBOX_CLAIMABLE
dcc56eda88ddda3f8c7ba3be3246db1b0ea7f65908b37c39620ec71c4e251424,9h7jskLn7o3KiZ8e8K5sQtshgSsgU1FkRLvfJDkkgZjWCBrDDA5,0.01,2.625,0,1030007,2023-06-12,2081207,2027-07-05,DUE_2027,DUST_WHOLEBOX_CLAIMABLE
72d7f144da79f031c2b8cb951f4e978ad4505287d2c1cc53af0160cd00b41771,9fWFG7wtkHfrmdgxb3tzSnKKU4TXufhLLUrT9nPdSmxw8jH6GCz,0.01,667.90296071,0,1030098,2023-06-12,2081298,2027-07-05,DUE_2027,DUST_WHOLEBOX_CLAIMABLE
14d1704aac371cd558af572abfb0270562470e4924d99de431ea6bf32f44c649,9gg87dMXMo5swUZ9GeSuoA8tD6Xd1a8zNDR7KrDXKiFPsyEZh3j,0.01,49.31689811,0,1030108,2023-06-12,2081308,2027-07-05,DUE_2027,DUST_WHOLEBOX_CLAIMABLE
c4c17c9d52fa12ffcd913ead0141c34520871243b34bc7663e74cef35a3a7e90,9g3UaxcQk2LrhgG5PF4XomaLoNWsneuJakiHTULaHwdk2VQzMCZ,0.01,40.59375,0,1030249,2023-06-12,2081449,2027-07-05,DUE_2027,DUST_WHOLEBOX_CLAIMABLE
fee79d38b146e6aec08bd435070838bb583f8b6b3cb08d5be97be432e02ff8f1,9eaLJk5cj1rjVPwdK8zxhojNhqu23vF3mDqGnpP4EoQWqw9Vhov,0.01,0.99056105,0,1030308,2023-06-13,2081508,2027-07-05,DUE_2027,DUST_WHOLEBOX_CLAIMABLE
276892441a5c17e08786e570b32db8d69b76b4df7bb0fa604720410c64dffc5c,9gbJzj8H5kGM1j47M43xvrskHgoxw5KhfGMFUXkgMZ7LHDQ97Zq,0.01,20.48203926,0,1030391,2023-06-13,2081591,2027-07-05,DUE_2027,DUST_WHOLEBOX_CLAIMABLE
c130a455145d8292bd41bd8862020bae52ac9a8e8c876de576e5f4a1db23e093,9hi9g3RoQND6TW4Aj5czaYJyFagBLZHvLAYSv3ozqYvKnBkJG5P,0.01,36.01968336,0,1030476,2023-06-13,2081676,2027-07-06,DUE_2027,DUST_WHOLEBOX_CLAIMABLE
9b859e45f14795cedaab5eded7c3a022a0ec9e0540116740597c561c03f2cc0d,9iEtJd9QKMzjTX6cspVmrudf5bepJosdgoYWtJpdiPEgHpe1qN4,0.01,3.83688595,0,1030562,2023-06-13,2081762,2027-07-06,DUE_2027,DUST_WHOLEBOX_CLAIMABLE
b97fabb37c0f1d86891a313973bbdf254035b91ed18a78b2144af2579cd40be0,9fBf6wZen7Kqg9WbudYMzihg8F6anu6JyV97s6tAsThBqhCRgNZ,0.01,1.5,0,1030590,2023-06-13,2081790,2027-07-06,DUE_2027,DUST_WHOLEBOX_CLAIMABLE
1524496052d2d862ccf40b3d073e584f2f39dc569496feeed3eca7eb4e7fbaca,9fBf6wZen7Kqg9WbudYMzihg8F6anu6JyV97s6tAsThBqhCRgNZ,0.01,0.9375,0,1030596,2023-06-13,2081796,2027-07-06,DUE_2027,DUST_WHOLEBOX_CLAIMABLE
2d4542606f6c702763fa44267a41dfab9bbd63c75a0a8adc346f401a108aa7b0,9hXNLXpzBijcKV2gmBtR7fuQubPDW47M4jHuWd4yu7Zm5c3A6MD,0.01,49.61789696,0,1030644,2023-06-13,2081844,2027-07-06,DUE_2027,DUST_WHOLEBOX_CLAIMABLE
906e709a4c5c034bd103f081c7a9b14a100530763cd21f35beebef8711767640,9hkR5ekP3pY3Z8P9eQtsVM7sR1DUN5beTARh3iXdmfxaCKeS538,0.01,16.6875,0,1030729,2023-06-13,2081929,2027-07-06,DUE_2027,DUST_WHOLEBOX_CLAIMABLE
39d7fe306bfa04221ce77a1bda9ee9292b1f780c5f704edf60b37aa92ab64c11,9fvFVo8Y17BFD2YdWmSrvNjUdGbkojFBypc1hDfxT6Tp61mnnxa,0.01,68.76513931,0,1030867,2023-06-13,2082067,2027-07-06,DUE_2027,DUST_WHOLEBOX_CLAIMABLE
02bf24b5b89b519f75b8309db6d590ae2b609a6e97a096e36495d88d5b8255c7,9gcKmtm7HbfAjmAJTAaW39ymbBk9ZmoejYD1pQ2mGnCbSai488Y,0.01,15.84375,0,1031075,2023-06-14,2082275,2027-07-06,DUE_2027,DUST_WHOLEBOX_CLAIMABLE
7aa4c3bc7fcb78129137ea2eae6cd39dd3ace6dca074604adf5bd2ccf8c87d77,9gcKmtm7HbfAjmAJTAaW39ymbBk9ZmoejYD1pQ2mGnCbSai488Y,0.01,14.4375,0,1031077,2023-06-14,2082277,2027-07-06,DUE_2027,DUST_WHOLEBOX_CLAIMABLE
0c618b0ae1de844ab5cfa978fd378c2c042fd19783dab3d92f671d712ff3c30d,9gNXGgf6j1Yva3tDziC4ZT2mpF5iYmHrN7DGNEkjSbYcLKbFP2f,0.01,49.61789696,0,1031084,2023-06-14,2082284,2027-07-06,DUE_2027,DUST_WHOLEBOX_CLAIMABLE
bdff10a27c654a76c140739b6ab65b81e24d710182553f10b16a6497f6b559ad,9i8hJjmi6z8MY34YAMFbbq6FHQAGPfMM2zzCaBXqYtAKpJfrsxa,0.01,3.46875,0,1031165,2023-06-14,2082365,2027-07-07,DUE_2027,DUST_WHOLEBOX_CLAIMABLE
2af7e10702ec8986747e92072e3a1ca1f7f6a359083f9e80ae7718d693861b62,9fGufiUy6LnWYGdkfsbRhUrsQ4S9Ks3Ur5sHXEVkL2oqMtF33rC,0.01,38.45572871,0,1031254,2023-06-14,2082454,2027-07-07,DUE_2027,DUST_WHOLEBOX_CLAIMABLE
eea7c2754695d9bd8b434dca07f231a7514be0763d68d774e490bdc7e443586a,9hSZfkfrWzpiAxqPSAuvYr7JCoQ22F2KP9H5bDePtEUeLbXQAsQ,0.01,5.71875,0,1031367,2023-06-14,2082567,2027-07-07,DUE_2027,DUST_WHOLEBOX_CLAIMABLE
71ac160c1cb11cb5f371fd8b75065c342e08951b8ebab737d8bff8056ae39f72,9fmRu8XjNDgvBDNwdtoEjuuNp5GG2frrEaTSACLvpSxSCRK1aM1,0.01,19.78125,0,1031400,2023-06-14,2082600,2027-07-07,DUE_2027,DUST_WHOLEBOX_CLAIMABLE
38b4ddcde911078885c7e23bb3a6ce55fe866c02298f2f13c3c7c1d4b7a5c6ff,9ecw9TdjahnAjddwKo9YCy6v3AaCAk615WrKR2cHbTTrbbjDWYV,0.01,48.11290275,0,1031520,2023-06-14,2082720,2027-07-07,DUE_2027,DUST_WHOLEBOX_CLAIMABLE
43c12c20983b09ae6e19a638076d1bd4c297ee80c68dcef50fec63ced739c6dd,9hp9gJyX52sLbTts3DUwrdmfk9V12LBYuvJGqJyVLtKfqaGFVBe,0.01,16.21875,0,1031640,2023-06-14,2082840,2027-07-07,DUE_2027,DUST_WHOLEBOX_CLAIMABLE
26143e12028922f45113f5cd0f1b65b2802d9c6d55a8f83a4f13bbf5d3e630aa,9ejPATRfEk9Nap5PZndSnmqtQwuyFYfEPknBCP4P9U6VLG2EtrZ,0.01,21.9375,0,1031733,2023-06-15,2082933,2027-07-07,DUE_2027,DUST_WHOLEBOX_CLAIMABLE
b467d47f1632c5b9c4fff02ac886dddd4198015a45569595a9c7bc9e6d296f5b,9hiyePKoeU4hZCoT3Pk3XSev9FWM8XBteD7mjqehfMdvikSj9nS,0.01,88.125,0,1032131,2023-06-15,2083331,2027-07-08,DUE_2027,DUST_WHOLEBOX_CLAIMABLE
334b95abdc05e2019fd7d5a0fb22b7e15cb727f36d8c97806ec77661f8e95f29,9hhYb2qHkzGzficxvYWQcDyFHizvhenATEmg13iNvBtA6xAzAei,0.01,34.35141913,0,1032372,2023-06-15,2083572,2027-07-08,DUE_2027,DUST_WHOLEBOX_CLAIMABLE
c545814ee336e1b53f2729180496150e4e0d1cac018adff071fea80881839220,9hnxUhoS1oVoFtVAWPR4V43JKwKtrrHqUXt2wWMXaL6WoE6aWpJ,0.01,7.96875,0,1032432,2023-06-16,2083632,2027-07-08,DUE_2027,DUST_WHOLEBOX_CLAIMABLE
49b06a6fb27a628b7acaefa4ff368bfac7cc66d4fc600a0c0844d4cb56238a1e,9hXnXfdFLbUVUhCsaSQmD1zNHqrAstLTqTMYdQigez2Q7TZMyc4,0.01,48.11290275,0,1032673,2023-06-16,2083873,2027-07-09,DUE_2027,DUST_WHOLEBOX_CLAIMABLE
a31b9e185257398bc953767827ba62c3e90caf9754b735443068f991852876f4,9g3Qt7yenGzZoPgjqYG39yxwffZfZ1YbJUfEdFb4CiBhTDJLdKt,0.01,2.625,0,1032674,2023-06-16,2083874,2027-07-09,DUE_2027,DUST_WHOLEBOX_CLAIMABLE
e764cee29f73f38341e53aac6edd3c6347cfe3e4f9cc8782c808252d0e2b2761,9fbND79oyy8RyFiHR7b8X8J5fzusUAxNEQQnF9jk2ju2ZKbsDeA,0.01,154.53271521,0,1032686,2023-06-16,2083886,2027-07-09,DUE_2027,DUST_WHOLEBOX_CLAIMABLE
33cd566550f7b4be54535f81ccca37153ffb7fc470ba8e01a80bf5ec4980f679,9gSo4PVTbfzCEk78H5FuuvDCJb4YeA3nAgX1LJiPVXruBhiSbGz,0.01,6.10337447,0,1033221,2023-06-17,2084421,2027-07-09,DUE_2027,DUST_WHOLEBOX_CLAIMABLE
17592490cf7130ef3da9201a107def08020b7b5e66043a0aedafca436bb122c4,9fL6Ga3QU46tdijHryoNHsp5bHjrrqFTy35m3EMVSLQ5xPgDPCY,0.01,711.04616112,0,1033661,2023-06-17,2084861,2027-07-10,DUE_2027,DUST_WHOLEBOX_CLAIMABLE
ba39f1e44fb73a3b14f5933c5e22d236bd3379f45d39ff2bb384d133bda16abe,9hNPqbYXQucwPatsaeRYcT4sg4rguhzpEvZ7d18Tx3mM7LrNHns,0.001,33.66703716,0,1033745,2023-06-17,2084945,2027-07-10,DUE_2027,DUST_WHOLEBOX_CLAIMABLE
69acbb334ebb77fa013d55bd96fe3162daed2bb5be235500d376420a3087e0cb,9gA3EfVr2W8pY1AkAypbfkTpR71RChmhDgJLkKq9v5YMXmrHwN7,0.01,55.7915625,0,1033812,2023-06-17,2085012,2027-07-10,DUE_2027,DUST_WHOLEBOX_CLAIMABLE
dcdebd8ab601110e031d30b88063049e58dbc9deed1417169245dfd753f58f74,9gA3EfVr2W8pY1AkAypbfkTpR71RChmhDgJLkKq9v5YMXmrHwN7,0.01,119.70024425,0,1033815,2023-06-17,2085015,2027-07-10,DUE_2027,DUST_WHOLEBOX_CLAIMABLE
7fce0f989e851e9561e7ba17eb5064bfe0b4c0a0ebd10c458f5d6bf0b5edb659,9hzPckgp51NYyhjSvkBtzon2xah1vPYP4cxLLKvBdA6cFdiVCSq,0.01,4.875,0,1033828,2023-06-17,2085028,2027-07-10,DUE_2027,DUST_WHOLEBOX_CLAIMABLE
4301bf438d23fccfebd408777cd7be31cd9c995c78aba2a9013dd8f6766fa218,9gtdyNTVfziFsGzH7KNjMcUj4v8MtADx4Z3prg6MWyHCCWz9NJM,0.001,1100000.0,0,1034011,2023-06-18,2085211,2027-07-11,DUE_2027,DUST_WHOLEBOX_CLAIMABLE
06268e858062bc2b8b21b1a14afac520ac292d82f91953419abdfc395e1508ee,9exvfWWBWDSguqXxid89F8a8ktxvQEFVgwJJny4wdCY91cKrwBL,0.01,9.65625,0,1034121,2023-06-18,2085321,2027-07-11,DUE_2027,DUST_WHOLEBOX_CLAIMABLE
36bab72440bc23285fedafc9d149f3173fefd3657da71037668659f4a1f98b7c,9i73seHgj38KFe6J2vtYEswV7mdUQmVnDfMFdR6hQ6bbB3SuYXs,0.01,21.75,0,1034383,2023-06-18,2085583,2027-07-11,DUE_2027,DUST_WHOLEBOX_CLAIMABLE
d08217e56361f8103d87a10b2668129f9b7f23f82a4d17604e894fbf6f00945c,9gVjWyocjf5ugPXpjPCa1hVFa4Y8GKXUofJT9o9vdt9vLm18E3C,0.01,508.99012756,0,1035481,2023-06-20,2086681,2027-07-13,DUE_2027,DUST_WHOLEBOX_CLAIMABLE
8443ccf2ddd76f5059ce26afaabf46ef1faec52dbbe87da6bf392079000931df,9gVjWyocjf5ugPXpjPCa1hVFa4Y8GKXUofJT9o9vdt9vLm18E3C,0.01,47.51090507,0,1035484,2023-06-20,2086684,2027-07-13,DUE_2027,DUST_WHOLEBOX_CLAIMABLE
4a3c775adc9494fe16b6c5e5f6fdb833d70db987906e69410a5281bd939e51d8,9iA347AF7aaXP1bk7vvtaKh7UMLDBcHye2oPeAjgrsuQJ8vW54A,0.01,28.4952265,0,1035517,2023-06-20,2086717,2027-07-13,DUE_2027,DUST_WHOLEBOX_CLAIMABLE
c26908c67a00da5bc902d2f36d76d5c48695a965fbc03dbb5f1a96f92ecbbfc1,9i5MKyi5L5XVhtdrA1hKHjRU23b5KaKpsFa5EQyPssoLTBipRVs,0.01,5.93879361,0,1036183,2023-06-21,2087383,2027-07-14,DUE_2027,DUST_WHOLEBOX_CLAIMABLE
24f41bc5e0bbd67d7105b707918dca50721a30b6a7e733b33c640076ffcda4a7,9i5MKyi5L5XVhtdrA1hKHjRU23b5KaKpsFa5EQyPssoLTBipRVs,0.01,36.82103156,0,1036224,2023-06-21,2087424,2027-07-14,DUE_2027,DUST_WHOLEBOX_CLAIMABLE
1977662710160a7b39dd2316ea517414d85bf75d7ecde7ff1296e407ea08ecaf,9hJCWyGgZR7c4Gx1gdF5dkJ8yvKPmPZEiTMk3QnR39LCUZDiSbD,0.01,51.38754482,0,1036796,2023-06-22,2087996,2027-07-14,DUE_2027,DUST_WHOLEBOX_CLAIMABLE
86509911398b252ca8e06419711697c60d2f8754e1feb4b7edc58f6b224df90c,9iAHpWWfutMFL2P8fnKE6K1Dfnqs8MmDQBoSAxVuu4rxCH4SJPc,0.01,7.40625,0,1037036,2023-06-22,2088236,2027-07-15,DUE_2027,DUST_WHOLEBOX_CLAIMABLE
8aa37a53262e5f0c1435e46c1b6557e2431e4705c998b906ef5d1d3e59782da9,9fFC4ygYYjdzqpg1qZQeaBLnbwPSPzMPa5bPuRTN7f7HXpmabt1,0.01,9.57355706,0,1037198,2023-06-22,2088398,2027-07-15,DUE_2027,DUST_WHOLEBOX_CLAIMABLE
51f716c3b111e833e3336e1204f879301adc7a3dee725583680108f8812ff8ac,9fEB535ndsxfTDTNpEJsErHEkYm4pePuM9STniJkepUPww6D2rX,0.013167643,0.00018926,0,1037346,2023-06-22,2088546,2027-07-15,DUE_2027,DUST_WHOLEBOX_CLAIMABLE
c02dcc0c05bdfb1271f7b92dc75fe6dd1e1bedc81f5d2cbeb47dcbaa49dcb079,9frmmu4UjfKLFmgmKJXyUefMUxkF2q5gq6q5HupprZjGyhYkWzs,0.01,84.82454695,0,1037698,2023-06-23,2088898,2027-07-16,DUE_2027,DUST_WHOLEBOX_CLAIMABLE
003264165fc64db61abd51bf861c7db1d452ced3dfca2c941f9dc692f7235c3a,9fJt9HhBihWECj6U7VTMfPCdE8SDBW1AdJx9DNC4L1W2tBtFDuF,0.01,28.79254307,0,1037758,2023-06-23,2088958,2027-07-16,DUE_2027,DUST_WHOLEBOX_CLAIMABLE
ec2aa2f11a85b86add4c53442a7044d1efc9349cf202740faa92569a5e93be2d,9gYc9tc5ZrL2sgp3LJwsuCFJreWuK2pmv6L6FEgwwBdsk34yyzK,0.01,17.61031604,0,1037858,2023-06-23,2089058,2027-07-16,DUE_2027,DUST_WHOLEBOX_CLAIMABLE
3c4189d659e003cf29ca1dda03a97e4e8065917c04cc6743d0852469f0cf8755,9gYc9tc5ZrL2sgp3LJwsuCFJreWuK2pmv6L6FEgwwBdsk34yyzK,0.01,1.13007964,0,1037879,2023-06-23,2089079,2027-07-16,DUE_2027,DUST_WHOLEBOX_CLAIMABLE
98bb2576911b81b23ca83dcbcd5c57b0fb96dc47de48b8e3eb73c93313813384,9gYc9tc5ZrL2sgp3LJwsuCFJreWuK2pmv6L6FEgwwBdsk34yyzK,0.01,1.18359055,0,1037883,2023-06-23,2089083,2027-07-16,DUE_2027,DUST_WHOLEBOX_CLAIMABLE
29c8e681892deef3ce9fdd5083b44bbe052a416f36b4465d1424381937bf7fb1,9gVsmnVqsCeAjsVCtjjejnaJ4r1xiXij69SUQfzvW87FouaCwEv,0.01,24.84375,0,1037894,2023-06-23,2089094,2027-07-16,DUE_2027,DUST_WHOLEBOX_CLAIMABLE
1d38b3d360783cbd540c9b6a34f86004866926681ad4873f8d3a434680b25158,9gCzZtnmN71L6HGs7nt9UVZangYXzxPMeRhGY6JwGsgPUndw4C3,0.01,8.69757475,0,1038500,2023-06-24,2089700,2027-07-17,DUE_2027,DUST_WHOLEBOX_CLAIMABLE
0435660acf280cb079e0906f858530eb4d6bbd8f39caf08b6223ed2b135b3166,9i54Ass1GmRDEZ1X9rP4gawoEc3iFJ7PujoinS3hLdTR6AAHN5j,0.001,0.25,0,1038565,2023-06-24,2089765,2027-07-17,DUE_2027,DUST_WHOLEBOX_CLAIMABLE
a659c6ed79de9fbe5754e3dd16aeb88c9f53ae1f6d3646bafe2752f62c46173b,9h9519zdk5WEaomZzk6pK5qHCUaDCLLcJpJtvgZs3pMqi5p4H8i,0.0006,0.5389292,5,1038754,2023-06-24,2089954,2027-07-17,DUE_2027,DUST_WHOLEBOX_CLAIMABLE
616e5668466515616e373edf3ea4671fc0e259b922c0017d7c158b0e300fc1fe,9f57qapWygFW1fvvQy99RGSojVp9Ebf2DpX1dGfNyuGZhsVym4M,0.01,27.59600377,0,1038763,2023-06-24,2089963,2027-07-17,DUE_2027,DUST_WHOLEBOX_CLAIMABLE
4789fcf2977dbaa7bfe28a0babd9c21e6b8ddcae0bcf7fa1cb90a001573dfd80,9fLw2jeYhm71KMooqCZeoEcAFRdfuH13t1mdeCSTxELPYJ2AKfM,0.01,7.40625,0,1039277,2023-06-25,2090477,2027-07-18,DUE_2027,DUST_WHOLEBOX_CLAIMABLE
433471cef696fba8433640fad7ab717f3a97752a6ae8616aa940a4c690197259,9hdXruNwGeCsUiYMLeHEk4UiZWv9hwLjSxM8okWSxnjSKmW2C7N,0.01,6.0,0,1039582,2023-06-26,2090782,2027-07-18,DUE_2027,DUST_WHOLEBOX_CLAIMABLE
b0c21e1bc5bbbcd88a9913fc449e645174627f0d5192a5626ea85f0972f568e2,9gBq7DTPoN1PTGQdeA7hSC3yJWJEZ6sbMKPmXhkAzztUNQFx6u4,0.544827232,0.13337343,8,1039847,2023-06-26,2091047,2027-07-19,DUE_2027,FUNDED_RENT_WITHSTANDS
54c7d592814f7eddd271e0dadf82f20c0738f50ca5dc7dc1453c7f3dae3f56dc,9ehwCBpYAPzyrZr2j78ryYHdfbZsVcBfyhvxjfp3Y71egi4vNw9,0.01,96.65625,0,1039904,2023-06-26,2091104,2027-07-19,DUE_2027,DUST_WHOLEBOX_CLAIMABLE
f8d5695701e85bab76b050a5155621f7b18f0c703c2a484e33919ec705db5a65,9iJiX2KkRJbARrmLqoqzjKn5yrqa6tpaqWKYoSLBp1HkdYsQsVC,0.01,8.54993974,0,1040268,2023-06-27,2091468,2027-07-19,DUE_2027,DUST_WHOLEBOX_CLAIMABLE
61cb7dc9d28b32c5fac9b20cf8f12132cecd57f18924b401b737a76e2c8d30e3,9hZGYPY9Tdj1vSyNtDcxMcHGLKFM7gWRa5WES1HnC6PUfgErtiK,0.01,27.45326388,0,1041174,2023-06-28,2092374,2027-07-21,DUE_2027,DUST_WHOLEBOX_CLAIMABLE
9a6ec92e1c1b3968d5e87c71154a098bf0a0570864d8ad8ef9f37965da45bd19,9hwj2JfP4yqRA2oLKTaFWAJM8EC3SueqjU5gpHk945GB4GEYgL2,0.01,49.01589927,0,1041179,2023-06-28,2092379,2027-07-21,DUE_2027,DUST_WHOLEBOX_CLAIMABLE
642dfca6edbf53a289a4b7e6aa2157499e8ebd69211c3c842d426a0210c55a4e,9esxePShTDBfHJz1ESqrEWACKzNRaT5bJE6PnjAyT1MaAxtbmFA,0.01,4.54417037,0,1041253,2023-06-28,2092453,2027-07-21,DUE_2027,DUST_WHOLEBOX_CLAIMABLE
63af0c4ccb5453e0f5c265468db6ddff59022fc494e1e2edc932174d09d9018e,9ewb2DbSRVCQ6qZNZEgCCsVzb5LcFpiB6W4VK2ozt4BkA2Hh9gX,0.01,35.65586445,0,1041698,2023-06-29,2092898,2027-07-21,DUE_2027,DUST_WHOLEBOX_CLAIMABLE
3140f71a0a316092b31c2c6d668b708b9949b9f88b100787bf284bee88e77bf5,9eYyzMC4AB6HAdE84KzbF9wRGyvqXn29bPzYUxJMu5r3QmFcEey,0.01,67.875,0,1041959,2023-06-29,2093159,2027-07-22,DUE_2027,DUST_WHOLEBOX_CLAIMABLE
80ed205b6fd90eb6b23b3cfe19ff4c0d8d3fbe9b3a4ae27f9ecc9dc40c9144f8,9frXFzTBUNqFyda2Bpj8J8DDFT6JFjubw9vcjBEKr5nC6oJb8KF,0.01,6.69971063,0,1042347,2023-06-30,2093547,2027-07-22,DUE_2027,DUST_WHOLEBOX_CLAIMABLE
925f950b8fda3ee53807aaca17b4dba976bc7b23105a113aee037cc95f30a1b8,9fSxRLbtgxUTJNSbZiDW9TMP18KRkDMFH9U21as87Fnxe8Fe57G,0.01,49.508733,0,1042573,2023-06-30,2093773,2027-07-23,DUE_2027,DUST_WHOLEBOX_CLAIMABLE
ea63d8fa79c2382597e459473582a8d5acef21c428107142bfbb7f361e066f55,9i4aq5cYyw1p16sgiLggSDGHmbv3sCnMtxaccaca3mCXSyYEPgG,0.307147987,0.09253401,0,1042950,2023-06-30,2094150,2027-07-23,DUE_2027,FUNDED_RENT_WITHSTANDS
70c945610dda8d8ac7d8309dc1dcbcb5e0c8a547d1fbf308324099344eafb5da,9fv4L7g5hdPFyGHp7AFRCyb6jA29yvG48UGnYchUJVDBEpyAcB4,0.01,2.625,0,1043275,2023-07-01,2094475,2027-07-24,DUE_2027,DUST_WHOLEBOX_CLAIMABLE
3994cc774c1a3c07d5c62460de7afde8b48c9db95061030155f856311bba5945,9ghRpsnC3zn89vMeHgCz4PdP1JxCBNDQutgMwEGfNaeoWxg2DPP,0.01,10.67637576,0,1043310,2023-07-01,2094510,2027-07-24,DUE_2027,DUST_WHOLEBOX_CLAIMABLE
8333f035bc663e588222f340779d16952b337af5e49afbb34e40ca110e49e1fb,9ghRpsnC3zn89vMeHgCz4PdP1JxCBNDQutgMwEGfNaeoWxg2DPP,0.01,130.125,0,1043311,2023-07-01,2094511,2027-07-24,DUE_2027,DUST_WHOLEBOX_CLAIMABLE
c4dc548ac90c1a61e828b1b898350ec30c97b2920f95e0219edb8a8bacafd05a,9i7Wf3KvL2HUJXEBbHqrwoxYzCRVeNLULG5BkzdsQkkzbAC1GRx,0.01,0.52214085,0,1043343,2023-07-01,2094543,2027-07-24,DUE_2027,DUST_WHOLEBOX_CLAIMABLE
177d4afdb814002766a26ee4aa967e932f4bfab7075b25d9b73b1e923c6fe20d,9hNVHydXzPfy9FYGFRvWWPNsE4F4WwTE8BWdSTLiS5MHmhpid8i,0.01,42.0,0,1043774,2023-07-02,2094974,2027-07-24,DUE_2027,DUST_WHOLEBOX_CLAIMABLE
7cc5f7247f985e36d4db14894f6974c1cb35b02ad66a2ea6f524fb63c069e1da,9eZ3uDVF8FaZqMU5HFokxLsnh8JUosbCcs5NgfvyVSFfSijk21C,0.01,12.46875,0,1044076,2023-07-02,2095276,2027-07-25,DUE_2027,DUST_WHOLEBOX_CLAIMABLE
f559e606f9bf20847aff01392cd9d36f2ecb2d81ca4ac93023bea4e09ca53b7d,9fw1nrJ8qXMfbGT13iT8KEjNuNaVbgC34XUsYmLakWd63VXB9ZJ,0.01,13.41001734,0,1044163,2023-07-02,2095363,2027-07-25,DUE_2027,DUST_WHOLEBOX_CLAIMABLE
873b7611def179fb2e079e8ba4b1a85c6d7e0fd941121d39522a61068d8f565d,9ggDu4jnvSJt1STMeYKz7NqfdZwUxejneLyuHffqSNZ5vCnoYcq,0.01,8.71875,0,1044623,2023-07-03,2095823,2027-07-26,DUE_2027,DUST_WHOLEBOX_CLAIMABLE
c394ad426549f0b7bcd464111dd2b9ba2294036a782afbe89830ade3f6e5d770,9ggDu4jnvSJt1STMeYKz7NqfdZwUxejneLyuHffqSNZ5vCnoYcq,0.01,12.0,0,1044625,2023-07-03,2095825,2027-07-26,DUE_2027,DUST_WHOLEBOX_CLAIMABLE
cc1672866c6f771062885da155fdab3240352d3c075c49fecf6a069b24e429bc,9iAT6R6naouhvn2ApkEbk58eW5yurHH5J7B7JsWXLRRVbq1iwp4,0.01,3.92809458,0,1044660,2023-07-03,2095860,2027-07-26,DUE_2027,DUST_WHOLEBOX_CLAIMABLE
523fb993bbdc623bad6ab27e4099c56573930ad4f15d6d7463ef375803b5830c,9h15AWzTMoyzURiGnGAxDvtepWU5VCgvHVB4CgZuSSKzL8ABLNc,0.01,82.78125,0,1044942,2023-07-03,2096142,2027-07-26,DUE_2027,DUST_WHOLEBOX_CLAIMABLE
b692251dc858cab51620329b54213447d1aced222ee8a35ee3e858d08dce01d6,9iChQztqPkcfT1BfSXZmHT7FzsLAWkbATHMZziywtv9ftMBNdwn,0.01,19.96875,0,1045133,2023-07-03,2096333,2027-07-26,DUE_2027,DUST_WHOLEBOX_CLAIMABLE
730849ae257b729b36fbfc2ed8022d67194112f0ff7c538becb4f8838a0f5d9c,9gtdyNTVfziFsGzH7KNjMcUj4v8MtADx4Z3prg6MWyHCCWz9NJM,0.001,90000.0,0,1045173,2023-07-04,2096373,2027-07-26,DUE_2027,DUST_WHOLEBOX_CLAIMABLE
9d89dd9f3061629951f06c125f989d289f37222332850c63ba9e43866692880b,9iGn6BnAtz24jpvWPetAp86G1Wfug6juQGEadBcMVFia28i5u2a,0.01,23.71875,0,1045451,2023-07-04,2096651,2027-07-27,DUE_2027,DUST_WHOLEBOX_CLAIMABLE
33b2df063fd116cb46693058df49bc4b2a3dcfeeb3c3784ebde576f670bb8e52,9ew87HHwW3YXNyRhU7N6LtEGn7uYf6wm55GLECtjp193m5WHkQN,0.01,6.5625,0,1045496,2023-07-04,2096696,2027-07-27,DUE_2027,DUST_WHOLEBOX_CLAIMABLE
ce29bccb3cd65b0e6c262794313edada6f39eb02f1a66c5501e5411d20087d5b,9ew87HHwW3YXNyRhU7N6LtEGn7uYf6wm55GLECtjp193m5WHkQN,0.01,4.59375,0,1045499,2023-07-04,2096699,2027-07-27,DUE_2027,DUST_WHOLEBOX_CLAIMABLE
d7b3763f157b5da23dda84aa179d8119b926663a8b3801d434410423a581a43c,9gqL4FWKMigXiFJGrVEebCRhRX5TKLkWA6UY6o9eSrA8GjSBpVD,0.01,1263.75,0,1045690,2023-07-04,2096890,2027-07-27,DUE_2027,DUST_WHOLEBOX_CLAIMABLE
db54270f20c03cfa79d774681fb0ac86ad826775d5f82daea25a28e2f56efbda,9iEDfMQuwcYEf96CyDsnEHPRDe3iDaK3u1Z3xaVsdi1QjqPmD9X,0.01,0.65625,0,1046094,2023-07-05,2097294,2027-07-28,DUE_2027,DUST_WHOLEBOX_CLAIMABLE
4d03fd8d872ee36642b639351cbe20b278dc636ba71ead38bde8fedc8b4af784,9erSgkXu6PpZHDqQ3ecsVPaAD9ExZGsDWBMZ8qdftP7LAJjNZty,0.001,0.20970054,3,1046250,2023-07-05,2097450,2027-07-28,DUE_2027,DUST_WHOLEBOX_CLAIMABLE
2aa9b889d04886dfc579895e22fe01234fa4e931b47149436cd654bdfb2fc134,9fE2H7s19P8fckhTxbPC4UTefcqofZEE8ffWusyRxLUvAfV49Dw,0.492706148,0.75900725,0,1046437,2023-07-05,2097637,2027-07-28,DUE_2027,FUNDED_RENT_WITHSTANDS
c769fc3e81e3e70cbeaf08aff202fd177d85c96fb40452fa01fdc7ff1c32711d,9fRMQwkU4ZoNxivtSKrB37t6qsNg3xnyLXWAt9ygJ5zLZeejmtN,0.01,2.90625,0,1046815,2023-07-06,2098015,2027-07-29,DUE_2027,DUST_WHOLEBOX_CLAIMABLE
026dd64c80387b763977ae583618ef5b0c199b0ec11b7d043f85e74ce7df4234,9fJ4LWc3a2N7hT8tAnPufUMBtN5Sq4rn7w9utfA64Qm3nobaytr,0.01,1895.29461893,0,1046972,2023-07-06,2098172,2027-07-29,DUE_2027,DUST_WHOLEBOX_CLAIMABLE
9458bfd819157395504697ed0b85288e3a406f2d6d89c7f8a14952361a4ae586,9iMiL2wSMWLYUJGKVVHn262Ns3iBhhfQxCGBKREz5KaConVBNe8,0.01,1.59034666,0,1047204,2023-07-06,2098404,2027-07-29,DUE_2027,DUST_WHOLEBOX_CLAIMABLE
a604dd91b7ba6ce6d1e836116bc0010b83f53f80d5ad8dabd1c243faa0c3226e,9i3FXimBHbodHsYiiACspjYDZhiP798HqiGbm27eqmqX64ZEd6f,0.01,3.21092862,0,1047987,2023-07-07,2099187,2027-07-30,DUE_2027,DUST_WHOLEBOX_CLAIMABLE
37365b93cd4c1d740f3b4bd687da838584b6c42b3bcdf70a3ca89fca80edef90,9gmSHKdhMK7cetobS4WbB9gQtDQaKJFCsGCZe9gX6AhJdqmHiRJ,0.01,0.29162083,0,1047996,2023-07-07,2099196,2027-07-30,DUE_2027,DUST_WHOLEBOX_CLAIMABLE
431b5f17612fd96caa7e27497c9fde61ababd102d9cc03197180bb5f2d438b44,9g6epLrsLooXdJrfvEPH3rvZRUbjnNnp2reKTz7vzLU8L4GK9Nn,0.01,5.71875,0,1048064,2023-07-08,2099264,2027-07-30,DUE_2027,DUST_WHOLEBOX_CLAIMABLE
373479e08727eab9cd4badf7954402818d2628d2ae43533602cfe33519627993,9ekpXypQXMcpPqNyEPz95FKjNnC5FpadqcbPstuLs7uHraiPfJU,0.01,98.80111696,0,1048294,2023-07-08,2099494,2027-07-31,DUE_2027,DUST_WHOLEBOX_CLAIMABLE
f32f93eec48364cd8ecb279f9933151a23adc834f45cd5fb773388042a754b6c,9ekpXypQXMcpPqNyEPz95FKjNnC5FpadqcbPstuLs7uHraiPfJU,0.01,47.51090507,0,1048297,2023-07-08,2099497,2027-07-31,DUE_2027,DUST_WHOLEBOX_CLAIMABLE
585cbdeaadd17ce670399ae2d55b1b203b70723b16efc2feba162d31cdebac65,9ekpXypQXMcpPqNyEPz95FKjNnC5FpadqcbPstuLs7uHraiPfJU,0.01,48.11290275,0,1048299,2023-07-08,2099499,2027-07-31,DUE_2027,DUST_WHOLEBOX_CLAIMABLE
69e50c0666b997b355043590c84503cfd49ab04f8fc7899f1c62ce0ee73f0bac,9hUiLqYv1zxjetm3p2gARhHSqS3oCrqDEHoJPTphzA9uB2vhRNm,0.01,5.15625,0,1048430,2023-07-08,2099630,2027-07-31,DUE_2027,DUST_WHOLEBOX_CLAIMABLE
8f0723c02ad2169119b74b503646bd7321dfc4b55cf3fb3e8b6fb5cbc311c7cb,9fCX9r3NWtBWfWiFduvXc2hXfxgPzaC1V28bp7KZ7LNF9DAHQfy,0.01,16.33174253,0,1048550,2023-07-08,2099750,2027-07-31,DUE_2027,DUST_WHOLEBOX_CLAIMABLE
3a73017100cbb9f58a3a00f01ec9d22ee15b64f4ffeac0510dc92b434660e80e,9gryBZ8TZtaA4c2U2qjnuGxKQ6kb8khSkPMu5jCH2d6DvtTE314,0.01,47.81190391,0,1048992,2023-07-09,2100192,2027-08-01,DUE_2027,DUST_WHOLEBOX_CLAIMABLE
81b41abcc460d6246a425c6fb309610b1db8c71d2c61a84d8ce05ce7002a1eff,9eshw47Ko5BtveYp2TbFcoyKoUnRko51jWurrrKvwfMhjsQwEtR,0.01,5.71875,0,1049939,2023-07-10,2101139,2027-08-02,DUE_2027,DUST_WHOLEBOX_CLAIMABLE
e755ba8a3ace85cd41597ea07bbf37c2e0a09b618abf1b232acea7e39710f95d,9heAiydxJmhL8mLiiTrVyziRh4Wku4u9Tn7VJo6VzSorjYKju2L,0.01,2.19511976,0,1049967,2023-07-10,2101167,2027-08-02,DUE_2027,DUST_WHOLEBOX_CLAIMABLE
e8252d6cc46e333d960a6a51638b0253c07d999826eca928e59fc1d493c0ecf4,9gNFyYxwa8ERWHAYVMqpPFKqXEkNp9DuNU9Y47MWqNjSbUP1W6B,0.01,0.65625,0,1050461,2023-07-11,2101661,2027-08-03,DUE_2027,DUST_WHOLEBOX_CLAIMABLE
2b54e19560bb453847ecaf9c8c1f603af8a3f6d4aaf0e0e60d8a34a7a3533d21,9hRWJAiAKHt1HDoJLKiy1Jx81itLr2oFvvwuDEMLL7BjmwsySF2,0.01,21.1875,0,1050682,2023-07-11,2101882,2027-08-03,DUE_2027,DUST_WHOLEBOX_CLAIMABLE
ef162fc8a62f0f8d3f7aa0fd7368e2fb285d8100959d8c746bf00dd97ac3fa21,9edMr9j1zLLdWzAqobp8KfsMgTqpueJ4EsTP4mVYiRXBCvxTgTb,0.01,33.0,0,1051112,2023-07-12,2102312,2027-08-04,DUE_2027,DUST_WHOLEBOX_CLAIMABLE
92072b572a9f642f2db839b77647c2ed7db1842fc79de02cd347c342f807ac3b,9f5W9RKWe33t3ZLL2XEUdJQgGZCL6iZHsTfC1iMSiUSyordPmZZ,0.001,1.5,0,1051170,2023-07-12,2102370,2027-08-04,DUE_2027,DUST_WHOLEBOX_CLAIMABLE
46f5872266c366a26bac976dab54712c539387847c28ac3b7fa20ca0d23a1c9f,9gtdyNTVfziFsGzH7KNjMcUj4v8MtADx4Z3prg6MWyHCCWz9NJM,0.001,25000.0,0,1051557,2023-07-13,2102757,2027-08-04,DUE_2027,DUST_WHOLEBOX_CLAIMABLE
f3300be55dfabb3f25738c489b4cebfabc909c88a76aeec8ceea50a959531041,9g2N1GoPVJUZvCXP6MAUwy16aNZeRfww1cWAq5Y86jtU9rtdKn5,0.01,8.99402068,0,1051946,2023-07-13,2103146,2027-08-05,DUE_2027,DUST_WHOLEBOX_CLAIMABLE
146ce5817d133e5f6a6a05f89876860c50a45cc75d67969d22b2aac141fd1ce1,9gboog4njzCekhYFTsKgGVbx1K6PuzTne3eGzNFTJ3sUcfwRTcK,0.001,44.53125,0,1052380,2023-07-14,2103580,2027-08-05,DUE_2027,DUST_WHOLEBOX_CLAIMABLE
a2451d0135e7af74e7632749b444172fb2a9cbb6b6939a09c1b03f4b856721b9,9iB2tVSYDsPkw7FCZctcFwPpSD4b42q3RsqmUD7Ley4rdsLZiXJ,0.01,22.3125,0,1052488,2023-07-14,2103688,2027-08-06,DUE_2027,DUST_WHOLEBOX_CLAIMABLE
71b23e10db0c9b76956ffeeba1d0ef6ab98a4a4a5c2b4ab7185120d4a5081d32,9gAMHGNUG82toju2gbmvK1in47tmN45wrLhknZACqQSpDHvA1fv,0.01,17.8125,0,1054025,2023-07-16,2105225,2027-08-08,DUE_2027,DUST_WHOLEBOX_CLAIMABLE
4f778e860a931898f7560783b8161c6426a25f3101dd6c8e16fd80c0d07efae3,9i81t27majd8QGnj5zwaGCZhA4mH5MkSLdc4wPfu3LVnLCjHcQ6,0.01,3.1875,0,1054241,2023-07-16,2105441,2027-08-08,DUE_2027,DUST_WHOLEBOX_CLAIMABLE
e14e71d6651036fdf995e5c564641a036e8118402d17fad87d7f21956398d118,9i81t27majd8QGnj5zwaGCZhA4mH5MkSLdc4wPfu3LVnLCjHcQ6,0.01,8.45510216,0,1054241,2023-07-16,2105441,2027-08-08,DUE_2027,DUST_WHOLEBOX_CLAIMABLE
d56eb22428cd6d8394ffc948e17af1c986fd55ba33e08d0665a6486de43298f2,9h7ortoU5xm8eVHrcPdD2txzJ1DMqao5sysGG22iwPPq2km28b7,0.01,3.47123966,0,1054504,2023-07-17,2105704,2027-08-08,DUE_2027,DUST_WHOLEBOX_CLAIMABLE
bc2bf9a5767f29ae37a9b3c07c7e67e58f49f2d7352481766feaae430ba8484c,9g4MAXvRmYE8YkViCsN1VZJ7LPdrmwm4Be2M3n5kZdAwummv6Hy,0.01,61.40625,0,1054612,2023-07-17,2105812,2027-08-09,DUE_2027,DUST_WHOLEBOX_CLAIMABLE
00d4eea0cdf46fc5c80ae4e9b78691b619e5feacc8e9e5a09422a36ed5b0337b,9hX2VL6iDYszCbavmZ6oDenvippVHqvH9JgypoD2QMYWKKihjbe,0.01,0.09375,0,1054781,2023-07-17,2105981,2027-08-09,DUE_2027,DUST_WHOLEBOX_CLAIMABLE
ae968cc4c1dcaf0a82e357733be37536a509d5b689825a1872814bfae2e9ca34,9h5R1yhKtdSeR6QWy5tG2Bx2ko4vbSUcCGXxBY38JNj6wM2bRyh,0.01,9.33207908,0,1054849,2023-07-17,2106049,2027-08-09,DUE_2027,DUST_WHOLEBOX_CLAIMABLE
94598c840df5b1067347843d8e16351dab6dcab7948fbca31482895f7f680425,9h5R1yhKtdSeR6QWy5tG2Bx2ko4vbSUcCGXxBY38JNj6wM2bRyh,0.01,9.5461227,0,1054851,2023-07-17,2106051,2027-08-09,DUE_2027,DUST_WHOLEBOX_CLAIMABLE
cd84e3f49682c62a7be6ec690b863b13830eab195eefa6088eb740d9d92d6bc1,9h5R1yhKtdSeR6QWy5tG2Bx2ko4vbSUcCGXxBY38JNj6wM2bRyh,0.01,53.25,0,1054857,2023-07-17,2106057,2027-08-09,DUE_2027,DUST_WHOLEBOX_CLAIMABLE
648e88e828db7b4720778912c1be9ef76165f1dd38ac22965dffad7bf6fc4a27,9gx8EzDqJX8akbXTt5USVh4QrMZKzUtJC8HizzZVBa8EEJjC91i,0.01,71.53125,0,1055434,2023-07-18,2106634,2027-08-10,DUE_2027,DUST_WHOLEBOX_CLAIMABLE
ed861c698e4d94fa585a89e25652725180e6340aaf73bb62a30a10750fc2c8cb,9i7gbCHr3H4xVCTxpG1pXcjiojDN6i6iwTqMav74E4mRNXedJKA,0.01,7.40625,0,1055612,2023-07-18,2106812,2027-08-10,DUE_2027,DUST_WHOLEBOX_CLAIMABLE
f97e8ffc6e12aef6175406fa0d23d6e6e137d697d633c8c2c0d6a15284cf58a0,9gtdyNTVfziFsGzH7KNjMcUj4v8MtADx4Z3prg6MWyHCCWz9NJM,0.001,15000.0,0,1055809,2023-07-19,2107009,2027-08-10,DUE_2027,DUST_WHOLEBOX_CLAIMABLE
f8f1e5495e1ac5cbccb0ec17b24b27fb88df02e70ace174c159fab6ea904e3bd,9gjFfnqPNuzK1DS4mNEd17RUFrszfadXbn86oaca58rLA1W2fAr,0.01,51.11272409,0,1055831,2023-07-19,2107031,2027-08-10,DUE_2027,DUST_WHOLEBOX_CLAIMABLE
d7fd6b0172d0b95d3b1e9403201dd6ac8c67801edd6194cda1d5e63222123be8,9fD2J5BPb5peCbfpktGAUm4KekG55eJEw1bWJnRQo691XzmkGgZ,0.01,8.25,0,1055890,2023-07-19,2107090,2027-08-10,DUE_2027,DUST_WHOLEBOX_CLAIMABLE
b359d488dc1135af44ab01b5d921f7428f1a4191fd5fa820fd0b12c7331c0511,9hF3tksGta2ZaZxEPv1KWsHDCDTfbPgSGXjJSLzSW7rFcXoYdrJ,0.01,15.0,0,1055922,2023-07-19,2107122,2027-08-10,DUE_2027,DUST_WHOLEBOX_CLAIMABLE
7c0a83bd9c675e3b4f350c3786731ad81336a6f0b75f0849e68d1479c05bb6e5,9hgDxi4wNLgdm8oVNeeHYhHhuGycbogzvxjvkvk8JCnkC1Xmedv,0.01,1.5,0,1056223,2023-07-19,2107423,2027-08-11,DUE_2027,DUST_WHOLEBOX_CLAIMABLE
ba2373e85d8af898ec27ff8c664235c70b7b6984b769696101cb81c872f95005,9euvEzZe2gjCh3JhUiFYVCFwjkRDKYLUj6umEAKaXWWinjNUrqf,0.01,12.1875,0,1056555,2023-07-20,2107755,2027-08-11,DUE_2027,DUST_WHOLEBOX_CLAIMABLE
37b8d8e87a96fe447db1ac9b209723812a2bb03aa2e6f4b83504ed587e6b38c4,9gPSNqyENEqQzp263hHxAzTocKG8EqNKMvfGg9fzn4wLUDMqmgW,0.01,10.02017026,0,1056754,2023-07-20,2107954,2027-08-12,DUE_2027,DUST_WHOLEBOX_CLAIMABLE
5c9e0aa8357437f0270a5bf0bc0cd3fae45fcef01073d25a9ac4b718172e41e2,9eypAikZDyRYkU2BzYAaAp5GvehoDScSPSkBPe7UtPe5Akf4N8R,0.001,61.86290275,0,1057045,2023-07-20,2108245,2027-08-12,DUE_2027,DUST_WHOLEBOX_CLAIMABLE
58455ba98ecce454a2ff51534d8d7cdabdccfa474a27e6538c11772cd7e7f0c0,9faKwJs6qFf9uadoMQTuKZPzmtKcgR1EeiGK59AkJj4jtqhwQjC,0.01,9.65625,0,1057075,2023-07-20,2108275,2027-08-12,DUE_2027,DUST_WHOLEBOX_CLAIMABLE
fdb2e2d6ecaa807c2cd2f1651466f3507d2589c2ec090d07a1fe728ab998432b,9gX84CimN5NxBpZC7hqnripixFJvCiskRnFyBaDsWQHDTUnjbGM,0.01,9.09375,0,1057559,2023-07-21,2108759,2027-08-13,DUE_2027,DUST_WHOLEBOX_CLAIMABLE
9ec297c4eaf2f9b87529d7c70d5c3541514f463ed13f273a88d86159480ac3e7,9fAeGgyYUmbBSCyCb19njQ4hzwRmKpgnmS4Ajfj7ZaHLFULvcdU,0.01,0.65625,0,1057656,2023-07-21,2108856,2027-08-13,DUE_2027,DUST_WHOLEBOX_CLAIMABLE
53d1d414fdd5d2b978f34e44cfe93fd22e252c9cec4e1e93a0674dc87a4d121c,9iJrfLKsfz1wiZsw9vL9DpFm9Xz6wo1GYSe2XPLGHotdZBsFq6Q,0.01,49.31689811,0,1058210,2023-07-22,2109410,2027-08-14,DUE_2027,DUST_WHOLEBOX_CLAIMABLE
52383f911b20d3d9a8cbdb22d0aeca59678d3cccb4ae537bd4336c2adc619b47,9hzL25yeR4NdojLTKUgNZcXaBfkjexrN7pFSMZoqcVZMDKcKZZS,0.01,40.03125,0,1058469,2023-07-22,2109669,2027-08-14,DUE_2027,DUST_WHOLEBOX_CLAIMABLE
568bb6753d156994ba3cfab967cb99aa895f3bd258f005f1024c57349eb8fb0e,9fBf6wZen7Kqg9WbudYMzihg8F6anu6JyV97s6tAsThBqhCRgNZ,0.01,0.09375,0,1058845,2023-07-23,2110045,2027-08-15,DUE_2027,DUST_WHOLEBOX_CLAIMABLE
d74febc7c960e4e02b4577cb9513b233f5dba631c56f8526b61a71340d797b14,9hpTmb6y9WDQw8WmuZXt1pE1t8m1Tt5mduzR2Nhg2iVGHkh6oCU,0.01,2.90625,0,1059450,2023-07-24,2110650,2027-08-15,DUE_2027,DUST_WHOLEBOX_CLAIMABLE
899943a5aa7b9e0fe083ae9543e412d7e18f213993a2ab3746ee402b6233b611,9gGXZzJ1Dk2Mabiyz1yJ55QJEJ7mAgKamsRx1DtqdTPiceBuySX,0.01,11.625,0,1059513,2023-07-24,2110713,2027-08-16,DUE_2027,DUST_WHOLEBOX_CLAIMABLE
9a677c065e3ebbb77c7b6328a5b988b4444e1a4ff55fd07f9023db391c1a649c,9ftsZpMePKqxpL2gHpmQhf6VrpoCHzbxrM3pSqeMYE1NWswvfAh,0.01,4.03125,0,1059899,2023-07-24,2111099,2027-08-16,DUE_2027,DUST_WHOLEBOX_CLAIMABLE
ce4b998f1d973b749bad996754bc8d3e86184202d1867386b4351ff2933ed049,9gfAdvWNZBVHHTKsqKE7TADUcDKvUxjAf4v3661PHpq5stJA5bY,0.01,673.92293753,0,1060088,2023-07-25,2111288,2027-08-16,DUE_2027,DUST_WHOLEBOX_CLAIMABLE
034c4e0af70fdb38447a4cf87d401f42f58125d1f3fb87172869f674fa48d1ae,9i9zkc1bMiGEJVLD2Q672tPCAcfmf96GBTHN5x2efF8Q5hPVoaQ,0.01,48.75,0,1060869,2023-07-26,2112069,2027-08-17,DUE_2027,DUST_WHOLEBOX_CLAIMABLE
e9d96b331b4497b7c58242197f7efac9ac603e12dbe1adb632eb2b3d0075c80f,9i9zkc1bMiGEJVLD2Q672tPCAcfmf96GBTHN5x2efF8Q5hPVoaQ,0.01,55.5,0,1060875,2023-07-26,2112075,2027-08-17,DUE_2027,DUST_WHOLEBOX_CLAIMABLE
7f46dd6513e9e5a0019eb163cacd9d76e16516e0bf5d04d4f09b372ed240e51c,9gqxmN2xSwudGQgYkT7RmhHxLunB2yQXtKGK8EUfFpry13p6jR3,0.01,0.09375,0,1060890,2023-07-26,2112090,2027-08-17,DUE_2027,DUST_WHOLEBOX_CLAIMABLE
e09e5846bc1e24beedd13844c5a8af4ed95fff369433f9889cea4de231449391,9f4AjFSCz3LVGKceoQZUTYz5voYjwafjGivzKgTPfU5Cw4HvnBN,0.01,0.09375,0,1060925,2023-07-26,2112125,2027-08-18,DUE_2027,DUST_WHOLEBOX_CLAIMABLE
a03219074134faad822be08f9fa78c08ccb33051d78fa112b54f945fb166511d,9hpf5YJfw3BurGXDrJmVY3rEbLT9gMcyjGf8rUfeyTS3QcEWyzt,0.01,1.21875,0,1060955,2023-07-26,2112155,2027-08-18,DUE_2027,DUST_WHOLEBOX_CLAIMABLE
d4f612c4d1ef503e296427a2955428ba1e11e14a348390a907860f41f030a7f7,9h9KbPnTLhGctqbbrevHXLNFVrbDyQM7QjLRbQxtaUNiTy8JNCq,0.01,9.09375,0,1061286,2023-07-26,2112486,2027-08-18,DUE_2027,DUST_WHOLEBOX_CLAIMABLE
469ba75302836659860c550444aea727c93ccbfecf94d3014323bb52637db09c,9gtdyNTVfziFsGzH7KNjMcUj4v8MtADx4Z3prg6MWyHCCWz9NJM,0.001,20000.0,0,1061812,2023-07-27,2113012,2027-08-19,DUE_2027,DUST_WHOLEBOX_CLAIMABLE
62033e2427a3808d55e204dedc5a93f0561ed8d15bce51b53d5ac35937cf79b5,9f1JMCBLESAfA66Sh6ZyZf1ntKf2Qb8jRcM1mpw2FKBu7TVb8VF,0.01,10.12078568,0,1062126,2023-07-27,2113326,2027-08-19,DUE_2027,DUST_WHOLEBOX_CLAIMABLE
ce41010df1b98697bd740eae734056a3762684d1e65eb37768249751b2d46132,9fFMmPFoQesHYPUxZSSSwgQsh9xxQ9QLthKR54n5ioRKrvufFwA,0.01,0.65625,0,1062327,2023-07-28,2113527,2027-08-19,DUE_2027,DUST_WHOLEBOX_CLAIMABLE
a82ecb4e38feb6b6af216eb6e40406bcabe37ab071daf4f8f38a0deca4a535df,9iPTdzE67rJzYGwqufMrA73YvzCww3tGvD8BS1b4tMuBM6mJrxu,0.01,11.625,0,1062369,2023-07-28,2113569,2027-08-20,DUE_2027,DUST_WHOLEBOX_CLAIMABLE
16eafcd1ee27d87326c17732b184cadfb2e3b5fb479336029979ad64dd176bc2,9eqCVSx24Ww4MQpRmAQJXAgUn9pd34hwfK19Tfs4REAANqDiUdU,0.01,48.11290275,0,1062632,2023-07-28,2113832,2027-08-20,DUE_2027,DUST_WHOLEBOX_CLAIMABLE
2868748e1ab068c70e3393714ebdcae38c3f977ee4088881fcaea8101c4dcf61,9i3pcafQR3VZd9yff5LZifQZk8xBbCVDMoAR7TszxPsk557pS43,0.01,105.53679275,0,1062649,2023-07-28,2113849,2027-08-20,DUE_2027,DUST_WHOLEBOX_CLAIMABLE
cbe2dd5fd424e390e8db43bdbc003287a35794e27a747f45de1ef8d77e73c8f3,9i3pcafQR3VZd9yff5LZifQZk8xBbCVDMoAR7TszxPsk557pS43,0.01,61.96875,0,1062649,2023-07-28,2113849,2027-08-20,DUE_2027,DUST_WHOLEBOX_CLAIMABLE
7765aff153da71ba0253d84d77b6d017c479e34fbabddbe2977b87d6c6a4aab2,9hGaHD8HuYcoGQAp33rLDdpbcutgh2wYt3acS7Fyq51XX1BQfqD,0.001,0.17527536,4,1062807,2023-07-28,2114007,2027-08-20,DUE_2027,DUST_WHOLEBOX_CLAIMABLE
4b1142da45f0398924cbb2fadaadd69a0aaf4a7a6d8fdfe668b3401fd86e3eb8,9gmGAhNKiBycWu7jMscTMx1Ci2Kh8ee1kuAx4ooqrh5F5yfNGsy,0.01,2.90625,0,1062813,2023-07-28,2114013,2027-08-20,DUE_2027,DUST_WHOLEBOX_CLAIMABLE
62d268e3fe356cca2d101f05c176294eef706902d4d847bd7d18e10a338a2b1a,9gtdyNTVfziFsGzH7KNjMcUj4v8MtADx4Z3prg6MWyHCCWz9NJM,0.001,20000.0,0,1062993,2023-07-29,2114193,2027-08-20,DUE_2027,DUST_WHOLEBOX_CLAIMABLE
5a4ae255c5e4feb372ad61ef70580985329b2f469cf04a3b6a78cfabae339507,9fWtmWZyu3kWeUxfZ1pdKe3ECUbuxwJmZrE1wuobGQ3bFck727L,0.01,3.46875,0,1063205,2023-07-29,2114405,2027-08-21,DUE_2027,DUST_WHOLEBOX_CLAIMABLE
974795585abe6c31873eb3b0457383856c3977370bd9bb69d24309013034a82a,9hx1khvM8qKCDLbxGcbzsLh6M3M3emXfmgYMkPD1AEaqkmvbsXZ,0.01,70.7331523,0,1063274,2023-07-29,2114474,2027-08-21,DUE_2027,DUST_WHOLEBOX_CLAIMABLE
c3aa3c6d12603c92da56e2112305eb68e1b3d2dd40cb8da02cea5daf18644cb9,9g5bzJHCYRqXSbJUmoYaXUShV7wRk5cdoUj5CjUknJXR3D8j2L3,0.01,9.9375,0,1063290,2023-07-29,2114490,2027-08-21,DUE_2027,DUST_WHOLEBOX_CLAIMABLE
748a7007d27ed339062770181eac554b128fb35cc58ef9cb144bc051056d26ce,9hzpdHkQQaNC3JPX34nx8JP5wnq1ASHGc3eRny5WYzb4m6fL9K1,0.01,246.84375,0,1063716,2023-07-30,2114916,2027-08-21,DUE_2027,DUST_WHOLEBOX_CLAIMABLE
dcb9584beb4f5fa74b7bea97b210582b621ae9b28912388b52384ef52f0b0b98,9etaoiYJ8ATi3VHbb4vifpdvKmiuefDNUNUdP7gqGVf1mKLhD95,0.01,11.90625,0,1063738,2023-07-30,2114938,2027-08-21,DUE_2027,DUST_WHOLEBOX_CLAIMABLE
6af256199ac2b20074197ad8b05b0ca059f1efbf20493dbb14cad87a3481686d,9fRK52KU6JLLEhJsmjv169svfsA8F2Bw4QspEZAwUSFcrecTjHX,0.01,13.3125,0,1063909,2023-07-30,2115109,2027-08-22,DUE_2027,DUST_WHOLEBOX_CLAIMABLE
b0ab0a6c32d806f401282c81bd9d01dce162165e31fa71d2763ad05657d50544,9exYWWjY61PneJyJPjdZAuvnwHxJ4wMY41wHNEnrahbrZfWow9J,0.01,8.70343086,0,1063944,2023-07-30,2115144,2027-08-22,DUE_2027,DUST_WHOLEBOX_CLAIMABLE
07617cd15e5c02308605aa1597aab7c534376ac6c9b310fc0f46eb5e755530e1,9h6867sGsVhFqNwjZkr7qJWeDDicTABRyXEgXBAmty8XevmgbyP,0.01,0.9375,0,1063950,2023-07-30,2115150,2027-08-22,DUE_2027,DUST_WHOLEBOX_CLAIMABLE
4345be099e83f37aa962503c8ed38ca8d0e3eb334b48eca7e6be677208cf2429,9fMCjQLyZJREmnpLgo3ApWBNGTvfL76A1oaVLENCHAW6c1GG4rF,0.01,32.25,0,1064011,2023-07-30,2115211,2027-08-22,DUE_2027,DUST_WHOLEBOX_CLAIMABLE
f776c1a7f324ff8555f971081c087567359c8465747942155d51bb0cb5ace336,9i9zkc1bMiGEJVLD2Q672tPCAcfmf96GBTHN5x2efF8Q5hPVoaQ,0.01,46.5,0,1064127,2023-07-30,2115327,2027-08-22,DUE_2027,DUST_WHOLEBOX_CLAIMABLE
8c7b67c4215e872f9bfdb1bd81cf8b78ca7d8af0f5c2c93aa1f8e7680f7ba354,9haoV1tXma4DMKgYATHCyeFxoNEHP3cGdbiFstTm7K7XarAYp8d,0.001,46.48654227,0,1064421,2023-07-31,2115621,2027-08-22,DUE_2027,DUST_WHOLEBOX_CLAIMABLE
bec32aeb70ca1c02768f0edccec31831def07294420985a110d3fb127d298011,9hEt5UP6TMSs7kbdbfdJoVupnPqCo9eS69H4REJUh24mKpWyPSw,0.01,26.25,0,1064648,2023-07-31,2115848,2027-08-23,DUE_2027,DUST_WHOLEBOX_CLAIMABLE
6f0c968df146dd4a43a810338b23be17f7d97356151fc35b3e1a18d8a51adce1,9hEt5UP6TMSs7kbdbfdJoVupnPqCo9eS69H4REJUh24mKpWyPSw,0.01,15.28125,0,1064650,2023-07-31,2115850,2027-08-23,DUE_2027,DUST_WHOLEBOX_CLAIMABLE
e1e4d7fb8e6f995b327e46f507267d2722c24f48af6dffd76839994d5a0803a3,9fHKdSNvhi3QxNhi2eUA3AWNnWiZib18NDGtzf7Nj31ysFENpRx,0.01,2.34375,0,1064683,2023-07-31,2115883,2027-08-23,DUE_2027,DUST_WHOLEBOX_CLAIMABLE
b9783ccbc56d3182b88c4308f09bcffb4058d4ddef26a81802da378710da6a8a,9gtEyT8Fj7FbTuUYeGnXSviCVXqcVNdX1Gzf1LpE8DkGQyxuHme,0.01,16.75908548,0,1064711,2023-07-31,2115911,2027-08-23,DUE_2027,DUST_WHOLEBOX_CLAIMABLE
ab0821863e2272cb026049ea1d6da3f3afc816e8ea714bba9db1f264fbb14bdb,9gktXdmVNMHoFmDtzLKUh1EJpaymXgjCWyumkJy8uGV2f6oeLEV,0.01,9.91922202,0,1065305,2023-08-01,2116505,2027-08-24,DUE_2027,DUST_WHOLEBOX_CLAIMABLE
a505b900e335b0910d51da8697764746744c272d4c3d2cfefe04d0dea6314a63,9hs8N3c2Wx7DysDf4UvNv1T2Ndmm5xNxehtiWQAUMQuJABLJsap,0.01,71.34375,0,1065552,2023-08-01,2116752,2027-08-24,DUE_2027,DUST_WHOLEBOX_CLAIMABLE
86a2caa7ffe60fc132b21dc3a94f59d9e219f3a80b3a25e1aeefb779a480243a,9frkjj6KgVJki9GSptRMv13cBvYJK2E9iC7Jugg4CFvKrouLvkN,0.01,38.625,0,1065556,2023-08-01,2116756,2027-08-24,DUE_2027,DUST_WHOLEBOX_CLAIMABLE
ef16ea1e8dd35902ce20747330fa4f437409605df6eba6a1fc61b78ef0e600bc,9foo67QK7QwfMcJZdq5oeSqLwxdGSiGW3ikRjjAiQ2gxDeQ7gqs,0.01,16.40625,0,1065863,2023-08-02,2117063,2027-08-24,DUE_2027,DUST_WHOLEBOX_CLAIMABLE
f31ff03f3d264e479550c16e84d08b35a356cff3bcf3226fa561088cfb12d281,9iCKBZD4hH1Pk8jdDJtx3YuP8S8KTc8gFWCxyH34AYw2DL4PXeK,0.01,7.97945806,0,1066151,2023-08-02,2117351,2027-08-25,DUE_2027,DUST_WHOLEBOX_CLAIMABLE
415f8b62d1ce16bc4f46476b0d54388aef09dfaf17fa3f9c871b66bd69e855c9,9fivTdQ9gaHcKtu9psVkXTkm5dbznSoBvnZDwV9Jj5oVCxctTPK,0.01,12.1875,0,1066153,2023-08-02,2117353,2027-08-25,DUE_2027,DUST_WHOLEBOX_CLAIMABLE
25095e481b629a26295d3a65516d115fa8f083b2bdfc5ae5eba8d6e0c454269a,9i8y3pV7etYfrv4eEqB5jrqgNLVbd2tCSTNQTH4XhFQjt9v7otS,0.01,29.0625,0,1066185,2023-08-02,2117385,2027-08-25,DUE_2027,DUST_WHOLEBOX_CLAIMABLE
cc16eed7302d2cf9b53de877311200e9f47490fca334ad2fa8fd8a79092eb35e,9fPnxf49sDdHgXX4uVoqonkJF6fAUsfyJXkbu9vNRePxRB726Nt,0.01,9.375,0,1066838,2023-08-03,2118038,2027-08-26,DUE_2027,DUST_WHOLEBOX_CLAIMABLE
88f746180417fc8b6cbc4e9d3316f1bfc322cea3129c80d6e1410334404c22ec,9hzdX6iyvR6Ghhss112K6rmEiV4Wbx4dxKdw5SafrB3TgKFr22q,0.01,3.75,0,1066984,2023-08-03,2118184,2027-08-26,DUE_2027,DUST_WHOLEBOX_CLAIMABLE
145687572c7d9bd0ac5e133c64a653f78515c95fec2f7793687f2111742968cf,9hmVcjqjZsLwC4fErVuaY4CA6piHQChD2YjbMs6Y21kcczjG7Dh,0.001507661,0.00039966,1,1068458,2023-08-05,2119658,2027-08-28,DUE_2027,DUST_WHOLEBOX_CLAIMABLE
78711218096f499db040819670ae7aa811f124711d40f45e843113bec1fab954,9eadnzj7ZeJEhF7CRJftgpddgNAcj6WHZQNamz33dQCtnYdeWu6,0.01,47.51090507,0,1068517,2023-08-05,2119717,2027-08-28,DUE_2027,DUST_WHOLEBOX_CLAIMABLE
465692c9661cb201ae4f7a47ec72f903e306c2e6c213915f66645ca64ae3412e,9fX2zFvvyJsdhTxjcbhArDovdxeLdVY2q93qe21j17mJCDSsUiG,0.01,21.07651796,0,1068942,2023-08-06,2120142,2027-08-29,DUE_2027,DUST_WHOLEBOX_CLAIMABLE
5bd5a63a0d8cb2f5d757d2901107a9fce5c48f3411d06713002c1576e1e829fd,9ectYMxfeAQNrW94Upf76AY6L6LwTo2qg1ksVBnEYkTgEuWrL1T,0.01,43.59375,0,1069742,2023-08-07,2120942,2027-08-30,DUE_2027,DUST_WHOLEBOX_CLAIMABLE
ed606588192462f2767f486ec3a79d3c889feb83ac5aa355ef52e785708993dc,9euQvyqZj4eqZE1PMc18TS5gMLs1MXVLPMUzhNjAbm3nPkN97KJ,0.01,1.62556544,0,1070210,2023-08-08,2121410,2027-08-31,DUE_2027,DUST_WHOLEBOX_CLAIMABLE
06f22b13d17f329fd3cfa544b0e1b543fc40233b54930deb18dc86ab03b06897,9fPfmxZN4FTGEvYU4HnQeeSRtjwEqjFGwEFdfPYVfVn7Yu2LxHW,0.01,15.28125,0,1070254,2023-08-08,2121454,2027-08-31,DUE_2027,DUST_WHOLEBOX_CLAIMABLE
d462bb564556fd9f0b06511ab12a030f7bb9ca43606af529c75a8bce97ad9206,9iH4mH1kGABeSfuH4qzMkNYmsYCCp2PejBCpto9FroNqPN77Wgh,63.529519673,47.86876461,4,1070501,2023-08-08,2121701,2027-08-31,DUE_2027,FUNDED_RENT_WITHSTANDS
d3ebf64439a7e4e1a2643d29624ea8949d3ab0b626f913d4a5e2fd44328812f1,9hqM4DPb1ca2rhz6p3w1C6BFaBwF9dBnEfRe4kT8nFNGm8Nnmbn,0.01,15.3433596,0,1070528,2023-08-08,2121728,2027-08-31,DUE_2027,DUST_WHOLEBOX_CLAIMABLE
fec167697a356800e9ccca45f43f7d570dffe9987f279c80c91d2879fa8634f7,9iGeo2vC4cCjJPJeDUdyCmPVJyjYJ6xBFktCmZoCUFPATW588MU,0.01,673.4212728,0,1070661,2023-08-08,2121861,2027-08-31,DUE_2027,DUST_WHOLEBOX_CLAIMABLE
b4eabe5b1b4dd4c5bf1a09c6f5a6fd53b77970d578e72ced0dacf274e1428b6a,9fqGk7e4B4c6qbcYfcyEGAEB3sg22qg7k1uGcxj9AhPXZvZccgE,0.01,12.46875,0,1070921,2023-08-09,2122121,2027-09-01,DUE_2027,DUST_WHOLEBOX_CLAIMABLE
8b7f91101dbeac85c3a2992b884f5f0ad0d987e6426c07c29ef4544dad292360,9fsixAnp8nnxohYDCVvGu3ZipmFJLQE9y4sf3xjgWjKHkZhRqM4,0.01,0.09375,0,1071025,2023-08-09,2122225,2027-09-01,DUE_2027,DUST_WHOLEBOX_CLAIMABLE
196f661eba7a975e49af20bc0451b880ab7087d7a9a5baece4a6bd7e17be5932,9hu1vrN9n3MMETatF23HwhHpfNDnvpYHxfT15L18oMXXCvzrVoK,0.01,293.86927941,0,1072390,2023-08-11,2123590,2027-09-03,DUE_2027,DUST_WHOLEBOX_CLAIMABLE
c35ef9a712b1c900bab894e49af8d1709e036a3846b42648a41d48554c256ce6,9hu1vrN9n3MMETatF23HwhHpfNDnvpYHxfT15L18oMXXCvzrVoK,0.01,23.79329584,0,1072392,2023-08-11,2123592,2027-09-03,DUE_2027,DUST_WHOLEBOX_CLAIMABLE
341855643c8f9cf8543480f2c10e94c0b283f804503e734b97183b0b46c2e197,9hu1vrN9n3MMETatF23HwhHpfNDnvpYHxfT15L18oMXXCvzrVoK,0.01,15.37724039,0,1072395,2023-08-11,2123595,2027-09-03,DUE_2027,DUST_WHOLEBOX_CLAIMABLE
fe4002c623bb0d3c6b0191604ffb4d15ebc18bc6de06c74efaf4c5b018de869d,9hu1vrN9n3MMETatF23HwhHpfNDnvpYHxfT15L18oMXXCvzrVoK,0.01,18.32034017,0,1072399,2023-08-11,2123599,2027-09-03,DUE_2027,DUST_WHOLEBOX_CLAIMABLE
670aadd91770f0ef026fef7fb2731ff95e64b260b1211463d124af2222392577,9hu1vrN9n3MMETatF23HwhHpfNDnvpYHxfT15L18oMXXCvzrVoK,0.01,13.65023848,0,1072402,2023-08-11,2123602,2027-09-03,DUE_2027,DUST_WHOLEBOX_CLAIMABLE
f7a75989b8491ea1ecfbf0f0c8907d2d17cd3f3a1b2d420f0f39ececf81ac2b9,9gNoo2tu4juxQNfxvaKoauHbaJLUbkdoEAuFQfuG29iGVjRVre3,0.01,5863.71435138,0,1072472,2023-08-11,2123672,2027-09-03,DUE_2027,DUST_WHOLEBOX_CLAIMABLE
3172579506c332eda8f66452210559558c770a590140df859245f19a70ec8444,9iJjHKrxwN9vAZw6LPjn81MQMJmz6qtPuoF6DLhXiUpGBQxbZo1,0.01,7.4083537,0,1072474,2023-08-11,2123674,2027-09-03,DUE_2027,DUST_WHOLEBOX_CLAIMABLE
cbac70abf370f380b3c889ee7a68ab054a08b0d40ba652f5908c17558010cf35,9htPBahrSDAyGSH1iFJ8MXA3ubNHXW8hLKjTcuVCToRHresGPGe,0.01,1.21875,0,1073493,2023-08-12,2124693,2027-09-04,DUE_2027,DUST_WHOLEBOX_CLAIMABLE
4552fc740af87ca837eea0851ecb1fcc686a43b943f38b960a4b28fe5bc5184c,9htPBahrSDAyGSH1iFJ8MXA3ubNHXW8hLKjTcuVCToRHresGPGe,0.01,1.5,0,1073656,2023-08-13,2124856,2027-09-04,DUE_2027,DUST_WHOLEBOX_CLAIMABLE
d698af1a19d4483f25f2889703e3b59fe08e3adcd07848ce2428ba1727df616c,9gg9St1wtArCfkoF9hy5W6L8CCrPKTNtbxAC7X8qetv3qKUNyuq,0.01,0.06925096,0,1073791,2023-08-13,2124991,2027-09-05,DUE_2027,DUST_WHOLEBOX_CLAIMABLE
be7a4639d0a18cb081ba9450c9c4a72a970ee9f6f9558093a4aa00ad01256416,9htPBahrSDAyGSH1iFJ8MXA3ubNHXW8hLKjTcuVCToRHresGPGe,0.01,1.21875,0,1074597,2023-08-14,2125797,2027-09-06,DUE_2027,DUST_WHOLEBOX_CLAIMABLE
1ce956f3a81efdd876746cc6a3307f3f2fd568cb973d302058377097ee9d4e16,9g5XyYtf46FXS6SL1pES6GQyc2UusyHWpdJtWHTBoc67CLcRah8,0.01,6.17089591,0,1074651,2023-08-14,2125851,2027-09-06,DUE_2027,DUST_WHOLEBOX_CLAIMABLE
714cf2c676b13e76afae9fb50190c15276a65d8a2b11178588e5048fe8d64429,9gtdyNTVfziFsGzH7KNjMcUj4v8MtADx4Z3prg6MWyHCCWz9NJM,0.001,25000.0,0,1075872,2023-08-16,2127072,2027-09-08,DUE_2027,DUST_WHOLEBOX_CLAIMABLE
c3f0cfae1c137a17e6fc2ddef18a5cef31f126e0048fe273559ad3e8c306ce4c,9gbTrAxrnuBkGnDX1UDodovuHtsWj5CymFWzyhtBJ44jchJ7ybY,0.01,21.375,0,1076786,2023-08-17,2127986,2027-09-09,DUE_2027,DUST_WHOLEBOX_CLAIMABLE
5e194ff62e6ef8a96a94ed05dd4faf16aac57ab19944bec645379cda97792954,9hGCAYpzLquP5V5bQKiRNLoozaAecHVEk8uhT6uU1qAyGqbRP8k,0.01,8.53125,0,1076922,2023-08-17,2128122,2027-09-09,DUE_2027,DUST_WHOLEBOX_CLAIMABLE
a4bec5408bf64b167dba1c6a39a309a9285bf22b70928e51086dfcc6ab9e7cd3,9hY6Q92iNYJ193d33R9mNx2UnjT213JAJRDUnUnRmNJeNvTipEz,0.849537556,0.02862909,22,1076984,2023-08-17,2128184,2027-09-09,DUE_2027,FUNDED_RENT_WITHSTANDS
9eda928900dddbc45b48bf25597b497f668dd6f675e330d193d0ef90b6461732,9iKYjSVeJq5mngzLaLR712FVRXNogtLs4bcJZWXmj4WdUQr8T1S,0.01,0.65625,0,1078348,2023-08-19,2129548,2027-09-11,DUE_2027,DUST_WHOLEBOX_CLAIMABLE
1a3d18eaafce96e45319a17670a4912966c1749ab57cb649f65082ce1ba95451,9fsiULbCSoqMBewuwGUfmGvvdqitBsYG5ZpefC2pHTfMrh7sqhC,0.01,46.6875,0,1078361,2023-08-19,2129561,2027-09-11,DUE_2027,DUST_WHOLEBOX_CLAIMABLE
afc0a5dbb2af55f0d7adf2ed5f3ec4cc63b51b5335aee54feb5fa2be4bf7a5a3,9faTvbTLpYRGgQF8LNNSuDgPTUg2HgMQmek9u1GxV9soZJ4aERt,0.01,7.6875,0,1078363,2023-08-19,2129563,2027-09-11,DUE_2027,DUST_WHOLEBOX_CLAIMABLE
1e210af74d25910c90d3d507c50e48a9b46e5a031092ec5f0c6b1119e10908d9,9hs9h6LsYTFAWAdteKRwKZYVWsCraht7X7MhfbneCxgUsL4ARK7,0.01,33.1875,0,1078794,2023-08-20,2129994,2027-09-12,DUE_2027,DUST_WHOLEBOX_CLAIMABLE
4766493df3f70951674d5c782da0d20272158ee866a0fbe530cefcf5cd32d80e,9hu1vrN9n3MMETatF23HwhHpfNDnvpYHxfT15L18oMXXCvzrVoK,0.01,13.70374939,0,1078882,2023-08-20,2130082,2027-09-12,DUE_2027,DUST_WHOLEBOX_CLAIMABLE
a07ed2fc8109b7d827daa67fce7f01559dafc6bf32f2839428f4706aef53e5a2,9hu4wpcQish7bouYAZ99ASoozLRgdFTs6GmyDBqqVfgngWTx3kg,0.01,0.65625,0,1079304,2023-08-21,2130504,2027-09-12,DUE_2027,DUST_WHOLEBOX_CLAIMABLE
0c262fccb3dd04608f317adcc10c916ecf0a215d815f5de0b80e88cf192365f6,9h2q4MH4gsbLmkDPAtBQXhR4QNgTxeGLGjkcdZdEevnUUeQSUef,0.01,36.09375,0,1079431,2023-08-21,2130631,2027-09-13,DUE_2027,DUST_WHOLEBOX_CLAIMABLE
e06d3be1a09a13b009a796c35a62ee2242d2aee794bf6b7b0fcbcfdb26faf3f0,9iCbtz3LncmpaRYMnK5UFgKmeVbZVeR2f4M4oAFY6KCEu1gqTf2,0.01,0.09375,0,1080326,2023-08-22,2131526,2027-09-14,DUE_2027,DUST_WHOLEBOX_CLAIMABLE
daf2e55191e5c9c7d8b4fae06c989bbcb5bd608bd8dee285a2d891fa9ca290c8,9gtdyNTVfziFsGzH7KNjMcUj4v8MtADx4Z3prg6MWyHCCWz9NJM,0.001,25000.0,0,1081492,2023-08-24,2132692,2027-09-16,DUE_2027,DUST_WHOLEBOX_CLAIMABLE
27b131478056b0be8d083e35fada4a1eb7b66015adea9d82a718be729788254a,9fJYbY2G5XCmsHrHQhdGoBtSKhGQ1BU4mMQ48GnnkcZinCk9MGa,0.01,0.9375,0,1082577,2023-08-25,2133777,2027-09-17,DUE_2027,DUST_WHOLEBOX_CLAIMABLE
1026c0dd6a0e6c2f5e750b3cd8f9ab608784e45b5cff59e71b50756186db52c3,9f2ho6wkhWpUDtgDe2Lqss4BDfHHSv7wiZM2ohZMpCgvTrKktLs,0.01,7.6875,0,1082850,2023-08-26,2134050,2027-09-17,DUE_2027,DUST_WHOLEBOX_CLAIMABLE
c96b86fa20a003d89f6e10af291af8695b22f9f0dab68257d0fc4bf77088d879,9hZhLAk1KPrTWs2RMxpF1GdYWpuCjeCPXGsFB2PomKuf6L5a2X6,0.01,13.40625,0,1083202,2023-08-26,2134402,2027-09-18,DUE_2027,DUST_WHOLEBOX_CLAIMABLE
d21aac513db84991167d87212e84e85873b2fc1d5c15b8a53c5085b55dea81b4,9gHHGbtESP4FdMLMMaFZiYWAwLVBvvxiw53j4CJa5wbZqkWpdE5,0.01,48.41390159,0,1083898,2023-08-27,2135098,2027-09-19,DUE_2027,DUST_WHOLEBOX_CLAIMABLE
2687511c517ce767a36eb5766c05baedb34dfeb30415ab61f93f7e4d60cf6eaf,9eY6YkPQFwstcyXFBb7LWENKTWw6ijYT5kWkkCAWKaMBEzBu2jU,0.01,20.37436889,0,1084023,2023-08-27,2135223,2027-09-19,DUE_2027,DUST_WHOLEBOX_CLAIMABLE
15f9aca7aa931c4254f52900c4a828a927bd19dce5dd2966ab8f498f11ebb1d5,9eY6YkPQFwstcyXFBb7LWENKTWw6ijYT5kWkkCAWKaMBEzBu2jU,0.01,10.73132888,0,1084025,2023-08-27,2135225,2027-09-19,DUE_2027,DUST_WHOLEBOX_CLAIMABLE
a31db129810b78853633d7c3d9df31626a6ebedf7f34c15445248bcaccfc5a9c,9eY6YkPQFwstcyXFBb7LWENKTWw6ijYT5kWkkCAWKaMBEzBu2jU,0.01,49.61789696,0,1084825,2023-08-28,2136025,2027-09-20,DUE_2027,DUST_WHOLEBOX_CLAIMABLE
0248564fc4e2fe977ea02bc6b92c1b3d7e004a22be4cbba816436488eb5313ed,9eoiXSXmU2v7kWS55pum9aJpcVpQwxUjuTdXkA6jUTuLZJZiiV7,1.135152445,3.35772942,0,1085330,2023-08-29,2136530,2027-09-21,DUE_2027,FUNDED_RENT_WITHSTANDS
c2936cc3047c26b2217351a360d239035d3f048f4d58397520a573100e0e34bf,9gy6CUzt4uDvCzZhZi5vST4vctLg2vkTH8hFuk4RxKgQWMFSim7,0.01,36.26930202,0,1085748,2023-08-30,2136948,2027-09-22,DUE_2027,DUST_WHOLEBOX_CLAIMABLE
cde253e9a99046dac73cfee5259d22e32a800ac8e1d27bc82e5c5ba360950b49,9ffErbqbRVMVsLW9Hr75i7oNoCEAi12vsbnNnCQecJ4m557e2ku,0.01,16.125,0,1085961,2023-08-30,2137161,2027-09-22,DUE_2027,DUST_WHOLEBOX_CLAIMABLE
a2720c3484d97590dfc2a8387ed9070d3200054328612acb4c51083e995ebb68,9gkpnrzBHwcPE5vU85pS4QqwQn7VBP78ZwRgHPmALDLryeChQ1R,0.01,57.46875,0,1085984,2023-08-30,2137184,2027-09-22,DUE_2027,DUST_WHOLEBOX_CLAIMABLE
ca4c3100de8b652a6a2a23f2405d3eb8473f4445bcc94951084e364c6b685b68,9fduYAcs2dYRQr6cPrYdf517k8jHtiGeSKtdczejyccdeAiPdnE,0.01,19.96875,0,1086058,2023-08-30,2137258,2027-09-22,DUE_2027,DUST_WHOLEBOX_CLAIMABLE
8b200c74a22739bafc8688c053890e18c900da91079eb59ecbb1cf36dafcfe6d,9fjLCQQHtvZAFJKfAteLiTfmfuuXHUPV9dvCyPfwxjdW1yDxf9h,0.01,22.28743894,0,1086180,2023-08-30,2137380,2027-09-22,DUE_2027,DUST_WHOLEBOX_CLAIMABLE
502c22e5532abb4dfc48a740deefe1486fc954c58d013a8a9db082c6e7237b07,9feTRkPNejztKQk9QuV94fX24VvXQL1mW9A9iZeYZD2cxPcC7Mx,0.01,1.78125,0,1086348,2023-08-31,2137548,2027-09-22,DUE_2027,DUST_WHOLEBOX_CLAIMABLE
3ef4304d7bdc413cb2bb5ab28ed4dd8c3292fd837e340dd1c8e0378e100c1585,9fJnJqqsJtEC3WTpGEmshoeYr66UnWLU1sy8Jq91Hv3qB4fXfW4,0.01,0.375,0,1087579,2023-09-01,2138779,2027-09-24,DUE_2027,DUST_WHOLEBOX_CLAIMABLE
d765807a7735ff9d66c48918055a7549444e4c2936be7390cbd5382f8042e979,9gaRxTkkMXugArG45XCamzAtBfYsbutvB1PcvtTMVtJieXDaR3s,0.0068,2.0,0,1087990,2023-09-02,2139190,2027-09-25,DUE_2027,DUST_WHOLEBOX_CLAIMABLE
d120db46282daa2db92a06b903083159eac966c79f7ad8beda74d951e29304a5,9gs3qzB7CNrF7ubYPGV8fqpfrKnsDDegrE2YjFz2GbxhpuMVxjt,0.01,0.11586359,0,1088874,2023-09-03,2140074,2027-09-26,DUE_2027,DUST_WHOLEBOX_CLAIMABLE
780b1151de8f663278689651247afee5e54bc36247c1955155531ccef6ea6b56,9gtdyNTVfziFsGzH7KNjMcUj4v8MtADx4Z3prg6MWyHCCWz9NJM,0.001,30000.0,0,1089310,2023-09-04,2140510,2027-09-27,DUE_2027,DUST_WHOLEBOX_CLAIMABLE
9215f7a5c34b4432e9cb104836152cd57a9a890e99a9b03f697878f8baca0905,9godJb67KSe5wz5U6MzFxBNWiA1j6ag7pTVXSi9ykPq3WnhHMdG,0.01,22.875,0,1090524,2023-09-06,2141724,2027-09-28,DUE_2027,DUST_WHOLEBOX_CLAIMABLE
ce79c4f0c253dece65a28b67a3dd3c856751aa6b136ac3c8acc0a2fe577b015f,9fPhmHw7vynC6QVF9aVwsK7yP3HtSt3rYeynDbfHT8T2tVxXXfR,0.01,7.96875,0,1090731,2023-09-06,2141931,2027-09-29,DUE_2027,DUST_WHOLEBOX_CLAIMABLE
6a5bca1b7ae5311510a47d6aaa396e1d49e77e2cacb8fef06ef84d74c6b33edc,9gQProDMHYLadGXYoS8k4ZZevd2HpXA4nvGkF17WagcrTsqsaTt,0.01,35.57852066,0,1091481,2023-09-07,2142681,2027-09-30,DUE_2027,DUST_WHOLEBOX_CLAIMABLE
ea3b54a05fd75f7f37ccbb3ec1665111efd1da9a021593b0981e49495587b8b2,9gtdyNTVfziFsGzH7KNjMcUj4v8MtADx4Z3prg6MWyHCCWz9NJM,0.001,500000.0,0,1091714,2023-09-07,2142914,2027-09-30,DUE_2027,DUST_WHOLEBOX_CLAIMABLE
592760782c709ddd1a1647918ec8f4ef3f65b5b05980b7ea323b9a1633eb056d,9i5MKyi5L5XVhtdrA1hKHjRU23b5KaKpsFa5EQyPssoLTBipRVs,0.01,2.0625,0,1091820,2023-09-07,2143020,2027-09-30,DUE_2027,DUST_WHOLEBOX_CLAIMABLE
6457a3de1537834daa8f6fe660a800f23ba10f558fe898011b7cb917bf1b5b28,9gAgjvSiuvrrfvJZcSNNF5KrffAnysxLARxVAAKRdNaRXwVFvPV,0.01,1.5,0,1092065,2023-09-08,2143265,2027-09-30,DUE_2027,DUST_WHOLEBOX_CLAIMABLE
8126dbec5c84eb1a68dd552099839ae12a287336e76bd0329eab8a2c8b830a6d,9gC8Vpdu4zTLQTwurPqTLV2WaRBgKroBfLyjLCowFmZJLbZA2Yw,0.01,2.625,0,1092169,2023-09-08,2143369,2027-10-01,DUE_2027,DUST_WHOLEBOX_CLAIMABLE
39045e3dd5407727f8489528234cc299f56077de92b922da7e83e2755859737d,9gC8Vpdu4zTLQTwurPqTLV2WaRBgKroBfLyjLCowFmZJLbZA2Yw,0.01,2.34375,0,1092174,2023-09-08,2143374,2027-10-01,DUE_2027,DUST_WHOLEBOX_CLAIMABLE
653a52853adba915717f17b6c7d2118e682b32feeddecd03adec13a47ab55323,9fnw3gKTbh7pSxLappP88YfUVLKb7kxMgxda51kb77woHcFPvMx,0.001,3.05178241,0,1092478,2023-09-08,2143678,2027-10-01,DUE_2027,DUST_WHOLEBOX_CLAIMABLE
24ff03108929e259a1afda1bd72295d23bcf1a27433bc2fd34683035fae3eb30,9gT2AnJmszjuHGUCK2r1kmHERzznrpiUXJZT8yU1mmpExDLp4eh,0.01,15.5625,0,1092838,2023-09-09,2144038,2027-10-02,DUE_2027,DUST_WHOLEBOX_CLAIMABLE
99bd04c9bc35b790b399b0854a796ea716078bf93a3a1ec0ee0395fa68977b48,9iQHUu93uxGweSP7CuAYGSF2QMJPD8vkbAXsoztYv3KtD1FRsvu,0.01,0.65625,0,1093078,2023-09-09,2144278,2027-10-02,DUE_2027,DUST_WHOLEBOX_CLAIMABLE
9200a215b43d6b5f14af61601cd5435041501f920f1b64cb037102a6d3f64ac3,9hAho57uma6huzrWYW5okNzR5cdw2uDaMvXkMXzgaTbyKfBSeWb,13.340652424,41.65082585,0,1093292,2023-09-09,2144492,2027-10-02,DUE_2027,FUNDED_RENT_WITHSTANDS
e9ff48292df78b4caecdc82e441277c1831c112efc8b65147f79c2df278e4988,9hcLzDeXW3gK7iUkXpFSANTma7M9mfppXxFXWgcDcCRkbgVXah5,0.01,102.82780318,0,1093606,2023-09-10,2144806,2027-10-03,DUE_2027,DUST_WHOLEBOX_CLAIMABLE
8e7cb28d86a2bb98faaee788cbf548014c89cdcb40c3d93958d2fe52118996f2,9fBf6wZen7Kqg9WbudYMzihg8F6anu6JyV97s6tAsThBqhCRgNZ,0.01,0.9375,0,1093727,2023-09-10,2144927,2027-10-03,DUE_2027,DUST_WHOLEBOX_CLAIMABLE
ebcacade6c193577d9e6b3c96c08eb2ecc7e2efce3ebeea45aa908e8201d3a5a,9gLG3wfNtQzphs6hGYzjkdiTfXWDuGwpuneT3xeAvj3ReBDSmn7,0.01,2.4327921,0,1095025,2023-09-12,2146225,2027-10-05,DUE_2027,DUST_WHOLEBOX_CLAIMABLE
a3d051a495f4e3c0c0fdd51f5e9095c8ff17e70e944bb674f5bbe1ce9b8a2291,9fJ2tDzoWfymZG5pwDN92PTjWoSpyQMpkJT4h6uyccaP1v1vthE,0.01,1.78125,0,1095438,2023-09-12,2146638,2027-10-05,DUE_2027,DUST_WHOLEBOX_CLAIMABLE
715bb837c19f408695a1a8d00ad55b7ebd0611cab3d20e69d42ee041d6f9a42e,9grvbHtxCAV5C8SbciNqHVswZNDZGfMs8pu452wYu9noim1yiF6,0.01,10.21875,0,1096534,2023-09-14,2147734,2027-10-07,DUE_2027,DUST_WHOLEBOX_CLAIMABLE
eff23d18a1fbffafa645eb1ccdae365bbd7aeccc2ca0075ce0b368017117639b,9gtdyNTVfziFsGzH7KNjMcUj4v8MtADx4Z3prg6MWyHCCWz9NJM,0.001,40000.0,0,1097360,2023-09-15,2148560,2027-10-08,DUE_2027,DUST_WHOLEBOX_CLAIMABLE
be328b71388cbeaedd4e413414c6a1262e48b0a46f3cc71668b85e54bec42435,9huY7gDC3nFQ9dF8SprPkmie5cAj6Sfn4sDUvJCy8bDKfr7Qdah,0.01,42.46875,0,1098098,2023-09-16,2149298,2027-10-09,DUE_2027,DUST_WHOLEBOX_CLAIMABLE
f69fa694b2cce59e9957325ff912e1313667d0a858e67105646495279d486fbe,9feTxyJZM2X45edaXqu9qHzfv8MN8fttkxkTR9QgToPNDzTNDp7,0.01,1.2491069,0,1098219,2023-09-16,2149419,2027-10-09,DUE_2027,DUST_WHOLEBOX_CLAIMABLE
e7eb514b1160c72dd2945133b68e7852448ead4f1c86717f943814f5af785aab,9gmuNLfLfncEJ64UbwRXq2btUsFeErQPVnbwXrGPc4NEPoSr4Ug,0.1964,1.0,23,1098941,2023-09-17,2150141,2027-10-10,DUE_2027,FUNDED_RENT_WITHSTANDS
d2fd56abfd5308c382d3576f5607eca46ea69810c5361f761ba9f920db455f68,9hmV66N51cGa3hkpkPoUY6DQjeuZkiMG2YSsuY4sYTRVf7nshwq,0.01,150.46875,0,1099040,2023-09-18,2150240,2027-10-10,DUE_2027,DUST_WHOLEBOX_CLAIMABLE
d67eeced599f2cf6130cc0e4aa5bec288523e3ab063d324eb5c7e5bafe597192,9iEDfMQuwcYEf96CyDsnEHPRDe3iDaK3u1Z3xaVsdi1QjqPmD9X,0.01,0.375,0,1099301,2023-09-18,2150501,2027-10-11,DUE_2027,DUST_WHOLEBOX_CLAIMABLE
6b4531a235278db66bc4a6ca5667d940a742ab540e600e234c81df5e7556be79,9ffRCT5ZGAzBXGaaRcd7sEwnzr8oJ3LrTjH4KbmUkDJhX1ATrCH,0.001,48.11290275,0,1099646,2023-09-18,2150846,2027-10-11,DUE_2027,DUST_WHOLEBOX_CLAIMABLE
59a6eea415931d978dc00c5befbca1d58deca1b73906593219f76e66a67c05c1,9eveqrPqvRX48jUw2SszaxkZXBniPXGzHiundRq7DsG1vcgWDN6,0.01,12.1875,0,1099684,2023-09-18,2150884,2027-10-11,DUE_2027,DUST_WHOLEBOX_CLAIMABLE
70162ed26c5be9b0bdb088947b66f97d8131f35726f795846de80a94badf2de1,9gcdydQN4BoUNuFZyUBwpNcZAt6dMJerRfzdzjXBTfvRrBFGgTt,0.01,44.8125,0,1100874,2023-09-20,2152074,2027-10-13,DUE_2027,DUST_WHOLEBOX_CLAIMABLE
d098a5abbe0329fcab85fc1a0b5aacbc0aaab774862885525d4727ea70f44902,9efVt865bz8ZPbQ88SNndj2FqmnfpAuUpXZZgzRWNURmPmazUDy,0.01,256.27782765,0,1101439,2023-09-21,2152639,2027-10-14,DUE_2027,DUST_WHOLEBOX_CLAIMABLE
a80b725d98af2904e5cfd65cf782c5270d6b32d844b43db5894e25de231bb53d,9i8faDFGczXfvyfZdiT4QBSHqNuf8VVDE9RefDRV7GaPpF4uy1e,0.01,39.75,0,1101769,2023-09-21,2152969,2027-10-14,DUE_2027,DUST_WHOLEBOX_CLAIMABLE
0ca18c7aa47cbebd23efd4c9d28c214df61cb42bcc37ad29fadcb09778e9b801,9fTDNhaTTXmcmRgx7uwQnwhbegnhvb23y93BcNDPwRckkuptsKY,0.01,37.5,0,1102085,2023-09-22,2153285,2027-10-15,DUE_2027,DUST_WHOLEBOX_CLAIMABLE
80a25ec12311228bb2f0d1d53e1e2853022af8303380417f93a6bfe4da71874f,9gtgiZTzku7gzk3PrYx89Eyq9c1dSjxDDtgpSbfGGekAaRs1qmi,0.01,2.34375,0,1103004,2023-09-23,2154204,2027-10-16,DUE_2027,DUST_WHOLEBOX_CLAIMABLE
ffe81c3b38fe38d815d57ac2617611ea7bfff6623673b4bf85c548fcba8bbcaa,9gtdyNTVfziFsGzH7KNjMcUj4v8MtADx4Z3prg6MWyHCCWz9NJM,0.001,20000.0,0,1103013,2023-09-23,2154213,2027-10-16,DUE_2027,DUST_WHOLEBOX_CLAIMABLE
41233a8b9b1b0b44f008bc5bff44e06a099e26fd344db0324db583f147384836,9hZzmAdvcEfPNpjNf54h2KPdhfxwekE5dDk9XkphFmEYBMWKDQx,0.01,4.3125,0,1103034,2023-09-23,2154234,2027-10-16,DUE_2027,DUST_WHOLEBOX_CLAIMABLE
ab170c998d64b6c63ea5eeb507cb1ccd94307a5374939007293cfaf21b723609,9hZzmAdvcEfPNpjNf54h2KPdhfxwekE5dDk9XkphFmEYBMWKDQx,0.01,2.625,0,1103036,2023-09-23,2154236,2027-10-16,DUE_2027,DUST_WHOLEBOX_CLAIMABLE
449433e38c7cd80c0bf4890959e9042e3913ca78836d8fbe02a7f7913e21b3bb,9hZzmAdvcEfPNpjNf54h2KPdhfxwekE5dDk9XkphFmEYBMWKDQx,0.01,1.78125,0,1103038,2023-09-23,2154238,2027-10-16,DUE_2027,DUST_WHOLEBOX_CLAIMABLE
4a9b4eae511ca1262d5fb53567231aec39405af0288c07bb5e3b41dca9df68ed,9hbEPaxjQuGEmGUEs8DWMrzAd4SoSMPjjcPMVJF47ZFefGrti4v,0.01,42.0,0,1103157,2023-09-23,2154357,2027-10-16,DUE_2027,DUST_WHOLEBOX_CLAIMABLE
94102bd9a4b7700515879f923f5efcb26475de2a9a4c954d0bb9664fb25d7410,9gqnZdP9jjG8XvF3tvnQqKW7FKGnskAH9RqD3oJBsGaKe4ickHj,0.01,12.36715093,0,1103497,2023-09-24,2154697,2027-10-17,DUE_2027,DUST_WHOLEBOX_CLAIMABLE
32f4c965bbb5c37f800e214bfa505ad89b4c524cd58b8b0094cd3b3d06ba8dd5,9fEy4c9LwxTAUNkrNEfijdCAWXM5tMRCBkDDU1zCHEgS17DcxJ3,0.01,154.39625751,0,1103963,2023-09-24,2155163,2027-10-17,DUE_2027,DUST_WHOLEBOX_CLAIMABLE
be22faa43660ebaf3f28790198a359d616d64e9e37c0f5736087d7e5f97e6168,9hEt5UP6TMSs7kbdbfdJoVupnPqCo9eS69H4REJUh24mKpWyPSw,0.01,21.75,0,1103998,2023-09-25,2155198,2027-10-17,DUE_2027,DUST_WHOLEBOX_CLAIMABLE
be5cbb05fd07c13acf9ef5a5860b0153f4d6abb8e3c0dd9fa16b4910417c6423,9hEt5UP6TMSs7kbdbfdJoVupnPqCo9eS69H4REJUh24mKpWyPSw,0.01,5.4375,0,1104000,2023-09-25,2155200,2027-10-17,DUE_2027,DUST_WHOLEBOX_CLAIMABLE
3c2a719d9a01120babcf0732bdcc53a201b0d900295ede992c7409defa31d785,9hLGCVaYRxqLFeMMaHYdDU3PnSztPdKwPcTaRXeMzPUnLezkFnM,0.01,7.96875,0,1104023,2023-09-25,2155223,2027-10-17,DUE_2027,DUST_WHOLEBOX_CLAIMABLE
2f247010763a8e214b98f27ff31c69766c95a626c9ec1dab3be2cb5291c6821e,9en8CwuU6LEzMXQk2RzBTGanmN14hZJwyz7zt9i7hWtD4tLH5BT,0.01,2.0625,0,1104460,2023-09-25,2155660,2027-10-18,DUE_2027,DUST_WHOLEBOX_CLAIMABLE
26f3e139e821149c6a6c38233e58b5c63ba4a4c841c2d82888c88f6a3debaec3,9gES7k58RE57hhPuNaZm4XqccwRMiHYcNEw1sgXcn1oFq3dtqNj,0.01,1.21875,0,1104583,2023-09-25,2155783,2027-10-18,DUE_2027,DUST_WHOLEBOX_CLAIMABLE
e8b81bdfbe24688da17c0c9740686f0f1022118a880251de76cfd896f8b876a3,9gtdyNTVfziFsGzH7KNjMcUj4v8MtADx4Z3prg6MWyHCCWz9NJM,0.001,40000.0,0,1104588,2023-09-25,2155788,2027-10-18,DUE_2027,DUST_WHOLEBOX_CLAIMABLE
809eaab06721c2ff24ddaecd6eee320616e76e9d02618ecf43efe4c112460443,9fGroxwysP5zDcre2w7MMiV2dfdRyfKCAjX64wNDVmqQHNzyyJQ,0.01,4.03125,0,1105188,2023-09-26,2156388,2027-10-19,DUE_2027,DUST_WHOLEBOX_CLAIMABLE
aa157160b7533902a6d40aa7f89d1cab6da70e25eb670cab6c36ad6adbbbee3e,9ewXCaqEjFP3xGBToJVkWZDPcg4tXEv33y8jvmc4FqF2bt8xCga,0.01,14.4375,0,1105200,2023-09-26,2156400,2027-10-19,DUE_2027,DUST_WHOLEBOX_CLAIMABLE
072b5fcdd4d33bf58bebe151b087dc0815661fcd24dddfdd5774b66223ef2763,9iDau88QAvY3dJ8ZisxfXSJYW8hTQAyMbuQysLfxMjtKLszRNGm,0.01,1.78486926,0,1105943,2023-09-27,2157143,2027-10-20,DUE_2027,DUST_WHOLEBOX_CLAIMABLE
6ccfe851aa9abfc1dc8999b2b467ba1d08c6c94f092dab1f9b3b6d91ab24dd72,9gpwtT1qfyMq9G8w51iPLJgwFiSwskptX9KkkVs777T3AUzJNVC,0.01,19.21875,0,1106273,2023-09-28,2157473,2027-10-21,DUE_2027,DUST_WHOLEBOX_CLAIMABLE
eab1873d5092e0ba0e38ac1c60ea2db71bc0f58934fe6eac1daaf534a62617f1,9fSBN5aRPNDUuobraLhpijeEnJuFFVurGze451ci2yahRriTCUQ,0.01,0.65625,0,1106436,2023-09-28,2157636,2027-10-21,DUE_2027,DUST_WHOLEBOX_CLAIMABLE
503b84f0830f0a95adaca991f9a83bc8079dff84552c4c7b58d485c850529ba3,9gpu2MuKPYZGhxocchmp4HZetvEK2TSHN6drXwuZ19ns3YTt6wy,0.01,5.19451442,0,1108035,2023-09-30,2159235,2027-10-23,DUE_2027,DUST_WHOLEBOX_CLAIMABLE
c1ac18d7075879acd33b6f5a863988944df6cd2a00425f797aa48a7a2f8527af,9ebvMofzpCfom3j2dyR6Wauey6KMH6cZgkTxohTo47UbeWBQK1q,0.01,28.40625,0,1109106,2023-10-02,2160306,2027-10-25,DUE_2027,DUST_WHOLEBOX_CLAIMABLE
864079b3e75aa689f4a7b58056e0ebf7ad7080a71a2a6e81595f79448934bb11,9ebvMofzpCfom3j2dyR6Wauey6KMH6cZgkTxohTo47UbeWBQK1q,0.01,8.25,0,1109110,2023-10-02,2160310,2027-10-25,DUE_2027,DUST_WHOLEBOX_CLAIMABLE
5d62b991f048e78c9343e79bd2e221e5f811c1a65fbe9a84c7e8a70f67a0566b,9him56kHETSZPnRChgZ29C3k439QPQwLVEKJUkhsb62S67fsz8d,0.01,2.90625,0,1109359,2023-10-02,2160559,2027-10-25,DUE_2027,DUST_WHOLEBOX_CLAIMABLE
be56a88636dd6dc09285fdc0bf153625b7ef3334c6398a870928ff9a545f6294,9iQHUu93uxGweSP7CuAYGSF2QMJPD8vkbAXsoztYv3KtD1FRsvu,0.01,5.15625,0,1109410,2023-10-02,2160610,2027-10-25,DUE_2027,DUST_WHOLEBOX_CLAIMABLE
c01b4ec33d207992fc7ecab49519937e73fdf78ffbbd6787e57f149f8668a815,9frB3fvQyjzqJBEHjN54HAFRsk8YZsdpKRaoWgEge3voioAnon9,0.01,23.7290607,0,1109657,2023-10-03,2160857,2027-10-25,DUE_2027,DUST_WHOLEBOX_CLAIMABLE
e1dc18ae2e0f2decd6cd29dadce0d95eb4260712769d969840c9fb9b87f8f1db,9h4zCKeysRaG5Hp6UvnSsV1UGK2jF5N2wpvNzNZ1yXUAMZjzz1W,0.01,144.65625,0,1109936,2023-10-03,2161136,2027-10-26,DUE_2027,DUST_WHOLEBOX_CLAIMABLE
cc5f5d0ae5fa55c4131634b9dddde94672ba842c2194216a1f700323e1080130,9gXQy3pD5o3MpoVf6D7zbR3tPEm5ZXNfnVJPksLHVTp4mwVd1Sd,0.01,9.65625,0,1110135,2023-10-03,2161335,2027-10-26,DUE_2027,DUST_WHOLEBOX_CLAIMABLE
63afd684358a51817b0fabdc4520fe54891244a9650ea837bc7b55d69ef62d40,9i7tMWSSyNewgX5reGqLnLixc6hwHRNogehUDpAY5kjbUVTHzFb,0.01,1.5,0,1110231,2023-10-03,2161431,2027-10-26,DUE_2027,DUST_WHOLEBOX_CLAIMABLE
e4a1bb517b661339deea28c238a0b48a4ba26040005d54591c6aea49eccc3642,9hiyptpbUjYktrkGzaQjQQoYxUYzkuwz5wmhoboozckyjp4fju5,0.01,10.21875,0,1111576,2023-10-05,2162776,2027-10-28,DUE_2027,DUST_WHOLEBOX_CLAIMABLE
fa7c5b26576e383100b19555c7c6118fb947483f91e3309b0a5dcfa5517522a9,9fhqVxSBdJ8FnmQsN3WQ5oocEC6r5LY6ntHZqoEer64TKnpZXxS,0.01,69.1875,0,1111579,2023-10-05,2162779,2027-10-28,DUE_2027,DUST_WHOLEBOX_CLAIMABLE
044baa05e090377d6ed50ea3f8139a0ecd310a358eddea9c8bf14503f56d3d4b,9i9tuFNQZEGWEcgeog539MMjTwWdtDrFPZbjeJsyemgekZ9RRwo,0.01,1.21875,0,1111596,2023-10-05,2162796,2027-10-28,DUE_2027,DUST_WHOLEBOX_CLAIMABLE
e4b8ac6d8b482824629b4cb162b227603e55794026c475a59270fa946400bcce,9f782N7tYY1mfyntWDxZQRoiVoBWsHDytuoGd8swvzVYwSPBs4m,0.01,13.875,0,1111667,2023-10-05,2162867,2027-10-28,DUE_2027,DUST_WHOLEBOX_CLAIMABLE
508c22abc40a0bb816cbb89ee850d2ce6435c25fd0a462cf7806179517fc8f35,9fM3Kt8VVCWxVxbrabNuBcnadDAXWf4KDQqZbjM4aF2LYk8Skne,0.01,48.43792288,0,1112327,2023-10-06,2163527,2027-10-29,DUE_2027,DUST_WHOLEBOX_CLAIMABLE
37b42dd6f698dcd159ff7499b7be676c40b470f5e3bc7b62b95411736def0374,9fAVTbiuqv6QuNXktgn8QetojaxU4NpTuiByZyZQET8JSezXi39,0.01,4.36537118,0,1112532,2023-10-07,2163732,2027-10-29,DUE_2027,DUST_WHOLEBOX_CLAIMABLE
572f9492fc471941eb5aba10a69d1b7cb606df5895b5c068dc325b1b1b44696a,9hdX7WNm2p2B4dnpFyYEDzuaaJLWG17XUX4shbGTN6FXTu5kZrP,0.01,2.625,0,1112901,2023-10-07,2164101,2027-10-30,DUE_2027,DUST_WHOLEBOX_CLAIMABLE
da6ebcdd0eb677ff43f38c6d11912f6098093fbab9f9007cd194e9c807cde923,9fQRHrsww6oNGBR5CtngEgKByo7Bbyt8XnJ3KQLfcyvoJXbEvMt,0.01,8.8125,0,1112950,2023-10-07,2164150,2027-10-30,DUE_2027,DUST_WHOLEBOX_CLAIMABLE
97edf42b2cdc6dd470f35d68502f38a79490191d8db5f0d2404f403d920fd5dc,9g4tSACCYwWCRzNPriM3KmJAR7xWn7XhEUM64KDmVYkhVdhmM8z,0.01,23.80653518,0,1113045,2023-10-07,2164245,2027-10-30,DUE_2027,DUST_WHOLEBOX_CLAIMABLE
90d198ed6eb1e2dd406cc5f40d798ef7b18b4da45ef172c170b791a3a7072cf9,9gRZXPk5bpMS8XSRqdapMRUscqbG4G5V5gNXTjhfYFaboRtSaAc,0.01,43.5,0,1113070,2023-10-07,2164270,2027-10-30,DUE_2027,DUST_WHOLEBOX_CLAIMABLE
6c1fc3f0785d5110ac2a0a2d30e61b78ddc6f0eab9195c1097f089ca0f1dacba,9hSdkj8wG1JYQ1odgiTmtqCEpjc8qS5JpTVaecnhL2FTM3YALk2,0.01,41.0625,0,1113704,2023-10-08,2164904,2027-10-31,DUE_2027,DUST_WHOLEBOX_CLAIMABLE
47e118f6f6a7017833f97f1ac663c6174cba8ec0fb3c2110fbeb940d4622beaa,9faLw6yD53dVMiZzyheKCjncTQG37KVCmHJ5o5DG52HAKS3TWb2,0.01,9.9375,0,1113784,2023-10-08,2164984,2027-10-31,DUE_2027,DUST_WHOLEBOX_CLAIMABLE
ddab75b1e23ed9ac9c6c957adcc151aabf5f8fd4ffbfd45ec862230689b8a1bb,9gtdyNTVfziFsGzH7KNjMcUj4v8MtADx4Z3prg6MWyHCCWz9NJM,0.001,800000.0,0,1113870,2023-10-08,2165070,2027-10-31,DUE_2027,DUST_WHOLEBOX_CLAIMABLE
1fada662f8161d109119c0c5df59fb85772adfa278953c1c4dd568ec247315e6,9i7qhV17qSpiqPSGcXAjRwn7eTaftGaY19wbyZfZzjcRdtEvzNA,0.01,6.61178606,0,1113920,2023-10-09,2165120,2027-10-31,DUE_2027,DUST_WHOLEBOX_CLAIMABLE
1b4856b1cb7ec5f8ed0f2d3cc3a8fae04a13e2547356aef9c35007a54a18d55a,9edxivfxetKUhQfczSic4xFEAzZbYDNotvbiZkN8rtvFMN3i1CM,0.01,18.9375,0,1115084,2023-10-10,2166284,2027-11-02,DUE_2027,DUST_WHOLEBOX_CLAIMABLE
a318914bdb66d1e7dc8352840692a9d96958df4c9716527bae0a6fec462a3791,9hd84V8cmwmcvffQj39Noa7xD7ss1D2Z2byF2BdnDmrByKFUbTT,0.04093642,4.59375,0,1115310,2023-10-11,2166510,2027-11-02,DUE_2027,DUST_WHOLEBOX_CLAIMABLE
172ba24b4f6fd7cadee9ec89fcd3cce6e8840fc2181488a94ac515a99ffc5fe0,9h8fTK1qMDrvU7GjLVXh6hT86tnZJyMjNNBBm6Z7zsfZUmKSNJK,0.01,147.65625,0,1116010,2023-10-11,2167210,2027-11-03,DUE_2027,DUST_WHOLEBOX_CLAIMABLE
728bf4b790cd04f9aed2d46528413d516224fc3a878f77906af06045c651da03,9fmhXEu5vZauzfFgCAAEX3KHYohFaw7APTib484EPntdshJLvnx,0.01,38.34375,0,1116022,2023-10-12,2167222,2027-11-03,DUE_2027,DUST_WHOLEBOX_CLAIMABLE
bce72210853bef1eb5b68a11e1281a8e6083550a20ac3227b0e0286903b32998,9fwhv7yXNKp8kTUpJUPw8vhEfLjX2LADVxNv9qow1n6f2KD4xMw,0.01,3.75,0,1117347,2023-10-13,2168547,2027-11-05,DUE_2027,DUST_WHOLEBOX_CLAIMABLE
8705ade9fa5f6e7fbf2db609fb85514cbd71385894daee26a3c01b60b6616a88,9gdjZTW9A8beLtfESbye3isHrXD358sgVnds4piHqwcwRiJP5v8,0.01,404.04079099,0,1117811,2023-10-14,2169011,2027-11-06,DUE_2027,DUST_WHOLEBOX_CLAIMABLE
19c38ec6b3308a2e1b3b37f1d7c7221bff502d110947cb0603e19296c72c8b2d,9hzzE3iHRbpvGYHwAJTRHcT2PezRcjhKjrHuLbSjjPYpAGHGaRH,0.01,9.09375,0,1117988,2023-10-14,2169188,2027-11-06,DUE_2027,DUST_WHOLEBOX_CLAIMABLE
4e4b918ce6adfb2994edc3fae64d3e99147ad1def53ebfe9ea26bb6cfe29d6a8,9hKEUwYC9jVLXB3qnTAoAiNhnaVeY5gkHpALRNViT9Wwq7RDDwj,0.01,19.96875,0,1118006,2023-10-14,2169206,2027-11-06,DUE_2027,DUST_WHOLEBOX_CLAIMABLE
03e076a124221bd9fb88a07288723f4ef00cbccd5963c0ba6d98b6310d431506,9hfYBC6hWnxTWZMWjzToTsAMXaAMp3HfjhEXoQNP5ChR6JR5Y5m,0.01,6.19535716,0,1118065,2023-10-14,2169265,2027-11-06,DUE_2027,DUST_WHOLEBOX_CLAIMABLE
7f28926858e03e7532668157d1766605b86964d704f9b8f50ac30ea1e2c6eae2,9gQSEBgcasWzUrP4zNUBLvytr1z7LhBXkHcozKnfNsHhXBdJzNC,0.01,1.78125,0,1118108,2023-10-14,2169308,2027-11-06,DUE_2027,DUST_WHOLEBOX_CLAIMABLE
82fb53a8ffc04c7ae2949864b68390c3c38e7b0177aadb19ffcbe47d35c6a2b2,9hQGN5ucV6vfSgMxPV4xugNMYTSvKfihWcqg32o7b2wLN8FonAN,0.01,30.75,0,1118130,2023-10-14,2169330,2027-11-06,DUE_2027,DUST_WHOLEBOX_CLAIMABLE
43e21a4c604c46f185508c37b68fb47c2203595bca836ba1ea9d9433728491fb,9gqBkfaVKPfFMzSim9hipjyfBnuSTpHnZx7hEV498hYSdRENxdk,0.01,56.34375,0,1118154,2023-10-15,2169354,2027-11-06,DUE_2027,DUST_WHOLEBOX_CLAIMABLE
5972ec0b6fcddeab9ffa57e9fa0d3b3365bfc98bc4e7b30821b3e242ad28701d,9fcXhSiZe8ycrdBc4fvPGM9hVTY5o5gRpruHN7AaDcUw7qiEiuw,0.01,12.75,0,1118479,2023-10-15,2169679,2027-11-07,DUE_2027,DUST_WHOLEBOX_CLAIMABLE
1f901e0d90d9a61df11803fb2ebf3bd6c1996741dc8aa96f31dbf9222321a318,9hP2hSEaDqQVodxq8HEMbbijMd3WhADxtEL7tAnFRYvqZ7DcbTC,0.01,26.8125,0,1118621,2023-10-15,2169821,2027-11-07,DUE_2027,DUST_WHOLEBOX_CLAIMABLE
a293bb42359b73b2262e49e03179ed33ba4ae9d259796bbfa3a3e750c4b8d90c,9eqWTAyqFJTNWW8GR9WiKjFpF29b6m68KnrZBg5K5xKxDtZmdrh,0.01,60.0,0,1118717,2023-10-15,2169917,2027-11-07,DUE_2027,DUST_WHOLEBOX_CLAIMABLE
5986d20a3fa3b16eefd5c5f0f4e64828b5a402f3c103d975d7b709f257c93bd0,9iLDKhd4ULGgbVaVnPSU8JsdBZ6Ltdj9WkGxCAn3jfPPii8DjLo,0.01,15.1875,0,1119061,2023-10-16,2170261,2027-11-08,DUE_2027,DUST_WHOLEBOX_CLAIMABLE
41e2ef2ecb71edd0aedabda601c50829fea96ab3eeab707f2d7e891a55700840,9gH6bmpXnC2Jm7CvRKq2PNDjztjJRFQNiGTZ65FMb4VTowAFKfc,0.01,39.65625,0,1119070,2023-10-16,2170270,2027-11-08,DUE_2027,DUST_WHOLEBOX_CLAIMABLE
5e1b0a0b0e2f9419ea66ac530ca2d7345c4768c771d5989b13b4f07c168fa8b5,9gdjZTW9A8beLtfESbye3isHrXD358sgVnds4piHqwcwRiJP5v8,0.01,26.64901657,0,1119138,2023-10-16,2170338,2027-11-08,DUE_2027,DUST_WHOLEBOX_CLAIMABLE
4abc647d7db527a56de13f8f0a339edccd866d8b51c4a36dcac6ae0320d77f3c,9i2fBxfK5CyFUJMCCgsRgUr9PHX9RnDo8hmZHSkoMH4fWaE9o4M,0.01,5.15625,0,1119265,2023-10-16,2170465,2027-11-08,DUE_2027,DUST_WHOLEBOX_CLAIMABLE
c2d58d027f1558c7ebd8f354a281adc4963ba844cf92a6744d3d0fe44bd3735b,9gXGfzMTKeaha7e5TwGrXriswn6xHH9CfX9X9a6N9ddMie9w6qZ,0.01,22.59375,0,1119400,2023-10-16,2170600,2027-11-08,DUE_2027,DUST_WHOLEBOX_CLAIMABLE
f2f6745d76c1491176a7bea1a26278f3d8216ebaf18628a3bd99d4dc2d0c219f,9fyMdepg1Su6RBRcRHZiAi35qiAyuaiQCZUAjPyWDqFjKZv8QXN,0.01,4.03125,0,1119440,2023-10-16,2170640,2027-11-08,DUE_2027,DUST_WHOLEBOX_CLAIMABLE
c377e6005084cb9358e99db8096df3a14931573d0afca5e9580d30f9d262c925,9gQJUbberEr4LU2uzVS8jKisLeeNwZAsWFcoK5muR8wXxLAmHG7,0.0079,65.01690361,0,1119487,2023-10-16,2170687,2027-11-08,DUE_2027,DUST_WHOLEBOX_CLAIMABLE
537cc113c15c81c4d1172d3efc65eca6af723d716cb044b3d31532e6452c0eb9,9fBtLF7FudDACy9U6uEeHs2ckx19bXMKASKtMYa3JsmveWpEsZT,0.01,25.125,0,1119491,2023-10-16,2170691,2027-11-08,DUE_2027,DUST_WHOLEBOX_CLAIMABLE
8d76cb998891e8dc5c64d16ec14e93cb061f98e175e93a01eea6faf8571def17,9eo1xERdLAQT3eEwVfnVinLuQW5oqxe8dqoKjSkCTwcmP6sa7Hh,0.01,7.125,0,1119519,2023-10-16,2170719,2027-11-08,DUE_2027,DUST_WHOLEBOX_CLAIMABLE
40ccfbde7fc692abfbf8044c826104c1d03caf06f2a5b7b32b609fded519e5ff,9h9xE5zrvwrN7bddZRyoWWhxDGTrWHhnGnoBfP8qN5JPtXzDN8E,0.0279,8.5625,0,1119550,2023-10-16,2170750,2027-11-08,DUE_2027,DUST_WHOLEBOX_CLAIMABLE
96fcd791aa5098b91e4eef1b29609ee7f3feb5a4a1347b4008123e8be4be8558,9fUXpom2mZc2waz4qpuMZVirkC9t2azNVgBJ8vMCUyLuEmgZWbp,0.01,13.03125,0,1119579,2023-10-17,2170779,2027-11-08,DUE_2027,DUST_WHOLEBOX_CLAIMABLE
a7e37c5589685d357654e5d5e8ff01feaa6e235350e7de6b07e9e92072170b92,9f5jhiPzRBMCQ7YNyhaLwYC4EaA6PM6Q4hKSpJkTYo2ADTUcPJe,0.01,789.43053375,0,1119608,2023-10-17,2170808,2027-11-08,DUE_2027,DUST_WHOLEBOX_CLAIMABLE
a95ac9bc45e66b284d9193c801c1984483b4af2d2b8588fae5b4a8b2bec17431,9gHqiFHkqeH2PemXHWkGjWvjRtfDyG8e13fCdd67FjN793UMmja,0.01,48.72535369,0,1119613,2023-10-17,2170813,2027-11-08,DUE_2027,DUST_WHOLEBOX_CLAIMABLE
2fa308ba8f1e81ee40d3e05aa0c0e2b8073ca6ae46b36f14ea715c380013f88e,9hw5GgumJWPhaVei1LGBaf9k2ouR7SFEis4uUeZuqLQgE1WVASR,0.001,42.5625,0,1119761,2023-10-17,2170961,2027-11-09,DUE_2027,DUST_WHOLEBOX_CLAIMABLE
8418c319f169e631f3ba9e01d01c5961bae50103c5595e6f71a5eca09f1d81dc,9gZ8UZ8feiJkcTjkNB8jhKtYJpv4yWfW2kjov1KLUv4kTj8Ht1t,0.01,182.625,0,1120026,2023-10-17,2171226,2027-11-09,DUE_2027,DUST_WHOLEBOX_CLAIMABLE
dfe5293ece5a274c57d5181b1f8a3cde142a5bb326784927724d26f2b3011e89,9gZ8UZ8feiJkcTjkNB8jhKtYJpv4yWfW2kjov1KLUv4kTj8Ht1t,0.01,9.37372078,0,1120079,2023-10-17,2171279,2027-11-09,DUE_2027,DUST_WHOLEBOX_CLAIMABLE
187ef300cfe7b3ef43bd42f1db0e2174da535b5195b52dae071934acc91238ae,9gZ8UZ8feiJkcTjkNB8jhKtYJpv4yWfW2kjov1KLUv4kTj8Ht1t,0.01,2146.4761564,0,1120103,2023-10-17,2171303,2027-11-09,DUE_2027,DUST_WHOLEBOX_CLAIMABLE
e6e9f13f74f1faf0b571388577a361992633210b912a3bc6d065863a047f7056,9h2FcqTqkrod5bcWxafRQhgHA6sGdUBVwCoDckHwu6f7X4BB7Q6,0.01,25.59375,0,1120239,2023-10-17,2171439,2027-11-09,DUE_2027,DUST_WHOLEBOX_CLAIMABLE
bfcd941be1d67a8ee44bcfccecaec624f3af3b5ee129d3bffae7c8e27b42d621,9fkHoL4fBA3EcehP5RgWkK4Hid2BJdp47vSqQahXVFW3fBQo2LN,0.01,48.41582684,0,1120304,2023-10-18,2171504,2027-11-09,DUE_2027,DUST_WHOLEBOX_CLAIMABLE
aa79d443d740651511569880f9d05b0e71606251adec8c26173c1e7324391f67,9iHoqPJ83GuaA7YsDpiGcTfkPvpioavqCh83oE4Mh672e8jsFqq,0.01,5.4375,0,1120312,2023-10-18,2171512,2027-11-09,DUE_2027,DUST_WHOLEBOX_CLAIMABLE
227acdae6d5974f87d3f05905211db5f459866de1c19ea03ade0ee43438328e5,9hfboyFY4iD75HmWxBhtF4XDZoMCPdG11zJvk3M73GprkJveNcq,0.01,35.25,0,1120504,2023-10-18,2171704,2027-11-10,DUE_2027,DUST_WHOLEBOX_CLAIMABLE
1c691a9a39591306242bedc8ce12f93fd3da2f71bad421400e30b0ab2d1afc75,9frhtcAfNNDzGWpgtHSDg5fzowDQMwtVz9AKfAjXx3Whv8dVJSM,0.01,181.125,0,1120783,2023-10-18,2171983,2027-11-10,DUE_2027,DUST_WHOLEBOX_CLAIMABLE
131cd77266e799aca03faf77b6eba9b014dbd5f637a06069d799f252278c87eb,9epbXM2z9PMVVXfVTtDcCK5N9zzW1wQJNJHiBJP6t7uSpcrrQJA,0.01,0.9375,0,1120841,2023-10-18,2172041,2027-11-10,DUE_2027,DUST_WHOLEBOX_CLAIMABLE
d48c2f38bb45f1c9817ea867de0185599c32fee7870154dcb7ef50027c636b2c,9eu1UQLYckA5WRvBKu9DV7XrJAdzTr8G5Qr8Yp7VTch4yjzK3Si,0.01,47.51090507,0,1120845,2023-10-18,2172045,2027-11-10,DUE_2027,DUST_WHOLEBOX_CLAIMABLE
2feac6704cd9c2d2e0c4e20d88eed208e9348183223bf4cb830efa36fa6d8d88,9eu1UQLYckA5WRvBKu9DV7XrJAdzTr8G5Qr8Yp7VTch4yjzK3Si,0.01,8.25,0,1120847,2023-10-18,2172047,2027-11-10,DUE_2027,DUST_WHOLEBOX_CLAIMABLE
222316b06e8119d68f3529ab14b394dc61366a56ad3dc1f7ac3f20a620bade34,9fPnxf49sDdHgXX4uVoqonkJF6fAUsfyJXkbu9vNRePxRB726Nt,0.01,49.17643098,0,1121103,2023-10-19,2172303,2027-11-10,DUE_2027,DUST_WHOLEBOX_CLAIMABLE
b3d6e2ff6aeb02ed373523db4c3536c6de27df2da7c1870d27fdbf3da9a6eb72,9heixzXqrSbnojXrTnzRzzP2EZMGzmiqPRrLrsr3efb7SQxeyXX,0.01,16.6875,0,1121287,2023-10-19,2172487,2027-11-11,DUE_2027,DUST_WHOLEBOX_CLAIMABLE
bd9174c8669706dd1619734e49459ab9d667abf027a6753f3e07d1f392507055,9euJX6YUiJ8u4ap3jrYWHHVYz9NfYsdup6ecrKjAwyXgZ74Zqbw,0.001,84.3523007,0,1121315,2023-10-19,2172515,2027-11-11,DUE_2027,DUST_WHOLEBOX_CLAIMABLE
81eb493bedced307773ebb1352ac55a615be14873a7d73d4d088a5567b44a3cb,9g7zBtRaCUj815XzFsDMJQBtn9zysCrsq73Rqkf6SDEfeA2c3Q4,0.160849218,0.20444799,15,1121608,2023-10-19,2172808,2027-11-11,DUE_2027,FUNDED_RENT_WITHSTANDS
9a6418e754aff9cc9d446803906bbb7569cf963bc612aea2d1ca62edbdd09fd7,9fhiNuAmuryPuuNQ5wuoS81mMrFohEJUnYVRe9uEU4trm88hCBA,0.01,13.03125,0,1121680,2023-10-19,2172880,2027-11-11,DUE_2027,DUST_WHOLEBOX_CLAIMABLE
e2f10f2edfc0069006105de362250a04070aa00806ea1a9e5081a9c6c912a7a6,9emvQ3ZXsweRXfA6oXJUhtKHdBbD7m16JY6qGpyaAinuMkRSrrK,0.01,4.59375,0,1121770,2023-10-20,2172970,2027-11-11,DUE_2027,DUST_WHOLEBOX_CLAIMABLE
04b9ba7916cc6e0384a77f1f2ffb34c6a7fdb44dd3a1090cf26f2880e2fca440,9fJYbY2G5XCmsHrHQhdGoBtSKhGQ1BU4mMQ48GnnkcZinCk9MGa,0.01,2.0625,0,1121800,2023-10-20,2173000,2027-11-11,DUE_2027,DUST_WHOLEBOX_CLAIMABLE
e8bb18f87dd329430e88ee7baa462a4eef65ba81305c58678e47fa135348b97b,9hHhSjLnz2N55PGx5VLkvuTPKg3bcrmHdFJ72KZWLyQpFAGdKMa,0.01,105.0,0,1121820,2023-10-20,2173020,2027-11-11,DUE_2027,DUST_WHOLEBOX_CLAIMABLE
985c5f03f023636c82ab984090d814496ac89cfd43e792439559a52c25c9c1c4,9gEsGeTxt9ekkuQJtZ3L6WuQwXaMWaDqY3Rv2ffB9Si5376f246,0.001,0.05838465,1,1121835,2023-10-20,2173035,2027-11-11,DUE_2027,DUST_WHOLEBOX_CLAIMABLE
1a86a0dad5684902223b12aeec20956d2f76afc05e952fa48bdb39916164d3da,9hwURiX8kCtJ7wWG8o8z7j7wLiCPBWTKhw7znSMkMrC9dvSL2v9,0.01,3.75,0,1121859,2023-10-20,2173059,2027-11-12,DUE_2027,DUST_WHOLEBOX_CLAIMABLE
d305ac3fe343ecae463b112ff5e1ff0afed633766bd6bdc089e7ccd557f95f2e,9gzxsu5Kozx5KUP5W2MpYgpBzfBZk1mbdcDk62EdhitXMvTuU52,0.01,15.75,0,1122008,2023-10-20,2173208,2027-11-12,DUE_2027,DUST_WHOLEBOX_CLAIMABLE
ae4aabd55d9056aafcd144d64d6dd4715b8d1dcf29756c99119bc8e847986e19,9iJL8KvojmELgsdx3rY7AdJTHUutYebKmwUYWU3euDWo3LQ8CBH,0.01,5.71875,0,1122061,2023-10-20,2173261,2027-11-12,DUE_2027,DUST_WHOLEBOX_CLAIMABLE
149b68e287dc76a877a95d559a2f66c502d94a55b1e734a4a1c3c63ffb8b410a,9fcH1mBQ5PhWSAxCGxCDeV6WhuePUHGHwqgMwrprV2tdiQEfgBj,0.01,2.90625,0,1122157,2023-10-20,2173357,2027-11-12,DUE_2027,DUST_WHOLEBOX_CLAIMABLE
2ac6e9e760c91dc3e6f36eafa5af11075c8fe294457cdf8b100cf8e2d8ee94b5,9iJ2tgHUpBHVYFhwxGor7cdgBX5jfzrp3azVtZX5ZLxjwvV6igy,0.01,48.1875,0,1122355,2023-10-20,2173555,2027-11-12,DUE_2027,DUST_WHOLEBOX_CLAIMABLE
2c43a43146112126aaa37fa8dd08a1bc5da513fe2da99162095692faf601db7e,9hQnhazLQA33iYdKrJLohQHeTrkq3vxQBBugJmfp4yQTTvKt7bR,0.01,169.40625,0,1122604,2023-10-21,2173804,2027-11-13,DUE_2027,DUST_WHOLEBOX_CLAIMABLE
915d6d312e3c545eed1912a750e4fed3e6b6d224e017fcfaaa5249560c2ba83c,9f1v9FJvktQCz3RPXPdKeBqF4ug9RcNiNY3mQv3ksuazGHSofx8,0.01,19.5,0,1122999,2023-10-21,2174199,2027-11-13,DUE_2027,DUST_WHOLEBOX_CLAIMABLE
8f1f22396fa39d55cec3038d684e77e5ba55f5fc581e116f010dc753b918a6a9,9giWed3MQyP5N1DkdLpfh1FbkHq2zKyEBrW6fPMxgRmn8NXBVJd,0.01,4.875,0,1123001,2023-10-21,2174201,2027-11-13,DUE_2027,DUST_WHOLEBOX_CLAIMABLE
43bf11807b5d8c59c76d08abb93026976593207ebd8cd5eb2bc8dc1be59da3c8,9h8wc1CEb8bvvVDSi3jiZt7WwCjazZKJWiGbcTDPze7x47eBJKm,0.01,38.625,0,1123005,2023-10-21,2174205,2027-11-13,DUE_2027,DUST_WHOLEBOX_CLAIMABLE
3673903edfe17e32aead2aa3e05612535898c9334c03ebf2d8f2079e084359ab,9fio9o6wbcvaSZM6JuZq4JvGM4XnBBh7RYHaHNhJysoZny7MawK,0.01,3.75,0,1123019,2023-10-21,2174219,2027-11-13,DUE_2027,DUST_WHOLEBOX_CLAIMABLE
ea0c4cea982f61e542eb5460be469ef9a47cac4577074b6a0f017c80bf918f11,9fJLyYW7f2mAvjDNR27xQFXBuJt2xyasaRLdzsEMq4k5RqtQ2we,0.01,119.8125,0,1123031,2023-10-21,2174231,2027-11-13,DUE_2027,DUST_WHOLEBOX_CLAIMABLE
edef02588bb346fd38b2aa2ab7bbe3ecf25562558de0f3d38ae1d49df4db93fa,9gx8EzDqJX8akbXTt5USVh4QrMZKzUtJC8HizzZVBa8EEJjC91i,0.01,29.34375,0,1123036,2023-10-21,2174236,2027-11-13,DUE_2027,DUST_WHOLEBOX_CLAIMABLE
67a5750ab69412f4e151bf5b622df4d338f890decf9b9b1034e74a9e744f4034,9hP6y258HX9MB9ytoFDVYstCeoNvc38kTEfv8XsR5LVnuZ1yvmQ,0.01,16.40625,0,1123047,2023-10-21,2174247,2027-11-13,DUE_2027,DUST_WHOLEBOX_CLAIMABLE
6db2db656abf621554d7e2f244da8ded5afdb6c66cef57555a3ccf7bd5f42937,9gs5kKvv8L2aBhUYesm7f1KFrJaAYr8ETUeQbXGitDqf7o9SNrW,0.01,19.78125,0,1123049,2023-10-21,2174249,2027-11-13,DUE_2027,DUST_WHOLEBOX_CLAIMABLE
48a1db104558d7ae054942063f132cb1a10946f219a27c2ad4655f20519c3726,9hDGTCaKXW2YHnUfVsJtDmLHFcsKHJZWp1BwbYvSweFQRzfD6NK,0.01,50.90625,0,1123065,2023-10-21,2174265,2027-11-13,DUE_2027,DUST_WHOLEBOX_CLAIMABLE
a11de9c8869a1062d1c561df7af2c039c385877487dd02945393810c768d83dd,9hYHt1uRJXtL2c1pPgJxrg2ESLfb4ctJBHT7Nbciu4hXm4FRMoo,0.01,55.78125,0,1123074,2023-10-21,2174274,2027-11-13,DUE_2027,DUST_WHOLEBOX_CLAIMABLE
67f4dfab86fcedd5eae746059de751fbdf3bbfb8b6410b0a43039209802bb187,9hTT394ByVwgYbbeB2N769S36xFWDeZfaFnUhKUuXZUeH841XLQ,0.01,51.09375,0,1123077,2023-10-21,2174277,2027-11-13,DUE_2027,DUST_WHOLEBOX_CLAIMABLE
190264848dfee7d989cfa7811665648a09ec40a68616662c722d4a2b4d9d1b02,9i36rvB7xVKyZsZ1NGQbsv9ojYmxMRAwYESWMCDShK2rCuRZMAT,0.01,11.0625,0,1123095,2023-10-21,2174295,2027-11-13,DUE_2027,DUST_WHOLEBOX_CLAIMABLE
56d65cbe83fae13774313329f08b6ab704d72731941ddc054de8e2f4e5eac5f1,9fLiECiBPxaTTnVPFL5YXovoUB92jzDAmQKFPjYsGM8y5KGfPUW,0.01,1.5,0,1123125,2023-10-22,2174325,2027-11-13,DUE_2027,DUST_WHOLEBOX_CLAIMABLE
ca7145f88ce7078505fdb537d3801409a7d775a999ecfa8fbd43249393a11fa8,9fQwEbasvoqdtXXhUjjXcLdEii3ZhxAV29hXrj76Btx2CVcRvGN,0.01,5.71875,0,1123147,2023-10-22,2174347,2027-11-13,DUE_2027,DUST_WHOLEBOX_CLAIMABLE
6276ac24896785c9eb45574428a008894d0e9a1f03487e2006bfe91055b0403f,9efdhRJb7Xnv8teHiWwf2AU5AEVDsppwDC97cVKtfd2EBHjmxVg,0.01,3.1875,0,1123171,2023-10-22,2174371,2027-11-13,DUE_2027,DUST_WHOLEBOX_CLAIMABLE
92c1a590d07654163e611af42bfdea1bc9ff0f0db2beff82badbbf072128effc,9hjctF6W4jKEt14JaCd4As8EdVyZE6Au6LCiEoXHEwehDQMJEem,0.01,1.21875,0,1123208,2023-10-22,2174408,2027-11-13,DUE_2027,DUST_WHOLEBOX_CLAIMABLE
f74e205b06e13135c6386095651ad57859853681eba32c06bbeb61cba9d32642,9g2gxfAfa7jEY4AkB7j3iASifLt52evubzoBsAWsubJaXmAkcyp,0.01444,9.02040531,7,1123220,2023-10-22,2174420,2027-11-13,DUE_2027,DUST_WHOLEBOX_CLAIMABLE
fd60857b341b2103c00c94feb33ff9acacc07c4574dd888b8d77fa3a1d664b9f,9h3QFm5y2p1EF1s8H7zNohXhb8gmbYmcFSg63mZGouAtxMP1qwm,0.01,47.90625,0,1123252,2023-10-22,2174452,2027-11-13,DUE_2027,DUST_WHOLEBOX_CLAIMABLE
546cf3ed119a1581b2d5fc351476a0c639ca2b8043bd68e02a378b9b5b7e3164,9fmuDLXumkaoWm2uidCditYRew21WAV8VguybJGSLSUcMkRMFLc,0.01,3.46875,0,1123312,2023-10-22,2174512,2027-11-14,DUE_2027,DUST_WHOLEBOX_CLAIMABLE
5a42b5129f6a2d6c113d99f3bbb7961ce7a01ff4fb5a783de35f45e825501c7a,9hc6vMHHcxJJkf8jHohNybJJ1EXpevurH9m3bfrLdE8h7tJECjK,0.01,45.375,0,1123334,2023-10-22,2174534,2027-11-14,DUE_2027,DUST_WHOLEBOX_CLAIMABLE
1e7a87d624972eaaf993334ad3e10dd4bc9518b1b6deaf4565af5e8c5af410b2,9ectYMxfeAQNrW94Upf76AY6L6LwTo2qg1ksVBnEYkTgEuWrL1T,0.01,15.0,0,1123336,2023-10-22,2174536,2027-11-14,DUE_2027,DUST_WHOLEBOX_CLAIMABLE
ffeef1c2081764289e1f2038ebf96b1112a200a934753c81f67f7ea8d3c87679,9gvZa4BDMfPUthh5GYje34BL7aFkVNFE7kbXUcb7iDRWMV7Pb3W,0.01,28.78125,0,1123383,2023-10-22,2174583,2027-11-14,DUE_2027,DUST_WHOLEBOX_CLAIMABLE
28fece9a7463e91672f3ff016fde59254af195f2a57845bc4f071be509d07417,9gjFfnqPNuzK1DS4mNEd17RUFrszfadXbn86oaca58rLA1W2fAr,0.01,11.34375,0,1123483,2023-10-22,2174683,2027-11-14,DUE_2027,DUST_WHOLEBOX_CLAIMABLE
03175a6428c5844a8cf2269820499a0c047de4560188376632cd549cb53d90ee,9hhJepwauDPw31v2PUXFvihmA4JCi2gUzZhA6sCpo8uM61TJEpn,0.001,94.21875,0,1123566,2023-10-22,2174766,2027-11-14,DUE_2027,DUST_WHOLEBOX_CLAIMABLE
93d4c7019b2e05fb7aa2fd14ddba944ce6a04898edfa4e38ccd65e13130059bc,9ev9D1kT5UdKiauNuRn9wUqkSWn7tk3RgZZRzEmwjz1A8Pj29Vn,0.0496,2.0,0,1123579,2023-10-22,2174779,2027-11-14,DUE_2027,DUST_WHOLEBOX_CLAIMABLE
9b1670b6f4f9dc0c5998a91861d4e9ac4dc9ffae4e56939210721deb96377403,9fyAxT2PwyVu8AvDGx2CYjyrtbLpRkGXrPzcxKd2bHUZFMwzHw8,0.01,9.81115263,0,1123582,2023-10-22,2174782,2027-11-14,DUE_2027,DUST_WHOLEBOX_CLAIMABLE
20b7b72feb74a93a1a15b381ac292a23f5daaedd6708729f750066d355a0faee,9hPCLVqFc78hXjsWheQ8y9ANBmdjRQVB6Q5Cm8kCrj1dwXyvjcn,0.01,7.03125,0,1123591,2023-10-22,2174791,2027-11-14,DUE_2027,DUST_WHOLEBOX_CLAIMABLE
0bf428f9344678c16f2cf38839d85ad1e6a0c205b336a78b8e190d30cac059aa,9i9w4P27fF1eV1148n3DEtYD3ibfc6aSJVee1e62UPuzUeyZb63,0.01,66.84375,0,1123602,2023-10-22,2174802,2027-11-14,DUE_2027,DUST_WHOLEBOX_CLAIMABLE
2b0857b65d6f4589bc185435f9510782ab284f545b3e8124b3f19c0bed8d98ba,9gjqGKeUQMY5yhcogx6XkjFJ9t4s29s6rrNwyUsVFp8MGyuTyte,0.01,19.03125,0,1123621,2023-10-22,2174821,2027-11-14,DUE_2027,DUST_WHOLEBOX_CLAIMABLE
608384a3210bdc3fe1a3f0fc602209283f2c375596cd708c8e27efed6f3657a5,9hTeHYGtLConvRH1PQcaY1aiodetWLJdVHkxd5QzmVn3XW8ooHd,0.01,13.96875,0,1123767,2023-10-22,2174967,2027-11-14,DUE_2027,DUST_WHOLEBOX_CLAIMABLE
9aaf5c48fa01051c7b122b7dc4fda27d77d293d4330c57694749abf2d0c39bc3,9gCEJRwDf7Cw5Q13o55EZCqkGqjD4CaGUpidtkko1XYmaUQxfLX,0.001,34.96875,0,1123823,2023-10-23,2175023,2027-11-14,DUE_2027,DUST_WHOLEBOX_CLAIMABLE
eba07e7515ce72e886c14eefb3c5ea456cefef5cef38c166b95e84af9c19d88a,9ffzbyMxY1b6M95cqBTsPEYERH8jBkJ6v9uZMS3Bv1goExbWXzu,0.01,13.59375,0,1123847,2023-10-23,2175047,2027-11-14,DUE_2027,DUST_WHOLEBOX_CLAIMABLE
98654dfc349dc630e1c30e198f0a79ce1a97409649f3da44843d7e25eee24426,9fsiULbCSoqMBewuwGUfmGvvdqitBsYG5ZpefC2pHTfMrh7sqhC,0.01,18.5625,0,1123880,2023-10-23,2175080,2027-11-14,DUE_2027,DUST_WHOLEBOX_CLAIMABLE
c6dd1d4ba6647e4f2d420f678a2ceb0bfb4dd2f5a42f1cd24dfdf897c7cd2d60,9gBn55v8PyXLX3je1H9L9Mkd4xJFN4gy9ehWkJxjNN2kWdgAfsb,0.01,1480.35770826,0,1123929,2023-10-23,2175129,2027-11-14,DUE_2027,DUST_WHOLEBOX_CLAIMABLE
65880e2338f2bca685f2cb407489772c4a283329ef91a96651f769c73885f87a,9gBn55v8PyXLX3je1H9L9Mkd4xJFN4gy9ehWkJxjNN2kWdgAfsb,0.01,3653.25,0,1123931,2023-10-23,2175131,2027-11-14,DUE_2027,DUST_WHOLEBOX_CLAIMABLE
a2fbd774fa776907479a80089fe5d22fc52cc17f7f4b440e1cecbbdd0620c497,9gBn55v8PyXLX3je1H9L9Mkd4xJFN4gy9ehWkJxjNN2kWdgAfsb,0.01,23804.88120577,0,1123932,2023-10-23,2175132,2027-11-14,DUE_2027,DUST_WHOLEBOX_CLAIMABLE
681b7630bc01aca9cc4c55272a63f2a44559ba63fcef690bb7a6a97b4eeaa60a,9eveqrPqvRX48jUw2SszaxkZXBniPXGzHiundRq7DsG1vcgWDN6,0.01,2.625,0,1123934,2023-10-23,2175134,2027-11-14,DUE_2027,DUST_WHOLEBOX_CLAIMABLE
fef37c5296f0bedee528d5553ab3fec9e6a70c6776ddee231655afabb4c50f90,9gg9St1wtArCfkoF9hy5W6L8CCrPKTNtbxAC7X8qetv3qKUNyuq,0.01,15.28125,0,1124003,2023-10-23,2175203,2027-11-15,DUE_2027,DUST_WHOLEBOX_CLAIMABLE
2c8d965154f2dfe427fba33a81e59ad20c362c75e661a5873a0937948479314a,9ectYMxfeAQNrW94Upf76AY6L6LwTo2qg1ksVBnEYkTgEuWrL1T,0.01,7.40625,0,1124010,2023-10-23,2175210,2027-11-15,DUE_2027,DUST_WHOLEBOX_CLAIMABLE
b964f3ed4ea41cbeff68f2a3e70cf51b79214c0858c465385367c610bf78923e,9fmFeNu2kbCrmyt86ijQGjDYPzc5zdDNJktMt5vmMnN5w3KpHtQ,0.01,4.59375,0,1124054,2023-10-23,2175254,2027-11-15,DUE_2027,DUST_WHOLEBOX_CLAIMABLE
595e8bed9341d96986712d59cb7bbbe6d9d566e0f9b98e9e8c35c90e239a7b42,9gAYxDGhdQ4Am35VoMWvYtHxr3ZNpyQsTmL2U2gFc9MJVrvCf4v,0.01,3.1875,0,1124060,2023-10-23,2175260,2027-11-15,DUE_2027,DUST_WHOLEBOX_CLAIMABLE
938c20987691a53aefdf22cf9f0fd3f35b5dabe5dfe7526e10dd57038c55b0d3,9gN65pidA4x64XovvTBbJFtYJLDpFGfsdzvN1B5NCwk5P4efxVk,0.01,7.125,0,1124107,2023-10-23,2175307,2027-11-15,DUE_2027,DUST_WHOLEBOX_CLAIMABLE
8f6f95c0219f0b459b60a2dba7b67eb25600cbd4328a38bcf9de080eff2e3891,9h1ScjUpeN56LAMAfdt755u8HYHJSfgPDFPVhLK6gtHsnsLjwpw,0.01,69.1875,0,1124114,2023-10-23,2175314,2027-11-15,DUE_2027,DUST_WHOLEBOX_CLAIMABLE
f2c2655b10a9ab11596549d7ba6820b905cc176bcdb5509d00baee0f67329a44,9gEoETyvmowZeDuwEkjHKvCdXvDzR9jwbQguHjMfU5K3pL2jTBp,0.01,197.25,0,1124120,2023-10-23,2175320,2027-11-15,DUE_2027,DUST_WHOLEBOX_CLAIMABLE
4f05b50f881ccf8f086b49a04004ecfda6939fc478a0493be03e0eee5aad08e4,9gEoETyvmowZeDuwEkjHKvCdXvDzR9jwbQguHjMfU5K3pL2jTBp,0.01,31.875,0,1124125,2023-10-23,2175325,2027-11-15,DUE_2027,DUST_WHOLEBOX_CLAIMABLE
c1033e7768e648765885fe03af6d0cf3f5bf638e1ffdc7ede715ab8c8e9bb22e,9h6bEvHGbiHULM72i1Pirkck38ZHowb6JPFTfhzEFJNKzkKKPsN,0.01,87.5625,0,1124160,2023-10-23,2175360,2027-11-15,DUE_2027,DUST_WHOLEBOX_CLAIMABLE
214e03e3180603cb434c123f0981fe8da619a475020f2fea21ad8982af3fbd38,9gipcJNAtucaPK8BApRx2cvGdmPhaeKi6zcjKAY8ckVhSci1a74,0.01,30.46875,0,1124216,2023-10-23,2175416,2027-11-15,DUE_2027,DUST_WHOLEBOX_CLAIMABLE
48e3cd3a8a3b18e33eaea882cc70cfd00d1e2928d4d1a13261a4e16956e8f70d,9g6sRQ1sv21pG3fzZXao3FuU5G6xonC95sDLz2rjzNbXSjgrzcr,0.01,578.64466563,0,1124249,2023-10-23,2175449,2027-11-15,DUE_2027,DUST_WHOLEBOX_CLAIMABLE
32ae292dd99fc42f3b0283902cbab77507b15401ba8cbddf0817f3f4c4ec9ac5,9hgnsPcdZfphfjbpNQzSpAEo5JEMMXAHh2e4SkZYVoE8rRg56hy,0.01,38.25,0,1124252,2023-10-23,2175452,2027-11-15,DUE_2027,DUST_WHOLEBOX_CLAIMABLE
cada92d9349b5032a92f9fa8e0dbe9811def6a1702165044b096a0c69788b290,9g6sRQ1sv21pG3fzZXao3FuU5G6xonC95sDLz2rjzNbXSjgrzcr,0.01,429.77482335,0,1124252,2023-10-23,2175452,2027-11-15,DUE_2027,DUST_WHOLEBOX_CLAIMABLE
1bb125776d09a9349146105956d1ce822547da57fead891c0194bf8d921a85bf,9g6sRQ1sv21pG3fzZXao3FuU5G6xonC95sDLz2rjzNbXSjgrzcr,0.01,429.93535607,0,1124254,2023-10-23,2175454,2027-11-15,DUE_2027,DUST_WHOLEBOX_CLAIMABLE
d178c9832a782d9c52b7331b137ed94335b951a2184b7ded7c879dd4748153f6,9g6sRQ1sv21pG3fzZXao3FuU5G6xonC95sDLz2rjzNbXSjgrzcr,0.0079,542.29108794,0,1124268,2023-10-23,2175468,2027-11-15,DUE_2027,DUST_WHOLEBOX_CLAIMABLE
d7333896c3db1ffe93bc7eaaf95dee2d9e8f20eca142c8d2d415eb6f4c460387,9gqcsQvckds4Bhuinze9rZbhmKJo7AtVQioxLxwrrzy3BETMSWk,0.01,26.53125,0,1124470,2023-10-23,2175670,2027-11-15,DUE_2027,DUST_WHOLEBOX_CLAIMABLE
7e6563fa3ceb0355266876fdacff5e6848a636e71bff0b24c164ca575b517be4,9eZoaxSWjkYHTy7GQkqkhg7xwvfgR5mReZNSvCX8fS2mcVK6fEr,0.001,2.625,0,1124546,2023-10-24,2175746,2027-11-15,DUE_2027,DUST_WHOLEBOX_CLAIMABLE
a33f77096cba0fa30158525a3a8c4b02c63a61bdce50f80c71709a1e26c47ef9,9fb4ncZAkV8egLmw1QWJ3FXhkGCCk9NzDUVSRUGggzobLhrPokU,0.01,4.59375,0,1124604,2023-10-24,2175804,2027-11-15,DUE_2027,DUST_WHOLEBOX_CLAIMABLE
9771779c63835c587a0a556d85556823daf3bdd5b1689e4d164c89994c6b30a2,9fE3GM77woC6QtyZtuyCZwTWhezndjkAPHoRYgy17uLhVzK8xBx,0.01,7.6875,0,1124613,2023-10-24,2175813,2027-11-15,DUE_2027,DUST_WHOLEBOX_CLAIMABLE
ac6dfe6414658cf2113601d1ea634ea0a2f7fdf00e73417ba62c3c4f004125ba,9g1XHZbtqG7aS7VGfdxFxEMKYUCFEwsT541ShTmr14CQn8YyGop,0.01,33.5625,0,1124830,2023-10-24,2176030,2027-11-16,DUE_2027,DUST_WHOLEBOX_CLAIMABLE
3b2593b73f20be07af050385c9ffeff03a7f92507f28fe633fdc98500ee4e966,9foYsYDS8gYre7a42FnjD8d6LohFzBVPcPKuPfrVN62C6RPAYN5,0.01,3.22897501,0,1125013,2023-10-24,2176213,2027-11-16,DUE_2027,DUST_WHOLEBOX_CLAIMABLE
6d9b083254e23083fb64297e5246d42d51ad8565b7a23d704ab4e6a98e7ad18a,9fBf6wZen7Kqg9WbudYMzihg8F6anu6JyV97s6tAsThBqhCRgNZ,0.01,0.65625,0,1125046,2023-10-24,2176246,2027-11-16,DUE_2027,DUST_WHOLEBOX_CLAIMABLE
d945615be855cd2dea9c79d028186f4c316893dacd5d54d6e678a764459d2cf1,9fBf6wZen7Kqg9WbudYMzihg8F6anu6JyV97s6tAsThBqhCRgNZ,0.01,0.65625,0,1125048,2023-10-24,2176248,2027-11-16,DUE_2027,DUST_WHOLEBOX_CLAIMABLE
66ddaa4e6bda7f634991c0f9efc792f1431b597a4c083bec01554203d8e17b92,9gMoDp1WyWSzKUvVfgQ8aTDD8rQXtXv1NKBzVgTazKetGd7VENi,0.01,1.78125,0,1125131,2023-10-24,2176331,2027-11-16,DUE_2027,DUST_WHOLEBOX_CLAIMABLE
3adfa805533d1d3178d4c164dfaa9613ab3d161d9036006298f3662b9f1ca94b,9gtdyNTVfziFsGzH7KNjMcUj4v8MtADx4Z3prg6MWyHCCWz9NJM,0.001,210000.0,0,1126012,2023-10-26,2177212,2027-11-17,DUE_2027,DUST_WHOLEBOX_CLAIMABLE
078424e3f2342ca96685b8318e0020b23ceac6338826ada9b909729a54b682e6,9fSC7pwRCmRV3YoWqoc5CoeS5Fb9rG3Au9hQXkWczfPWuWHny8S,0.01,28.5,0,1126097,2023-10-26,2177297,2027-11-18,DUE_2027,DUST_WHOLEBOX_CLAIMABLE
8ff92c231f74bd8b37061c15c67bffe7b49c1179cbf322e3fadbb755a8bec690,9iKuE4ia6fu6dGdTqBeebuJvgYxpa2Cm469cz9zJGnL1RZNMAzS,0.001,2.60830424,0,1126098,2023-10-26,2177298,2027-11-18,DUE_2027,DUST_WHOLEBOX_CLAIMABLE
c8ad6b0cdd9935ccf3661b62ada596583ad14758f2a9fc278b972c060bb2c8d0,9hv3VdaqAJPV58gYFsgA4Ji4xsMtUy4fRDTxUqetW4jiNJD5NHC,0.01,14.15625,0,1126118,2023-10-26,2177318,2027-11-18,DUE_2027,DUST_WHOLEBOX_CLAIMABLE
8a3a3edfa612156ee80ee6fc1af3134e279c844d1e13af13546e2bf5a0e34682,9gcfNxmWWXdyksECTCaQ5Av6tCqEPAS6RZKSHQmRg2BEYteWJ7Q,0.01,18.66850978,0,1126180,2023-10-26,2177380,2027-11-18,DUE_2027,DUST_WHOLEBOX_CLAIMABLE
3dc1690b4b6719abb5d6f76dff990d80376e8e111615bfe6bfc805341641ad83,9f5NbyaUS7k35Hb2miPfnuuMSZ9GBK1dyzajZ4KPXLZNYdjc3Lf,0.01,28.78125,0,1126788,2023-10-27,2177988,2027-11-18,DUE_2027,DUST_WHOLEBOX_CLAIMABLE
6dc66f8e00ad0b6a02d23d18dfdae53eb68919e631146a82199d821001d8351d,9fzrq3d3napdy9944pCEC9oFM9oLS8Ct35M5pCFWav5hgbsRk6D,0.01,0.66398881,0,1127111,2023-10-27,2178311,2027-11-19,DUE_2027,DUST_WHOLEBOX_CLAIMABLE
f0796e1a4c9917dcb78dcf8d3b1757a3fbb3d910edd449d237b59a994b7d2042,9fGuW3HXjbsVtugSD1kLRX8mXn58WcaQVXqTXK2p5sq6gU6E9J8,0.01,6.0,0,1127534,2023-10-28,2178734,2027-11-20,DUE_2027,DUST_WHOLEBOX_CLAIMABLE
b37da6b41169e2056a076f7bff1b8d6f43360b3656efac01d1475b7614f24531,9gNGayg6GRD2bNx5GWr4DhTEZVcmfaYFKHTSpGKdUL61YhnddxG,0.01,4.34813131,0,1127925,2023-10-28,2179125,2027-11-20,DUE_2027,DUST_WHOLEBOX_CLAIMABLE
2f0084c0ee4ceccfc05a62a16d7e110411b6057bd46be74cc8c304a36956a617,9fthvctLhLFi8RMg4dZbSmZDGsGqC1mo8QpWU7Z6ww1TVuVTfE3,0.01,6.47734429,0,1127989,2023-10-28,2179189,2027-11-20,DUE_2027,DUST_WHOLEBOX_CLAIMABLE
3d115af7a71e2bc2bed258b701e769d8425fa52e35ae3ae47b967c0a6d6651cb,9eZ7JHEGGaUZQXGia1e5ZdC98bgraDN4vvPVW6Wi98qLrntupDT,0.01,2.0625,0,1128003,2023-10-28,2179203,2027-11-20,DUE_2027,DUST_WHOLEBOX_CLAIMABLE
da1627240d8670bfd2a35a3a7959f740003367c0baaddd7ae8dc0466de8da099,9hVKXRzXjZXYoBKNfBrfg2kjpyR5zC9MHj1cLhwQFyvWT9CgZnM,0.01,30.7717677,0,1128034,2023-10-28,2179234,2027-11-20,DUE_2027,DUST_WHOLEBOX_CLAIMABLE
8f0db82ca73e1c6a4fec5f428de4658bab15bb4927d05efab5f8c0d986f4ab93,9hB5SXKyxNpifp6AHu5VHCQ2nLaL8dFivY4jaaMEKbypKrrDwSe,0.01,4.15112571,0,1128147,2023-10-29,2179347,2027-11-20,DUE_2027,DUST_WHOLEBOX_CLAIMABLE
28aee34ffd7743fb5960db1bed5c1dce4efb0415cd12f422eb7607c8377faf28,9gCMqUXjNHSdEkc3WwKkYymgDkTxtvQbRyevLCEbPQeiKvQQDZm,0.01,10.5,0,1128153,2023-10-29,2179353,2027-11-20,DUE_2027,DUST_WHOLEBOX_CLAIMABLE
682e6919ab72ed1cd07f5793b55f78cacaa3d78dc1ef5558d201226628bfa785,9gCMqUXjNHSdEkc3WwKkYymgDkTxtvQbRyevLCEbPQeiKvQQDZm,0.01,9.375,0,1128157,2023-10-29,2179357,2027-11-20,DUE_2027,DUST_WHOLEBOX_CLAIMABLE
24d9162de8716e565d2624231c5399b8ba1636da9fb368fe3c26c2436d04032b,9fSPn8WhLnWXtiV3AeYmKxy6L8GEPxXsip8EuhMru5yPT14HkSA,0.01,15.84375,0,1128813,2023-10-30,2180013,2027-11-21,DUE_2027,DUST_WHOLEBOX_CLAIMABLE
90e24128d8b5ea69428dce5d2a1cc2cf9cd1ca2b519bda13076f0a20db72eaf5,9h1BZbi1TT6gpzSsFJPdrj8tTUfhtCQ7d6AY9ZzTVnTd94s6oxw,0.01,9.09375,0,1128838,2023-10-30,2180038,2027-11-21,DUE_2027,DUST_WHOLEBOX_CLAIMABLE
9f9b2914cd3cab433d529912b39f2042306ff709950197db717cf0c2deecb015,9frFbRJgN6HrXj1YtgvMu1Qyzj4fKrNMUXhqR7tYnPh9p4MwPRA,0.01,670.91294912,0,1128974,2023-10-30,2180174,2027-11-22,DUE_2027,DUST_WHOLEBOX_CLAIMABLE
aa4c2bfe41c3b495c2b618f39ca38cd1c52edf38fd245ef4526f7b2e3dd43cb4,9fSC7pwRCmRV3YoWqoc5CoeS5Fb9rG3Au9hQXkWczfPWuWHny8S,0.01,40.875,0,1129693,2023-10-31,2180893,2027-11-23,DUE_2027,DUST_WHOLEBOX_CLAIMABLE
d961f4689d4ac58c577669230d07480a941066c9dd97de9f1cf31845aef7a355,9erJErEoX42LN8xbghWP89udmBpKN1sMXJKFbfUdchuxGnuwMuM,0.01,25.03184602,0,1130039,2023-10-31,2181239,2027-11-23,DUE_2027,DUST_WHOLEBOX_CLAIMABLE
3834ed7af3689a1986f3cc17b31a6c3bb33c09600da5f0631e380e8aa8ed1394,9eZUoWjjxFMGBpe2VL3HWoTqK7z1U7Fhp3tALeKQDyR6VvwG6sf,0.01,2.47657879,0,1130122,2023-10-31,2181322,2027-11-23,DUE_2027,DUST_WHOLEBOX_CLAIMABLE
e6dcc4c2ff9dbbecff695b3da02b35fc6e36d4d3c7c060aa62799c0954c75a10,9fu8jS7oEkzwvQAZswdZyFy6ufmnKZSNZmiEQjAe83E766j3dd1,0.01,6.84375,0,1130180,2023-10-31,2181380,2027-11-23,DUE_2027,DUST_WHOLEBOX_CLAIMABLE
2e828cebf4a5d5f5d9437075df2f7ae7e14a8d2e92d5641b5ea40c5dc401cb88,9hH99nEnP61rrgLMukZdxd8L1BRbjcCj7PVvjvv53x1Vb1emEEi,0.01,14.70336917,0,1130956,2023-11-02,2182156,2027-11-24,DUE_2027,DUST_WHOLEBOX_CLAIMABLE
3db765119b2afe2255ffef52062d5e7d35ded2203b61031bd3cc47b4b8a249fa,9hhGX43riT1yTCC4Df2WxnXiVCt4F4WT1aqC4qVtddHWa8P17T5,0.01,47.51090507,0,1131083,2023-11-02,2182283,2027-11-25,DUE_2027,DUST_WHOLEBOX_CLAIMABLE
3bf0cf64fef18e834431d3be1a2130dc57f7510838b0c7d1a864b1fef6b1235a,9g1HZuXJWxAqgLrpb4J85kEEFj3EX4esbxgT6piWssVE2pTRko1,0.01,140.4375,0,1131934,2023-11-03,2183134,2027-11-26,DUE_2027,DUST_WHOLEBOX_CLAIMABLE
fc4db194fb763b457f6709c51e55c78dd8001e51f1ef8437e94dde0a4c37022a,9h8LkJdFmjW77QtiL4ZchqGGpmYSA4NYn9y2QCDNunYPCRiMFFo,0.0079,2.485e-05,0,1132570,2023-11-04,2183770,2027-11-27,DUE_2027,DUST_WHOLEBOX_CLAIMABLE
fb31bee4bce1881721c70d7713c6b31ee0f316743413aee1fb9df6783380813d,9hRR4kgZAptLa69qyDdsmBN6TXciUCcm4PB9tk7fYBHG32ZF7xH,0.01,3.46875,0,1132777,2023-11-04,2183977,2027-11-27,DUE_2027,DUST_WHOLEBOX_CLAIMABLE
1bba8129428927adaee7a3d1b9802f33e0f587fabea45e935c522f6eeec3ae33,9hMg13voqsPcGS9eo1y3t5ao54A3iXHjAnVTt8G8evp2nddZEkn,0.01,1.78125,0,1133076,2023-11-05,2184276,2027-11-27,DUE_2027,DUST_WHOLEBOX_CLAIMABLE
8a78842e387235870c344939f6b74457271f6edf9c36b97497a3ed2bf6309305,9fin6ZRTgoFZAYkbz5yjyAtSsDZHKYjDruZcBnHYggAzRoabU4H,0.01,11.625,0,1133218,2023-11-05,2184418,2027-11-28,DUE_2027,DUST_WHOLEBOX_CLAIMABLE
31651011534e592c3c28fe926061aa50c06bfc2855e7df5b5245e5323e4dbf3a,9hpGLBJRDTyKsxb7LMhsZWwXYCZEGdpsnHbpizbBLMwhuocTVgi,0.01,18.09375,0,1133636,2023-11-05,2184836,2027-11-28,DUE_2027,DUST_WHOLEBOX_CLAIMABLE
b294e25465270978262e44aa79454e764ee5775f9e9fa828de022d72c2933f3d,9iBwh6mnNUs5AwAhvKeRyy3P6AmjuevUP7VzoK3Ee9F8g3N9jX5,0.01,4.69683361,0,1133697,2023-11-05,2184897,2027-11-28,DUE_2027,DUST_WHOLEBOX_CLAIMABLE
037d94d1a747e69d2d6a81c3615c8731448ba61e06821747553df052f66c4205,9hP5aez9zdTwU1uMD4hsx4dqctd36SLoaA79ytNbtgS2sB3xZnP,0.01,8.35095585,0,1133706,2023-11-05,2184906,2027-11-28,DUE_2027,DUST_WHOLEBOX_CLAIMABLE
06991d9011390f62e6e283a32f0294ece3a456dc28ef5874ac1b7e6d3ca5bcbe,9hP5aez9zdTwU1uMD4hsx4dqctd36SLoaA79ytNbtgS2sB3xZnP,0.01,14.41273807,0,1133708,2023-11-05,2184908,2027-11-28,DUE_2027,DUST_WHOLEBOX_CLAIMABLE
815d0bcf386fe7f6dd5e0f9a43246b20f64e1027b969bd450c8fbfb1abd4fd1a,9hP5aez9zdTwU1uMD4hsx4dqctd36SLoaA79ytNbtgS2sB3xZnP,0.01,14.25220535,0,1133711,2023-11-05,2184911,2027-11-28,DUE_2027,DUST_WHOLEBOX_CLAIMABLE
c1831f946a4150b4a7a2d31b4bffd052e7e2c43efc8e962abb4541f41664776a,9hP5aez9zdTwU1uMD4hsx4dqctd36SLoaA79ytNbtgS2sB3xZnP,0.01,3.00320978,0,1133714,2023-11-05,2184914,2027-11-28,DUE_2027,DUST_WHOLEBOX_CLAIMABLE
fdf4d897f7017aa85aef767db1e0ee90f459dabf62085e5e5eb29027a171f8f2,9hJB2RLRjuJSRG7fcaaFN1xDsb77vKwPJvzcDZjqNFeGCe5sY7Z,0.01,9.38653522,0,1133722,2023-11-05,2184922,2027-11-28,DUE_2027,DUST_WHOLEBOX_CLAIMABLE
349d4abcebe06a26bfdea9faff27eef54b665173b63de3e97a5607ca94277fe5,9f7ZYDV3hbpSqjcsMEBC8QVpeGbbpnfXhhwfTXLUzekDk4oM5Ak,0.01,1.63073185,0,1133888,2023-11-06,2185088,2027-11-29,DUE_2027,DUST_WHOLEBOX_CLAIMABLE
5e1740ab9a7dbe23aef8b657bb9a42a193aeef86776f1236effdaca411e497cd,9gncCDHfgCFNVh6ok9Buj36LCn1gm135F8Nk5mnD7KMZ1jshMXW,0.01,62.25,0,1133890,2023-11-06,2185090,2027-11-29,DUE_2027,DUST_WHOLEBOX_CLAIMABLE
dac434b0563a5c70da558c5608e6fc4130dd84a31097e86b3fe3a18c8d004112,9gncCDHfgCFNVh6ok9Buj36LCn1gm135F8Nk5mnD7KMZ1jshMXW,0.01,62.25,0,1133893,2023-11-06,2185093,2027-11-29,DUE_2027,DUST_WHOLEBOX_CLAIMABLE
99f0c9d98eb73ec32fe90bfec267fe1df6c13f8d514436450f553cad104e0510,9hH6pMZNN24Sy5vVuHDie3PSXbuSrmgBUyqZhu17LeVZouYAKbi,0.001,9.84459245,0,1133976,2023-11-06,2185176,2027-11-29,DUE_2027,DUST_WHOLEBOX_CLAIMABLE
f91e68b1766a327d012fc7145539a0789bc3039266ae81bb1836219c61a86021,9hbKTUJ861e7t3EBLFExnju2SFuGTHWRV8omJsmcHpk8jYHNhSs,0.01,27.46875,0,1134291,2023-11-06,2185491,2027-11-29,DUE_2027,DUST_WHOLEBOX_CLAIMABLE
239a25d798574facb48ee26ff67191b8677ef2c2f2491988d3b6fc66d3e85701,9hP8gNhFAxfuBNZYiwhni1jPjdDdDdcqB2V3qdU8tCfurGvtvux,0.01,18.09375,0,1134337,2023-11-06,2185537,2027-11-29,DUE_2027,DUST_WHOLEBOX_CLAIMABLE
c89333e6e56fa1b068a6517d4965f7b0f54bb7b6784cd4b5a7142ff282ee6e3d,9g2wUUtV6FHvfFdJ5j4rXfyHPqS3sK9wMG15cwVDmwEgCB1WPBN,0.01,47.59322223,0,1134667,2023-11-07,2185867,2027-11-30,DUE_2027,DUST_WHOLEBOX_CLAIMABLE
045d89c4277142ba2d9621530f4cb3c2ef1065e90179574629e87d38afde28f0,9gJuDsayGguBrgoDe7WeutvhfLpCr1dx3j6gFGeCz8W1ptEDpcp,0.01,15.28125,0,1135045,2023-11-07,2186245,2027-11-30,DUE_2027,DUST_WHOLEBOX_CLAIMABLE
aa46419cda590b98262fe7401e3cb674eb70266b9c93756d701ebe198ae347ab,9gRh4PVPsRG7FFsLKrFnXt4SxUeFmyXPofpH7mYE6F7gPPobEb2,0.01,74.625,0,1135220,2023-11-08,2186420,2027-11-30,DUE_2027,DUST_WHOLEBOX_CLAIMABLE
1184e2508db73a3728317637111c3f5ddc13733efa47e0a652b06423ea5e8eff,9hYH44mLbmgntUkFYgzv4E63RVz5e6Ka2PDgL7h7uAcqQ3Jjyfi,0.01,32.71875,0,1135291,2023-11-08,2186491,2027-11-30,DUE_2027,DUST_WHOLEBOX_CLAIMABLE
90943e725dc74e25057e9817b7a7a90c4b5f358939fb3b52c0f9b5f8bac44cde,9hYH44mLbmgntUkFYgzv4E63RVz5e6Ka2PDgL7h7uAcqQ3Jjyfi,0.01,12.75,0,1135293,2023-11-08,2186493,2027-11-30,DUE_2027,DUST_WHOLEBOX_CLAIMABLE
2a477f22f6a071e28d4daa9345bb91d70f1fa7add4a57ec2af7ee533c5b01595,9hbLW2YGdae1Zhwj2cadMt9tD3JqGejo75daZcvGkCKqgCYcCp8,0.15359469,1.0,1,1135927,2023-11-09,2187127,2027-12-01,DUE_2027,FUNDED_RENT_WITHSTANDS
1b389722f1d5f8bc901933eef22f5ff002d6b42c2dd85bf78d26c9c5dda0763f,9h1hQdFGfk8NQfyzRavrA16Q1c7jmhZA7pxVaSRv7Zxpt22kkwy,0.01,0.375,0,1136105,2023-11-09,2187305,2027-12-02,DUE_2027,DUST_WHOLEBOX_CLAIMABLE
bd371a7eb1a9dd1e3ea7b400cc493e0fa30293ad4d0b33ce4766173f9bcb3725,9guJizoBbybySdfF8x3NyYWAgHC5bR9ex7S6ERRSsGv78mi5wLP,0.01,4.03125,0,1136813,2023-11-10,2188013,2027-12-03,DUE_2027,DUST_WHOLEBOX_CLAIMABLE
f0e815a95e61f628ea411e26950566aab8597c732c8705b23277de9dbb8116a8,9gcfQy17cLgo31LrYSSUm7VBA4ZN7FBuTNEvrnvvasdV8dQtRMT,0.01,21.375,0,1137806,2023-11-11,2189006,2027-12-04,DUE_2027,DUST_WHOLEBOX_CLAIMABLE
715726f8d3748f4dff70a2ca5705798e14c9f927bc91e9d9d909b76c1cd88b48,9hr3xStqWdSBQdXaswu7hw7K1gn6wRja4PsVYCLRU3H68JgEJWz,0.01,2.34375,0,1137843,2023-11-11,2189043,2027-12-04,DUE_2027,DUST_WHOLEBOX_CLAIMABLE
3d0c80cc628d48e2d353654e2fb7e90d487a618bc7472531302e2c437ed9b5a4,9fBf6wZen7Kqg9WbudYMzihg8F6anu6JyV97s6tAsThBqhCRgNZ,0.01,0.09375,0,1138073,2023-11-12,2189273,2027-12-04,DUE_2027,DUST_WHOLEBOX_CLAIMABLE
1e794b793342746a438a91a3962686416b1383ced2c8729e25ac42cecdbf6aeb,9gYLy8V6FUdMxFFXWzx1kAVZwQVRDEDwF7zqNoYtY4hwXwNM5z5,0.01,2.0625,0,1138111,2023-11-12,2189311,2027-12-04,DUE_2027,DUST_WHOLEBOX_CLAIMABLE
9d231990e9dd19ac623b10f554b6c8bd3a589248afdf30a9205b529b6717fbb9,9iNjjLq4FTGhzgVSLGEwrWMF7pkR9kht3tKSXrMY2sFQwSCUz4m,0.01,8.53125,0,1138134,2023-11-12,2189334,2027-12-04,DUE_2027,DUST_WHOLEBOX_CLAIMABLE
1599d257bd74c9c3d8aaaf6a31d6dc59c4bd95279f922f18c49a2e3389bf1f2c,9gprtFZaEfDWNsAxxxUU5nfyGX37svipZ4qQ399kSMwN64zX2hs,0.01,4.3125,0,1138251,2023-11-12,2189451,2027-12-05,DUE_2027,DUST_WHOLEBOX_CLAIMABLE
95f67e3b5ac31fc747b934630f020af2b1bd0c79fccfa8e396d355c159fd112e,9gJWsMdh8bXDBjiC2mRp4UxzhvHMKKJLNvgvCYaDcwpiTScTjwj,0.01,14.15625,0,1138808,2023-11-13,2190008,2027-12-05,DUE_2027,DUST_WHOLEBOX_CLAIMABLE
0622d380edb6c8fe28887ffc60d1c14a63de8f2126e33044cc14bd0893a6eb8f,9fXpbFEcHgcqWpPXtTgC2bkeLDVe8JcGV7PhG6iGcvPDF2YBAZM,0.01,19.96875,0,1138976,2023-11-13,2190176,2027-12-06,DUE_2027,DUST_WHOLEBOX_CLAIMABLE
b8292eb683719a4ac619c5c787ee6190e1945d545d0bfc0243ce4cc7923e4289,9fwC5ATsSyLf6csifuFtnnCodjDgut1oZ6e3Cx2r7szJv1sroLr,0.001,1.46875,1,1139387,2023-11-13,2190587,2027-12-06,DUE_2027,DUST_WHOLEBOX_CLAIMABLE
55b667534c0ab7a4412b8600be00a10571c8112e667f12e3e1eeef2a0fabcbef,9gGXZzJ1Dk2Mabiyz1yJ55QJEJ7mAgKamsRx1DtqdTPiceBuySX,0.01,0.09375,0,1140005,2023-11-14,2191205,2027-12-07,DUE_2027,DUST_WHOLEBOX_CLAIMABLE
b063aefef3d68c084e2d6dd26a770c1c5cce3a7ca456cbe07075fe993d3f8602,9ftsZpMePKqxpL2gHpmQhf6VrpoCHzbxrM3pSqeMYE1NWswvfAh,0.01,2.0625,0,1140781,2023-11-15,2191981,2027-12-08,DUE_2027,DUST_WHOLEBOX_CLAIMABLE
9061b6ec774f450a582db5118f2fca8b0871e30aa9fa415396548633f1101409,9iN9BXKb8bFkY2FrnyzyzGBdapswCsPwtGCESBY2MWBAWbu2daj,0.01,1.90649324,0,1141058,2023-11-16,2192258,2027-12-09,DUE_2027,DUST_WHOLEBOX_CLAIMABLE
f76aceda4622ff717f476462a834e6243dff83eae676a8c60b0b28b02032aa66,9hCaMdG62eXy8afku8tRzLwMWGVWyxb7GJZwqQVAheJVYcXW1uA,0.01,3.75,0,1141059,2023-11-16,2192259,2027-12-09,DUE_2027,DUST_WHOLEBOX_CLAIMABLE
41f317231c6c8f02766186cc770d15595d002ca28707decdb3658a7b16e69baf,9hGUkCe6Nu8evs2tjBo56rgzBaY8WPAEGs8WJe5u81rtjzKG8Fr,0.01,26.17237088,0,1141405,2023-11-16,2192605,2027-12-09,DUE_2027,DUST_WHOLEBOX_CLAIMABLE
854f1d23dc0ce0b1c0633200d5573b49c757c7a8664c92d2d32bf6ffe87c7f8c,9hGUkCe6Nu8evs2tjBo56rgzBaY8WPAEGs8WJe5u81rtjzKG8Fr,0.01,26.22588179,0,1142014,2023-11-17,2193214,2027-12-10,DUE_2027,DUST_WHOLEBOX_CLAIMABLE
1887c2ea78c25384c2eb546bb678b63e9f576e386a8a6bc6db05c4ac53de1197,9ewpML5c8hkem4dxvGs8dXCQ3KUM1ZB84AuV4ayLAs9eziWhyRM,0.01,99.73964762,0,1142026,2023-11-17,2193226,2027-12-10,DUE_2027,DUST_WHOLEBOX_CLAIMABLE
2ac07af9a347ce0a18965364ab3245e16d726fd09617b16df34214770d884a8b,9iEDfMQuwcYEf96CyDsnEHPRDe3iDaK3u1Z3xaVsdi1QjqPmD9X,0.01,0.09375,0,1142135,2023-11-17,2193335,2027-12-10,DUE_2027,DUST_WHOLEBOX_CLAIMABLE
c9b4a181eb4d6102caf42b1cf9d58925b2c104e2251a1580cf85366e9fe892f6,9esvzc6E9i8o3em6xnFqgbLreZVEFo6erMN3qgYsfaMADSaE9am,0.01,0.375,0,1142174,2023-11-17,2193374,2027-12-10,DUE_2027,DUST_WHOLEBOX_CLAIMABLE
60de2cad3bb02403cd34945758dc64a9e6d560dac4f7d8972b13fc2d3f5ad87c,9fNTFtP4dcoUm7zSqtfKbMjk8MEBFQ8akP5nNUMKZu8zPJrWCiZ,0.01,2.90625,0,1142390,2023-11-18,2193590,2027-12-11,DUE_2027,DUST_WHOLEBOX_CLAIMABLE
c65d70cc6bc3729b1b8d9b76a36a6e289985546bd7f4a40af94e75196e706d81,9fvVBmyV6Tdfa1AwigD7ZcaFuRprfZvUaGsgj5NzAzVFeXyfAdw,0.0079,5.22185303,0,1142627,2023-11-18,2193827,2027-12-11,DUE_2027,DUST_WHOLEBOX_CLAIMABLE
1cb19a1ab0598915e16b85ce756a2d65d26e2768a2c48b55080af56fb2354872,9gRAcWowASsGGwRSEj8kiVYG7DFnY9Y1mTHotmjSFxKLs632Vhk,0.01,1.22397158,0,1143058,2023-11-19,2194258,2027-12-11,DUE_2027,DUST_WHOLEBOX_CLAIMABLE
24bc6139e60fa71b768e4e4d7638b33610174bf75059d619aa97ed03c4e54b2a,9fEFyAfLgnfDJAbwhaWaninHc4CoH3ZRbH6o8E8tjPXrbNoX5Y3,0.01,50.90625,0,1143066,2023-11-19,2194266,2027-12-11,DUE_2027,DUST_WHOLEBOX_CLAIMABLE
205e46bc0062f9d66ccef8225f09a14e18319af7a769ed5cbecb658226be6929,9hJx6Tyn34h6FsYpw7a7EocYRZb5W7tg6FssTB6nQ5wr2nuVzTM,0.01,4.95607131,0,1143240,2023-11-19,2194440,2027-12-12,DUE_2027,DUST_WHOLEBOX_CLAIMABLE
c82145c00d9e0602b8f1eddcb85be0564b510c818cb8d4c07d30858cb84cd1c9,9i4BDSAHmBr1Rhpk38vnEFNudywWzmetGmXVc822PHrDG8DTkfS,0.01,281.08608537,0,1143275,2023-11-19,2194475,2027-12-12,DUE_2027,DUST_WHOLEBOX_CLAIMABLE
7e1957b2c7ff213d198025d8a0742b9d1acf9d8aef15533ca0c63e1c4d373c14,9i4L9sFma8D5KtLj9wTxLHcjphpt6YV9ms1VDcUo4eEGTdpwET4,0.01,2.0625,0,1143636,2023-11-19,2194836,2027-12-12,DUE_2027,DUST_WHOLEBOX_CLAIMABLE
b22347649b0d22d71b0e6ed99d87a63942ef260b9f309225545a06c6748c703b,9gB2nqWMptzfebHyeXuE941ffx8scGqtCo4s8Ybn4yAJW9twgpx,0.01,230.10813445,0,1143710,2023-11-20,2194910,2027-12-12,DUE_2027,DUST_WHOLEBOX_CLAIMABLE
0d6100c4d7768e2a6d38f76a9b8a4514e2dce430c9177b1c4276a6924a580f5a,9hVqGaH8KbpXy2azkzwycQ1Epecuhp6VrNeeyrJbhHRspvakgh2,0.01,1.03002101,0,1143821,2023-11-20,2195021,2027-12-13,DUE_2027,DUST_WHOLEBOX_CLAIMABLE
86a06686cdad79a61bf682cc92632090ae115766080b6a0567d68162ae4a9a0d,9fC6n5XamEhKs2mZQjJopbE9L447ztziAbgf8KohfgHhu5TVoDD,0.01,200.625,0,1143835,2023-11-20,2195035,2027-12-13,DUE_2027,DUST_WHOLEBOX_CLAIMABLE
4502ac56a593b31bd609d2a30dac8f62ba8a1554a491802c6537e44810aa2270,9hWQziHqw6ejtCrRndiKgjBDXTFbqPz9KPKbWU2Vu2zu3oErPs6,0.01,12.3888667,0,1143953,2023-11-20,2195153,2027-12-13,DUE_2027,DUST_WHOLEBOX_CLAIMABLE
d3fe6494024b92290efbc570f462401e41858991d2d738f4fae147a621586767,9fYkzvXJke2xx4BaPjDbD1wNGFDfd7YtBDxrT8s7ieCNzRo4VoL,0.01,6.84375,0,1144343,2023-11-20,2195543,2027-12-13,DUE_2027,DUST_WHOLEBOX_CLAIMABLE
68caf33c8affb196e959aa96af6bda8412e4e9e428d1cbf043175398a6afe6b2,9eZBxUJci1ED33g5DoRYrpobnyEGMhsUmdbM4Uovuj3ThTfAfaq,0.001,2.99488,0,1144690,2023-11-21,2195890,2027-12-14,DUE_2027,DUST_WHOLEBOX_CLAIMABLE
df37e242213571e5af5d93ec01be4522ac745a9346183bd4cf388ef9e6e32f00,9gd4ikyR2kfeaddZgbEHCcLiCEP6ZUzR4cRLBSf1JYmBMmJd1dq,0.01,688.22978439,0,1144713,2023-11-21,2195913,2027-12-14,DUE_2027,DUST_WHOLEBOX_CLAIMABLE
50037be2e4b23f79ca0d893242dedc3b940a6815854a422ef79d5e2f901878df,9gd4ikyR2kfeaddZgbEHCcLiCEP6ZUzR4cRLBSf1JYmBMmJd1dq,0.01,48.41390159,0,1144716,2023-11-21,2195916,2027-12-14,DUE_2027,DUST_WHOLEBOX_CLAIMABLE
a50a12e7b23bf0f5b575344756944d200625a34f81fb06f8b765b4e4fe2f9cb4,9iBBPMKEZyFaJmPuadpK6r3K27kWymrdpWaTB7Xx5hZsUb3pRjw,0.01,54.1875,0,1144857,2023-11-21,2196057,2027-12-14,DUE_2027,DUST_WHOLEBOX_CLAIMABLE
1e527741e720d69349df7b559f908bc05a9ab4c5e196672fc39faa55075bfbff,9gs7hecBXvrz3q8fXAvRL1qwLbzN2YRtdcrG4rF43aNp3L7KS8D,0.01,21.84375,0,1145037,2023-11-21,2196237,2027-12-14,DUE_2027,DUST_WHOLEBOX_CLAIMABLE
9c4bac8585ab4539fc8556e95795d476bb91126d88a89ca6d8f9f00a3b604ec9,9gqCNDoYu5MnzVFQn9W72uEy1rmkwHfEQzrPr4Fokvbce3pNLxe,0.01,1.21875,0,1145044,2023-11-21,2196244,2027-12-14,DUE_2027,DUST_WHOLEBOX_CLAIMABLE
137ce48a90216f9e25ffb35e13081013d253b770311478de05209ea6ee6dd718,9i8DYzLpd468SFZ6TRm23cvpGAPiwZ859rbPwDvdpTfT8pXTwdt,0.01,41.15625,0,1145210,2023-11-22,2196410,2027-12-14,DUE_2027,DUST_WHOLEBOX_CLAIMABLE
1c00520e19621e94899498044b91b94783644bb613f1a1f38283b159d823466e,9gKBnPMeDQC3jJhbYCBJqoze4QWcQFGXKZXJkmghD2LzLfzYd2U,0.01,1.5,0,1145218,2023-11-22,2196418,2027-12-14,DUE_2027,DUST_WHOLEBOX_CLAIMABLE
c6106d45737cccc39765e5db83f249bdac94531271da090bf570783ca5a479a2,9hkR5ekP3pY3Z8P9eQtsVM7sR1DUN5beTARh3iXdmfxaCKeS538,0.01,15.5625,0,1145267,2023-11-22,2196467,2027-12-15,DUE_2027,DUST_WHOLEBOX_CLAIMABLE
c8c0e2107a55e28184eda06047bf62bfdc043dc0e3545f1e286691e9863ed8b2,9hkR5ekP3pY3Z8P9eQtsVM7sR1DUN5beTARh3iXdmfxaCKeS538,0.01,16.6875,0,1145269,2023-11-22,2196469,2027-12-15,DUE_2027,DUST_WHOLEBOX_CLAIMABLE
92ed808873cee58516505615e26236c43eb345dd5d84cdb3665d6c6a090d728a,9ebgiPpyN5h6e6QV9CNTaom18hRzMPKNMRWedjuW76VAnkiMJ9R,0.01,11.0625,0,1145324,2023-11-22,2196524,2027-12-15,DUE_2027,DUST_WHOLEBOX_CLAIMABLE
9b0a3b6a5eb15fb8761d68017ce721963bbcf313df52c6a09963d7133439c813,9hoXpVDTuKzyhPWWcrHyzR7QJWAsgsDYLLyRZokhxod3FRzWZsi,0.01,5.4375,0,1145327,2023-11-22,2196527,2027-12-15,DUE_2027,DUST_WHOLEBOX_CLAIMABLE
881a000743af196fe34653951f02c32f88c9c6c8f32b5c36c0ae4f93c06bfb79,9hGiW3noREVXRiHGsmjEchfopyFkwajUrBAhkW92f2M6X8EUEcT,0.01,2.0625,0,1145500,2023-11-22,2196700,2027-12-15,DUE_2027,DUST_WHOLEBOX_CLAIMABLE
21ee4b6bbd4e5efa18fcc83cf327033a6c5195ec9daf12d1bb874a3641234ba0,9g7Ea7xKpJYUgr2oBaUDPL6fy91Ga4iqZGQjE8shubF7gkUEfzQ,0.007,0.05775998,0,1145710,2023-11-22,2196910,2027-12-15,DUE_2027,DUST_WHOLEBOX_CLAIMABLE
cb1c563428b49c87328d8f871505ddcde7b6ec69a90647901a5ceb9b8ea0ec57,9g5vBsG8P1ZbszvSbHQ24Ry4RebKCv9V1s45euLAXNe8YSM6VzN,0.001,218.0,0,1145710,2023-11-22,2196910,2027-12-15,DUE_2027,DUST_WHOLEBOX_CLAIMABLE
8de02eb15a54a79dd5ccea2fb270658389e56617aef41e9105df435531cac31e,9f4mN9XJAmET8zMSWaZZ8ABkCmbCgfM5FxjaThYjZRhmAb3WwD9,0.01,3.46875,0,1145960,2023-11-23,2197160,2027-12-16,DUE_2027,DUST_WHOLEBOX_CLAIMABLE
3e691b82ff7bb89202a5e1cdba56ac568b1095bbf02f3f3df6dd2933563c1957,9fdfbfnPP1q1kxiJUpUfub3ccCF5U57ULwoHH6BhSTbHXHfKVV9,0.01,1.21875,0,1146111,2023-11-23,2197311,2027-12-16,DUE_2027,DUST_WHOLEBOX_CLAIMABLE
dd0679e53226f21fd5e2a3291e0625373f2cfeb39d1b5fc071c09423a0df2831,9fdfbfnPP1q1kxiJUpUfub3ccCF5U57ULwoHH6BhSTbHXHfKVV9,0.01,48.72827715,0,1146113,2023-11-23,2197313,2027-12-16,DUE_2027,DUST_WHOLEBOX_CLAIMABLE
b0dd8072d871e01a89da139b87b7ac849c500dd4010b0f7a0d60b9a90a7890c3,9fdfbfnPP1q1kxiJUpUfub3ccCF5U57ULwoHH6BhSTbHXHfKVV9,0.01,0.65625,0,1146115,2023-11-23,2197315,2027-12-16,DUE_2027,DUST_WHOLEBOX_CLAIMABLE
685e3e1d83e8cf36e775e394f14381cf10a6d990f4b665e3533b7db6e2c653c9,9fdfbfnPP1q1kxiJUpUfub3ccCF5U57ULwoHH6BhSTbHXHfKVV9,0.01,48.41390159,0,1146117,2023-11-23,2197317,2027-12-16,DUE_2027,DUST_WHOLEBOX_CLAIMABLE
f52649f739894590e30a7a9bc3ec91b60cb20b084ab201f76764b21ed3554e13,9h4nXZ9zJE48NhfpEwsKMiPvVh84Jo1WiT2Jt72XgQoY84vaaph,0.01,1.5,0,1146336,2023-11-23,2197536,2027-12-16,DUE_2027,DUST_WHOLEBOX_CLAIMABLE
87dbb72979b9eb7c61ea8a482560fbd4ddf0c9895cc229442987872746c087dd,9gZZ9WKFG8po1b6q3NSXBjdGW1PF8D8sEK2x2LLQXNnh8ZuFATV,0.01,3.46875,0,1146559,2023-11-24,2197759,2027-12-16,DUE_2027,DUST_WHOLEBOX_CLAIMABLE
9b39bf16d4b419e45110cfb24f7be56a8dea2401de1e16dd7393502f706b6b71,9iJWq9RRK16gGXrpZeSDzmLWqL3LAo2xXxHyjn5JzTXwn1wcnro,0.01,279.07626025,0,1146677,2023-11-24,2197877,2027-12-17,DUE_2027,DUST_WHOLEBOX_CLAIMABLE
7098492553a1f78073b2849bb7c7cd601914e137c6dc69a6e32f8f7eb4a8f94d,9gikRpkVXUCibBpyWFtoytthGRykPDDLuRF4CogbkGyMhfzh9m5,0.01,30.46875,0,1147527,2023-11-25,2198727,2027-12-18,DUE_2027,DUST_WHOLEBOX_CLAIMABLE
b15c93f7f37c44f0233202a57a8d3669c529a5294d7d3d057e9900202eb85442,9iFYJGW1DWJJzDhYVrn7htcUXAihLt9xsGQjHqXWmEUVPTnZnV2,0.001,9.64346605,1,1147531,2023-11-25,2198731,2027-12-18,DUE_2027,DUST_WHOLEBOX_CLAIMABLE
9285976203fa89e1caad0f191944f2a3bff174185433817da7fdd0f0d49e8753,9gtdyNTVfziFsGzH7KNjMcUj4v8MtADx4Z3prg6MWyHCCWz9NJM,0.001,80000.0,0,1148024,2023-11-26,2199224,2027-12-18,DUE_2027,DUST_WHOLEBOX_CLAIMABLE
30a067b6a5cf110214d93ecd7e8ed1a84e3c803d38e33e33aaa8a2e82c68180a,9gSnGnvH9GU3aqRwpJAHAaXwzRrEkTwouCML9ebzM48emBSsyT6,0.01,26.67039401,0,1148223,2023-11-26,2199423,2027-12-19,DUE_2027,DUST_WHOLEBOX_CLAIMABLE
9383afa970c721d8380056379a14d9cef5b80dc13595493d859e4e77697c98ee,9hsK4iCvdYYhFpcMPCDZ8biVdem2qonBU6Z8rFogyg4BpVAaR6N,0.01,7.90365985,0,1148605,2023-11-27,2199805,2027-12-19,DUE_2027,DUST_WHOLEBOX_CLAIMABLE
106dd8df8e9c35fa2dc1fe031d5a025734bb2ec3042ca64f4686170fb65911de,9hEt5UP6TMSs7kbdbfdJoVupnPqCo9eS69H4REJUh24mKpWyPSw,0.01,20.625,0,1148697,2023-11-27,2199897,2027-12-19,DUE_2027,DUST_WHOLEBOX_CLAIMABLE
fb633d6b2d132cc638377f824c1b921e7e6a74541aad4e5dacd05d5c3323349d,9fdfbfnPP1q1kxiJUpUfub3ccCF5U57ULwoHH6BhSTbHXHfKVV9,0.01,1.5,0,1148786,2023-11-27,2199986,2027-12-20,DUE_2027,DUST_WHOLEBOX_CLAIMABLE
829fc32f22c1c92eca6282c6d3f9f3c8c01689d18bc0d54eb72ae687e722a949,9hPSUs6P9TypZo8V8vcJXhY9qdKAttNM9UsyvHAetdu7JPY6ZPi,0.01,13.875,0,1148897,2023-11-27,2200097,2027-12-20,DUE_2027,DUST_WHOLEBOX_CLAIMABLE
f3b8302bec0f787b564a09c902c1781ec13c0644ebd6a971fcc4740c55e73b24,9frFbRJgN6HrXj1YtgvMu1Qyzj4fKrNMUXhqR7tYnPh9p4MwPRA,0.01,139.5,0,1148923,2023-11-27,2200123,2027-12-20,DUE_2027,DUST_WHOLEBOX_CLAIMABLE
ff712c67f6e3fd31ff69195534b880b3dfc32c24896eee1e07737c0e41e64b5d,9hDVFdTkAFBPuyPmNUdqgeF3pd7QGPMsJTk6y6zwEFs58dDnQvM,0.01,20.86251715,0,1149118,2023-11-27,2200318,2027-12-20,DUE_2027,DUST_WHOLEBOX_CLAIMABLE
e8f857b73654e387d382f3579660adc7e4db185577e222f87e36722ae16b1ce3,9gwQo2NtKnGa3iawW69kr7bse6owknKg8pWKRyJhsLbi6z67zVZ,0.01,87.46875,0,1149509,2023-11-28,2200709,2027-12-21,DUE_2027,DUST_WHOLEBOX_CLAIMABLE
14534315be1227ec264d7a6e376220e27b6e524738a05136ac47fa788b5e1b71,9gJJ8ypzF9a9yLVcM8Ma4yTBhkFXdwh5GvwWNzvH5gCxHJ2qrcf,0.01,120.46875,0,1149580,2023-11-28,2200780,2027-12-21,DUE_2027,DUST_WHOLEBOX_CLAIMABLE
2cd6b43b60980f3754c9fb0b38ede2682a4917b32682e49bfb26eff811705b7a,9fsK9gp2jKTgMVkbXHBY78Q2EP9fW3L8isQVGbT7zziyqRAEZqY,0.01,10.88269055,0,1149998,2023-11-28,2201198,2027-12-21,DUE_2027,DUST_WHOLEBOX_CLAIMABLE
e630f4f8140821bfc3bafc63052599cfc374679bd406f2defedbcf3540191e55,9gPoMCJ72xveD2vCr2LQzxnkvj1bTiRtSJJbbLFeskCQx7mBwSi,0.01,6.5625,0,1150024,2023-11-29,2201224,2027-12-21,DUE_2027,DUST_WHOLEBOX_CLAIMABLE
b2e317b6bafb99ae726284f0b6424ad4786f380ee475382d91d74903b14a7902,9hs8N3c2Wx7DysDf4UvNv1T2Ndmm5xNxehtiWQAUMQuJABLJsap,0.01,8.4375,0,1150111,2023-11-29,2201311,2027-12-21,DUE_2027,DUST_WHOLEBOX_CLAIMABLE
a8b620d7b241880d345820051b472cc89ebc0bb9ae0271ff92958ade065b4c4f,9hpeRCqtUP55CDkuB8dmkuCWRVENaKtKuqqRTqaGeB7NEZfQBJA,0.01,1.21875,0,1150121,2023-11-29,2201321,2027-12-21,DUE_2027,DUST_WHOLEBOX_CLAIMABLE
2dca1dc42b198ae9347b47180d01d39959357fb6d46d13b8979ba7b270ea7d32,9eZZPoEE7icbWnfZSTwYDzqnsX3zFftvvWnz5meyYwFvaPbF3p9,0.01,2.0390621,0,1150171,2023-11-29,2201371,2027-12-21,DUE_2027,DUST_WHOLEBOX_CLAIMABLE
0f490a48b31dbc021db066af2e364a6812626fd550ade4e70f87fdb2d40e5e70,9hGwPYgJtj9rTcH1AgKFRYwX135PogcnQrFwngtv27NEcshy5zR,0.01,250.30397958,0,1150488,2023-11-29,2201688,2027-12-22,DUE_2027,DUST_WHOLEBOX_CLAIMABLE
511588c6b700a5b7ff173fb2b5a8c4ff361ab733366cefe92961248ff586af75,9hGwPYgJtj9rTcH1AgKFRYwX135PogcnQrFwngtv27NEcshy5zR,0.01,55.84724158,0,1150493,2023-11-29,2201693,2027-12-22,DUE_2027,DUST_WHOLEBOX_CLAIMABLE
008cdc1c4ea554418a05bff8bd7b9e46043843074f3451818fa484b14cd6918c,9faGUA8cVAL48sQAHjWEnJ5pzYWwLqg4mQwcEW9H4LW63Yp7PYn,0.01,3.75,0,1150632,2023-11-29,2201832,2027-12-22,DUE_2027,DUST_WHOLEBOX_CLAIMABLE
b5677b8d30e5eb32550929ac0ce9ff22f5cd8ab50075447f5032cf7e5a694296,9iCT1tyNgFfajpYYHw1HThGp2wwuEpPVzuCQRHgDrbhBABivYYm,0.01,2.0625,0,1150829,2023-11-30,2202029,2027-12-22,DUE_2027,DUST_WHOLEBOX_CLAIMABLE
17a6c762966c65da56b22aaecf3b5bbbcc28da616e0ae6c9a4ab0f7361ce9473,9hGwPYgJtj9rTcH1AgKFRYwX135PogcnQrFwngtv27NEcshy5zR,0.01,63.40231877,0,1150977,2023-11-30,2202177,2027-12-23,DUE_2027,DUST_WHOLEBOX_CLAIMABLE
2a3e0e739019c6f60038e388b8bbc47f86a91a86fe4a6c6e77559c273b41d7cf,9hGwPYgJtj9rTcH1AgKFRYwX135PogcnQrFwngtv27NEcshy5zR,0.01,50.22859655,0,1150983,2023-11-30,2202183,2027-12-23,DUE_2027,DUST_WHOLEBOX_CLAIMABLE
0c353e6985df44d84fadb57b9bc95b5b0ea6a4c49aed990a57fb423d3763a5b9,9fDbGUZ5JfAns3bCHe8AdXcqUL4EQhq1T7TWmTAtBVha1hbBcUB,0.01,301.07114406,0,1150990,2023-11-30,2202190,2027-12-23,DUE_2027,DUST_WHOLEBOX_CLAIMABLE
e7c8f0fa53d53190107589f4e6164ec70be4ebd53bbd68771c09a1080f8de6d6,9hGwPYgJtj9rTcH1AgKFRYwX135PogcnQrFwngtv27NEcshy5zR,0.01,51.83358715,0,1150993,2023-11-30,2202193,2027-12-23,DUE_2027,DUST_WHOLEBOX_CLAIMABLE
5cc4d266251365de34a282a135fdaafbe608a103191f32267d1442578870b938,9hGwPYgJtj9rTcH1AgKFRYwX135PogcnQrFwngtv27NEcshy5zR,0.01,51.61954353,0,1150997,2023-11-30,2202197,2027-12-23,DUE_2027,DUST_WHOLEBOX_CLAIMABLE
25a03c7373c63ab86ff64127924c6861c8fbc2d52997a4b108a5cb58c2083096,9iHcCJPz1vkbJqFH1HuLrWhCJL2AepRt8aMdtMYBxmw3b7ReE4z,0.01,37.36683839,0,1151315,2023-11-30,2202515,2027-12-23,DUE_2027,DUST_WHOLEBOX_CLAIMABLE
18b28de00c2e588910e6cc3f7c2d15d5a9b59062f79e2c79a534d0a28b5836da,9gyjjcEtnEGt9WqDnkLk9vDyDFnL7J8DapcyRCFQLWji7Vix7Je,0.01,44.34375,0,1151832,2023-12-01,2203032,2027-12-24,DUE_2027,DUST_WHOLEBOX_CLAIMABLE
a5e872b490899dd2fe1dfe537294b5300370dc7e33c69ff4079723dc78274360,9hHqNEu6mUz2Lf7YZSzdCtsQ6SmnctfmVhBcJ1e8WoDtdpkXzxV,0.01,23.15625,0,1151921,2023-12-01,2203121,2027-12-24,DUE_2027,DUST_WHOLEBOX_CLAIMABLE
4c96eea68fc813955a65d3b628202dfbec2ed32c18a496c10499d2d53bbad5b9,9f6tBw3cjqWWz8rxtNd5zuF2vVCPcCh5Thch7fqRn54ZV2kQSsD,0.01,3.1875,0,1152141,2023-12-01,2203341,2027-12-24,DUE_2027,DUST_WHOLEBOX_CLAIMABLE
dd35db8b0a60084254a668a57c85fa6e342ebce41959d003006121589b9260da,9h8LvKMxfSp57XyX9bmhnZmio1YpuTDfFvtts3r2BHS3zCyXtfJ,0.01,4.875,0,1152163,2023-12-02,2203363,2027-12-24,DUE_2027,DUST_WHOLEBOX_CLAIMABLE
016f63e8a7962bc53dcf98b1de75e54796c5168f6b90bc3e2dee43128d71f468,9h8LvKMxfSp57XyX9bmhnZmio1YpuTDfFvtts3r2BHS3zCyXtfJ,0.01,0.9375,0,1152172,2023-12-02,2203372,2027-12-24,DUE_2027,DUST_WHOLEBOX_CLAIMABLE
ca68a08212abc93e8a17de94a1e7e19595f7cf87d4d555ea2a384b5a65d044e1,9fqfZqzG81n4A79YW9WargNeG2MZj4SRmzLAmibJt3L6feLKKZA,0.001,0.8125,1,1152401,2023-12-02,2203601,2027-12-25,DUE_2027,DUST_WHOLEBOX_CLAIMABLE
cea5274e865224c25183c8b05293bafac6c610130769c1f92a19903128e48879,9i5sfMwYKQJ8iNMtzKnAjw8u8QU8KJqMxYQEuAJK4LaXWCEf9MC,0.01,492.89543903,0,1152871,2023-12-03,2204071,2027-12-25,DUE_2027,DUST_WHOLEBOX_CLAIMABLE
3c1b67ea84010b9d551d66f6cb1a205ba030dcf31686d90e31d722c1cd83af06,9h3oFoJ3zetj5khtBbnEy1JDyGQppa7fsjqTK17KYmmVP5AbE17,0.01,4.03125,0,1153087,2023-12-03,2204287,2027-12-26,DUE_2027,DUST_WHOLEBOX_CLAIMABLE
ce285bce36590cf264f60ff8db548d939ca5b472790aa43c40c3c01f078afee3,9h8fTK1qMDrvU7GjLVXh6hT86tnZJyMjNNBBm6Z7zsfZUmKSNJK,0.01,63.1875,0,1153102,2023-12-03,2204302,2027-12-26,DUE_2027,DUST_WHOLEBOX_CLAIMABLE
aadd60a5bd51b0fc83453289aa611007a4d70d66824ec05cbbd61e856e2f0d02,9ghg1p3LZ2dFN1tJf9XtZXRKuPTz8uMwqoxSeDGYd4hiRoC6cCE,0.01,51.0,0,1153246,2023-12-03,2204446,2027-12-26,DUE_2027,DUST_WHOLEBOX_CLAIMABLE
2bbab44112c336d70c622ce5a058dbb7392070aaf2d7f64adf6211e15624dbd3,9haWTZXmbU1EPGzSA4erf4KtK8vLy2mBVWBpiGL1QDTVaF9E49i,0.001,0.25,1,1153347,2023-12-03,2204547,2027-12-26,DUE_2027,DUST_WHOLEBOX_CLAIMABLE
46bdaca6030c2a8d9c2e5d1119f19351e7ab91b09034793c43740c75ad4efcc6,9gCgeeBXKx3yQgGJSSkuhz3uMJpftkw1S4HNhQ4YcEHUL3K2qkx,0.01,5.71875,0,1153629,2023-12-04,2204829,2027-12-26,DUE_2027,DUST_WHOLEBOX_CLAIMABLE
c20ede3e6cac0bf90fe9fd2f8ee02c3c0033b483646dcee4401b9dc6ad746f8b,9hFJG43Lvx8FmDypqii64un6bKuP6v1ZvCpsuBbSaftThhJhxJs,0.01,8.25,0,1153696,2023-12-04,2204896,2027-12-26,DUE_2027,DUST_WHOLEBOX_CLAIMABLE
3642b35508779e99e44627e635aec30003d8259a9fc9aa7358baa1fb7ee804f9,9hSZfkfrWzpiAxqPSAuvYr7JCoQ22F2KP9H5bDePtEUeLbXQAsQ,0.01,0.9375,0,1153710,2023-12-04,2204910,2027-12-26,DUE_2027,DUST_WHOLEBOX_CLAIMABLE
f19a2c4fb41b7c447df34b00fdf683e2eeaaf55d13c06bdebe8700e2fba70b7a,9f7twVB2RKM99K9iaYHQRQ5CUzL8MmjyuDSRkdfLCD4226KUP3s,0.01,2.625,0,1153871,2023-12-04,2205071,2027-12-27,DUE_2027,DUST_WHOLEBOX_CLAIMABLE
5520df3e9b3d726c95e5af3b6eb0ca4bac0b1ee2f3074aaebf585b5dd2a9227c,9fbxvJDTJiZ6GZJyHhnguvKzrxHqk7EAYdWWKhBVb4yJrddZU9f,0.01,25.6875,0,1154106,2023-12-04,2205306,2027-12-27,DUE_2027,DUST_WHOLEBOX_CLAIMABLE
cb011988856121690b6b1c5d1a855eb0d951bed6437b612015f136693e7c3734,9hNSPz58dvWq6QrfPUivB7SbM5fLFFGLvqya94JvCubyUJ7U9aw,0.001,3.75,1,1154116,2023-12-04,2205316,2027-12-27,DUE_2027,DUST_WHOLEBOX_CLAIMABLE
05c397b0d7f6dd6f44976b3f377b5802ee1712616d312650eebaff3e541ca034,9evBQJE35isUg55JeLC3und5Puo3cpoHThe5DyfVyAtgvm1LFZu,0.01,0.09375,0,1155073,2023-12-06,2206273,2027-12-28,DUE_2027,DUST_WHOLEBOX_CLAIMABLE
9d4ed859fa9b3f410e5be2bfefb4177ab111c5fa7ccd8003fff23206bba34c98,9evBQJE35isUg55JeLC3und5Puo3cpoHThe5DyfVyAtgvm1LFZu,0.01,2.0625,0,1155081,2023-12-06,2206281,2027-12-28,DUE_2027,DUST_WHOLEBOX_CLAIMABLE
aa3bfc1dc0b53b1c4ba2e44381b57eea39888421a895da23e81cb6aded55e044,9evBQJE35isUg55JeLC3und5Puo3cpoHThe5DyfVyAtgvm1LFZu,0.01,0.09375,0,1155084,2023-12-06,2206284,2027-12-28,DUE_2027,DUST_WHOLEBOX_CLAIMABLE
56d090a1ff0d382f1128648cbc04cc109743c2e14b462a5a17d15b47ce9b4933,9fS8N51P5qfQozNBkps1qfrXgEGC2iyaxVG8BMFLP1A4TPBosH8,0.01,46.21875,0,1155120,2023-12-06,2206320,2027-12-28,DUE_2027,DUST_WHOLEBOX_CLAIMABLE
d4da482652c6b348878194f68ea83af5be2587ddd7e6a2ff4f7431a0e9dbb5f5,9gCDDkhRX8oCubYpPvWtT41V8xZVs3s7x91X6JZ3kSQ7P9bqrJL,0.01,19.42007625,0,1155307,2023-12-06,2206507,2027-12-29,DUE_2027,DUST_WHOLEBOX_CLAIMABLE
c710b7b568217290e56c9cf1899bf7c830d7eea32ae5bec799e9e2fe94abed71,9gToRW8nryzD4Rbjy5RrsMQgf47ryAbpKT5qaVxQgYD28v2DXHj,0.01,7.6875,0,1155897,2023-12-07,2207097,2027-12-30,DUE_2027,DUST_WHOLEBOX_CLAIMABLE
2d13e5d9bffe4a34fe3e2adca36a8c906f6ad68c5118270646e67c38a7e79ce1,9fhGhLjSyZooCVbg5SDt5L796JYjx85nGfcy7v74Py4y2ZyTHte,0.01,11.0625,0,1156108,2023-12-07,2207308,2027-12-30,DUE_2027,DUST_WHOLEBOX_CLAIMABLE
ab02339297d7a3307dd5b4969399c3b92fb361d94ad303a0b9c3ce9adff1c598,9fHZ51JFSBudJA1JAuCS6EFEgKV5RHh2B7DkaCa2rV5WJNhheai,0.01,5.71875,0,1156405,2023-12-08,2207605,2027-12-30,DUE_2027,DUST_WHOLEBOX_CLAIMABLE
9c6562269b10fd9c0c27c2960d85c459d156a1e739489c64e4ea35614b073414,9fZndkYPtWbScpGd2QRN71qPXv3erx675QrZx3C2GYTvRTHj4yi,0.01,2.625,0,1156691,2023-12-08,2207891,2027-12-31,DUE_2027,DUST_WHOLEBOX_CLAIMABLE
847d31bc314b8f11aac9d364ef99c36cac5ab28edcc02fc71152e3a656984113,9fWFG7wtkHfrmdgxb3tzSnKKU4TXufhLLUrT9nPdSmxw8jH6GCz,0.01,56.0625,0,1157357,2023-12-09,2208557,2028-01-01,DUE_2028,DUST_WHOLEBOX_CLAIMABLE
16490c860f527b9b9b7cd72e6c2c8a2b894efbb9673cff60897a344bfe0337da,9edMr9j1zLLdWzAqobp8KfsMgTqpueJ4EsTP4mVYiRXBCvxTgTb,0.01,26.53125,0,1157378,2023-12-09,2208578,2028-01-01,DUE_2028,DUST_WHOLEBOX_CLAIMABLE
2da7cf4a03ece490bc1c29be694f51dbd5e68e0324df6c06caf1aaf159828002,9i9c8amw9BoaZp9W5Dmp1GaSwmtgGtytBaywhjwCDpZ8PMNqMyc,0.01,673.4212728,0,1157430,2023-12-09,2208630,2028-01-01,DUE_2028,DUST_WHOLEBOX_CLAIMABLE
e0388b870af2a8fd44432068cd5f40fe5834510aa4a39827252c1a55c50a11c4,9i9c8amw9BoaZp9W5Dmp1GaSwmtgGtytBaywhjwCDpZ8PMNqMyc,0.01,31.79971989,0,1157432,2023-12-09,2208632,2028-01-01,DUE_2028,DUST_WHOLEBOX_CLAIMABLE
6f3cb617b315d2434c82762920966b21852f01ccce626d480dcbaf37452efca6,9i9c8amw9BoaZp9W5Dmp1GaSwmtgGtytBaywhjwCDpZ8PMNqMyc,0.01,31.21875,0,1157434,2023-12-09,2208634,2028-01-01,DUE_2028,DUST_WHOLEBOX_CLAIMABLE
5ee90cff74b8fa99e97c880afc045e32521c705208cb3b31a80291c059857b28,9i9c8amw9BoaZp9W5Dmp1GaSwmtgGtytBaywhjwCDpZ8PMNqMyc,0.01,32.01376351,0,1157437,2023-12-09,2208637,2028-01-01,DUE_2028,DUST_WHOLEBOX_CLAIMABLE
4fbfcd6e3761c06359aa0d910e341371c08e5aee09731d6b4bb13ce751f3be50,9gPVSFC9fLi4zZidTsRnPmGPuTXC6HPcN9WkkyD2dewHd9MxW14,10.711263656,0.9375,0,1157661,2023-12-09,2208861,2028-01-01,DUE_2028,FUNDED_RENT_WITHSTANDS
1db807e17419b3eeb75a16b365969102e62ba9cb8b147d80d16320525722e781,9fwBn67oT49MVcLzzCcpUevURpYDsFkKKkcCwiyYYaV8ZMC48xx,0.01,16.125,0,1157854,2023-12-10,2209054,2028-01-01,DUE_2028,DUST_WHOLEBOX_CLAIMABLE
41e070450bd3bfc8f2911f7dcadcece6b66788d11cb3012f0251568eae84e24b,9g3BWsYmRHpXJyux7T6xmnrjSRDDEPV8Lfhr9PnucrVKrmYiL94,0.01,0.42398415,0,1158490,2023-12-10,2209690,2028-01-02,DUE_2028,DUST_WHOLEBOX_CLAIMABLE
1454299a37c7abedcd2429dd5ca40259f07d043fa31ac8d03cccf0afb9cc4f65,9hD98rweJFPthL4HaKnyZ5K4VQx49nFiyBMmHDuHP3ZBd9ktbu9,0.01,57.75,0,1158673,2023-12-11,2209873,2028-01-02,DUE_2028,DUST_WHOLEBOX_CLAIMABLE
ba618a44d03a0a21ee96896ced350de6ddb0ef2c11330a23e1d6bcf88cf0d9a9,9fMW5BSDYrnWHEFsjyVocTFimdz4WbkGWd36ajWiTSDiCo739ug,0.01,32.65,0,1158737,2023-12-11,2209937,2028-01-03,DUE_2028,DUST_WHOLEBOX_CLAIMABLE
dfb903f4ffcfffe47c122460c1a37d7dffed8b81d1464dd69db175b1a2da61cd,9h6xHTCU6Nq5FsPzN6xn9DV38wNzwh1naRfMyPqMfgvgR7knpP2,0.01,3.1875,0,1158803,2023-12-11,2210003,2028-01-03,DUE_2028,DUST_WHOLEBOX_CLAIMABLE
918111c03cfe3c0d4b74f02426f868591e257d4cf065dc939ba933db2c06a300,9g7vL2FrcrjhhEddz3o3Frqz42hCsBhEwZiCeDt21ziUctfPMxJ,0.01,0.65625,0,1158889,2023-12-11,2210089,2028-01-03,DUE_2028,DUST_WHOLEBOX_CLAIMABLE
0e022419adf35b771c02dd7ce1f2798d18e21b4ccaa1d5d3519579443d7d830c,9h9RkuUnyLw4XPYQwSDNU4kYL2JHoGvTxx6paMZ8vGjU5x5B1wc,0.01,4.3125,0,1159071,2023-12-11,2210271,2028-01-03,DUE_2028,DUST_WHOLEBOX_CLAIMABLE
4b341e751afc905e69bd90dc0a0b2194efde2ffa6060e54213ef664b41820992,9gShaLNumByJYJft7CuyS2f75fkv7ssBwZjJUtdvJvqR9y8fv22,248.674721072,126.11720348,16,1159122,2023-12-11,2210322,2028-01-03,DUE_2028,FUNDED_RENT_WITHSTANDS
f38c6c4d9331113d61ae8831f5c832700b474c1e7a075821854080af0640ce58,9gvTXGtczEapeHtAcVSTHD1tYiibw6zEPLXJU7JyNUkcRw66E8u,0.01,5.4375,0,1159235,2023-12-12,2210435,2028-01-03,DUE_2028,DUST_WHOLEBOX_CLAIMABLE
eb7f96794884d0e931f37eec3e24589cec75d8d326f7b2a0ce0a7b3a9804908b,9gTb5i28k2zD6JtQPeYMqwZ5oWzokMCJzh16k9wyiwv4GgETFSa,0.01,36.84375,0,1159579,2023-12-12,2210779,2028-01-04,DUE_2028,DUST_WHOLEBOX_CLAIMABLE
2053b0fb4f7fae1acb917038089c133c766ec01b3353dc4ea88f8057da601b8a,9gVQ8JuEwyHT1bHotWYd7tS5h4M3kdPFiat6FyiUWm7rrhjMaMm,0.01,75.84375,0,1159777,2023-12-12,2210977,2028-01-04,DUE_2028,DUST_WHOLEBOX_CLAIMABLE
47991da2dec973a1b2e398e191ff22ad4f8d61d2d0a9d424160a8cb11a491bcd,9fdPrgepC8Wd8zz6oT57nUhktu4DY9xNg3wY6izFXtotpV7Zksu,0.01,7.40625,0,1159986,2023-12-13,2211186,2028-01-04,DUE_2028,DUST_WHOLEBOX_CLAIMABLE
c0016cd107d0c0bbee95dd4221be01844f6e240c676df10c13e60b65c2f1f7b2,9hkKs4ovmBCDsTA3TF4g6NmudGs8LDzBDgczwhrGoi3YpTcjmV8,0.01,17.62079646,0,1160891,2023-12-14,2212091,2028-01-06,DUE_2028,DUST_WHOLEBOX_CLAIMABLE
9ae826a495fb476c29d1352b455a3e6af09600b888c81181a5dbe29a3088c46f,9hsUBhrcxx84z4AWTgD3ttZUZsLu3n7duQWPdQKGgqWMJFw5znH,0.01,0.9375,0,1161052,2023-12-14,2212252,2028-01-06,DUE_2028,DUST_WHOLEBOX_CLAIMABLE
6f04c5547aa2a767a3578ca0585e3a1418314e3315172fefce27722110080895,9fWUdYbooxV38h4Aj7mQig6Q6H1kLHiWbsfvvmXkvBBQuFsXRCa,0.01,16.56173275,0,1161627,2023-12-15,2212827,2028-01-07,DUE_2028,DUST_WHOLEBOX_CLAIMABLE
d82c3e2c1a2fb615bfdc8825eb8140177802368b4a3569425431d1c6f010eff6,9fNBjrkV6JTJYWbymhohXRtFwqAQNiq6Fec153Jxk9dkpjmStzn,0.01,35.0433993,0,1161766,2023-12-15,2212966,2028-01-07,DUE_2028,DUST_WHOLEBOX_CLAIMABLE
ff158f5aa6b608dd1963219370962723817b6fa5cdba56a551bc15a2356fbfe0,9h5NwR4x99XEaA7YWny7hgbAhyWHRS4epqYnst6baynWNoyKUke,0.01,53.85566582,0,1161831,2023-12-15,2213031,2028-01-07,DUE_2028,DUST_WHOLEBOX_CLAIMABLE
7bba01645b7617925b3a58ea9f7a21c6dc4ae95238e32567bca3b9801ab73abe,9iE9YcVt7kbLaFNZEZMQ8XJq5iYu7WSH6vzHZ2pXUMxG68Bv617,0.01,19.78125,0,1161841,2023-12-15,2213041,2028-01-07,DUE_2028,DUST_WHOLEBOX_CLAIMABLE
a745449db5efd6d6870e09926157822a61a20d6f4f47deb0bff37fb15d88c225,9h5NwR4x99XEaA7YWny7hgbAhyWHRS4epqYnst6baynWNoyKUke,0.01,86.61328882,0,1161841,2023-12-15,2213041,2028-01-07,DUE_2028,DUST_WHOLEBOX_CLAIMABLE
4e337feacb153837567ef76ade9b0cb574803bfcb6746f9950704bf1a5e2f2f3,9exyDwy6HcsDibS67V5qbEHzzvQihFxQYVC7dNQUKUCk5AyFV2L,0.01,19.61888256,0,1162243,2023-12-16,2213443,2028-01-08,DUE_2028,DUST_WHOLEBOX_CLAIMABLE
178fc59828f5208c48d4e89b5c5532901ada6da8e5d5e8f8dca51f3b7e23fe24,9gG6KuNpfDtvuDN3ATgKnV2kjNzoBHwwqdvUGfQ7KEhk2gGgmgw,0.01,3.75,0,1162388,2023-12-16,2213588,2028-01-08,DUE_2028,DUST_WHOLEBOX_CLAIMABLE
a6501953484cdfeb867671b56e99f4f138e7a593ccf8001b1212c5b31b0bcf89,9gG6KuNpfDtvuDN3ATgKnV2kjNzoBHwwqdvUGfQ7KEhk2gGgmgw,0.01,1.5,0,1162394,2023-12-16,2213594,2028-01-08,DUE_2028,DUST_WHOLEBOX_CLAIMABLE
75cf464b19b0864a0dcd1b3c7714a3ed15ccc32e60c8488a01e9e9ac1d2c69dc,9gG6KuNpfDtvuDN3ATgKnV2kjNzoBHwwqdvUGfQ7KEhk2gGgmgw,0.01,23.09039983,0,1162395,2023-12-16,2213595,2028-01-08,DUE_2028,DUST_WHOLEBOX_CLAIMABLE
5d327230660f83dde7b955fad212b67b680257fd0f5d23b1b4326388b2006b2d,9fCKJ7g6ZffHAQb9UQY7S6YLF6dRVejBAXw284XNazkq8XLuZbw,0.001,9.9375,0,1162495,2023-12-16,2213695,2028-01-08,DUE_2028,DUST_WHOLEBOX_CLAIMABLE
99df49756bf857e0986e69305a383c621a3e8a0b9424ea0b9b21b710697e5bc2,9gpxPcUXBNxoKtQ2ko1ZkExpE1KdbUePtZ6PbkKoFnFQtubm5E4,0.01,0.375,0,1162559,2023-12-16,2213759,2028-01-08,DUE_2028,DUST_WHOLEBOX_CLAIMABLE
022da8336b25410e354f231013f089d3a41ccfe595f1acd6295abd426238dc70,9gpxPcUXBNxoKtQ2ko1ZkExpE1KdbUePtZ6PbkKoFnFQtubm5E4,0.01,12.46875,0,1162563,2023-12-16,2213763,2028-01-08,DUE_2028,DUST_WHOLEBOX_CLAIMABLE
b9444ceffe4d389e6436c69a8352a0c738a37362b69c73473f2d113b247e48df,9hkR5ekP3pY3Z8P9eQtsVM7sR1DUN5beTARh3iXdmfxaCKeS538,0.01,12.75,0,1163018,2023-12-17,2214218,2028-01-09,DUE_2028,DUST_WHOLEBOX_CLAIMABLE
e90b733deee82e4e84a01488720744559ce5b366289f3c9b7393e1d165698be3,9hkR5ekP3pY3Z8P9eQtsVM7sR1DUN5beTARh3iXdmfxaCKeS538,0.01,6.0,0,1163023,2023-12-17,2214223,2028-01-09,DUE_2028,DUST_WHOLEBOX_CLAIMABLE
fecf20660781982208bbbc90c59a8c49baf54d079d06b579aab87c1cea004806,9g33ZusYV4oKEAHZbNQsNLq9fiQsed6B5o17tV2ydCnvVtszzJp,0.01,0.65625,0,1163062,2023-12-17,2214262,2028-01-09,DUE_2028,DUST_WHOLEBOX_CLAIMABLE
9fd0e69b4a7295bbd4124c8b6fb36e6f2b0d5c6de1a7bf5ed62af57cb7632fa8,9fTVyXhV7f5Nq2TAogyETPDnZgnYrZyJHApNpLKLD2fENm1TRsZ,0.01,1866.94842937,0,1163090,2023-12-17,2214290,2028-01-09,DUE_2028,DUST_WHOLEBOX_CLAIMABLE
e17ca9e0b202d338a15d2485ff952b50562dd145f267b274bb3243ad248ff160,9fTVyXhV7f5Nq2TAogyETPDnZgnYrZyJHApNpLKLD2fENm1TRsZ,0.01,181.28949243,0,1163093,2023-12-17,2214293,2028-01-09,DUE_2028,DUST_WHOLEBOX_CLAIMABLE
10de42da5a5581de455bc50d4dbe3e62c91b258bc0dc9002ccd2bfc4481e4f59,9fTVyXhV7f5Nq2TAogyETPDnZgnYrZyJHApNpLKLD2fENm1TRsZ,0.01,154.49818672,0,1163097,2023-12-17,2214297,2028-01-09,DUE_2028,DUST_WHOLEBOX_CLAIMABLE
f667dcf2f9207951488f3b5ce84532e91fb49251416cbf3aa57a42b80c6800af,9fTVyXhV7f5Nq2TAogyETPDnZgnYrZyJHApNpLKLD2fENm1TRsZ,0.01,162.09673524,0,1163101,2023-12-17,2214301,2028-01-09,DUE_2028,DUST_WHOLEBOX_CLAIMABLE
fc987fdb1dde155d96f9f4b832ec496236ed13995b6594b081ab1e24ad3a14aa,9fTVyXhV7f5Nq2TAogyETPDnZgnYrZyJHApNpLKLD2fENm1TRsZ,0.01,151.64124381,0,1163105,2023-12-17,2214305,2028-01-09,DUE_2028,DUST_WHOLEBOX_CLAIMABLE
72bfdc2a24ed10fe15d675f977b77039deb396ef77359e1401891929146232c0,9fTVyXhV7f5Nq2TAogyETPDnZgnYrZyJHApNpLKLD2fENm1TRsZ,0.01,151.85528743,0,1163107,2023-12-17,2214307,2028-01-09,DUE_2028,DUST_WHOLEBOX_CLAIMABLE
dc31044ace6a22017346cfb788060acb2474f05d16f94efa2fae17b1e0f607a3,9ffw68XttDDhFSy4wzfJo22nCm8UWcPdYGwi6Y3jgyunpJ8KyR9,0.01,4.875,0,1163505,2023-12-18,2214705,2028-01-09,DUE_2028,DUST_WHOLEBOX_CLAIMABLE
0c15d20ba1349a9fea24687f83650b4d8ca75cf1036c2e38c418d4fd8c528a61,9hdhEhoYfNKZupTvdVpJZhuSwHwM8Ypop55fjFQLYDQsJ58UeZf,0.01,14.22355879,0,1163857,2023-12-18,2215057,2028-01-10,DUE_2028,DUST_WHOLEBOX_CLAIMABLE
3ea1b1ad9af5fc82f493825a3c67ca0daa006dd6ed8f39c3bb9fff60c741be7c,9godJb67KSe5wz5U6MzFxBNWiA1j6ag7pTVXSi9ykPq3WnhHMdG,0.01,4.3125,0,1164487,2023-12-19,2215687,2028-01-11,DUE_2028,DUST_WHOLEBOX_CLAIMABLE
bc4b4398f41eef3d5ebaeb356e6768e757bae20037e46e2c1517bdf72f27c316,9hf7UaXxPB9pUHKgP37zgoQ7csvJiqS59sYjakvx4LPPR9yZn3o,0.0079,0.79226787,0,1164850,2023-12-19,2216050,2028-01-11,DUE_2028,DUST_WHOLEBOX_CLAIMABLE
276353aa82690157adbf81ad4265ecbfa8da2835fe0a10b5e04cb360b0450138,9hYWmEEjfCthm8fKfX5vbchGoabNHGijF3jv4uGgff6YmyikUAV,0.01,2.03880871,0,1164861,2023-12-19,2216061,2028-01-11,DUE_2028,DUST_WHOLEBOX_CLAIMABLE
85d23eb4fe452f96dc2793d1faacb586faba0d0447df90a5b95120d0af863d53,9hNMg7Qq4PMurp5FQKK76qECGPHCgfch2vhsGN6tqaV1S3m7W8m,0.001,0.76632351,1,1164997,2023-12-20,2216197,2028-01-11,DUE_2028,DUST_WHOLEBOX_CLAIMABLE
fb0f180c9a0dc8d67d2e8972c6d4d0a4208e5b5479317ceba581022bde2e3ab2,9h4rc6A6XyGXck2j1y8TccEsLboQT8PHxiYMtJRUwyUdAjWMhDG,0.01,1.5,0,1165107,2023-12-20,2216307,2028-01-12,DUE_2028,DUST_WHOLEBOX_CLAIMABLE
109ebaa7d90654372211eab1f7f0d7903426151863a5a7d8a062ea28ede18be0,9i4GrrL2NT4A1UyhFzpVGPyKPsNfH826pnXro9DFwGTZAhoT6WQ,0.0179,0.1875,0,1165194,2023-12-20,2216394,2028-01-12,DUE_2028,DUST_WHOLEBOX_CLAIMABLE
a3fc5ecd39237a0a9d112e61d86db44c2d3c01b5a839e4f8de9ceb89dbe805fc,9fd6YYESGopVXkgH9BA1mM9BfVRZw5NHWVV6BWMF9sk1C2w2jFi,0.01,2.15625,0,1165344,2023-12-20,2216544,2028-01-12,DUE_2028,DUST_WHOLEBOX_CLAIMABLE
487b9cd4c9c69826deb92c6ff44e570ce94081dbe559384bcafeec963c3bd1fc,9gWbKo3BqgXHhgKR1KCSkuz1ecfcYVdYTCXoE2wRdyYWcKb634Q,0.01,9.65625,0,1165635,2023-12-21,2216835,2028-01-12,DUE_2028,DUST_WHOLEBOX_CLAIMABLE
ee5b981ca10d3fc50f14dd487b9bfc10a0d8e562f66d752d364f6341e43e7a5a,9iGjHGmFNU5rcfYkuPxfat8Lx9dLqgBQuqvfzvMLiTxhFaG8ce6,0.01,24.0,0,1165672,2023-12-21,2216872,2028-01-12,DUE_2028,DUST_WHOLEBOX_CLAIMABLE
10bf509ee9366b537a96ff4c82c5ad52135a6fa2b4f63dd5f63dc1ba76103f29,9htULcHtEqaoM7xV7t9RDq5at9A9VpL8pmqE2Kbfa3pAwEshvXY,0.01,48.27236028,0,1165867,2023-12-21,2217067,2028-01-13,DUE_2028,DUST_WHOLEBOX_CLAIMABLE
f665fa0e6c6bb52666f33100c15cf1c3f26de58c1b4b6a024db455951b35dd20,9iAGnaTH6ZT1KSZQNQ9J7WEW73rxYrdW8bSqzpDz349Nhdrg4WT,0.01,72.0,0,1166473,2023-12-22,2217673,2028-01-13,DUE_2028,DUST_WHOLEBOX_CLAIMABLE
5921c70eee42363a68297328f5d0bd7a0baced5c9434d5da3a3e2efe42c51b77,9hwqPBMoA5UFHprzXw93VWNLBxNrrQn5qXwgkagYrwYkdCUjKkx,0.01,13.59375,0,1166502,2023-12-22,2217702,2028-01-14,DUE_2028,DUST_WHOLEBOX_CLAIMABLE
d9d8b8edd94e6122f52090beee599beb54dceda9d940b3ba2021185bdb7eca10,9eiGcT6rjwxrxBn6bgyRh2mMfcBkYqF11KBohTwsvFApGGXaR3y,0.01,9.65625,0,1166527,2023-12-22,2217727,2028-01-14,DUE_2028,DUST_WHOLEBOX_CLAIMABLE
994756a69d19ad5eb8b6eaa19d8d49a75e6e6073cc4a2308a7b7fedb75cccb50,9gAMHGNUG82toju2gbmvK1in47tmN45wrLhknZACqQSpDHvA1fv,0.01,0.09375,0,1166543,2023-12-22,2217743,2028-01-14,DUE_2028,DUST_WHOLEBOX_CLAIMABLE
b6e1e25b27b6bb875eceaee8f31adfe81a0a913c107e31b96ccbc2c28bae882d,9hkZUy94JTsSCfbzZyMzkLd4s47HyFn9rnbhTJU3YyP7Sb2t9jC,0.001,106.6875,0,1166742,2023-12-22,2217942,2028-01-14,DUE_2028,DUST_WHOLEBOX_CLAIMABLE
974cd3676bac37e69bd6ee439b99d0a0566ca9fa117f6d3c48971271026ac3b7,9fhj3PNpWSsfrfiYVJ2CZAJpWW1yWyuAn2RCdKVupEvbgGFHswm,0.01,0.09375,0,1166934,2023-12-22,2218134,2028-01-14,DUE_2028,DUST_WHOLEBOX_CLAIMABLE
e2f7965ff8c2d5ee5339072e200f2d171db59e2247e226fcda51d00b2b09de74,9f3cDizBQEtTCHNqKR27KLZbXC61UfmQCiL5Y8L1hVrFuR6NLLN,0.01,0.65625,0,1167036,2023-12-23,2218236,2028-01-14,DUE_2028,DUST_WHOLEBOX_CLAIMABLE
a16f392397af1c439d2d62b6cc69f4ea018ff6ced3c3020f246237cc61fd6f9c,9hzjUgWnxhBWib3UmteecPAreHhfPeLQ9zQscDx2dXHjq56qL4X,0.01,20.87648795,0,1167188,2023-12-23,2218388,2028-01-15,DUE_2028,DUST_WHOLEBOX_CLAIMABLE
255cc5d0e5e4eb9f067ab8ecdb4440558c6583535e1b5cd92e51b2cb9ef30e4b,9hzjUgWnxhBWib3UmteecPAreHhfPeLQ9zQscDx2dXHjq56qL4X,0.01,47.51090507,0,1167193,2023-12-23,2218393,2028-01-15,DUE_2028,DUST_WHOLEBOX_CLAIMABLE
5cc844a87cfd34e4c5331600814cd36fd3cf473c4c43bcdda87d75bb99b50076,9gs3oNBbjyaUZnoSieLYRvBLa1KosL91R76RuTnuzDuGJoRGCKb,0.01,11.34375,0,1167357,2023-12-23,2218557,2028-01-15,DUE_2028,DUST_WHOLEBOX_CLAIMABLE
0b7f668e48231ca55cc0f4c194abc29175960a840d8d7bf5597b5c5cb56a12dd,9hya9g9BJ2vhA9Msxw1Dv8nBJLSw13VGGaVEkgi8QuJ5TTCMVru,0.01,2.0625,0,1167733,2023-12-24,2218933,2028-01-15,DUE_2028,DUST_WHOLEBOX_CLAIMABLE
09dc136dd4c3d8f26f9b69fd3094ca99dd7b4d9387f9ab7d6cc97272d0080bcf,9egs73u489sDNwyuLHNeBUaKXs7yN7CU6PNSJv4EwVnvNisY7sy,0.01,2.0625,0,1167832,2023-12-24,2219032,2028-01-15,DUE_2028,DUST_WHOLEBOX_CLAIMABLE
14392c047af57da49b2a1107d562298202524f616877c408185136bf99ba1ee9,9ewLRHgPddqQusv4TUmGPe6UvBf59iEbz5DcC2oMXksBRh5mB2B,0.01,1.78125,0,1167835,2023-12-24,2219035,2028-01-15,DUE_2028,DUST_WHOLEBOX_CLAIMABLE
2548a7f44fe3bce05ce9285886381570f5b0d190b6df710bb3cfd4d1d0ff41da,9ejJrWL2Dt5xdL4GUj1fBD6H7t7UCWAKVNkBzYi59YUhYdpiXEt,0.01,10.39212222,0,1167851,2023-12-24,2219051,2028-01-15,DUE_2028,DUST_WHOLEBOX_CLAIMABLE
e8254c55197b821dd38e52145fd2f26cf1dd1775841ca9b8dfee54685b29fcaa,9hTHobLj68WMKK9bpnLorsvoQnbsx3Ky6xfmBWPi6Hmq6QBfztP,0.01,20.0625,0,1168469,2023-12-25,2219669,2028-01-16,DUE_2028,DUST_WHOLEBOX_CLAIMABLE
9a96501973c429a99e9ee498968edd2b75ac17e37b6c877128ba4d6d84f29107,9fGAcXtLV5TK91mVWFDHifpkW8LHjyjWRubthNBAQ5xtcTAGwgC,0.01,7.6875,0,1168636,2023-12-25,2219836,2028-01-17,DUE_2028,DUST_WHOLEBOX_CLAIMABLE
d0005ef36f1ad8ec19833271bdddffeb40e6ab858b2ec7c3a7f675fd62b4b34d,9iKoW2isciDW6GdZkejqPCB7nPw1NPMS1VPg7nWsPYxr7vaw5Y7,0.01,24.0,0,1169027,2023-12-25,2220227,2028-01-17,DUE_2028,DUST_WHOLEBOX_CLAIMABLE
fbaaa0ffd3713f0556d847b788f08cf6d564dab0ec86182e7339854dcd3dee34,9hEt5UP6TMSs7kbdbfdJoVupnPqCo9eS69H4REJUh24mKpWyPSw,0.01,10.5,0,1170064,2023-12-27,2221264,2028-01-19,DUE_2028,DUST_WHOLEBOX_CLAIMABLE
5ea96df609fccfaf3783490e19446afa5479ee880f98fc0d9c18ad43e2217930,9h1hMhvNSUJJmQVexMBjsis95xuR7A6bLUC8Zr3gmDWRHRPTMVg,0.01,552.58696029,0,1170158,2023-12-27,2221358,2028-01-19,DUE_2028,DUST_WHOLEBOX_CLAIMABLE
0b15ee1e83d9ce8ffc06ec01af8b33ce47bb1dda8fcc927900e3f78485bd30fe,9h1hMhvNSUJJmQVexMBjsis95xuR7A6bLUC8Zr3gmDWRHRPTMVg,0.01,551.38296706,0,1170161,2023-12-27,2221361,2028-01-19,DUE_2028,DUST_WHOLEBOX_CLAIMABLE
e40c0edfdba7009aed0c5f450dddf8796a72635e445997bb41bba4dd95ef9d7a,9h1hMhvNSUJJmQVexMBjsis95xuR7A6bLUC8Zr3gmDWRHRPTMVg,0.01,0.88046644,0,1170164,2023-12-27,2221364,2028-01-19,DUE_2028,DUST_WHOLEBOX_CLAIMABLE
a2d809a7a5e391111e666ce62c2164015f4d193a5513e7468c8a907b29efe426,9h1hMhvNSUJJmQVexMBjsis95xuR7A6bLUC8Zr3gmDWRHRPTMVg,0.01,0.89722808,0,1170170,2023-12-27,2221370,2028-01-19,DUE_2028,DUST_WHOLEBOX_CLAIMABLE
fb35a3ccf15a16cef818a47df2d52cbb63a414b1056da4caf8a1df33d591f723,9fSC7pwRCmRV3YoWqoc5CoeS5Fb9rG3Au9hQXkWczfPWuWHny8S,0.01,21.75,0,1170325,2023-12-27,2221525,2028-01-19,DUE_2028,DUST_WHOLEBOX_CLAIMABLE
e76117c26f094206e82488148008875c381e0b8ec1b6c842b082ad03f93d0217,9fSC7pwRCmRV3YoWqoc5CoeS5Fb9rG3Au9hQXkWczfPWuWHny8S,0.01,55.5,0,1170570,2023-12-28,2221770,2028-01-19,DUE_2028,DUST_WHOLEBOX_CLAIMABLE
53b4aaa87601d1b60bf2354666b047216e39a88c937f300586cb5442eb1565df,9fSC7pwRCmRV3YoWqoc5CoeS5Fb9rG3Au9hQXkWczfPWuWHny8S,0.01,116.25,0,1170572,2023-12-28,2221772,2028-01-19,DUE_2028,DUST_WHOLEBOX_CLAIMABLE
5e09eabdc154003361cb31f8048b49a7a6f2aa4b2c709ec1d890dca23dbf9ef7,9h6qVTTZS7b6CyHEF9yDenSHDQsgH9kg4XsNcQn2xTdye2xF3ap,0.01,349.125,0,1170778,2023-12-28,2221978,2028-01-20,DUE_2028,DUST_WHOLEBOX_CLAIMABLE
4f1bedb33e0d00fdc040ab7965a2a5ee64f36b2416f6df19e292607af2561909,9hfPfm4zThZbpyf5RyLKJBshZcgbMNE5W9YQoK185UoeT3oP1N3,0.01,20.59998728,0,1170801,2023-12-28,2222001,2028-01-20,DUE_2028,DUST_WHOLEBOX_CLAIMABLE
2496162297dde11c2c0851e6c2ba62fe9481555d71b91c7fb8340aa8b4f811eb,9h5ip7W1ni7Y4i5DBQt39fgWf7BaEKuKfxw5ThhVMaJzZJHvHZG,0.001,4.97595517,1,1171065,2023-12-28,2222265,2028-01-20,DUE_2028,DUST_WHOLEBOX_CLAIMABLE
1a5adbab211a7f31000f56fa12bbace0b856cea478696c61cceb76ebce41fa2b,9g6dvNyo6QoGeUvcpnaVSHgYwhMeogqpaYMZYYpGij31SptiSGN,0.01,9.83166333,0,1171100,2023-12-28,2222300,2028-01-20,DUE_2028,DUST_WHOLEBOX_CLAIMABLE
26e60da9b9d03ad8cac56287a46ca080ef5cc4c95f280c8f868fdd252cd28426,9hBShCV82aLBh1x2t9w9nQCrbSRVKjPc3KnmqYwatMMUqv7HMk7,0.01,5.71875,0,1171313,2023-12-29,2222513,2028-01-20,DUE_2028,DUST_WHOLEBOX_CLAIMABLE
49220592663121347aaa03ee610d98e8a027f561db40a189ab8774bca039becb,9hmykmm6H9yzNHkFvEFaPHyDTHa6eyRkGS5XdkfaxH53AzvgQCM,0.01,15.79975996,0,1171850,2023-12-29,2223050,2028-01-21,DUE_2028,DUST_WHOLEBOX_CLAIMABLE
27031e41b7186a0da26483dba406cb447be9d43165402a4eb0bf14b65fd31131,9fRwq92Gou8hGwCBVNg97knBvru193W4F5tPCoLV9gJc7TNHu1i,0.01,48.41390159,0,1171858,2023-12-29,2223058,2028-01-21,DUE_2028,DUST_WHOLEBOX_CLAIMABLE
1b16e6844db7f359d6718aafffab321f48d948e1174f4ece93aeadb257febeb9,9fEsY6gRTzmpjmJFDgr1JPG6zUSzd5jwtefmqbLEqWHPckqz5bw,0.01,40.68040475,0,1171881,2023-12-29,2223081,2028-01-21,DUE_2028,DUST_WHOLEBOX_CLAIMABLE
db6641301eaf2e8ec06703647fa7b56beea3fc131c3d1df9928c82ccf250ede1,9fEsY6gRTzmpjmJFDgr1JPG6zUSzd5jwtefmqbLEqWHPckqz5bw,0.01,40.73391566,0,1171888,2023-12-29,2223088,2028-01-21,DUE_2028,DUST_WHOLEBOX_CLAIMABLE
ea9a6b273feaf4927b90eb9f1b17fde4939d77591dcf06f810a76cb981d57737,9ha6zqVAu8YXZN3bQ91CDmwTjZbkFaCZGaScdHjvYJtj7wxssNh,0.01,2.625,0,1172114,2023-12-30,2223314,2028-01-21,DUE_2028,DUST_WHOLEBOX_CLAIMABLE
f59d594d9efd6ed826e28160e9e9186024223eb1507ec4816bd1754f533b19cf,9gryBZ8TZtaA4c2U2qjnuGxKQ6kb8khSkPMu5jCH2d6DvtTE314,0.01,7.96875,0,1172287,2023-12-30,2223487,2028-01-22,DUE_2028,DUST_WHOLEBOX_CLAIMABLE
6ca098f705cd4bd2f6af732c1dc6e17f0a8823039593f383765c68ac34ad37d7,9fruxcjJqqUShRDN1wk8XtZvX7MLGNqUaDNQv5zZFPMgV1DjBXa,0.01,7.40625,0,1172625,2023-12-30,2223825,2028-01-22,DUE_2028,DUST_WHOLEBOX_CLAIMABLE
a3e4d89e3cee5608744e1972340f39bbc25164979483b2a7be11f1395be00766,9eyXZLpvewBdwSs3LQ1rw1PmqbBFpvCCuBS5AwfPDYTS1qrFFxU,0.01,1.57973353,0,1172856,2023-12-31,2224056,2028-01-23,DUE_2028,DUST_WHOLEBOX_CLAIMABLE
c8703bc7f88bc92606feb7345d4671760802a814e0fa43f3dc7dada227f983aa,9hn2tXjnnHAuJNCtoKpeMMVbpxaAMrS1sbLp56yfZEFBKy5EghW,0.01,55.0412738,0,1172988,2023-12-31,2224188,2028-01-23,DUE_2028,DUST_WHOLEBOX_CLAIMABLE
7bb8e27742120535fae9649de1ff5eaa53153d55b1373bc83c89fed346bb0ac6,9hn2tXjnnHAuJNCtoKpeMMVbpxaAMrS1sbLp56yfZEFBKy5EghW,0.01,52.60579384,0,1172991,2023-12-31,2224191,2028-01-23,DUE_2028,DUST_WHOLEBOX_CLAIMABLE
135c2a1b07238c0dbbe0769074fc71223d329014c8c6157cf186231ce042d2ca,9hn2tXjnnHAuJNCtoKpeMMVbpxaAMrS1sbLp56yfZEFBKy5EghW,0.01,83.310818,0,1172994,2023-12-31,2224194,2028-01-23,DUE_2028,DUST_WHOLEBOX_CLAIMABLE
3c7f9562903f3ed222afc84a5d9d3f1d053fbdffc4fc5056754c8a69bd091d85,9hn2tXjnnHAuJNCtoKpeMMVbpxaAMrS1sbLp56yfZEFBKy5EghW,0.01,43.91939005,0,1172996,2023-12-31,2224196,2028-01-23,DUE_2028,DUST_WHOLEBOX_CLAIMABLE
5d2e5a0f72a47fd00bb2c98749c04f1254a01a7822df8c523359ed2752077bb5,9hn2tXjnnHAuJNCtoKpeMMVbpxaAMrS1sbLp56yfZEFBKy5EghW,0.01,41.72544294,0,1172998,2023-12-31,2224198,2028-01-23,DUE_2028,DUST_WHOLEBOX_CLAIMABLE
dea7b2b9d36ada55a4df48ec8f35ef3dfed9612ac98cb47ac87156c351092553,9hn2tXjnnHAuJNCtoKpeMMVbpxaAMrS1sbLp56yfZEFBKy5EghW,0.01,48.09375,0,1173004,2023-12-31,2224204,2028-01-23,DUE_2028,DUST_WHOLEBOX_CLAIMABLE
126ae1ff40a2fc1c4e5c453d104379a59b3d871dee2fa42b2b53fcd1c9966fb7,9fSC7pwRCmRV3YoWqoc5CoeS5Fb9rG3Au9hQXkWczfPWuWHny8S,0.01,98.25,0,1173006,2023-12-31,2224206,2028-01-23,DUE_2028,DUST_WHOLEBOX_CLAIMABLE
334c289ea52c846cce9f9b62534c216914ef2a1b9ef6eeec957734aa85e350e0,9fSC7pwRCmRV3YoWqoc5CoeS5Fb9rG3Au9hQXkWczfPWuWHny8S,0.01,25.125,0,1173009,2023-12-31,2224209,2028-01-23,DUE_2028,DUST_WHOLEBOX_CLAIMABLE
e9a8ac6e7d43cd3f7221e9bac0bd8fa08158bd33ed8745c56a102bffe39e7061,9h6sAzYpvb8RAHhXhQ2w5XjXcVSJ8oakTsX7B7bSVcwaVX4Z981,0.01,46.61862716,0,1174128,2024-01-02,2225328,2028-01-24,DUE_2028,DUST_WHOLEBOX_CLAIMABLE
4bc4d7e8defa297ba8358045d9ab9e17b9fd3b54fd5afa5d3fe8dd0f674a08db,9hvF3SV9D5tTedFLvo7EJ2iHRymMiu8oqr44CTQP5dMRGZq5ty7,0.01,40.3266854,0,1174185,2024-01-02,2225385,2028-01-24,DUE_2028,DUST_WHOLEBOX_CLAIMABLE
e41cd063f87ad7e7e4f744e0e1142ec596b9c3be5b306eb289a53c0563869d19,9esvQVaYmKqKnzoipPvbEdUDDgu2Cv3om56e9f7Sb6o2TZ1RbvE,0.01,44.8125,0,1174436,2024-01-02,2225636,2028-01-25,DUE_2028,DUST_WHOLEBOX_CLAIMABLE
277159f06b0bfa4fd16a62c6f91c093601b6464a3733dc61709b9a479558b01b,9gji9uBnmny5ii89Mtr39hVT5s1ZQXMRmeVM98fHs3ay3ZjdiiC,0.01,3.46875,0,1175002,2024-01-03,2226202,2028-01-26,DUE_2028,DUST_WHOLEBOX_CLAIMABLE
c6f52ed29513ea968fc3ee620ff7a719361c40870d02e0b4097d03a8d7755d27,9fGrKpYEFkZTWdNcTgT3H6KphjmAS3m6JDVMM9DT7GQxKsDtuu9,0.01,13.3125,0,1175230,2024-01-03,2226430,2028-01-26,DUE_2028,DUST_WHOLEBOX_CLAIMABLE
604654019db71e29f4beb572d9f0cf31dcc851e59c9eee3ea1d594615b7fd37f,9enDa3oeRZ3dzn1c7Xk7V4wcj5LMYUP19Wb95E1XU38wyBfWgEg,0.01,9.15817588,0,1175621,2024-01-04,2226821,2028-01-26,DUE_2028,DUST_WHOLEBOX_CLAIMABLE
5e54f435400831aed56363b0fd3a442a23fa15e3604dca1cbd696b8c12a4a705,9iAs53R34eXk8BBYH7BzTws7eR3adzUA3QHSvT3s3QzUq1q3Z45,0.01,6.92289073,0,1175723,2024-01-04,2226923,2028-01-27,DUE_2028,DUST_WHOLEBOX_CLAIMABLE
248b68b658939107e7a435f8f8e539bb810771d3658ad75e89b6e1e248f6d72c,9gC15NvtHW7homngVJUdB2RK5G6v1xRw1tw3MEVd9YHrQS1u6rJ,0.009,0.09999999,1,1176393,2024-01-05,2227593,2028-01-27,DUE_2028,DUST_WHOLEBOX_CLAIMABLE
9b152da45b9147d35bf688b6a08b6eb7ffb58cbcfb245186d27c3a4d8fad1773,9gwQXM3CFvuWcun18qzr8yfU4BCuUagPW8YZMfZe8nQg8AJEFYr,0.01,22.75442768,0,1176657,2024-01-05,2227857,2028-01-28,DUE_2028,DUST_WHOLEBOX_CLAIMABLE
126c48f45932878e8b7d2f2d72b65e7087cc43526856d8b9cc8be01db6ffb7e3,9g6FvHG5p8N6wt9RUQkyr62bvRb1poK78ZEVDTgsGRrbB86UmoP,0.01,39.65625,0,1176694,2024-01-05,2227894,2028-01-28,DUE_2028,DUST_WHOLEBOX_CLAIMABLE
c63b43c28c1ad1dd15438e2f4471a0bdf42126b4f31398292214d2688e1ae561,9eY84P5d2GxEvyz2Nx7VgeZQ8gWVrijTDq1hgkizTEwwRBpntq2,0.01,3.81316523,0,1176974,2024-01-06,2228174,2028-01-28,DUE_2028,DUST_WHOLEBOX_CLAIMABLE
d4b5e677aaaab28fed1d97f3bb6a60c57c5a28cc4b08a33598e168a0ed0e605a,9g9FbBE4D7ZL3jUKkxUwc2dNvbXJtdZbkRoUm6JMVBTRxfpxbiB,0.01,49.01589927,0,1177175,2024-01-06,2228375,2028-01-29,DUE_2028,DUST_WHOLEBOX_CLAIMABLE
383584a22ddceab1d1c910b76c5be5a26bdf32109cc9695ddcb43323e8c7ceed,9iGxCMwyaFetxmUv3QdFJvkfT87A7Lwetizqza4ygraUhu4sGgz,0.01,5.4375,0,1177569,2024-01-06,2228769,2028-01-29,DUE_2028,DUST_WHOLEBOX_CLAIMABLE
4f5f58c3dadf6d0f5adcb4b2356526f90d37e7ca88eda32c9583dfb519b5d612,9fFExjuofNXFkbCNcgZuzAH8RdzETzSEZAJ7tp3FgorjecvLuVF,0.01,28.40625,0,1177762,2024-01-07,2228962,2028-01-29,DUE_2028,DUST_WHOLEBOX_CLAIMABLE
eb26f7d0f519105042c81c868382fa10c5b0f54d9c7057aac014fc092162cf9a,9fBf6wZen7Kqg9WbudYMzihg8F6anu6JyV97s6tAsThBqhCRgNZ,0.01,0.09375,0,1178004,2024-01-07,2229204,2028-01-30,DUE_2028,DUST_WHOLEBOX_CLAIMABLE
cb4ae378c5d6d95772a076f39b2f9ea29febde13896fbf2427fea2beb9edf75e,9i3vnqDXGq5hJgDpLXJwJtmrTB3uE1Av5bdB4hJVGbzLmK6dYUV,0.01,9.9375,0,1178268,2024-01-07,2229468,2028-01-30,DUE_2028,DUST_WHOLEBOX_CLAIMABLE
057628b299fcbf3d84381e869605e4b57c9c6e3b7c81425c001b40c73131e766,9fSC7pwRCmRV3YoWqoc5CoeS5Fb9rG3Au9hQXkWczfPWuWHny8S,0.01,130.875,0,1178578,2024-01-08,2229778,2028-01-31,DUE_2028,DUST_WHOLEBOX_CLAIMABLE
2ff2b23fd20cdb432b51705f44ce18c32f411b0cc1ef23523fbd64a0d22ae1ad,9hJnKmYW2s1cca2FA6fETNApU6g7CFSN8pptHqXta4EL5GMLDYH,0.01,144.0,0,1178589,2024-01-08,2229789,2028-01-31,DUE_2028,DUST_WHOLEBOX_CLAIMABLE
6a28f0bb86d711a8eaacf5a0a77c891ddab45f1c8dc5838792aec2d4d8f5a715,9ffJG8HmvjfxkJQxhVg5tyCCdQnDPAaf1U6GznSDUaPnD5id1vE,0.01,2.0625,0,1178661,2024-01-08,2229861,2028-01-31,DUE_2028,DUST_WHOLEBOX_CLAIMABLE
ad5191692e926cd98445e75200c94657184bf734299c10f73fd644b64fa6e4dc,9hxnAA8ekCGpgbbPo8pTyifUwoW5iJrLsbzkmQuP7AHSQ4cASm8,0.01,105.23579391,0,1178903,2024-01-08,2230103,2028-01-31,DUE_2028,DUST_WHOLEBOX_CLAIMABLE
e7b74f311a7f1c5a7f2063daca59840c4232602bddbed069687a42b84c9ac9f6,9hxnAA8ekCGpgbbPo8pTyifUwoW5iJrLsbzkmQuP7AHSQ4cASm8,0.01,5.4375,0,1178914,2024-01-08,2230114,2028-01-31,DUE_2028,DUST_WHOLEBOX_CLAIMABLE
b64040e1c189477e50aa9553a878396b93f665dcf449b5aa9007657bc8429a6a,9gu4geMYjXvYz9BZsGnBTzgaJsepGH2jh4k7Y9gLdo7G1xUgaNw,0.01,148.40625,0,1179212,2024-01-09,2230412,2028-01-31,DUE_2028,DUST_WHOLEBOX_CLAIMABLE
fd32cb2d00faf50488498d233314d6310f673992a73a74e81e5b885c6b4231e9,9hbC3v48R5XkktK5sKQAYdG1WiLccB9fmfdwrT2TDRoFKhirqT9,0.01,61.21875,0,1179333,2024-01-09,2230533,2028-02-01,DUE_2028,DUST_WHOLEBOX_CLAIMABLE
54466b7a4523f0117ab36f2bf99dc0492bf75370c6fe2aa1b685f8f4fbbec473,9i7PdvribLh77zXxaYgGc93JdPp3EepqY2Bk82D5rUaffP6zH53,0.01,0.75733368,0,1179425,2024-01-09,2230625,2028-02-01,DUE_2028,DUST_WHOLEBOX_CLAIMABLE
7304a1fb6e8363fc929c16fd5a4982975c5a9d2eaa2646d8f82ba849ba7238f3,9fAgL47brnLfCjCNi8FVveeU7ujBHsrcqxtQ161JM1r6s1Dr6U2,15.432609254,5.95278708,20,1179426,2024-01-09,2230626,2028-02-01,DUE_2028,FUNDED_RENT_WITHSTANDS
3fd627c7a2b0649734acd5e5ff1159c20aacf5113591244969227834ad2c910a,9hDL396swJaukksC5ENabPZo7pFK5mjFzPD9rRGaFEXWBz9c6Kj,0.01,44.71875,0,1180033,2024-01-10,2231233,2028-02-02,DUE_2028,DUST_WHOLEBOX_CLAIMABLE
25e1cab93d1f7ddb02bd5d760487256215fcc8d9b43372060f0f6ab939daa9bd,9gtdyNTVfziFsGzH7KNjMcUj4v8MtADx4Z3prg6MWyHCCWz9NJM,0.001,20000.0,0,1180051,2024-01-10,2231251,2028-02-02,DUE_2028,DUST_WHOLEBOX_CLAIMABLE
42cad45fdefc7be510a1104fdd79d4b6523727a290b32a9095860e113255a873,9gtdyNTVfziFsGzH7KNjMcUj4v8MtADx4Z3prg6MWyHCCWz9NJM,0.001,40000.0,0,1180051,2024-01-10,2231251,2028-02-02,DUE_2028,DUST_WHOLEBOX_CLAIMABLE
553e70f1b1cbce852cec984c00392709d02a8c287f6d88e7dfa3921eb0f8d805,9fCKJ7g6ZffHAQb9UQY7S6YLF6dRVejBAXw284XNazkq8XLuZbw,0.0939,34.46328212,0,1180051,2024-01-10,2231251,2028-02-02,DUE_2028,DUST_WHOLEBOX_CLAIMABLE
75600d549794acb5103d6ff491cac9c2511c44d560cc1d118e7ada38a1f5e09c,9gtdyNTVfziFsGzH7KNjMcUj4v8MtADx4Z3prg6MWyHCCWz9NJM,0.001,60000.0,0,1180056,2024-01-10,2231256,2028-02-02,DUE_2028,DUST_WHOLEBOX_CLAIMABLE
cb20b0f88d5fa1fc3c56e331c98244e698ec3360c4c2da9d93f8eb2a87458488,9fCKJ7g6ZffHAQb9UQY7S6YLF6dRVejBAXw284XNazkq8XLuZbw,19.5049,3398.05981315,0,1180056,2024-01-10,2231256,2028-02-02,DUE_2028,FUNDED_RENT_WITHSTANDS
34ab766d9aa662dab73e9f75d887578a98fe390466b32b1b7be1d07701177a94,9fCKJ7g6ZffHAQb9UQY7S6YLF6dRVejBAXw284XNazkq8XLuZbw,0.001,17.07768632,0,1180206,2024-01-10,2231406,2028-02-02,DUE_2028,DUST_WHOLEBOX_CLAIMABLE
b0129183779202899921513503f25a0dc78399498483aa2883a7c1f4e5ef6f5a,9fCKJ7g6ZffHAQb9UQY7S6YLF6dRVejBAXw284XNazkq8XLuZbw,0.001,22.59375,0,1180558,2024-01-11,2231758,2028-02-02,DUE_2028,DUST_WHOLEBOX_CLAIMABLE
af4503a42fece14d61eb36dbd392e2234f7c7c39d234def3dd314bef854ca638,9hp1xXVF8VXkYEHdgvTJK7XSEW1vckcKqWx8JTHsAwwGzHH9hxq,37.43389183,0.0660264,99,1180571,2024-01-11,2231771,2028-02-02,DUE_2028,FUNDED_RENT_WITHSTANDS
2c5c3f46fca2ebe5618f3df849b8f3e6cbee80b43cb3ec4bc54045303013ae2c,9fCKJ7g6ZffHAQb9UQY7S6YLF6dRVejBAXw284XNazkq8XLuZbw,0.001,249.78483041,0,1180586,2024-01-11,2231786,2028-02-02,DUE_2028,DUST_WHOLEBOX_CLAIMABLE
6d0c6fdddec0c0b4a2aa3b671db3ac01cdb8ce9630ce09f375b922ad22f8739b,9fCKJ7g6ZffHAQb9UQY7S6YLF6dRVejBAXw284XNazkq8XLuZbw,0.001,1432.76771106,0,1180696,2024-01-11,2231896,2028-02-03,DUE_2028,DUST_WHOLEBOX_CLAIMABLE
9dcc162c597f951d492061c9c60ee97a43eb8d4e068f7b5a4d7f5e647a3ee9a8,9fCKJ7g6ZffHAQb9UQY7S6YLF6dRVejBAXw284XNazkq8XLuZbw,0.001,19.21875,0,1180863,2024-01-11,2232063,2028-02-03,DUE_2028,DUST_WHOLEBOX_CLAIMABLE
b586b5bf01296eb9b79ba182f4ba94f4bcb83a01df467ab8f6fdc3c0a22cb49c,9fCKJ7g6ZffHAQb9UQY7S6YLF6dRVejBAXw284XNazkq8XLuZbw,0.001,63.52963343,0,1180908,2024-01-11,2232108,2028-02-03,DUE_2028,DUST_WHOLEBOX_CLAIMABLE
05c3138f4ef1c8664c50d3df4d832d9f33c99bb7d488230d82e6fc34508dad18,9fH13DxhDwhr5tLQi2arvmdTgUvz1BCY1s1nynt4wa556W5j4CV,0.01,1.21875,0,1180922,2024-01-11,2232122,2028-02-03,DUE_2028,DUST_WHOLEBOX_CLAIMABLE
107146138468144d754831e7bd81196cc56abb54e04b6352611c940a051e6f1e,9fCKJ7g6ZffHAQb9UQY7S6YLF6dRVejBAXw284XNazkq8XLuZbw,0.001,120.1633055,0,1181080,2024-01-11,2232280,2028-02-03,DUE_2028,DUST_WHOLEBOX_CLAIMABLE
720cc5659b44e0e77e5d5c8b1e15afb8558e03f23cb1866d103620f6ead5c2ba,9fCKJ7g6ZffHAQb9UQY7S6YLF6dRVejBAXw284XNazkq8XLuZbw,0.001,7.65625,0,1181340,2024-01-12,2232540,2028-02-03,DUE_2028,DUST_WHOLEBOX_CLAIMABLE
eb56d47f9277dba529fad6ded4a3026a40407854f34a678e343e340e280c9122,9hFnojmzWEe1X1sQYSqep7dAJqvE3GHJbVeGZSXT9Bhzxup8t1h,0.01,71.90625,0,1181692,2024-01-12,2232892,2028-02-04,DUE_2028,DUST_WHOLEBOX_CLAIMABLE
c7a68cdbbcdc61a490f2061f72f1a28f773625cc00d025afda0c5548e5ce3959,9gSVgi2dhqzYC3WzM3iX3mUMVfpYXD9xQa32pcc86VtB8aBtT2M,0.01,24.0,0,1181717,2024-01-12,2232917,2028-02-04,DUE_2028,DUST_WHOLEBOX_CLAIMABLE
55175830959ee51e334263bf7823db84c514565ab889b7c887b21c0f382b158f,9fCKJ7g6ZffHAQb9UQY7S6YLF6dRVejBAXw284XNazkq8XLuZbw,0.001,49.3125,0,1181826,2024-01-12,2233026,2028-02-04,DUE_2028,DUST_WHOLEBOX_CLAIMABLE
7cb8dc4696a311249d1ae7e6b5d244fbfeecab9c3c57998d7064593d295e28e4,9fCKJ7g6ZffHAQb9UQY7S6YLF6dRVejBAXw284XNazkq8XLuZbw,0.001,915.85183172,0,1182114,2024-01-13,2233314,2028-02-05,DUE_2028,DUST_WHOLEBOX_CLAIMABLE
81d95d203a70b3677507434319c0ba062b3442a862b2b4475549c3cca2126e28,9fCKJ7g6ZffHAQb9UQY7S6YLF6dRVejBAXw284XNazkq8XLuZbw,0.001,174.46875,0,1182151,2024-01-13,2233351,2028-02-05,DUE_2028,DUST_WHOLEBOX_CLAIMABLE
21702bf4149b85bbd2c451868230cd9d8006541ebd3bcd4bf40b048f62306618,9hvwjbAgHfYZBC8gQvrqQNLjcXnxaTKUDNV5DhDofbTCm6mLz7C,0.01,19.78125,0,1182180,2024-01-13,2233380,2028-02-05,DUE_2028,DUST_WHOLEBOX_CLAIMABLE
f07fdfd8cdadbea76197a54a72255cb5d4ec858f3ef3562d40c494e6cdc5a1cd,9fCKJ7g6ZffHAQb9UQY7S6YLF6dRVejBAXw284XNazkq8XLuZbw,0.001,48.84375,0,1182207,2024-01-13,2233407,2028-02-05,DUE_2028,DUST_WHOLEBOX_CLAIMABLE
e230d9aa01561e40cde062b205eda45c4fb1351f251131a07ae451145e790354,9fCKJ7g6ZffHAQb9UQY7S6YLF6dRVejBAXw284XNazkq8XLuZbw,0.001,12.5967118,0,1182241,2024-01-13,2233441,2028-02-05,DUE_2028,DUST_WHOLEBOX_CLAIMABLE
c685514bb7c821b4d375c07c3bae81ba7eecb01bc1650c79480c878e9b85bf94,9fCKJ7g6ZffHAQb9UQY7S6YLF6dRVejBAXw284XNazkq8XLuZbw,0.001,868.76264554,0,1182256,2024-01-13,2233456,2028-02-05,DUE_2028,DUST_WHOLEBOX_CLAIMABLE
dfd707b713dee26e9dd5c7e5a38691a1e8f893223d4e66ca894a5b191020a721,9fCKJ7g6ZffHAQb9UQY7S6YLF6dRVejBAXw284XNazkq8XLuZbw,0.001,234.1875,0,1182256,2024-01-13,2233456,2028-02-05,DUE_2028,DUST_WHOLEBOX_CLAIMABLE
51613d1d6bf32a508b52bc80b5045f5adf0caddec6e524d952112718ea1f3c6a,9fCKJ7g6ZffHAQb9UQY7S6YLF6dRVejBAXw284XNazkq8XLuZbw,0.001,115.22953544,0,1182300,2024-01-13,2233500,2028-02-05,DUE_2028,DUST_WHOLEBOX_CLAIMABLE
8bf779054f3dd56ae44361b8adfffd1c93a6d65abd17e173d0e9fc36a282fe43,9fCKJ7g6ZffHAQb9UQY7S6YLF6dRVejBAXw284XNazkq8XLuZbw,0.001,66.28125,0,1182638,2024-01-14,2233838,2028-02-05,DUE_2028,DUST_WHOLEBOX_CLAIMABLE
264f54ae9ba6678c6e77fa107ef1aff7af65e686c9ada9ae173cfc6ac531ac1d,9fDwYw1g34T7eLqZmVTvZhRu9ixLya1URqmUiXzwaADoBoNe7SU,0.01,0.65625,0,1182767,2024-01-14,2233967,2028-02-05,DUE_2028,DUST_WHOLEBOX_CLAIMABLE
825e387bd8a3c5e8aac9dd96d6b8e6cae4d153bda18c393f208aca5aec724bed,9hYNfD9JBrXjTDNgiGZzic7dvyD3yuthkCivwmqK1mF3k93JJne,0.01,1.875,0,1182809,2024-01-14,2234009,2028-02-06,DUE_2028,DUST_WHOLEBOX_CLAIMABLE
28a9dbef29706296941b204f91839438435c23fea7859aa27afda1683f556772,9fCKJ7g6ZffHAQb9UQY7S6YLF6dRVejBAXw284XNazkq8XLuZbw,0.001,24.28125,0,1182810,2024-01-14,2234010,2028-02-06,DUE_2028,DUST_WHOLEBOX_CLAIMABLE
cc25fefcfc48aec1dcdb02384a19b116875aa5f50afaec4699d84553c512a3ab,9fCKJ7g6ZffHAQb9UQY7S6YLF6dRVejBAXw284XNazkq8XLuZbw,0.001,13.96875,0,1182850,2024-01-14,2234050,2028-02-06,DUE_2028,DUST_WHOLEBOX_CLAIMABLE
7057207b84bc2e5ac8baf8d241a1275595a62bed70accd7fb33b0137ac3d4e05,9fCKJ7g6ZffHAQb9UQY7S6YLF6dRVejBAXw284XNazkq8XLuZbw,0.001,571.48498662,0,1182912,2024-01-14,2234112,2028-02-06,DUE_2028,DUST_WHOLEBOX_CLAIMABLE
e3ba5d7bd34346fc733dfb2ba2baea09aec22c1390c832c82ab0070fa09611d1,9fCKJ7g6ZffHAQb9UQY7S6YLF6dRVejBAXw284XNazkq8XLuZbw,0.001,155.625,0,1183000,2024-01-14,2234200,2028-02-06,DUE_2028,DUST_WHOLEBOX_CLAIMABLE
bfc6b4faf0e697e73527c1d51ed4e4175dfe7009cd216fbce0628c231f193f1d,9fCKJ7g6ZffHAQb9UQY7S6YLF6dRVejBAXw284XNazkq8XLuZbw,0.001,114.5625,0,1183024,2024-01-14,2234224,2028-02-06,DUE_2028,DUST_WHOLEBOX_CLAIMABLE
b6194b58bcaa352b91599c87ac09c0f0c65fc55dc1cb3a4612e3136908bb67b1,9fCKJ7g6ZffHAQb9UQY7S6YLF6dRVejBAXw284XNazkq8XLuZbw,0.001,102.68242291,0,1183035,2024-01-14,2234235,2028-02-06,DUE_2028,DUST_WHOLEBOX_CLAIMABLE
4fb52a0feb91e95c1c318eac26a59c35492cd41ffd9037de1009cca9ce4bc14f,9fCKJ7g6ZffHAQb9UQY7S6YLF6dRVejBAXw284XNazkq8XLuZbw,0.001,222.39259245,0,1183054,2024-01-14,2234254,2028-02-06,DUE_2028,DUST_WHOLEBOX_CLAIMABLE
4b96f6a436771c31ad1e94da9747ed98d56cdf95006129b81402d5dbdf026b14,9fCKJ7g6ZffHAQb9UQY7S6YLF6dRVejBAXw284XNazkq8XLuZbw,0.001,5800.79894591,0,1183258,2024-01-14,2234458,2028-02-06,DUE_2028,DUST_WHOLEBOX_CLAIMABLE
dd2dfd114ad4cd3820f0ad780f841649512ebb90d173b4454a3cd2da2f8409da,9fCKJ7g6ZffHAQb9UQY7S6YLF6dRVejBAXw284XNazkq8XLuZbw,0.0479,2824.99977996,0,1183258,2024-01-14,2234458,2028-02-06,DUE_2028,DUST_WHOLEBOX_CLAIMABLE
3834187e35c53f12ac53ef0a756433a31b2a264bfaa2e49f38990c2a08521fdc,9fCKJ7g6ZffHAQb9UQY7S6YLF6dRVejBAXw284XNazkq8XLuZbw,0.001,182.2805,0,1183404,2024-01-15,2234604,2028-02-06,DUE_2028,DUST_WHOLEBOX_CLAIMABLE
f12f807ae8279bf25b7eaf882c9c550c415c12de599e89a8f705a117cd479f95,9fCKJ7g6ZffHAQb9UQY7S6YLF6dRVejBAXw284XNazkq8XLuZbw,0.001,93.90979871,0,1183411,2024-01-15,2234611,2028-02-06,DUE_2028,DUST_WHOLEBOX_CLAIMABLE
fead97a6bc0d75f9de7f8b4d9bd48a987767e265eae67e9c93cd0e961eed57b7,9ecujoQ11ntxqv8TSjyjKSpN64gQRLGh7NoooogxETmCbqBpNcy,0.01,1.21875,0,1183601,2024-01-15,2234801,2028-02-07,DUE_2028,DUST_WHOLEBOX_CLAIMABLE
d9ba4abcd64a46de93f370b0b82e20adf5bd3b456ff2347147269cc2449fa35f,9fCKJ7g6ZffHAQb9UQY7S6YLF6dRVejBAXw284XNazkq8XLuZbw,0.001,11.90625,0,1183705,2024-01-15,2234905,2028-02-07,DUE_2028,DUST_WHOLEBOX_CLAIMABLE
a55a6d7e2d4dadd5b32b9adb7e017c3a47641a0184f5f13aa339f24a13ab11f3,9fCKJ7g6ZffHAQb9UQY7S6YLF6dRVejBAXw284XNazkq8XLuZbw,0.001,91.875,0,1183715,2024-01-15,2234915,2028-02-07,DUE_2028,DUST_WHOLEBOX_CLAIMABLE
b60cdcb72002db9d289de7f2f212f25b34efe02302d95aaee24d214e6f3e473f,9fCKJ7g6ZffHAQb9UQY7S6YLF6dRVejBAXw284XNazkq8XLuZbw,0.001,70.875,0,1183787,2024-01-15,2234987,2028-02-07,DUE_2028,DUST_WHOLEBOX_CLAIMABLE
7f2f0816384bc6bb56e700cbb56c0cef766f5eddc8fb556c19bc04cbf22fdc5c,9fCKJ7g6ZffHAQb9UQY7S6YLF6dRVejBAXw284XNazkq8XLuZbw,0.001,2856.3868223,0,1184156,2024-01-16,2235356,2028-02-07,DUE_2028,DUST_WHOLEBOX_CLAIMABLE
7d7440549a2eaee06e330bcbc3ad1ca64e189394c65136ba6ffe7b5ee0948660,9fCKJ7g6ZffHAQb9UQY7S6YLF6dRVejBAXw284XNazkq8XLuZbw,0.001,47.0625,0,1184161,2024-01-16,2235361,2028-02-07,DUE_2028,DUST_WHOLEBOX_CLAIMABLE
9c7ce4c1fd947effa0d499e96c91cf7ea71796f91c4fc36687f221b931a6084f,9fCKJ7g6ZffHAQb9UQY7S6YLF6dRVejBAXw284XNazkq8XLuZbw,0.001,108.375,0,1184463,2024-01-16,2235663,2028-02-08,DUE_2028,DUST_WHOLEBOX_CLAIMABLE
965d505fafa886fa0cb23cc73ce165fab03299e2d872aa5add63bb2a6a8c7344,9fCKJ7g6ZffHAQb9UQY7S6YLF6dRVejBAXw284XNazkq8XLuZbw,0.001,346.875,0,1184492,2024-01-16,2235692,2028-02-08,DUE_2028,DUST_WHOLEBOX_CLAIMABLE
17f61e465c71a62844276e882f31307ec0c928079411454c5331c5c24fa7ad6c,9fCKJ7g6ZffHAQb9UQY7S6YLF6dRVejBAXw284XNazkq8XLuZbw,0.001,49.875,0,1184768,2024-01-17,2235968,2028-02-08,DUE_2028,DUST_WHOLEBOX_CLAIMABLE
c8c04f04a7423225a1e6dad7d59a1dea3327de36349325205d33c804dfcd97c1,9fCKJ7g6ZffHAQb9UQY7S6YLF6dRVejBAXw284XNazkq8XLuZbw,0.001,9.25,0,1184814,2024-01-17,2236014,2028-02-08,DUE_2028,DUST_WHOLEBOX_CLAIMABLE
53692129ad29ff821cdd7b7551f3f5ee88827e112083d3a92a1e3bbd84f049cb,9fCKJ7g6ZffHAQb9UQY7S6YLF6dRVejBAXw284XNazkq8XLuZbw,0.001,1000.0,0,1185061,2024-01-17,2236261,2028-02-09,DUE_2028,DUST_WHOLEBOX_CLAIMABLE
19cfe609907635807c692c37137bda7d88103696f4cbe9080e05bb00c1131718,9fCKJ7g6ZffHAQb9UQY7S6YLF6dRVejBAXw284XNazkq8XLuZbw,0.001,47.5876665,0,1185224,2024-01-17,2236424,2028-02-09,DUE_2028,DUST_WHOLEBOX_CLAIMABLE
88a7725127a95506588e3fea19e89afec25f4f5612f15669d4eff9d3685ec8c7,9haQ21LYHfHQoW4okgAMnLirAsDhDE8wA16bL5udXC8eGsiskVs,0.01,1.5,0,1185243,2024-01-17,2236443,2028-02-09,DUE_2028,DUST_WHOLEBOX_CLAIMABLE
85253afcd4b81ccb11bc2414740cdc171eac4dc7b6495a20d3056b81b9b5705d,9fCKJ7g6ZffHAQb9UQY7S6YLF6dRVejBAXw284XNazkq8XLuZbw,0.001,18.09375,0,1185259,2024-01-17,2236459,2028-02-09,DUE_2028,DUST_WHOLEBOX_CLAIMABLE
85999e96201badc2471db95abf7517cf3cb3b85a3aeca40e5305242bb050c1aa,9fCKJ7g6ZffHAQb9UQY7S6YLF6dRVejBAXw284XNazkq8XLuZbw,0.001,36.46875,0,1185299,2024-01-17,2236499,2028-02-09,DUE_2028,DUST_WHOLEBOX_CLAIMABLE
8edd29ce942a0a81bc7167267c80b584b29cdc6268eaf429f168f65e00947f92,9gSkipHfuhSGH77XfcKbjed2LXyFoyHTThpoeMgAyQHXthU8zFL,0.01,2.0625,0,1185380,2024-01-17,2236580,2028-02-09,DUE_2028,DUST_WHOLEBOX_CLAIMABLE
c364ca60bc9b63308f4e490ae05565f21085bff7239ce372a7687aac384291d3,9fCKJ7g6ZffHAQb9UQY7S6YLF6dRVejBAXw284XNazkq8XLuZbw,0.001,1272.4584007,0,1185537,2024-01-18,2236737,2028-02-09,DUE_2028,DUST_WHOLEBOX_CLAIMABLE
20e7aba343ac9c15f55e122a7d2c60ffad40c1b11ea6cc5d7e450bb97468d0da,9fCKJ7g6ZffHAQb9UQY7S6YLF6dRVejBAXw284XNazkq8XLuZbw,0.001,34.96875,0,1185699,2024-01-18,2236899,2028-02-10,DUE_2028,DUST_WHOLEBOX_CLAIMABLE
36334c47e18d5e91faebea0775b61d435ac70594a658acca8a019831ed9e05ae,9eXSwTpQngsW8if9gjoACsToAkhX8xf417CMy95LiaVZpQJFMFo,0.01,4.03125,0,1185712,2024-01-18,2236912,2028-02-10,DUE_2028,DUST_WHOLEBOX_CLAIMABLE
9d0ca130caa32a9feaae0d94ceb0dcaea3b62fb1cacac5ab8a93487e6e4d7353,9fCKJ7g6ZffHAQb9UQY7S6YLF6dRVejBAXw284XNazkq8XLuZbw,0.001,102.82376985,0,1185712,2024-01-18,2236912,2028-02-10,DUE_2028,DUST_WHOLEBOX_CLAIMABLE
931026993de1bab43f3363c94be51168f10ad55a4a83b2a772aeba5d2e821d58,9fCKJ7g6ZffHAQb9UQY7S6YLF6dRVejBAXw284XNazkq8XLuZbw,0.001,48.38531011,0,1185717,2024-01-18,2236917,2028-02-10,DUE_2028,DUST_WHOLEBOX_CLAIMABLE
7d5c8b46063884db3508c96630f231c137c69fe7436272d8fc49bf900f0f7916,9fCKJ7g6ZffHAQb9UQY7S6YLF6dRVejBAXw284XNazkq8XLuZbw,0.001,37.78125,0,1185746,2024-01-18,2236946,2028-02-10,DUE_2028,DUST_WHOLEBOX_CLAIMABLE
fe4316c9ebaf6b163be5c0aa7f3d2186168ec3a02bfdf7be4f4862cae2a6cfb4,9fCKJ7g6ZffHAQb9UQY7S6YLF6dRVejBAXw284XNazkq8XLuZbw,0.001,379.5,0,1185915,2024-01-18,2237115,2028-02-10,DUE_2028,DUST_WHOLEBOX_CLAIMABLE
a0383a0db76e64a5e8c2fc27f54bac6168b1d03f0d518d5a134de13dca3f616b,9fsiULbCSoqMBewuwGUfmGvvdqitBsYG5ZpefC2pHTfMrh7sqhC,0.01,27.0,0,1185919,2024-01-18,2237119,2028-02-10,DUE_2028,DUST_WHOLEBOX_CLAIMABLE
f585a4787f81e5f4dd264503039f3780ca150dc8bb81ee7ff3fa71f533a7eb5b,9fCKJ7g6ZffHAQb9UQY7S6YLF6dRVejBAXw284XNazkq8XLuZbw,0.001,42.1875,0,1185953,2024-01-18,2237153,2028-02-10,DUE_2028,DUST_WHOLEBOX_CLAIMABLE
f709d5ecfe3af4e6734c1715226e2f7dffae2dc695661f8f618cc5bdd32d3a82,9fCKJ7g6ZffHAQb9UQY7S6YLF6dRVejBAXw284XNazkq8XLuZbw,0.001,196.51994132,0,1186025,2024-01-18,2237225,2028-02-10,DUE_2028,DUST_WHOLEBOX_CLAIMABLE
9829902964f923e4decdc1e0401c6d43684817e30febd2715357a5d736c58c91,9hgEYkmHagt8ZszARTUrcNYGLAouSbZjRZMWmJD93YBkTM9ZToB,0.01,0.375,0,1186064,2024-01-18,2237264,2028-02-10,DUE_2028,DUST_WHOLEBOX_CLAIMABLE
bd59c4cd3cd3a0bc0dbea327ce9f0a52c88173ce87dcbeab3819db04f1672674,9fCKJ7g6ZffHAQb9UQY7S6YLF6dRVejBAXw284XNazkq8XLuZbw,0.001,9.0,0,1186172,2024-01-19,2237372,2028-02-10,DUE_2028,DUST_WHOLEBOX_CLAIMABLE
9bc042cec5f250f4033cfd6a534d2c8dd71e91a6a9f3e7cc449d083d5f9ef155,9fCKJ7g6ZffHAQb9UQY7S6YLF6dRVejBAXw284XNazkq8XLuZbw,0.001,46.78125,0,1186199,2024-01-19,2237399,2028-02-10,DUE_2028,DUST_WHOLEBOX_CLAIMABLE
f3f015e0b07d21a9bdf6d23cdbcebadcbd8da8b81c5e94b5271321a132588d02,9fCKJ7g6ZffHAQb9UQY7S6YLF6dRVejBAXw284XNazkq8XLuZbw,0.001,6.84375,0,1186204,2024-01-19,2237404,2028-02-10,DUE_2028,DUST_WHOLEBOX_CLAIMABLE
160a7ea9b5340af9f1f98aa5154a1ba4bf4e5f57bdd56bf56c6068f3a66a3ee9,9fCKJ7g6ZffHAQb9UQY7S6YLF6dRVejBAXw284XNazkq8XLuZbw,0.001,120.0,0,1186237,2024-01-19,2237437,2028-02-10,DUE_2028,DUST_WHOLEBOX_CLAIMABLE
5c2571bfe1e4db8c77f305eda4bed5338b48ef437db9ea6734c95f751ace0a43,9fCKJ7g6ZffHAQb9UQY7S6YLF6dRVejBAXw284XNazkq8XLuZbw,0.001,32.15625,0,1186296,2024-01-19,2237496,2028-02-10,DUE_2028,DUST_WHOLEBOX_CLAIMABLE
256f0216bac687d97af9213132b7ddec8a6868f5924be36bb48721a91e548f55,9fCKJ7g6ZffHAQb9UQY7S6YLF6dRVejBAXw284XNazkq8XLuZbw,0.001,425.71875,0,1186421,2024-01-19,2237621,2028-02-11,DUE_2028,DUST_WHOLEBOX_CLAIMABLE
6c0d4752cdd3e34ab3937d4e3344d7cbfe1efba8611700eb809c386d351c2b9e,9fCKJ7g6ZffHAQb9UQY7S6YLF6dRVejBAXw284XNazkq8XLuZbw,0.001,20.90625,0,1186462,2024-01-19,2237662,2028-02-11,DUE_2028,DUST_WHOLEBOX_CLAIMABLE
1cad5b2d62d8dc59faa734f04a30db34c83ae779dd9fe59b21bab8126e78be0f,9fCKJ7g6ZffHAQb9UQY7S6YLF6dRVejBAXw284XNazkq8XLuZbw,0.001,6.125,0,1186464,2024-01-19,2237664,2028-02-11,DUE_2028,DUST_WHOLEBOX_CLAIMABLE
6520d99262142f955000626fa4f7f26295cf4457ce85eeec2415d65faa4256af,9fCKJ7g6ZffHAQb9UQY7S6YLF6dRVejBAXw284XNazkq8XLuZbw,0.001,26.71875,0,1186526,2024-01-19,2237726,2028-02-11,DUE_2028,DUST_WHOLEBOX_CLAIMABLE
d94d092b97b790cd1ca0d63c8855e0e945a2cfa674d47210843f53ee6d621265,9fCKJ7g6ZffHAQb9UQY7S6YLF6dRVejBAXw284XNazkq8XLuZbw,0.001,116.25,0,1186554,2024-01-19,2237754,2028-02-11,DUE_2028,DUST_WHOLEBOX_CLAIMABLE
56d2e4b1e3b3ae61f1c2e400cf8ecb00769a6dd78630518d314bb5e5777dcb54,9feTRkPNejztKQk9QuV94fX24VvXQL1mW9A9iZeYZD2cxPcC7Mx,0.01,3.46875,0,1186589,2024-01-19,2237789,2028-02-11,DUE_2028,DUST_WHOLEBOX_CLAIMABLE
4c20299c2e1a77ff8c32a6e2a389b162722a9c458dab81db23eb94513a42f0b1,9fCKJ7g6ZffHAQb9UQY7S6YLF6dRVejBAXw284XNazkq8XLuZbw,0.001,73.6875,0,1186732,2024-01-19,2237932,2028-02-11,DUE_2028,DUST_WHOLEBOX_CLAIMABLE
facf10c82fa14936b90a9f1943014ac2823f35a6e4c6d417d6b2e132e6913eae,9hidvXv9Bxb6RYH5uvin5KWvbAJAxuXBwScCE5GYRRa1jrySD8J,0.01,2.34375,0,1186815,2024-01-19,2238015,2028-02-11,DUE_2028,DUST_WHOLEBOX_CLAIMABLE
df2a6a4576fa469283f54c34654bfb26264e958254680a290c6924176de38442,9fCKJ7g6ZffHAQb9UQY7S6YLF6dRVejBAXw284XNazkq8XLuZbw,0.001,47.51094146,0,1186817,2024-01-19,2238017,2028-02-11,DUE_2028,DUST_WHOLEBOX_CLAIMABLE
de9d4cb25f61a76a7a78cd6eb06e0faf2ec96e0405a45984f9ba9a1961b0ae92,9fCKJ7g6ZffHAQb9UQY7S6YLF6dRVejBAXw284XNazkq8XLuZbw,0.001,69.65625,0,1186821,2024-01-19,2238021,2028-02-11,DUE_2028,DUST_WHOLEBOX_CLAIMABLE
e2b5a5fec37012936071328bebf0287ba02b3804e7d15f230938aa32095a3760,9eqoFc6S6ZJJGdrLGPB6ZKxz4kBgXYyvrFbkPceSC9JthDKWb5T,0.01,14.71875,0,1187056,2024-01-20,2238256,2028-02-12,DUE_2028,DUST_WHOLEBOX_CLAIMABLE
6eac0dc20a3fff87a34829c60863dcf153d77fb6dcb9657e39658c089eff4007,9iLxS6MQJSBkT6EyLeiqkTKkFR4wxx8TJdbpDQ8xFXS12qJYZvV,0.01,8.12856139,0,1187128,2024-01-20,2238328,2028-02-12,DUE_2028,DUST_WHOLEBOX_CLAIMABLE
f964d51dfac74479060482b6b67f707b95ca1a6a03796b20e110e5d34b172ebf,9gzb98yDF4RNEWnh8Np8uxxa8x63pUf1p1kTNBq5owAZcNQsY8z,0.01,772.51678012,0,1187133,2024-01-20,2238333,2028-02-12,DUE_2028,DUST_WHOLEBOX_CLAIMABLE
a185c5b006a0c21a2f76a91cccdae631c8827176a214b262af5ef6de749af5fa,9gzb98yDF4RNEWnh8Np8uxxa8x63pUf1p1kTNBq5owAZcNQsY8z,0.01,37.50523976,0,1187135,2024-01-20,2238335,2028-02-12,DUE_2028,DUST_WHOLEBOX_CLAIMABLE
fdcc57959beec4f6b81886d7352e365b295d04a9cf18b4eaf2e3d7c69488840b,9gzb98yDF4RNEWnh8Np8uxxa8x63pUf1p1kTNBq5owAZcNQsY8z,0.01,37.39821795,0,1187137,2024-01-20,2238337,2028-02-12,DUE_2028,DUST_WHOLEBOX_CLAIMABLE
b4726a30813e786388a1147269055685f7592d9421bd373825de8426c91d9232,9fCKJ7g6ZffHAQb9UQY7S6YLF6dRVejBAXw284XNazkq8XLuZbw,0.001,45.0,0,1187138,2024-01-20,2238338,2028-02-12,DUE_2028,DUST_WHOLEBOX_CLAIMABLE
dfaf3eaa3081ba13ac50c54d93d1884cfbdbdf2f84579466c76713eb9fee4fdd,9gzb98yDF4RNEWnh8Np8uxxa8x63pUf1p1kTNBq5owAZcNQsY8z,0.01,307.03125,0,1187153,2024-01-20,2238353,2028-02-12,DUE_2028,DUST_WHOLEBOX_CLAIMABLE
28617ef6f66b038ff7bda17d1ea84a158ec76375d95270f1735e102fdd34cf91,9fCKJ7g6ZffHAQb9UQY7S6YLF6dRVejBAXw284XNazkq8XLuZbw,0.001,22.78125,0,1187193,2024-01-20,2238393,2028-02-12,DUE_2028,DUST_WHOLEBOX_CLAIMABLE
14004b3fa524f12b430b72dc46485d915a5aea3019f5744803273fc78322ed24,9efG22vzMdRwpkUGBiSq2Mc5XV1uzHZkDMCvfZCNimVBAFRcJbv,0.001080047,2.13402503,0,1187362,2024-01-20,2238562,2028-02-12,DUE_2028,DUST_WHOLEBOX_CLAIMABLE
98d520d7dc9a5cbe25b9d83fd61ef46c0a7f9253de2dd2baca4a34d126290dcf,9fCKJ7g6ZffHAQb9UQY7S6YLF6dRVejBAXw284XNazkq8XLuZbw,0.001,948.25891909,0,1187490,2024-01-20,2238690,2028-02-12,DUE_2028,DUST_WHOLEBOX_CLAIMABLE
7516b9bdf56a178b3d6ae654d6cf25c416f66c3ea6178514ab75d8ee67770734,9fCKJ7g6ZffHAQb9UQY7S6YLF6dRVejBAXw284XNazkq8XLuZbw,0.001,1720.62349353,0,1187569,2024-01-20,2238769,2028-02-12,DUE_2028,DUST_WHOLEBOX_CLAIMABLE
ef75b994fcc4d466e50ce81bb1671f1d385d2b5fb29636cc9fe00c276191ea53,9fCKJ7g6ZffHAQb9UQY7S6YLF6dRVejBAXw284XNazkq8XLuZbw,0.001,240.0,0,1187592,2024-01-21,2238792,2028-02-12,DUE_2028,DUST_WHOLEBOX_CLAIMABLE
95a1285ec188623849680685f97a69623ce28747362b7f515f5dee4c445ff8e6,9hRa5bNth9AhfJkW7kFqL9Arj8Ap23gUpMDkhybRpjc1MwK8y7o,0.01,8.25,0,1187733,2024-01-21,2238933,2028-02-13,DUE_2028,DUST_WHOLEBOX_CLAIMABLE
7e5d380c524cfaea80883f27511e0df272f6c31e015cfd0c110e7c498d3d3edd,9fCKJ7g6ZffHAQb9UQY7S6YLF6dRVejBAXw284XNazkq8XLuZbw,0.001,231.0,0,1187753,2024-01-21,2238953,2028-02-13,DUE_2028,DUST_WHOLEBOX_CLAIMABLE
2a2116edacc8ac14ced2168f5067cfe5dd8c45876afaca181ee43da07fc6388c,9gxddhFtipKo9ZZBp8RVGiUW7c5b4bLfY4rXQ1FoFd8CGqpJRP2,0.01,6.28125,0,1188026,2024-01-21,2239226,2028-02-13,DUE_2028,DUST_WHOLEBOX_CLAIMABLE
62599fb05087cf1da3544774e335dbab7291cc4a6b68279c9ea2603925c36201,9fCKJ7g6ZffHAQb9UQY7S6YLF6dRVejBAXw284XNazkq8XLuZbw,0.001,110.625,0,1188161,2024-01-21,2239361,2028-02-13,DUE_2028,DUST_WHOLEBOX_CLAIMABLE
9157bfd128ad5508adb78420e12e6c15fe68ceeafde5e56a1a9e8a2c5ffcdd74,9fCKJ7g6ZffHAQb9UQY7S6YLF6dRVejBAXw284XNazkq8XLuZbw,0.001,7.875,0,1188169,2024-01-21,2239369,2028-02-13,DUE_2028,DUST_WHOLEBOX_CLAIMABLE
4640641d2c8c548c24543eaad656961260a8448bf1fdfc71e991627a7f1db22b,9fCKJ7g6ZffHAQb9UQY7S6YLF6dRVejBAXw284XNazkq8XLuZbw,0.001,540.73405069,0,1188219,2024-01-21,2239419,2028-02-13,DUE_2028,DUST_WHOLEBOX_CLAIMABLE
65452aae71d041cd00bfdb5bd4fa070802e559157a3597fabb7484c2fe6b818d,9fCKJ7g6ZffHAQb9UQY7S6YLF6dRVejBAXw284XNazkq8XLuZbw,0.001,908.0709202,0,1188382,2024-01-22,2239582,2028-02-13,DUE_2028,DUST_WHOLEBOX_CLAIMABLE
02cd801f86abed146f12d7cfabdc1a57c8dd02f0d3a5320efa3e464560c6ad0e,9fCKJ7g6ZffHAQb9UQY7S6YLF6dRVejBAXw284XNazkq8XLuZbw,0.001,46.21875,0,1188558,2024-01-22,2239758,2028-02-14,DUE_2028,DUST_WHOLEBOX_CLAIMABLE
2c4770896065218ac3999bd25094a7d640b8625191eaf68eb25373c5aff923c2,9hfbLbUSMT1FcziwfMz964TRRaJz5HWjaHTKFAd8WquYumGwyu5,0.001,3.0,0,1188558,2024-01-22,2239758,2028-02-14,DUE_2028,DUST_WHOLEBOX_CLAIMABLE
0f7d5291a8833bd6e5ecfc1442593fc4492c64c03778c262d89e6e3dc3ed4a2a,9fCKJ7g6ZffHAQb9UQY7S6YLF6dRVejBAXw284XNazkq8XLuZbw,0.001,33.28125,0,1188573,2024-01-22,2239773,2028-02-14,DUE_2028,DUST_WHOLEBOX_CLAIMABLE
706a6248efb73d9a50f0d072a1367580e7ff6cda9e553e13d82c9a889390b3ec,9fCKJ7g6ZffHAQb9UQY7S6YLF6dRVejBAXw284XNazkq8XLuZbw,0.001,25.125,0,1188747,2024-01-22,2239947,2028-02-14,DUE_2028,DUST_WHOLEBOX_CLAIMABLE
89073fddd295a86fe646468f66c3bc44d2ddef6282316bbb5b2f8612dc02f382,9fCKJ7g6ZffHAQb9UQY7S6YLF6dRVejBAXw284XNazkq8XLuZbw,0.001,80.3125,0,1188772,2024-01-22,2239972,2028-02-14,DUE_2028,DUST_WHOLEBOX_CLAIMABLE
8cafbc349183985fc0facd13daad4dfdffaafc6d1951006cb3c389375d77f6d6,9fCKJ7g6ZffHAQb9UQY7S6YLF6dRVejBAXw284XNazkq8XLuZbw,0.001,97.0,0,1188791,2024-01-22,2239991,2028-02-14,DUE_2028,DUST_WHOLEBOX_CLAIMABLE
c8735e41f5a368f146993d42962a651e56a3c1dbcca7370d5c6e71ef4d6daf3e,9fCKJ7g6ZffHAQb9UQY7S6YLF6dRVejBAXw284XNazkq8XLuZbw,0.001,10.125,0,1188819,2024-01-22,2240019,2028-02-14,DUE_2028,DUST_WHOLEBOX_CLAIMABLE
529e4508faf504ddef19ec39257ec8887bd270d2cb0e9659606a524a9de6839a,9fCKJ7g6ZffHAQb9UQY7S6YLF6dRVejBAXw284XNazkq8XLuZbw,0.001,47.0625,0,1189011,2024-01-23,2240211,2028-02-14,DUE_2028,DUST_WHOLEBOX_CLAIMABLE
9b6018f11a0abc711a690508c29e7f30862c1a8e0691ac3120effcdc46406558,9fCKJ7g6ZffHAQb9UQY7S6YLF6dRVejBAXw284XNazkq8XLuZbw,0.001,424.875,0,1189166,2024-01-23,2240366,2028-02-15,DUE_2028,DUST_WHOLEBOX_CLAIMABLE
4f6cd407161e8aed1e76b2bbdfa0eb1e78c20d014ec017db3fc53fae99fc7590,9fCKJ7g6ZffHAQb9UQY7S6YLF6dRVejBAXw284XNazkq8XLuZbw,0.001,49.61789696,0,1189181,2024-01-23,2240381,2028-02-15,DUE_2028,DUST_WHOLEBOX_CLAIMABLE
e74aab478ab577f6d9e270274e2d41cd5afb7d74a8ddcf704ce23056ddd3d68a,9fCKJ7g6ZffHAQb9UQY7S6YLF6dRVejBAXw284XNazkq8XLuZbw,0.001,12.75,0,1189238,2024-01-23,2240438,2028-02-15,DUE_2028,DUST_WHOLEBOX_CLAIMABLE
f3ac554826b12746d84d75e7f8c687a3a17274753bbdbace6851d6ad33daaec4,9f7dwVMgJZ13Bp4ZzSm1aDBBsRgVaDsVrdJNNHGiCVxTF2CoZFX,300.149143617,0.71865732,21,1189240,2024-01-23,2240440,2028-02-15,DUE_2028,FUNDED_RENT_WITHSTANDS
5c2bb9d7331c134ab4cada4ff51251a8e2235b424f16529f0dee0e62e79ddc67,9gkqRpmsFkzWSKmrGjNxKD8bcguQcuRBNzY8nCy6saE4s7huqfc,0.01,387.46875,0,1189375,2024-01-23,2240575,2028-02-15,DUE_2028,DUST_WHOLEBOX_CLAIMABLE
6772a64e6c68128fe702dbe4a65764ab5b1e1dbaa4d9d89f404cddf69495556a,9fCKJ7g6ZffHAQb9UQY7S6YLF6dRVejBAXw284XNazkq8XLuZbw,0.001,151.125,0,1189375,2024-01-23,2240575,2028-02-15,DUE_2028,DUST_WHOLEBOX_CLAIMABLE
21d7672e579ca83e639b0ca990223ec285f7a1b6ed0c7bdd272c69e8ad714a08,9fCKJ7g6ZffHAQb9UQY7S6YLF6dRVejBAXw284XNazkq8XLuZbw,0.001,10.78125,0,1189517,2024-01-23,2240717,2028-02-15,DUE_2028,DUST_WHOLEBOX_CLAIMABLE
e12961d360729fe60b33f0f43764b869beb4f2d555bbfd5a14343da61899124d,9ewfkdEs1UHpvevgJeFPHvKHmf5HBJkF1jecGyc9MVQYSbaYfNX,0.01,7.125,0,1189543,2024-01-23,2240743,2028-02-15,DUE_2028,DUST_WHOLEBOX_CLAIMABLE
deb9f4c1902e4c51b3bd96c18fc37781a06fc0e7abf6ad8e78a1913a33ee235b,9fCKJ7g6ZffHAQb9UQY7S6YLF6dRVejBAXw284XNazkq8XLuZbw,0.001,46.6875,0,1189651,2024-01-23,2240851,2028-02-15,DUE_2028,DUST_WHOLEBOX_CLAIMABLE
c330f73271e618efd660bc6c6c50c85a43d9b175af6137879ccab839144b72d5,9fCKJ7g6ZffHAQb9UQY7S6YLF6dRVejBAXw284XNazkq8XLuZbw,0.001,537.86828493,0,1189790,2024-01-24,2240990,2028-02-15,DUE_2028,DUST_WHOLEBOX_CLAIMABLE
ad480bf1c3e38d0184b64da60022ca0ef5ea840d63673caebd3fef38e6774474,9fCKJ7g6ZffHAQb9UQY7S6YLF6dRVejBAXw284XNazkq8XLuZbw,0.001,64.54257601,0,1189860,2024-01-24,2241060,2028-02-16,DUE_2028,DUST_WHOLEBOX_CLAIMABLE
99b87ebff48db176b5c7887cbfb3e40f1cb3709712163aa4daa96c73b7344fab,9fCKJ7g6ZffHAQb9UQY7S6YLF6dRVejBAXw284XNazkq8XLuZbw,0.001,59.71875,0,1189968,2024-01-24,2241168,2028-02-16,DUE_2028,DUST_WHOLEBOX_CLAIMABLE
f8b089b502a41bc21f797951b7c0743ce413fd426df2001a95de1954da21004c,9fCKJ7g6ZffHAQb9UQY7S6YLF6dRVejBAXw284XNazkq8XLuZbw,0.001,934.50435318,0,1190088,2024-01-24,2241288,2028-02-16,DUE_2028,DUST_WHOLEBOX_CLAIMABLE
2ef933aee8e097965ab3355f4d567fa906cb4e0d03ca61ff54cacb4149a73cd9,9fCKJ7g6ZffHAQb9UQY7S6YLF6dRVejBAXw284XNazkq8XLuZbw,0.001,17.8125,0,1190138,2024-01-24,2241338,2028-02-16,DUE_2028,DUST_WHOLEBOX_CLAIMABLE
282447ebca51cc8df6319f9357c0f09ef1121559b38340cdfe3ea7d438c12fa4,9fCKJ7g6ZffHAQb9UQY7S6YLF6dRVejBAXw284XNazkq8XLuZbw,0.001,15.0,0,1190141,2024-01-24,2241341,2028-02-16,DUE_2028,DUST_WHOLEBOX_CLAIMABLE
58514d59c3ebb86bdea47b296fa90343e7521a24e2f90a7cc79aad855186d795,9fCKJ7g6ZffHAQb9UQY7S6YLF6dRVejBAXw284XNazkq8XLuZbw,0.001,93.125,0,1190173,2024-01-24,2241373,2028-02-16,DUE_2028,DUST_WHOLEBOX_CLAIMABLE
fdc6897809a9daefc2fbfbe8eafecd2743392095655fdec31880c9043b33ad1d,9fCKJ7g6ZffHAQb9UQY7S6YLF6dRVejBAXw284XNazkq8XLuZbw,0.001,83.4375,0,1190218,2024-01-24,2241418,2028-02-16,DUE_2028,DUST_WHOLEBOX_CLAIMABLE
130c578418f063624c206ce7cab36d9d39540ac03a1fd9ffc13f1ab79ea093fa,9fCKJ7g6ZffHAQb9UQY7S6YLF6dRVejBAXw284XNazkq8XLuZbw,0.001,20.625,0,1190285,2024-01-24,2241485,2028-02-16,DUE_2028,DUST_WHOLEBOX_CLAIMABLE
97dbaae34b637c0d9742eee32859a0cee84de3d641663c304714661ce755b468,9fCKJ7g6ZffHAQb9UQY7S6YLF6dRVejBAXw284XNazkq8XLuZbw,0.001,19.96875,0,1190546,2024-01-25,2241746,2028-02-16,DUE_2028,DUST_WHOLEBOX_CLAIMABLE
51dafe63d344ed943373b217bf52f83e084c8162557124a83153cdd0ed65bd99,9fCKJ7g6ZffHAQb9UQY7S6YLF6dRVejBAXw284XNazkq8XLuZbw,0.001,1248.34235648,0,1190567,2024-01-25,2241767,2028-02-17,DUE_2028,DUST_WHOLEBOX_CLAIMABLE
9e0dbcc09791e1605cb27f25a86ea2b81f4a1eb81aef021f6449d9a926e0956b,9fCKJ7g6ZffHAQb9UQY7S6YLF6dRVejBAXw284XNazkq8XLuZbw,0.001,75.1875,0,1190571,2024-01-25,2241771,2028-02-17,DUE_2028,DUST_WHOLEBOX_CLAIMABLE
2529b95718b20871159c974180a86a7c96b3d7f2dc91b1c03d709fde718de418,9fCKJ7g6ZffHAQb9UQY7S6YLF6dRVejBAXw284XNazkq8XLuZbw,0.001,107.25,0,1190706,2024-01-25,2241906,2028-02-17,DUE_2028,DUST_WHOLEBOX_CLAIMABLE
21acec43defacd7360a4b37a5b7afbe071efcb4ce61f34b666cfccc8053a3517,9fCKJ7g6ZffHAQb9UQY7S6YLF6dRVejBAXw284XNazkq8XLuZbw,0.001,732.25595667,0,1190788,2024-01-25,2241988,2028-02-17,DUE_2028,DUST_WHOLEBOX_CLAIMABLE
28585935d22a9d5f9a0fd8deca635a3749f03c28c210ec726f4184ad8602bd6e,9fCKJ7g6ZffHAQb9UQY7S6YLF6dRVejBAXw284XNazkq8XLuZbw,0.001,78.1875,0,1190845,2024-01-25,2242045,2028-02-17,DUE_2028,DUST_WHOLEBOX_CLAIMABLE
1fd2a31e91ad3f4a4f3045474347655b0f48e3f7c011dd20c1f458b6432b4c73,9gXZBNPkaL8DJMDa1vUVZuKme8mNHMTgzoWiE7fN49bP3Hv5wiA,0.01,9.65625,0,1191068,2024-01-25,2242268,2028-02-17,DUE_2028,DUST_WHOLEBOX_CLAIMABLE
8952a8b9b2f1a0f32c794cb6f3ba8fb44980558fb6b6baf4c9c37ee0b9a09b2a,9gtdyNTVfziFsGzH7KNjMcUj4v8MtADx4Z3prg6MWyHCCWz9NJM,0.001,360000.0,0,1191121,2024-01-26,2242321,2028-02-17,DUE_2028,DUST_WHOLEBOX_CLAIMABLE
8f24f312d68b6fd77c0f5efad6e7d9bf21bfae54ac32150ef89c835c432ca1da,9fCKJ7g6ZffHAQb9UQY7S6YLF6dRVejBAXw284XNazkq8XLuZbw,0.001,57.9375,0,1191128,2024-01-26,2242328,2028-02-17,DUE_2028,DUST_WHOLEBOX_CLAIMABLE
1fcf36996e0db604e143016a6b74a50dbe69720ac0c95138ffb98801a35e2ace,9fCKJ7g6ZffHAQb9UQY7S6YLF6dRVejBAXw284XNazkq8XLuZbw,0.001,13.74089844,0,1191281,2024-01-26,2242481,2028-02-18,DUE_2028,DUST_WHOLEBOX_CLAIMABLE
20648eac3e8ff2e9646bf9510a8df02589cd230e7b1e272750f24ae64f9a5884,9fCKJ7g6ZffHAQb9UQY7S6YLF6dRVejBAXw284XNazkq8XLuZbw,0.001,87.5625,0,1191282,2024-01-26,2242482,2028-02-18,DUE_2028,DUST_WHOLEBOX_CLAIMABLE
2cb29985bb3d6a8ea04aa08320a63cd5e634b8dce265373ed846d1fcffcf78f8,9fCKJ7g6ZffHAQb9UQY7S6YLF6dRVejBAXw284XNazkq8XLuZbw,0.001,156.99421563,0,1191373,2024-01-26,2242573,2028-02-18,DUE_2028,DUST_WHOLEBOX_CLAIMABLE
71615624fa36d4a9686c0520518ff0bfbdb4aa8945146ce9a440706bb78c2137,9fCKJ7g6ZffHAQb9UQY7S6YLF6dRVejBAXw284XNazkq8XLuZbw,0.001,62.34375,0,1191490,2024-01-26,2242690,2028-02-18,DUE_2028,DUST_WHOLEBOX_CLAIMABLE
a4bbef905284d022de1b3d219484b38107ffd1f82540454793eeb03aedb4cc3f,9fCKJ7g6ZffHAQb9UQY7S6YLF6dRVejBAXw284XNazkq8XLuZbw,0.001,70.21875,0,1191526,2024-01-26,2242726,2028-02-18,DUE_2028,DUST_WHOLEBOX_CLAIMABLE
ad8f2f9f1c7c2126dd700a850b6ab38a635aee6c12ddea13f2145b05dd80f818,9fCKJ7g6ZffHAQb9UQY7S6YLF6dRVejBAXw284XNazkq8XLuZbw,0.001,827.2025228,0,1191569,2024-01-26,2242769,2028-02-18,DUE_2028,DUST_WHOLEBOX_CLAIMABLE
ced81e6d32043fee8accd0e3f1743a52e1a83f873a1e8708ef67985561dc1fb8,9fCKJ7g6ZffHAQb9UQY7S6YLF6dRVejBAXw284XNazkq8XLuZbw,0.001,12.46875,0,1191590,2024-01-26,2242790,2028-02-18,DUE_2028,DUST_WHOLEBOX_CLAIMABLE
ad1984921d063783f9c91c6c6bd15b91c10195c262862f7d1d1301423a7957ef,9fCKJ7g6ZffHAQb9UQY7S6YLF6dRVejBAXw284XNazkq8XLuZbw,0.001,202.59375,0,1191713,2024-01-26,2242913,2028-02-18,DUE_2028,DUST_WHOLEBOX_CLAIMABLE
ca89e2ad47ad3437d59f741bd00cf3fce491c6f5a4b4ebb2150b77e59ead7d1f,9g3RSqn7zjsxNkTjze9hHgmKZsSyWwDDUZUAqdXGiBrjDNdjULA,0.01,11.34375,0,1191862,2024-01-27,2243062,2028-02-18,DUE_2028,DUST_WHOLEBOX_CLAIMABLE
ed9f5040d2821ab839ff0ba7a45d6a7b374b962fe466c54394d7726cacf2a628,9fCKJ7g6ZffHAQb9UQY7S6YLF6dRVejBAXw284XNazkq8XLuZbw,0.001,209.625,0,1191891,2024-01-27,2243091,2028-02-18,DUE_2028,DUST_WHOLEBOX_CLAIMABLE
215f73410c19d4f1955894cd7a54617f2f839bd5c222c129c324af9f0afcb28a,9fCKJ7g6ZffHAQb9UQY7S6YLF6dRVejBAXw284XNazkq8XLuZbw,0.001,30.1875,0,1192122,2024-01-27,2243322,2028-02-19,DUE_2028,DUST_WHOLEBOX_CLAIMABLE
6b714bee11dd907751db28d06d7331b659e97945f3e09a93ea96d7d87792c760,9eit14xad1RPb6u1XJbVVWMsoEcNNHq4ZikKJx53JNp6EN6XG7A,0.01,4.3125,0,1192229,2024-01-27,2243429,2028-02-19,DUE_2028,DUST_WHOLEBOX_CLAIMABLE
7b051f607b57bf3267ca7caad5a815ffba228a5a4d410656ac33d132d7fa991f,9egRHNRi5sYGngBZYgD6YXKhnGxuvpdB39v8VbCimvxYYEpg669,0.01,12.0,0,1192459,2024-01-27,2243659,2028-02-19,DUE_2028,DUST_WHOLEBOX_CLAIMABLE
6a378bf0f1db4e591558f0c7fafb7e8f269b49b88d98f4636ed467023b86cf68,9egRHNRi5sYGngBZYgD6YXKhnGxuvpdB39v8VbCimvxYYEpg669,0.001,66.84375,0,1192481,2024-01-27,2243681,2028-02-19,DUE_2028,DUST_WHOLEBOX_CLAIMABLE
5dfc7b03be82911fb6351fae238254438a742f9a8452547d24eb07e52c537144,9f3GDADch77QfwNoSj1feeGihKqicv8dGeVXFSHQGvn4Xk7RX2s,0.01,20.0625,0,1192891,2024-01-28,2244091,2028-02-20,DUE_2028,DUST_WHOLEBOX_CLAIMABLE
d9bf36d5f625ea987c8d6f534f50676acdb080f448b714e2ca4f695c88f76ab3,9gpVb3Uz9aNqe5tFVJSw5YXpaZFcbHeni6jk6758JQdZvRfoj59,0.01,8.53125,0,1194401,2024-01-30,2245601,2028-02-22,DUE_2028,DUST_WHOLEBOX_CLAIMABLE
780185f7d7c097ddf92ea4c2060187007535574b74ca08ad11422fb4c47c7394,9hbAVbgXHQrqXL98kJt9RsPDKMHRDFskeU5rdB1KDfZkCEBzbU1,0.01,2.15625,0,1194461,2024-01-30,2245661,2028-02-22,DUE_2028,DUST_WHOLEBOX_CLAIMABLE
832c9bea81a0fe6ce25d7b50798fbc2a5b0f2e860b68f4c4d079cba8247e51f7,9gqcsQvckds4Bhuinze9rZbhmKJo7AtVQioxLxwrrzy3BETMSWk,0.01,14.15625,0,1195058,2024-01-31,2246258,2028-02-23,DUE_2028,DUST_WHOLEBOX_CLAIMABLE
019410c833c464ce54f95b9ac8c4349cc2660bb597cc8fed9694aacb1ef1e97e,9gEAWK6Kppp7yq4TWw6K4XhJ8Fz39umxAmZQZfSgwFfEJsaKCT3,0.01,9.76885954,0,1195880,2024-02-01,2247080,2028-02-24,DUE_2028,DUST_WHOLEBOX_CLAIMABLE
572ee9c2332acd45de433422e902d942df141280a0bc8f7af46e344fe36bf2a2,9iEDfMQuwcYEf96CyDsnEHPRDe3iDaK3u1Z3xaVsdi1QjqPmD9X,0.01,0.09375,0,1196322,2024-02-02,2247522,2028-02-25,DUE_2028,DUST_WHOLEBOX_CLAIMABLE
3e3ee236ea339f1e5d3bd71dc50e276f0a51d7f02c7ed1d4087c7823f80334c8,9hu5HseKuN5tnrSLHPjucFrUbxESL6ARDBLBApcmM2NBE7AJZ46,0.01,3.1875,0,1196421,2024-02-02,2247621,2028-02-25,DUE_2028,DUST_WHOLEBOX_CLAIMABLE
5f871f3c966227297bf5aef0d986d83af8708cf66189f4d9c3bc82a366e3e98b,9gcjZmCfrVDM4hf8NMvrbyAiSgAiM4zm7Yk4kSqudniJNWydYW8,0.01,8.4375,0,1196797,2024-02-03,2247997,2028-02-25,DUE_2028,DUST_WHOLEBOX_CLAIMABLE
b86696f38bb9bfb83f63ef51bc16999f3f61e0c9a0b7be48615d86f391565177,9fHKdSNvhi3QxNhi2eUA3AWNnWiZib18NDGtzf7Nj31ysFENpRx,0.01,2.0625,0,1197396,2024-02-03,2248596,2028-02-26,DUE_2028,DUST_WHOLEBOX_CLAIMABLE
7bf02628798e741306b905a781c936891b76b95260a909769ebcfaa53254acc4,9iNSyJSSfUdG1q5desz93GyiY69pYUJ8dLJ3AdKXvWKkHEqWkB5,0.01,198.09375,0,1197924,2024-02-04,2249124,2028-02-27,DUE_2028,DUST_WHOLEBOX_CLAIMABLE
e2dc4f1d1e71c402856c1f52120ca3be5497d663cc58fe76b3dd777611e90b33,9gs7ZP5YjA6XUyoJXZ43XhWKrBeMqnBsnrZE7kyzdDcfoNHhxyX,0.01,27.0,0,1199135,2024-02-06,2250335,2028-02-29,DUE_2028,DUST_WHOLEBOX_CLAIMABLE
ce5411efbd6542d634acbbe68917f1b7352f8a8d35f322dc2a7fdfce4af4a33f,9f7vmFm48UbpcywWYb81H6jJ4tCqi48A8KQCmvJFwzqE3QaGiC3,0.01,3.75,0,1199200,2024-02-06,2250400,2028-02-29,DUE_2028,DUST_WHOLEBOX_CLAIMABLE
4f2ef8836132bcff3c7110be83f1607028dcd2e2a2655e89e5a914e27745facb,9ecLRtQVdQ3gQdAVUDsjA96VH36WooGZe4zB3iM8XtMcKzt5dw9,0.01,9.1875,0,1199358,2024-02-06,2250558,2028-02-29,DUE_2028,DUST_WHOLEBOX_CLAIMABLE
ddf358d0f6214d1ba7e5cc88d14fcbc26c06261eefa910bc6b4da06526f4a23c,9iNjjLq4FTGhzgVSLGEwrWMF7pkR9kht3tKSXrMY2sFQwSCUz4m,0.01,5.65926572,0,1199562,2024-02-06,2250762,2028-02-29,DUE_2028,DUST_WHOLEBOX_CLAIMABLE
f161dc0ce98a37afac9e263a01a6470cb05d9e8e10dd9b980547a6da6f1f9f21,9g3ie6U2EunN1uXGdgmKNCKf8J5UXwWSbJYZxam9fbnVM3qLgFo,0.01,3.1875,0,1199625,2024-02-07,2250825,2028-02-29,DUE_2028,DUST_WHOLEBOX_CLAIMABLE
80389408d34fe52db11cfa862915d5359dc22931080b7afb9b8901b4b8e4dc17,9gtggEbgLamzhndtw7hdBnfo5cvrWLPVeD5zFAwCCxaDk6C4rUd,0.01,9.65625,0,1200518,2024-02-08,2251718,2028-03-02,DUE_2028,DUST_WHOLEBOX_CLAIMABLE
dd3625a65dfd668e7016d8919008d06158141b66aa97f27b0675dc919481baec,9g75VC6iVBA8bfYgLQv8VW3UqQsSAD94odfKgG4LSowjjrHJsha,0.01,39.65625,0,1201258,2024-02-09,2252458,2028-03-03,DUE_2028,DUST_WHOLEBOX_CLAIMABLE
3d52d16ac480690787079f6a3346cca65d7c40d0519a35da342d7b85de380645,9fKvxSLKwaBKtrrZ4t3Umo99zsgX4UEFJz8zHC7VkmkzB9QMNs5,0.01,5.71875,0,1201543,2024-02-09,2252743,2028-03-03,DUE_2028,DUST_WHOLEBOX_CLAIMABLE
e961cfd9ed01db935f8562d204adfba497bc3155e281027b54015ed0a61a2bda,9hJgSAvMpJQ4bWSV6f22ymCcvYHB5p2iDRxUHCLrSGfMNbpAp2K,0.01,5.71875,0,1201624,2024-02-09,2252824,2028-03-03,DUE_2028,DUST_WHOLEBOX_CLAIMABLE
bd06bb06ec607178a91d3014ea14977b916c3c32ef6378960071f8394566dafd,9h3HVf4WFJa8WFNkGXysZAgHHCEjVcYCA4PNgL4nVYtw36DFMe3,0.01,4.875,0,1202964,2024-02-11,2254164,2028-03-05,DUE_2028,DUST_WHOLEBOX_CLAIMABLE
580283d1aca23036cfacb7865028b48ae524d2f70ac8a75535aced1d4c6abb64,9g8Y6Redgxn5dFUSGFmoi9gkF1iUYc9vHGvcaypKHZjya5cFXGW,0.01,13.875,0,1203058,2024-02-11,2254258,2028-03-05,DUE_2028,DUST_WHOLEBOX_CLAIMABLE
804bb296058063c009143ec8fbe00dbf1e3e174225bfa72c77bbf80a9493c689,9hXCzBRYCfUJ6EDmuoh4aY6jr2KwrK8UUQBnpYz4kG8xEFFc1Y5,0.01,6.0,0,1203111,2024-02-11,2254311,2028-03-05,DUE_2028,DUST_WHOLEBOX_CLAIMABLE
dc334e55c7383b875acd50075feec4ef771a2081a059c6c669c1657618a421a2,9gk3e5ges7JCNnRvpgmYfuTHiVsskuZ6newSHWmohNzYm4nqd3M,0.01,5.15625,0,1203306,2024-02-12,2254506,2028-03-05,DUE_2028,DUST_WHOLEBOX_CLAIMABLE
426b02da46fbb517a8749bd1f6ddb4ecc6a5353a643a0da36192b09283a7a712,9go6VCYG4Q1vEbbiNheYSXX6jn7mMgabv7S4oQmnV1rorFjGbNr,0.01,49.5,0,1203368,2024-02-12,2254568,2028-03-06,DUE_2028,DUST_WHOLEBOX_CLAIMABLE
889de9dc6c07f695856790ad4f66ce444c39def9c01f8d9eec69bf98e507281d,9hxx2jkMX7fyZ5FhdcyHcHE33YJaK3hK3Hsn256jPdrCbXJwmZA,0.001,9.10321532,0,1203586,2024-02-12,2254786,2028-03-06,DUE_2028,DUST_WHOLEBOX_CLAIMABLE
d2724b1c0ad94f4c3ec706cae9fb0b9e69a68727b35c92fbda44b4db983bfa79,9gQo77SNSE8ECmRT63KCScauW3XeLb52vp7513cSeFB5YRi3DsV,0.01,2.625,0,1203596,2024-02-12,2254796,2028-03-06,DUE_2028,DUST_WHOLEBOX_CLAIMABLE
7c4c54f26be3e1902b1e572c43857a978fe1233f94dae4e0c89ceed8a00cc1ed,9fRBhtAxiYiFH35W11WsqgZygih2pZyxbkEtovLGh5ZLVmrdyB7,0.01,0.375,0,1203673,2024-02-12,2254873,2028-03-06,DUE_2028,DUST_WHOLEBOX_CLAIMABLE
56a7a45fd2a8d64c53738dbf38bd8daf64c1b75f64651c396717bbf646de9495,9f2tYFwGQHgZNMCe5w48fsPNdB5eTdxRS27pazovEGsfBXTzLuh,0.01,55.125,0,1203771,2024-02-12,2254971,2028-03-06,DUE_2028,DUST_WHOLEBOX_CLAIMABLE
69873f3b0c3adab5c1a7d994a70ec6e23c2884be446c5cea0b45fb232f34d291,9gP8b4BtKxJnafVdJMymJgXnCLjKWWqMNXpSHDw4dqeeNXdc5Ei,0.01,3.1875,0,1203807,2024-02-12,2255007,2028-03-06,DUE_2028,DUST_WHOLEBOX_CLAIMABLE
a220adad1cc8cda17265168ff9d86e8bbe9d51420c52ce6acc91be2dea1a29d3,9fJffiE6F6UQGsdYXbomKwc8F74eEkD6ZeVoquuPdQnyvvF8n1V,0.01,3.75,0,1203812,2024-02-12,2255012,2028-03-06,DUE_2028,DUST_WHOLEBOX_CLAIMABLE
1d50abc3c4c4dfa6186e8a2edab039e606456f318e828b42063c0025181b25e2,9hjzSsHh6C18eC6f5HEQFAod6Ne24LUaQ75WX7si86cWKGU4Sum,0.01,2.15625,0,1204171,2024-02-13,2255371,2028-03-07,DUE_2028,DUST_WHOLEBOX_CLAIMABLE
1f4a3b2bd9644c3b5ccd1eb2a468b235647b3745c40134c2db721b24866de383,9fHUDEHbL22MDDQvCYL1JTs1jG52Z7rTU1wqNQbREzix9D2j8SE,0.001,9.53125,1,1204173,2024-02-13,2255373,2028-03-07,DUE_2028,DUST_WHOLEBOX_CLAIMABLE
4181b1f8e8ec5567a7db455727388a8f6772400e43e5beced84895498da7006c,9fqhikNrWr8RhaZ5y2R4t3D7umcGE1kKuZUiyL4xpYLoPbKiXbP,0.001,205.1010901,1,1204283,2024-02-13,2255483,2028-03-07,DUE_2028,DUST_WHOLEBOX_CLAIMABLE
474304761903c79a7e63a67601c8e0f52604041f811760f312a4cfbe83cf6a30,9hApdoy3Lh8aF49LbvugBYopb2j6L8Kcwck8rpT6QeWhD1XRHwb,0.01,2.34375,0,1204311,2024-02-13,2255511,2028-03-07,DUE_2028,DUST_WHOLEBOX_CLAIMABLE
0e4dd16fb135e7efe346a1dd8f6eeb6fb3e0266f20f2cdd6e484fe0959386e2d,9fsoCHqayJPwfGBA4GkErZobKrHRKKPQTdSobYKs3kALDa53Dm8,0.01,12.75,0,1204401,2024-02-13,2255601,2028-03-07,DUE_2028,DUST_WHOLEBOX_CLAIMABLE
67dd22575e8659402b6097ad8361e59716d48bf6059bb305ae99b69c91ad8293,9h1BNKXru6RLwJr5HuXKwUGtoej4pWdHiWoGGHsMWmZvV7iFM9J,0.01,0.9375,0,1204666,2024-02-14,2255866,2028-03-07,DUE_2028,DUST_WHOLEBOX_CLAIMABLE
fbe048bb7981ccb802e7f5f20fc6954dfddfb92654fc83a5ab9cd62d314e84bc,9hBEcfVEftLMgcory17NfeMBZEQH6wQEZbQAjxn8XW9nigz6cb7,0.01,12.46875,0,1204752,2024-02-14,2255952,2028-03-08,DUE_2028,DUST_WHOLEBOX_CLAIMABLE
6b91f3aeb201f25304018ace79c770fbe9a4b8ad9ebab2758f36b95cf234286b,9f9snz19PAvFFr8S45MBT7ApHXAo4cWs1mTvoFsy6WyogDt14E7,0.01,2.90625,0,1205180,2024-02-14,2256380,2028-03-08,DUE_2028,DUST_WHOLEBOX_CLAIMABLE
42bad764593076361611d72f1c63881e9f035f179072bb68bf2cc51a0320ad74,9exQHMLoChNvV6ddMtBT5vG3wFXGDvfVA1m6cDJx7RCFTD7hHYm,0.01,10.21875,0,1205689,2024-02-15,2256889,2028-03-09,DUE_2028,DUST_WHOLEBOX_CLAIMABLE
e23111437aafb523bb64a0755554623f8d26792441533d7bc223f75e88ddf4ed,9fhEWx36UBo1Lmvtcps9srY5dZKLJWb97YjYbT6Tp3mPfXvatZt,0.01,4.59375,0,1205695,2024-02-15,2256895,2028-03-09,DUE_2028,DUST_WHOLEBOX_CLAIMABLE
ad028a022ec4a2939752a571c734c2dff3ab28e9b37ab5159bf8b8014a1f4404,9gJJ8ypzF9a9yLVcM8Ma4yTBhkFXdwh5GvwWNzvH5gCxHJ2qrcf,0.01,45.9375,0,1205853,2024-02-15,2257053,2028-03-09,DUE_2028,DUST_WHOLEBOX_CLAIMABLE
4f6ee3f12bb8b022cd6d3adad9dbe07b04d373536b2108492ca999e19b4baaef,9gJJ8ypzF9a9yLVcM8Ma4yTBhkFXdwh5GvwWNzvH5gCxHJ2qrcf,0.01,66.75,0,1205856,2024-02-15,2257056,2028-03-09,DUE_2028,DUST_WHOLEBOX_CLAIMABLE
57112485390cd2d7aafa7f87e2327c7e70b61d73a6a34b2d177009b325ff0a6e,9gJJ8ypzF9a9yLVcM8Ma4yTBhkFXdwh5GvwWNzvH5gCxHJ2qrcf,0.01,38.0625,0,1205859,2024-02-15,2257059,2028-03-09,DUE_2028,DUST_WHOLEBOX_CLAIMABLE
74e43b92771e5bfc15125c61a44363e726ee8dbbb9cc11c0ebdc8fb4633499e9,9f3Xude4zC1C4MENKogDy6Gn6rwCZFm9ybQvkHDpQhS1NS8fSGd,0.01,12.0,0,1206517,2024-02-16,2257717,2028-03-10,DUE_2028,DUST_WHOLEBOX_CLAIMABLE
b0f2651ab773994a21e92cf3779e38eb282caad1a8fa5b7ff57b529c5d569f18,9frFbRJgN6HrXj1YtgvMu1Qyzj4fKrNMUXhqR7tYnPh9p4MwPRA,0.01,33.0,0,1206572,2024-02-16,2257772,2028-03-10,DUE_2028,DUST_WHOLEBOX_CLAIMABLE
4f29e0677b17279e8aa31714f5fb2a0f4fe4982a7037c51e03c8fa40115671a9,9htGhFV5UqH3hbQDYPPpGDMgLTAW44fjXwnorPfcDRDcT478M5b,0.01,13.59375,0,1207633,2024-02-18,2258833,2028-03-12,DUE_2028,DUST_WHOLEBOX_CLAIMABLE
2f89852444fd5dbad62c70f0492d87c5aa169dfc1427fafedb4fcad63791f7de,9hezft1x8Qt56qTVshisb5V4bTQmHXQSuGcYr8B7CQESj7BCZCs,0.01,2.90625,0,1207905,2024-02-18,2259105,2028-03-12,DUE_2028,DUST_WHOLEBOX_CLAIMABLE
3c238b9f399f86785eab89e03a997ebbb9c5f4c360449c40161ce85243cd4a2c,9iCLRUhzcDUBqrR9XPGutikod45W4crk68scusPtSe9V5xhjg7r,0.01,16.21875,0,1207973,2024-02-18,2259173,2028-03-12,DUE_2028,DUST_WHOLEBOX_CLAIMABLE
15c1c3fffb2d92cb3776585c87be1768b180134fd401c21a1aa3ee1800fc199a,9iDSmzAeJUnNfPeJJyYhZ1SPAWxSXVbhgaeDbDNpG8MpZrvM8rT,0.01,31.875,0,1208022,2024-02-18,2259222,2028-03-12,DUE_2028,DUST_WHOLEBOX_CLAIMABLE
f4b28a181f0e13750109e2e85ebcdde397c2d0c1ef378053273573f73d524310,9hNVHydXzPfy9FYGFRvWWPNsE4F4WwTE8BWdSTLiS5MHmhpid8i,0.01,36.375,0,1208285,2024-02-19,2259485,2028-03-13,DUE_2028,DUST_WHOLEBOX_CLAIMABLE
11ad14a9e0425d0a89e8bb8932a5d90d036c47d5db09854720ed0927a24a2a4b,9g5UDYv4Liyqx2gQgSgi7i8KsDdfAXZTWDXK8wzrnC3zNqbHVGp,0.01,3.75,0,1208475,2024-02-19,2259675,2028-03-13,DUE_2028,DUST_WHOLEBOX_CLAIMABLE
748d129f83e1b98a999d0fe5bbc0d51cf0713fed0ee66f3391182f1a746a33ef,9hLLvARSUVQ7xC1ZRBoe6ezW4nHN6x7puWmzcgwXQC1vnn3rTA3,0.01,30.1875,0,1208509,2024-02-19,2259709,2028-03-13,DUE_2028,DUST_WHOLEBOX_CLAIMABLE
493d28d0f94f15da335f1f0493a419dc8d71687f95a3533f509d068ac30a3731,9hLLvARSUVQ7xC1ZRBoe6ezW4nHN6x7puWmzcgwXQC1vnn3rTA3,0.01,37.3125,0,1208513,2024-02-19,2259713,2028-03-13,DUE_2028,DUST_WHOLEBOX_CLAIMABLE
d86458433fb25bdb41beb47c3172b2aba76f618902f8bab56c9d0bf9c29f07e8,9hDL396swJaukksC5ENabPZo7pFK5mjFzPD9rRGaFEXWBz9c6Kj,0.01,47.15625,0,1208669,2024-02-19,2259869,2028-03-13,DUE_2028,DUST_WHOLEBOX_CLAIMABLE
c591657fe9ca9371550106a3fe4ed1375cc50c96fa49f583d0aae9c5025981ad,9f4U5R2TCo1gnqSaRRrj3QmW8Kpo1tXoKScG49uPW1ZUv73iDrb,0.01,4.875,0,1208924,2024-02-20,2260124,2028-03-13,DUE_2028,DUST_WHOLEBOX_CLAIMABLE
3d114dcc784dd45951f79b67a5c86717652536baa8b76cd24c20616803c14b73,9gdLa5pAf6g3aSTwyKweFUjmmENYYhrARMtWqcFossx4mA7Ym7A,0.01,12.46875,0,1209023,2024-02-20,2260223,2028-03-14,DUE_2028,DUST_WHOLEBOX_CLAIMABLE
a0f794c9060de60b6ea33fdc52d2a50461479e0ae0e6108d980d7e71bd3de8a8,9g8kXg2ur553FytQkxP5LzmA3TvfJrrBbv9q9baPkBHs9UQj2gQ,0.01,44.8125,0,1209154,2024-02-20,2260354,2028-03-14,DUE_2028,DUST_WHOLEBOX_CLAIMABLE
fa10695dee3b38281d705e258ecc3c03576bc79bf32a9e589e9782ad8543b903,9gbsV7Zi7f5hf8XADtpB5viJa3sg8R8sgocbmkKa77uMNwQhxaL,0.01,9.9375,0,1209258,2024-02-20,2260458,2028-03-14,DUE_2028,DUST_WHOLEBOX_CLAIMABLE
46346a9073f3378887adeef3f10527e6bf4b28074b638ae6c4d029a05ea1b12e,9f7otEeiNrBXrTHkp4svZ8bhGVur21MidZXAB7UizN8K4JwTGWm,0.01,2.0625,0,1209273,2024-02-20,2260473,2028-03-14,DUE_2028,DUST_WHOLEBOX_CLAIMABLE
6ded64d65656807dbc42832682b2bcc6f33ddee6981f88e5f694aebfd913c3d2,9hwrh17XqghFHe2N5vL28V18A6igerV6P8zUYVcNCB9vQAXMvCR,0.01,37.3125,0,1209285,2024-02-20,2260485,2028-03-14,DUE_2028,DUST_WHOLEBOX_CLAIMABLE
f91de48354f2272242ca67559925080323784a6f67866868032fc1aafb5c44be,9iGbCUwQJEM745BcLnfkqF8uoR8KA6YrwHcD1aE2BBQryXgztGQ,0.01,7.40625,0,1209288,2024-02-20,2260488,2028-03-14,DUE_2028,DUST_WHOLEBOX_CLAIMABLE
b95b4f48a9c8df88e7c03fe48601b8ae1750e55d04f18bcb8b967a0e9bbb5ce7,9fuYYPFg9HrSwCQB2i33Tbbhz2VTRVjudzznXkSpSCnKq9yUAGS,0.01,0.65625,0,1209398,2024-02-20,2260598,2028-03-14,DUE_2028,DUST_WHOLEBOX_CLAIMABLE
b4285418a79bec235c2752c3f4c98d56abea48fd6a559468a738810d7c1a992c,9fuYYPFg9HrSwCQB2i33Tbbhz2VTRVjudzznXkSpSCnKq9yUAGS,0.01,9.375,0,1209405,2024-02-20,2260605,2028-03-14,DUE_2028,DUST_WHOLEBOX_CLAIMABLE
6691bb4522207bfbaf295ddd7b73fd0a7a60cf8370f968b0feaac2c0be66328b,9fvEKSRFp4nhLMWXWdWnzhcW3ffHiQ5vPAzVJNdn9WYXXkwPYzy,0.01,1.21875,0,1209412,2024-02-20,2260612,2028-03-14,DUE_2028,DUST_WHOLEBOX_CLAIMABLE
03df949e258c71353cb2667e63178a9c79d4d2a475c03e81f67a5229c746bd72,9fcTyZGNYWfTkqXcST7TMPBDCbDffrdyZcai1cGvQSRN7Z2rewD,0.01,6.84375,0,1209473,2024-02-20,2260673,2028-03-14,DUE_2028,DUST_WHOLEBOX_CLAIMABLE
d3d31bc88efd687167e1ea013f592db23fc3718e99ec29c0a781887e890ecbde,9fTXugbWoM234AoCzmQV9raBDH46vvb67MZ3D1EboLtpibmte6h,0.001,8.75821066,1,1209581,2024-02-21,2260781,2028-03-14,DUE_2028,DUST_WHOLEBOX_CLAIMABLE
ebcff15b77434f97bdd2a54850806596b185b6c9a077fefba56706ea45c8ecc3,9hAoRHABw9eJq9JJ9Su9EptfUbt93GVQ1gZ9myE2YdbeuzaJkEh,0.01,58.40625,0,1209629,2024-02-21,2260829,2028-03-14,DUE_2028,DUST_WHOLEBOX_CLAIMABLE
d15a71fe797029d6846b123c8fc7c96e2023012c4334716829c5287f97182af7,9fbyzXcBMH5M5Nzpp2X1hmrjdHjXGpgondozvLLN3GACTeY9GyW,0.01,97.3125,0,1210046,2024-02-21,2261246,2028-03-15,DUE_2028,DUST_WHOLEBOX_CLAIMABLE
0a137dd1a8dd4996448e74ed22b7c387bba0f730090c34fd5eea85b8e63e4ed6,9epUf6znZT1Jtxcgd21P1Stq5FNsXSJTBs1aRjLwKikdY8a7SpL,0.01,9.65625,0,1210056,2024-02-21,2261256,2028-03-15,DUE_2028,DUST_WHOLEBOX_CLAIMABLE
3f7c56133b3148a256f61316d4a7a52f3e2a8bc5e08a8b9f44b6c42dc974843c,9hS47o7UhokYvmWLSpnJupUGpQV1AEj8W7vYCYBC6PVYtTYeU6v,0.072272954,7.81911874,12,1210276,2024-02-22,2261476,2028-03-15,DUE_2028,DUST_WHOLEBOX_CLAIMABLE
f5d7a9320d76a9a4158002791a1ff3540222beaead227d9a240dce6e93e4ada9,9i9FtyfgwkTTV6BHSWFNWFxDm73zfszWcbjdGsjzK8fz8i9oKRC,0.0079,1.0,0,1210471,2024-02-22,2261671,2028-03-16,DUE_2028,DUST_WHOLEBOX_CLAIMABLE
36cecbc015c0c08a14aeda13d14c79b81006c6f291dfa0c2995ab7043947ec59,9gqL4FWKMigXiFJGrVEebCRhRX5TKLkWA6UY6o9eSrA8GjSBpVD,0.01,324.5,0,1210539,2024-02-22,2261739,2028-03-16,DUE_2028,DUST_WHOLEBOX_CLAIMABLE
29680d17b235e3c5de376576de4c7864fe59e5e8e78c0445e15132c77202bcab,9gkSiABG3mmYkJXLXDufrdSeGZPKgFVJWQAe6MUL5gneAx5aEnU,0.01,29.28125,0,1210791,2024-02-22,2261991,2028-03-16,DUE_2028,DUST_WHOLEBOX_CLAIMABLE
cec91ce55c81bb04267fe9cfd2825df3f5233afcafb3e52b45adf016f6f901b3,9enhfQBUwDAkMLSudbuAcWciW9yH1ho85iMqMvMddi2ZWKVSXnU,0.01,47.92894345,0,1211065,2024-02-23,2262265,2028-03-16,DUE_2028,DUST_WHOLEBOX_CLAIMABLE
96cc2e466f95642b0e869e372c97d8ebf74fcddbda80414cfb25ee442d31c3f5,9enhfQBUwDAkMLSudbuAcWciW9yH1ho85iMqMvMddi2ZWKVSXnU,0.01,10.0625,0,1211066,2024-02-23,2262266,2028-03-16,DUE_2028,DUST_WHOLEBOX_CLAIMABLE
d2895c5c8bcb441b4af985ca7f60e6b83f006bec461c35663d1175dd275e87df,9fpRhmmNGHpcfUEtLLBqYyus2k3rhZXfJEMWeEmxrxg3dqcvXDS,0.001,2.1875,0,1211139,2024-02-23,2262339,2028-03-17,DUE_2028,DUST_WHOLEBOX_CLAIMABLE
115a545a9f3abb610ea3df5619810a5c0f76188ffed7593949977c8c66e6d4e1,9harV5mPRxbbEWPZcRW6LmtgQWLRX9XQ9VidHrgUi9uLurDZWsk,0.01,34.4375,0,1211261,2024-02-23,2262461,2028-03-17,DUE_2028,DUST_WHOLEBOX_CLAIMABLE
a3d81591a315b15af5a7b13dcae65d0d7446d37a2df3d56348d5884bfd11b24c,9gWLQKakEbg3Kd9c7n1iXLKpkkPh42Arpwh9RbinQiX6DayUPEz,0.01,2.46875,0,1211287,2024-02-23,2262487,2028-03-17,DUE_2028,DUST_WHOLEBOX_CLAIMABLE
d38ecbd5f47d5b2a7d728dd49b0216d5ee98aa41e2c865dcdd28b23e0f09cccc,9eZii3xWU8hNwBr2QW4JwtUxrLGbAdzRctVqGgU3iRGgCfpPZu1,0.01,3388.05607951,0,1211436,2024-02-23,2262636,2028-03-17,DUE_2028,DUST_WHOLEBOX_CLAIMABLE
da8403e1b246d008cd2b3ff4844703f827867fdfdf84c32a3a7dcb99b848977c,9fXpbFEcHgcqWpPXtTgC2bkeLDVe8JcGV7PhG6iGcvPDF2YBAZM,0.01,12.875,0,1212362,2024-02-24,2263562,2028-03-18,DUE_2028,DUST_WHOLEBOX_CLAIMABLE
34a8ae95fbad7aacfd9d7c23c644a3753aae087d71e50303807adeac0652bcdb,9gByVtam6kPppv9HscsVeCEQ9ezSDN196FywqbEx4k6DrXb4X1m,0.01,47.11290275,0,1212377,2024-02-25,2263577,2028-03-18,DUE_2028,DUST_WHOLEBOX_CLAIMABLE
5e4dda59b83b2ca0dcffa008aa873e018ed4221bb2ae3914b21c73a4a607fbad,9gByVtam6kPppv9HscsVeCEQ9ezSDN196FywqbEx4k6DrXb4X1m,0.01,9.21875,0,1212379,2024-02-25,2263579,2028-03-18,DUE_2028,DUST_WHOLEBOX_CLAIMABLE
c4ffde67afd9d5fa4958638f7ed45ab865fb2b392bc29cf3aa14a6b650acf0b9,9fTiDcZA4GuKKhin5Dv9ZUVEEVs9x8nhtriep4ZuCfATHq8R33t,0.01,48.60398396,0,1213161,2024-02-26,2264361,2028-03-19,DUE_2028,DUST_WHOLEBOX_CLAIMABLE
e5576014169a3e324db9bac37029d75d363c308f7d31643d966156b06ed4e3a2,9fTiDcZA4GuKKhin5Dv9ZUVEEVs9x8nhtriep4ZuCfATHq8R33t,0.01,19.625,0,1213168,2024-02-26,2264368,2028-03-19,DUE_2028,DUST_WHOLEBOX_CLAIMABLE
dc21cdb72a1363cea589bb73ea77f86443d77c7bf0724f98c27170cbd7aef14f,9iNy5T9WgkFiSk2qnibKvoK62izLMz7iwTdyb3apn5tD8BZ1JRg,0.01,14.18736758,0,1213288,2024-02-26,2264488,2028-03-20,DUE_2028,DUST_WHOLEBOX_CLAIMABLE
c8932e0a62afa2be9e01a916825535e4eb0f6a587c6cd693eb76099566b3e52a,9eahE14gxaifMdYZh3yzCCwZzbhrcMTntF7LbnPJwRMSSboafNA,0.0893,0.21875,0,1213344,2024-02-26,2264544,2028-03-20,DUE_2028,DUST_WHOLEBOX_CLAIMABLE
1f142a31692e4f4c778fbac14e19bf559967985376bf22a0f0d5ba9b7a772a4d,9ghRpsnC3zn89vMeHgCz4PdP1JxCBNDQutgMwEGfNaeoWxg2DPP,0.01,672.92293753,0,1213485,2024-02-26,2264685,2028-03-20,DUE_2028,DUST_WHOLEBOX_CLAIMABLE
b35a82f13dbf8d83096be3d883647380528e4e82936c29c0fdc70867f107e751,9ghRpsnC3zn89vMeHgCz4PdP1JxCBNDQutgMwEGfNaeoWxg2DPP,0.01,8.65625,0,1213487,2024-02-26,2264687,2028-03-20,DUE_2028,DUST_WHOLEBOX_CLAIMABLE
fe098c3355b83fb48a5e27b51e57fdc2769e21be4f83b86a8f939c84d4766a69,9eXieNDiFU3XfLrwiYiriQMddmmTDN6WTSL4wKwqtuVwyALRFFz,0.01,16.25,0,1213498,2024-02-26,2264698,2028-03-20,DUE_2028,DUST_WHOLEBOX_CLAIMABLE
e621600bdde58574fac372fdd58e141a633afcf5ec75fc8f4d33254fda389c83,9fJg9nx49LhkGpsdXYNJ7iVwqKB2cbqwoof9XNRQfLA7mmRymBW,0.01,16.25,0,1213558,2024-02-26,2264758,2028-03-20,DUE_2028,DUST_WHOLEBOX_CLAIMABLE
af4a33b3f160ba9a82d75131821310d4b651c53c1856b1ccd09629a28144f997,9hU4TZZAYkYvtEEwUCzHJNWdPSKGMM81jbabxUEwCwNBU78zQiY,0.01,16.25,0,1213570,2024-02-26,2264770,2028-03-20,DUE_2028,DUST_WHOLEBOX_CLAIMABLE
41311f0ca3fc9fb3adbeecdc6bcf0702b039b27857386c74be32ab5fd106664e,9fKvxSLKwaBKtrrZ4t3Umo99zsgX4UEFJz8zHC7VkmkzB9QMNs5,0.01,47.71490043,0,1213614,2024-02-26,2264814,2028-03-20,DUE_2028,DUST_WHOLEBOX_CLAIMABLE
b56105470849c554f1b7d63ff2e04a14829172ce7628ad6163825f1d48783636,9f5uBp6LddJezxD3QhMF7HWAvHqaBevUsmrPQkAsNPyieAQm3XG,0.01,558.36739415,0,1213686,2024-02-26,2264886,2028-03-20,DUE_2028,DUST_WHOLEBOX_CLAIMABLE
991fcaa5a5c93b19d76df09cd99b25d3c2767236ec564a34fab7466f18cf7b6e,9ff3JmCUyfEjGnJbwxiUxfSFRNBfWTxZ8kd4g2ho3iJiMiivAhA,0.01,74.28125,0,1213881,2024-02-27,2265081,2028-03-20,DUE_2028,DUST_WHOLEBOX_CLAIMABLE
b2d41712cb2dfe105f7841ef15644de26f9ba2a6d272557d634ae03f02920f76,9ectYMxfeAQNrW94Upf76AY6L6LwTo2qg1ksVBnEYkTgEuWrL1T,0.01,26.84375,0,1214196,2024-02-27,2265396,2028-03-21,DUE_2028,DUST_WHOLEBOX_CLAIMABLE
ddce97b0d058b8d7a367dc8bc1cc8ca18db6e43fce0ab1ed9c9f6b0a3ff77829,9egJ2FMRVtEsU4AhGykgaCMsKqH5NifZnWR98ZGwboLEaExazhk,0.001,2.1875,0,1214198,2024-02-27,2265398,2028-03-21,DUE_2028,DUST_WHOLEBOX_CLAIMABLE
671d7848f0d0b208a2781d5891d79daf7baca619c8ac31fb8fbc039d55bfefb2,9gW1PW9dsNLKqsJrzNUraRgxw6BK7Njsq2qBv37vk9JP3WS4uHV,0.01,3.3125,0,1214531,2024-02-28,2265731,2028-03-21,DUE_2028,DUST_WHOLEBOX_CLAIMABLE
fd7d422d53f822d573f4fc3711e250a44532c38339d77be9946db43a5189d636,9iP4te1z77RhcVj2XtyNVp7ecMqrryxxpaYGL7ZnsHJtL8Zwepy,0.01,61.625,0,1214829,2024-02-28,2266029,2028-03-22,DUE_2028,DUST_WHOLEBOX_CLAIMABLE
27e6765bc91a842ac5ab2beea830d115c2c1137257d04ea65bf5cfa9cf392909,9ewQRKkozV3P1FLxE1FCB5gEdNhHQM6rKT6oyJbiKPCtoSWPLWH,0.01,3.03125,0,1215193,2024-02-28,2266393,2028-03-22,DUE_2028,DUST_WHOLEBOX_CLAIMABLE
9d3ccc5482c6d2117248f041a20586239ed230b196e0671552aec1c1dca4f31a,9fd2rtjyEBT1wfcMiV1Xp1Jv2Hoau576rDkuL2G87LgG3BXHUN7,0.01,3.875,0,1215212,2024-02-29,2266412,2028-03-22,DUE_2028,DUST_WHOLEBOX_CLAIMABLE
d3bd84d3073bae0803e7565108c8349a93290f49f937c592524e0ba430e7295f,9gJmnGzefPcV7nDHR4oqZynosiSCBDfQbY7D9qcWtsrrc4er731,0.01,3.81994011,0,1215212,2024-02-29,2266412,2028-03-22,DUE_2028,DUST_WHOLEBOX_CLAIMABLE
85a02e5a49b51e7f2b0a466698b25bb997f6739429b05d1e9f942f0bf584ae9a,9gipcJNAtucaPK8BApRx2cvGdmPhaeKi6zcjKAY8ckVhSci1a74,0.001,10.0,0,1215366,2024-02-29,2266566,2028-03-23,DUE_2028,DUST_WHOLEBOX_CLAIMABLE
75ad9f0348a491fee2ac0e59eebf65de1ccea732bafaa2c36415d6004c37fa80,9gipcJNAtucaPK8BApRx2cvGdmPhaeKi6zcjKAY8ckVhSci1a74,0.001,112.44806974,0,1215396,2024-02-29,2266596,2028-03-23,DUE_2028,DUST_WHOLEBOX_CLAIMABLE
0ec27235c03047a874f1e891db6820e47d07c49c080b832d52296081a9834d8b,9eZnEurunyzLU9HgyJRBPjZTxvex2KTGAqimNN4NFXrvUqhqrTR,0.01,66.3125,0,1215506,2024-02-29,2266706,2028-03-23,DUE_2028,DUST_WHOLEBOX_CLAIMABLE
b868a3dab53913eef0383f21326c2b1b953a2fa4f3541ff5b5b19722a5f4bd31,9i65KfoVXWmSKbzs2ruwrvsK1b7PKr9Nk8EyKXuHjmVHxStNcvm,0.01,139.4375,0,1215550,2024-02-29,2266750,2028-03-23,DUE_2028,DUST_WHOLEBOX_CLAIMABLE
5e36cbad7853921f5d719f6bf73ca245ebe9554bb58a74dd8d051985ebefa202,9fJLyYW7f2mAvjDNR27xQFXBuJt2xyasaRLdzsEMq4k5RqtQ2we,0.01,14.75,0,1215603,2024-02-29,2266803,2028-03-23,DUE_2028,DUST_WHOLEBOX_CLAIMABLE
f4b154ffca99904adfe2af56d89516ef7d40a6a9d56191f6508a456e8c4e6e35,9gSXXg4MWoskszrQPu6yWb38FvMAtmDc8x3DEJRKeDqzofetEBz,0.01,5.5625,0,1215840,2024-02-29,2267040,2028-03-23,DUE_2028,DUST_WHOLEBOX_CLAIMABLE
3dabc3f66e79bc0743cee755f88694a783ba9229c2849b583b7071b2c741c05d,9h6QQjL8RzwNfYtmV2uiwmvPTRNxjyoeidFtbmu9U2Bi39kR9oB,0.01,3.59375,0,1215930,2024-03-01,2267130,2028-03-23,DUE_2028,DUST_WHOLEBOX_CLAIMABLE
90aa02ddb0f6449cac9b6c2759e844b072529c3f16d32be7fcb5f2138b1e7099,9hsK4iCvdYYhFpcMPCDZ8biVdem2qonBU6Z8rFogyg4BpVAaR6N,0.001,47.51090507,0,1216547,2024-03-01,2267747,2028-03-24,DUE_2028,DUST_WHOLEBOX_CLAIMABLE
65d119b9aa1f33b267b2df7cdae1432bc6182f7d0f63e4681d114f033979b273,9gqMqMaKui4LDky8SrE9vWcA9T6YNsEGsLy9Lm8MSVNg7suhuNd,0.01,8.09375,0,1216554,2024-03-01,2267754,2028-03-24,DUE_2028,DUST_WHOLEBOX_CLAIMABLE
3bbd5c72b944ce8a0b017aef632fe9ce397c71af4413cc14e3790a925e6bf429,9hiKjhiSJEPU8Lk5gD9jpUbimsxkFzqfWX5eotqgd35715CuLEn,0.01,78.96875,0,1216564,2024-03-01,2267764,2028-03-24,DUE_2028,DUST_WHOLEBOX_CLAIMABLE
4e3b29c7dab0a37347afaea4176c6fd78d197fb0412ffea04cdf1f73821483e6,9fYJEzMt6TvBmev1Zzm4aKGzUoG3zg1TLLYFnizS9M4JrhhMUgx,0.01,8.09375,0,1216607,2024-03-01,2267807,2028-03-24,DUE_2028,DUST_WHOLEBOX_CLAIMABLE
ea7432a2622ad88c113ef8c46359cb631b91ce91c631847c5885c859670ce57b,9hXvy45JgADX1f9xkNeQXGfjP56LFqJbKfWk1ZnGsT6guU2ZzZq,0.01,2.75,0,1216778,2024-03-02,2267978,2028-03-25,DUE_2028,DUST_WHOLEBOX_CLAIMABLE
a944a173e3feaafdfa591c05e946439ef35a2b7017c9d1871f93d11f02ec70f1,9hXvy45JgADX1f9xkNeQXGfjP56LFqJbKfWk1ZnGsT6guU2ZzZq,0.01,2.46875,0,1216784,2024-03-02,2267984,2028-03-25,DUE_2028,DUST_WHOLEBOX_CLAIMABLE
158fea8d981fcb8c0914914abedf551e79c5c3d1430d0537130825e20728f6bc,9gXzkyGqcwVRsMnYLJZibs6xwd5gRuLHYopaBbVT9ounu4ckV4V,0.01,17.5,0,1216912,2024-03-02,2268112,2028-03-25,DUE_2028,DUST_WHOLEBOX_CLAIMABLE
a30ed6fe60ae88155eaba8dbc472baf3cc57de9e0c922ad19f1dddf1c1ed6698,9gNPaYa7TbyzLjpH5JGSbVDkJqWisDhvQiVggwrbFLkbeiyBcMi,0.01,133.2844877,0,1216977,2024-03-02,2268177,2028-03-25,DUE_2028,DUST_WHOLEBOX_CLAIMABLE
ea1ddac50afb45ab44c2d2ca1bae1211a282121c7c29de27264dd2b97cd9c2a0,9gNPaYa7TbyzLjpH5JGSbVDkJqWisDhvQiVggwrbFLkbeiyBcMi,0.01,451.75,0,1216977,2024-03-02,2268177,2028-03-25,DUE_2028,DUST_WHOLEBOX_CLAIMABLE
3752ee6962a14ea857febeaea696e34d44c73b849b0eca9ec764b028dfa2bdcc,9foeNxPtDUYmYsxXFrCx9p2Bg1EzopXCrEYjipqyp7cTbdAtgEG,0.0158,0.00505978,0,1216992,2024-03-02,2268192,2028-03-25,DUE_2028,DUST_WHOLEBOX_CLAIMABLE
828bfa46523371dc44c743ddbf7a58045ddcf9a69fc32ce977c521aa2a62db94,9hj5w8mS42tyojtbyezFVoonMMXLtcdD3aRFhzgeVW3MaWCHZy8,0.01,8.21875,0,1217005,2024-03-02,2268205,2028-03-25,DUE_2028,DUST_WHOLEBOX_CLAIMABLE
71e737e81c4ff183cc7aaea370e702aedf364cfc2711aa3b7d424a33fdf3e322,9gbTrAxrnuBkGnDX1UDodovuHtsWj5CymFWzyhtBJ44jchJ7ybY,0.01,26.875,0,1217154,2024-03-02,2268354,2028-03-25,DUE_2028,DUST_WHOLEBOX_CLAIMABLE
b2393611777ed782d293fda9914ce60642ea8ac2d1c484d6326e442b826b1d4c,9etSMCnWQccdrmtxKsTQopky6waNCDCPGvgH9xmfn8rNukonoV5,0.01,0.97754378,0,1217157,2024-03-02,2268357,2028-03-25,DUE_2028,DUST_WHOLEBOX_CLAIMABLE
ae124104b10c4f3e6c4ac60c2c7b1d3a27675ef0d72ad9b0344e86dde6f3bd52,9fNX65XKGd9dXywm2S2Lp4ScQDB4Pn4trtzbcTTxq3gc4ajcDKG,0.01,18.95743453,0,1217278,2024-03-02,2268478,2028-03-25,DUE_2028,DUST_WHOLEBOX_CLAIMABLE
f10f77064c9ea132285cbccac1e57ff7cb1f0a2af4b17eea67f7742d39a66461,9gTQ8Vohd5ki4XiG8Vtz7mMPaTVhfMFmpYW4np3jYMXPuy7jFed,0.01,17.65715491,0,1217404,2024-03-03,2268604,2028-03-25,DUE_2028,DUST_WHOLEBOX_CLAIMABLE
a73da3e10ee101c2457a293163130bed1b4ce29fa535499e7b0de1993a7c460f,9hNkKKtzyepqeVKPMP2ZhfpRmkXeiwZesVyFDoZTBfN3PFuy2iC,0.01,47.11290275,0,1217488,2024-03-03,2268688,2028-03-26,DUE_2028,DUST_WHOLEBOX_CLAIMABLE
04f1f7d481a659418a3357891f9d63fe86cae36c1dceedcf943a630589fccbbf,9eo5DKzXen6woEWHEPfdGmVnoyxLR32QYbaeuowg4LsTDLdMPxo,0.01,58.28125,0,1217598,2024-03-03,2268798,2028-03-26,DUE_2028,DUST_WHOLEBOX_CLAIMABLE
5fad42396998d78f8a3f0477fa40cd8f4540cfcea4f372584513200c9415051f,9hUuz5pPJaW312w1hwpP4vXNGsEuSxxWvvszh2Ee86yDWEmj1Xv,0.01,149.125,0,1217750,2024-03-03,2268950,2028-03-26,DUE_2028,DUST_WHOLEBOX_CLAIMABLE
af93a3137ef4667edcb888b7b88392a219cd8a550d2838ed2819d220ae992043,9fSC7pwRCmRV3YoWqoc5CoeS5Fb9rG3Au9hQXkWczfPWuWHny8S,0.01,17.5,0,1217775,2024-03-03,2268975,2028-03-26,DUE_2028,DUST_WHOLEBOX_CLAIMABLE
b21e132b06e202f178ccbc600f07a58b7f5b81c06760ae5edb5da5fe81680c46,9fSC7pwRCmRV3YoWqoc5CoeS5Fb9rG3Au9hQXkWczfPWuWHny8S,0.01,19.75,0,1217778,2024-03-03,2268978,2028-03-26,DUE_2028,DUST_WHOLEBOX_CLAIMABLE
5853328124d587bde9637015233d39e139474b5183463d80b8de0614249201b4,9fSC7pwRCmRV3YoWqoc5CoeS5Fb9rG3Au9hQXkWczfPWuWHny8S,0.01,19.75,0,1217781,2024-03-03,2268981,2028-03-26,DUE_2028,DUST_WHOLEBOX_CLAIMABLE
69b9fcbd7620eb2d361691638b4f8a9df3a5e9140cffd01840697aa13d9642ef,9fbdQUTFzFg7nEagCVnQNi8xk5ZgymJoSbn51wVzVcB1CeoJESU,0.01,29.6875,0,1218039,2024-03-04,2269239,2028-03-26,DUE_2028,DUST_WHOLEBOX_CLAIMABLE
6b1dc31dbbf0de48a40e0d11266f27bc3633ca0e8c7676f708058ccee85ee68d,9ff3JmCUyfEjGnJbwxiUxfSFRNBfWTxZ8kd4g2ho3iJiMiivAhA,0.01,1064.23932434,0,1218291,2024-03-04,2269491,2028-03-27,DUE_2028,DUST_WHOLEBOX_CLAIMABLE
e5abf5a51ed2319f22912b5602f800439c77cc101fa5107666104a72a8b759a7,9eyUVGVM1C3jUTHKknkAy5fTynWegjSAJ37QnyLf7byVUPGs6wR,0.001,1.0,0,1218380,2024-03-04,2269580,2028-03-27,DUE_2028,DUST_WHOLEBOX_CLAIMABLE
f2cfd1f4e647b9ce5a7073b8f9b8ee44fd086be459bb2e7ae15ac562d6cc6275,9gkyDyn7erriTfsX2i4pP48qGgnx2mTH11ukHZJCdaAKw2fz2DN,0.01,18.90625,0,1218496,2024-03-04,2269696,2028-03-27,DUE_2028,DUST_WHOLEBOX_CLAIMABLE
217085a8163f261152925d5420c26148ca8c801a7e74850fadfe80696547f4ea,9gXtKwaTBgd3uBzgp3tS71ep3GW7XvwRdUcsh3n6aB1YzMx8QRK,0.01,9.06460726,0,1218617,2024-03-04,2269817,2028-03-27,DUE_2028,DUST_WHOLEBOX_CLAIMABLE
4c190f2dd5c96aefe962a11dcc66d925dc2f7557ac397381203391fa7b61325c,9exC7cj1Fy2uSv3Uw6L3ui5ZF4ipqJrAiZcdDdrCjQpzfestRwx,0.01,7.375,0,1218664,2024-03-04,2269864,2028-03-27,DUE_2028,DUST_WHOLEBOX_CLAIMABLE
179eef8977d6745d858e7b87d881654e0cb3b479bf6457ac6c43ca965a44ef11,9hEZnXuiLUqv9GmWomyH8C86VmQtykajchU5SeAmhi9WgUUUcph,0.01,30.625,0,1218691,2024-03-04,2269891,2028-03-27,DUE_2028,DUST_WHOLEBOX_CLAIMABLE
eb5439e6687b7b6705133c174ecbe98bccc0b1b1a935e77de401c99460b06ee9,9fjVG89z9ga6zGzc2N8ed8zwsTu5xZ2HrqiLTjUAyjSWjMAty9E,0.01,36.32282427,0,1218771,2024-03-05,2269971,2028-03-27,DUE_2028,DUST_WHOLEBOX_CLAIMABLE
731e610ce0892fbe8894b759c142c0e00e2be36c337edbceb98bfe2763e77f17,9frPBX3zw2G484oTrtf52i5RXkchkrqTCEqZV8tSn8Yk8NDNXtp,0.01,19.2413855,0,1219828,2024-03-06,2271028,2028-03-29,DUE_2028,DUST_WHOLEBOX_CLAIMABLE
311cffb631a992c5ffb31d68e7cebed3417f6b258ad98c53822e5f84e155d426,9fzu7MPZHAZ3xe8by4nxAYQBifRKwYTghajX8W4e5zkpQbwDUkv,0.01,10.46875,0,1219937,2024-03-06,2271137,2028-03-29,DUE_2028,DUST_WHOLEBOX_CLAIMABLE
c4ed63ca487aba4027911deea17aede402ecffe04b5ff64cb9b1a2296e1a84f1,9fMQckGhFdhi9BbYyt5USfLUU5iNP6hqeTkYT93EgFanHAVaNs4,0.01,431.5,0,1219943,2024-03-06,2271143,2028-03-29,DUE_2028,DUST_WHOLEBOX_CLAIMABLE
84b53e1e25e216beb2abe9df315dbf19c5196d91a2eb7d555f28f4b2b49bff17,9fMQckGhFdhi9BbYyt5USfLUU5iNP6hqeTkYT93EgFanHAVaNs4,0.01,29.3125,0,1219970,2024-03-06,2271170,2028-03-29,DUE_2028,DUST_WHOLEBOX_CLAIMABLE
89f72b3d190200d447e535a5a9c6746b19ffaffbdef2d928961b5522c0363015,9gwnGnaip2B4qP5W6dkL8ybBn9KkN3Wm2f9FPfWfWRHwG8GND7a,0.01,31.1875,0,1220094,2024-03-06,2271294,2028-03-29,DUE_2028,DUST_WHOLEBOX_CLAIMABLE
79ba808171baadf8d67baebfc62898f42cbb8078d2956423461c790ed3953daa,9iDMnp9gihRKYfjcQ55Ucg9uLZ4atXyx4ewXAwVzchh3ikadHPp,0.01,47.71490043,0,1220133,2024-03-06,2271333,2028-03-29,DUE_2028,DUST_WHOLEBOX_CLAIMABLE
98efc7ba27da7cec7274418f12fc0da1e78dfd639b6011664ec389320f6ff72a,9ehdsZmWfs9vkTcJ7zMZ6zWtdkigoZvTBhPdHrTxxyFkPuSgyyC,0.01,11.03125,0,1220145,2024-03-06,2271345,2028-03-29,DUE_2028,DUST_WHOLEBOX_CLAIMABLE
be3857466c9ad35e29c3916bcee397ae1bcc078041ed91e13bed284472a4d776,9hVJMxxCTLZqr3SAMKNf79tSFDdiQKBwmhuLKbw6DQ3hDJJzeAq,0.01,9.625,0,1220172,2024-03-07,2271372,2028-03-29,DUE_2028,DUST_WHOLEBOX_CLAIMABLE
49d2b9372006d4b62277345f4aaf4c22eaed2863a497dd1079091de97eaa548f,9efaFjXrsbYQSTVWetZWYdLqwPkU7hi4DLiZnRuiXofUXqxVwmF,0.01,5.6875,0,1220181,2024-03-07,2271381,2028-03-29,DUE_2028,DUST_WHOLEBOX_CLAIMABLE
f4401dc828e72279447877a2025f9d759689076c4338a87401f81e4a48d590da,9hgDyb4WukDLUb1uF2TukptGsL9gGZ6rvfHngYHTtaiwRUYYfMK,0.01,4.0,0,1220302,2024-03-07,2271502,2028-03-29,DUE_2028,DUST_WHOLEBOX_CLAIMABLE
b83a193d24f6f7fc3a5218c93c6bcf72006107c408455d7cdc84cd9eabd1cabd,9hgDyb4WukDLUb1uF2TukptGsL9gGZ6rvfHngYHTtaiwRUYYfMK,0.01,47.41390159,0,1220304,2024-03-07,2271504,2028-03-29,DUE_2028,DUST_WHOLEBOX_CLAIMABLE
36d62dee41df2bfd954b6363d680ca27432aa7214a74c6911c243b3381ccf7c4,9i9zHMoKgy1wdsFvEfQ8XHDckR6SZGhcNZxUoqxtg8fpNUp9HJe,0.01,6.8125,0,1220544,2024-03-07,2271744,2028-03-30,DUE_2028,DUST_WHOLEBOX_CLAIMABLE
635ccd60551c570bc71633b2bcc04a32a568b2e171144fc074f0f655fbfbe497,9iPTdzE67rJzYGwqufMrA73YvzCww3tGvD8BS1b4tMuBM6mJrxu,0.01,3.1875,0,1221345,2024-03-08,2272545,2028-03-31,DUE_2028,DUST_WHOLEBOX_CLAIMABLE
584c1dbf44681f9980b662d0ac46d895aabfcbfadb4f521b6723de27b012804f,9g78A4cKwVsQXtUNguM6sy67uMT89emFYhi64emr57WdSu4BNgH,0.01,6.84375,0,1221546,2024-03-08,2272746,2028-03-31,DUE_2028,DUST_WHOLEBOX_CLAIMABLE
4aa5df5b4c22303aa04180cf6a3f3bca620eaf565c3132d19837d29ffb0f1877,9hpbHkdHmxPzuu7FopJL8joM8cbXGBf3Eiw2tv4seq9tTbB9PkE,0.01,155.4375,0,1221853,2024-03-09,2273053,2028-04-01,DUE_2028,DUST_WHOLEBOX_CLAIMABLE
896c8745de631a4b0d60c96e6f18117db5375b36e7d8da55e02666745e396452,9hpbHkdHmxPzuu7FopJL8joM8cbXGBf3Eiw2tv4seq9tTbB9PkE,0.01,297.0,0,1221862,2024-03-09,2273062,2028-04-01,DUE_2028,DUST_WHOLEBOX_CLAIMABLE
8279507ada73926ce153bc90e75a63356bf15394357b407b5e5281c113d42f35,9hw5VivVEiwGUdrVoJ68FKmhvyDEfuVTSq5mYPenD2k9wfu2Vct,0.01,4.03125,0,1222005,2024-03-09,2273205,2028-04-01,DUE_2028,DUST_WHOLEBOX_CLAIMABLE
ddbdc646bbde233e4313ebe2279a4ff44b178ba2305e409f85a2e2c054d326a3,9fCu9qSESVxWmQ85rsTqQNdQV1GeijmWSimhoXH2umPAoAsD41C,0.01,0.375,0,1222182,2024-03-09,2273382,2028-04-01,DUE_2028,DUST_WHOLEBOX_CLAIMABLE
3c0da7a75478617585a6f160f5f7a03e9b13321df45ddc852382cda8e558342b,9hjtry1LfxiQun75auHbpPC6uE214LqTkQUayd9VnRJBsBYtfsU,0.01,61.85869802,0,1222215,2024-03-09,2273415,2028-04-01,DUE_2028,DUST_WHOLEBOX_CLAIMABLE
b7912f9dd8611e7c64050a58613727e644f8384ea193dc64e43209179195f466,9hbq4Dv8fJKrvynY6bsQuCLaT4xqpZ5xAcX2E8zdZTZdrL28BoS,0.01,186.0859437,0,1222239,2024-03-09,2273439,2028-04-01,DUE_2028,DUST_WHOLEBOX_CLAIMABLE
c17de2ed6e9c0d569e23e8246fc68c08b7de9e2d808157febce03a38f4b2c82b,9gjetFHrXE9tKVFWNEPRhZUNPcRmuSchu42SUQC39wpjRiSoDmL,0.01,0.9375,0,1222436,2024-03-10,2273636,2028-04-01,DUE_2028,DUST_WHOLEBOX_CLAIMABLE
d3e562ba2b61a8bae2147482c935c4546ed988f42e2fb121635c5fab09d369e6,9frtjYXVH6xpTbhbmJsk7qfmLKqTk4k75hjb4CWkwhmws6mxrBn,0.01,0.9375,0,1222614,2024-03-10,2273814,2028-04-02,DUE_2028,DUST_WHOLEBOX_CLAIMABLE
86493d59b9eba2696c73e24761033596932402b535d6882a920b38ecc4b787c8,9hHiHPXGaBB798yvEgLSUuioWPpuFWeeMRPsPmQi8Z5FZzECwc4,0.01,16.125,0,1222725,2024-03-10,2273925,2028-04-02,DUE_2028,DUST_WHOLEBOX_CLAIMABLE
4e7ce57bd65f40d6557eb22a2a6e88b66dff04cc0ccfcb6f8c1ac23938db297b,9ecjudTz1xwbPb3cdYob1QqevQPqT1Ba4Bbvbb7T8BqfTKnK5RD,0.01,0.08533633,0,1222761,2024-03-10,2273961,2028-04-02,DUE_2028,DUST_WHOLEBOX_CLAIMABLE
a406f3052cb26caac9315d0465623eb9b1e6f8ea89b173a358d28790250397bb,9hvLS9C47DVaUdddFKqKm8TkP1DrDj33iswLkqLqTGwMJDZmQcy,0.01,22.24068594,0,1222828,2024-03-10,2274028,2028-04-02,DUE_2028,DUST_WHOLEBOX_CLAIMABLE
64cdb56322aa105fcbd6a0a2653fb0d5b07bb76319105616256a591d4d297482,9iEWE8tRur6jkTjegrDsECDe4BGbCW6M88iVtr4g2SknfGScpst,0.01,16.21875,0,1222829,2024-03-10,2274029,2028-04-02,DUE_2028,DUST_WHOLEBOX_CLAIMABLE
7a032da16a74c7cf5c0101c78d0ba0aed54df41bcf6f21cdf9034e33d04d47db,9i2stPqo3guvxoXc5DJV6Cij1qhDQ9R1eotMxeARmSUDXMLXq99,0.01,4.03125,0,1222878,2024-03-10,2274078,2028-04-02,DUE_2028,DUST_WHOLEBOX_CLAIMABLE
11898fe442f06a6e99510baa062f94667a605ab97f101cb999339867424769d8,9ew87HHwW3YXNyRhU7N6LtEGn7uYf6wm55GLECtjp193m5WHkQN,0.01,3.75,0,1222923,2024-03-10,2274123,2028-04-02,DUE_2028,DUST_WHOLEBOX_CLAIMABLE
47d4d1cdcbb89311f69ad269e1f874ea8a076681caefb708cdbca3363f5144ea,9ew87HHwW3YXNyRhU7N6LtEGn7uYf6wm55GLECtjp193m5WHkQN,0.01,0.65625,0,1222925,2024-03-10,2274125,2028-04-02,DUE_2028,DUST_WHOLEBOX_CLAIMABLE
a566bf62afd16a8048dbe9fc632954e180b2dfb0e65bea3b7b9b43fa99fea678,9ew87HHwW3YXNyRhU7N6LtEGn7uYf6wm55GLECtjp193m5WHkQN,0.01,3.46875,0,1222930,2024-03-10,2274130,2028-04-02,DUE_2028,DUST_WHOLEBOX_CLAIMABLE
d14f680fa248e69e9fc50da4d5d37dd8adf64334f25e32a2217b6507459036bd,9gNWgcDv9ABUvj4L49yXWCk7gbBqfaaLoyc5HvxQKroShzTQvDz,0.01,18.9375,0,1222956,2024-03-10,2274156,2028-04-02,DUE_2028,DUST_WHOLEBOX_CLAIMABLE
92858845e0361f103e6f8e9c18da8f489648aad252db258b4d6ef5b1822bc266,9gNWgcDv9ABUvj4L49yXWCk7gbBqfaaLoyc5HvxQKroShzTQvDz,0.01,49.71490043,0,1222960,2024-03-10,2274160,2028-04-02,DUE_2028,DUST_WHOLEBOX_CLAIMABLE
ea8cea552e392e09469375e398906b07039ca95e5cf0a716d9218b5c6813f2a6,9g5ktnsxu1NLa5Hni7rnTjFScFoRu6LbJsWoAuBSV6PJstFYAYj,0.01,5.72913579,0,1222972,2024-03-10,2274172,2028-04-02,DUE_2028,DUST_WHOLEBOX_CLAIMABLE
606f3dbd40d76194b8f1f08e62efa7ad77082b8cec6d5baf58a9ccf7b9cde63d,9hnxUhoS1oVoFtVAWPR4V43JKwKtrrHqUXt2wWMXaL6WoE6aWpJ,0.01,20.90625,0,1222978,2024-03-10,2274178,2028-04-02,DUE_2028,DUST_WHOLEBOX_CLAIMABLE
a6e881284bc1f15579806d265293a6732ebac486b3c55052cdf497f293353b43,9f7V9MsBQgZfiS6sgKUC6HsJu4eaEXU8mVCqtKbtaXspJjGEXcT,0.01,0.15001453,0,1222992,2024-03-10,2274192,2028-04-02,DUE_2028,DUST_WHOLEBOX_CLAIMABLE
c53849b872ae48a66cf167e27069ab2550b695b271f3ab4a99d194f5574623f5,9erzp2hfcWAKAjLsxL77h5dEHmFzG1zkHKzoctSF41zMrRDB6Dj,0.01,2.625,0,1223004,2024-03-11,2274204,2028-04-02,DUE_2028,DUST_WHOLEBOX_CLAIMABLE
30ab0b9c57b51235786694fae1360fa7560b3dc45fdd742f90e04782bba29a5c,9heFQv961f5tJ3udiXVthsaLPi7sB5ka1UzDXjpqi3HsQxhQnpa,0.01,22.95594262,0,1223013,2024-03-11,2274213,2028-04-02,DUE_2028,DUST_WHOLEBOX_CLAIMABLE
807e5b0699a0b16a59547d30d44564e80b849cdca771930d665c7da2341687e4,9gnJEBUTDbXTLXDm4muZBKb6EDdQzRY3Pa2hFCxXBchgxwpAoKh,0.001,0.46875,0,1223021,2024-03-11,2274221,2028-04-02,DUE_2028,DUST_WHOLEBOX_CLAIMABLE
9de961417ceb8384ad1e5db23966de47e8807995dbb3e02609d6fea4422cf7ea,9f4MV5MBLAHokC7QQtjKmww73xME6fxjpPajx3Xcb3vQK4HT75K,0.01,2.0625,0,1223059,2024-03-11,2274259,2028-04-02,DUE_2028,DUST_WHOLEBOX_CLAIMABLE
3134270f0b9befb8c7528e970fd61bebac355b5de1a33a1e81f5f327f9e6fc05,9f4MV5MBLAHokC7QQtjKmww73xME6fxjpPajx3Xcb3vQK4HT75K,0.01,1.21875,0,1223061,2024-03-11,2274261,2028-04-02,DUE_2028,DUST_WHOLEBOX_CLAIMABLE
29d80e903d3d46b04ae7402fde8c02ca4eb5516940fdae7a72d9ed577cd2ad39,9f4MV5MBLAHokC7QQtjKmww73xME6fxjpPajx3Xcb3vQK4HT75K,0.01,7.96875,0,1223063,2024-03-11,2274263,2028-04-02,DUE_2028,DUST_WHOLEBOX_CLAIMABLE
0793fabf058dda372c74f1385c75afe1f620a53cd82234bc800134e078b79f5f,9iCkUwT5MKvXwi2QRc6eoMi7uVg9ge1QnnHhT4wiSaiSqcQmdMD,0.01,2.90625,0,1223090,2024-03-11,2274290,2028-04-02,DUE_2028,DUST_WHOLEBOX_CLAIMABLE
aefb4c3f9ca568c61d1ebc16337e559dff2c79e5972737ca0fb4fe862910703b,9f3ZcsA6SHaXpFusQRYseZ5n5sA7gFxfKKdhejyJ9tsTJz9utLe,0.001,115.56611694,0,1223109,2024-03-11,2274309,2028-04-02,DUE_2028,DUST_WHOLEBOX_CLAIMABLE
444fed6f0ecb6abb9895e54b393cbda1d26dac574fec30a85cea4bdcd23ebd16,9fJffiE6F6UQGsdYXbomKwc8F74eEkD6ZeVoquuPdQnyvvF8n1V,0.01,3.75,0,1223128,2024-03-11,2274328,2028-04-02,DUE_2028,DUST_WHOLEBOX_CLAIMABLE
16e3bb57c48f693d42e691d90e3bd133639779f6aa44a7858a0d8000f2fe47e1,9gi2fgCo5MTT6xN3MC4EUDPfSYpoKxTh211G5nvavjVXKjF1Wvq,0.01,126.5625,0,1223156,2024-03-11,2274356,2028-04-03,DUE_2028,DUST_WHOLEBOX_CLAIMABLE
fea299c9446037d5b1b1b33f30d47359bf4165e25848f08c09b963532f0d0167,9g886cAei2Mz4wWVKLThpXFJYKFR1RHptA7MfaMW7DRKkx7Kbs7,0.01,11.90625,0,1223163,2024-03-11,2274363,2028-04-03,DUE_2028,DUST_WHOLEBOX_CLAIMABLE
c06616882c737f5fb68d1e6fedda5fabfe5cada219054587fd42546c5d7232af,9fX2KoGqjuPJCRExRuJFfkGmcbFTAy2CwAVAHnHEZmJMGhipaGg,0.01,0.04984383,0,1223170,2024-03-11,2274370,2028-04-03,DUE_2028,DUST_WHOLEBOX_CLAIMABLE
429836620a037dedbd02b32de7023a03d18ac32cad5f7f61e03c2a47a6ecf81a,9gac7vCzS1Bvxiu4sVHBp1FgEekqJDTefNSEN9aGBny7tYSBom5,0.01,2023.65767601,0,1223196,2024-03-11,2274396,2028-04-03,DUE_2028,DUST_WHOLEBOX_CLAIMABLE
3a5b8637050d65cc1e34ecde3e9f9c7b66678b08241e70ac3eee29d388d99952,9h8fTK1qMDrvU7GjLVXh6hT86tnZJyMjNNBBm6Z7zsfZUmKSNJK,0.01,116.15625,0,1223210,2024-03-11,2274410,2028-04-03,DUE_2028,DUST_WHOLEBOX_CLAIMABLE
96f9d7b8abc8684ebade1b2ed8f74c101edab417b446b48186bf5584b758af2f,9g9YAPGooSKtw9dBreTAyVaraVkZ39tm5niVkjpr7WKvbNycQuK,0.01,65.25030668,0,1223226,2024-03-11,2274426,2028-04-03,DUE_2028,DUST_WHOLEBOX_CLAIMABLE
64edcedb8930419d034f2588c734e1c3a0ebfa7b6efffbac50028fd7852c45d3,9en8CwuU6LEzMXQk2RzBTGanmN14hZJwyz7zt9i7hWtD4tLH5BT,0.01,0.09375,0,1223326,2024-03-11,2274526,2028-04-03,DUE_2028,DUST_WHOLEBOX_CLAIMABLE
6389dbece8c95c1c125a55683320b1b7fca47318bec4010a2109719e297498c4,9hbq4Dv8fJKrvynY6bsQuCLaT4xqpZ5xAcX2E8zdZTZdrL28BoS,0.01,1.6004623,0,1223445,2024-03-11,2274645,2028-04-03,DUE_2028,DUST_WHOLEBOX_CLAIMABLE
032afc54c372c6a7ed6cb13a8295d9c078ca53a0d38e7012a77aabdcc1fc9eed,9hymXJoZa97nsakHxaGScfnqkrBADDMNmgZ6vMf2QZQbg37mDC2,0.001,18.0,0,1223473,2024-03-11,2274673,2028-04-03,DUE_2028,DUST_WHOLEBOX_CLAIMABLE
35a4b256ddad01407b31952d6c90feed5378853c55214060ebb4c2c094c7b651,9g4UfkPreXnJPAPcXbRt8SeTeQgZB2ntUT84TRR1muuD2gggcMG,0.01,3.09375,0,1223632,2024-03-11,2274832,2028-04-03,DUE_2028,DUST_WHOLEBOX_CLAIMABLE
e31551e068ab06ca448dcd75815c1264816ec672015dfe546bc82f1633610932,9hb7jugmebZenKg91bmRVFjNY4tcUyzJAKBZwa3KbQPofJFDU2X,0.01,17.25,0,1223639,2024-03-11,2274839,2028-04-03,DUE_2028,DUST_WHOLEBOX_CLAIMABLE
66f4997262a26b3e187e0d075a5d548dc9cf2c62f0da3802a40b42e3b96dff94,9gHYBgDRKp8BnYs5nWbnKXLW1v5pmx34X3aGENCb68g7QgpkiSe,0.01,12.88619443,0,1223696,2024-03-11,2274896,2028-04-03,DUE_2028,DUST_WHOLEBOX_CLAIMABLE
54bc0c21923ab0a4b79b87e19280884144e8a7ba9f29bd8845f5cfe245dadcf9,9gA3EfVr2W8pY1AkAypbfkTpR71RChmhDgJLkKq9v5YMXmrHwN7,0.01,11.625,0,1223732,2024-03-12,2274932,2028-04-03,DUE_2028,DUST_WHOLEBOX_CLAIMABLE
f6f956e0a597ae1d373ee42c2fd87d1a715d628c887e85fd0485d57e1cb27a66,9evkzn9EdWY1RXKm5GTGRf37qrVEpjGgY2ZimjvvkmT2WY1BCZw,0.0079,7.0,0,1223787,2024-03-12,2274987,2028-04-03,DUE_2028,DUST_WHOLEBOX_CLAIMABLE
7a1cc2ed2206192b5f8989ecec69bba4acf08a06bb7640a0ab09b5df9545fe00,9epHxSRizDayS64NLqeHShLyB39TcgDpmepFdXA7EPim5yqdFJp,0.01,4.84433432,0,1223812,2024-03-12,2275012,2028-04-03,DUE_2028,DUST_WHOLEBOX_CLAIMABLE
f470fc2664caf1514674a9e429c7dfe95fd2d076f5bba9913b3a5b947960d96d,9f8JQ68fFeLw2n5h1bKGdxJoq2uNWcHbkU1CUPinjSAVzEkxbog,0.01,13.875,0,1223887,2024-03-12,2275087,2028-04-04,DUE_2028,DUST_WHOLEBOX_CLAIMABLE
89dd2ebb2cd3e24d5790680843a492b3512d0efa6651b678204331b27ad71b84,9iBfytaYrjiVGZKuva5e6Aj2qDgTpbcxKKiLAXTuFvhKyqSPY51,0.0079,1.0,0,1224160,2024-03-12,2275360,2028-04-04,DUE_2028,DUST_WHOLEBOX_CLAIMABLE
ba05ec9b2cac3f5fcdfcd18ea212057e7a7b4a3c4432866b7986040b4431c60c,9gLTNZ36fuaCAvfK2D5jLDYEErz1j9hapVBucUTjzdbetkY8hvR,0.01,4.96875,0,1224744,2024-03-13,2275944,2028-04-05,DUE_2028,DUST_WHOLEBOX_CLAIMABLE
109b11c6e96ecd53736304add3c1f1fd1c13bbe21a94e975ab59c3923fe76440,9gLTNZ36fuaCAvfK2D5jLDYEErz1j9hapVBucUTjzdbetkY8hvR,0.01,16.3125,0,1224746,2024-03-13,2275946,2028-04-05,DUE_2028,DUST_WHOLEBOX_CLAIMABLE
b70798e8cb7f29b492206fb21e373a41fd1d43d6549a031a2aac63dcec673df7,9h15AWzTMoyzURiGnGAxDvtepWU5VCgvHVB4CgZuSSKzL8ABLNc,0.01,35.90625,0,1225048,2024-03-13,2276248,2028-04-05,DUE_2028,DUST_WHOLEBOX_CLAIMABLE
38f710af78a316c9863f771cec4d39fdf25f763752e26f400d1da668f1787aa5,9fdXuGwQR4tK6Uk81a8QAgakypxecJLcGNid1hsJcb8LQu7ZUUm,0.01,9.65625,0,1225065,2024-03-13,2276265,2028-04-05,DUE_2028,DUST_WHOLEBOX_CLAIMABLE
f3fcc3dc8255b5d404a5c1c5f2aa56d3401bcb40b82beb5c220b7e2c232f4d08,9giHV9KCtG6rRAoqyBNHVAFL2KGG3wA8LeyMvTNPAMFKokybNW1,0.01,20.55876025,0,1225151,2024-03-14,2276351,2028-04-05,DUE_2028,DUST_WHOLEBOX_CLAIMABLE
af3c694ba3403fc4762b946f553bee88ba47bb683215be2449adfd5d60412155,9fH5XrAnEpQa2o2GzV9ADavUGYjg3jvMk4fyTcjnATNezQqU4KW,0.01,129.65625,0,1225202,2024-03-14,2276402,2028-04-05,DUE_2028,DUST_WHOLEBOX_CLAIMABLE
fb70c0835d736dd7020990e72fcae98eff80f4ca0aa252ce4f0d490d977e80df,9eoj3z3J1ifuHzSt453M5i8718JoNFh8UwoqaiRmnhQHVSFjCkK,0.01,5.76052379,0,1225330,2024-03-14,2276530,2028-04-06,DUE_2028,DUST_WHOLEBOX_CLAIMABLE
a5d18eabfb8b41a719c912ebb794839107f01c3b5c8adbc58c0e9194b6331bad,9fhHwujJXNZSN2tKmtP5a4zKhvm915a73TvKiwJCqZRu56xVD2h,0.01,50.29602194,0,1225350,2024-03-14,2276550,2028-04-06,DUE_2028,DUST_WHOLEBOX_CLAIMABLE
fa95935a9ea9ac812704d7a4612d384dd7682a97ff0715645c5fd33c3b6b0b87,9gmCLRT7i6UinHqLzFWAsXoArSexpLmhHTARbN8nRyNdFEHDKQ6,0.01,117.23613608,0,1225675,2024-03-14,2276875,2028-04-06,DUE_2028,DUST_WHOLEBOX_CLAIMABLE
2dc61396e33c904a22324d33f0a99aeceaeb4ed74b1bf86c53637b8411a6eecf,9ejYiqiPomEMEKNWvs9FRw3QsWEFazPyiGC8EYJoHkD1r1Hc9Ho,0.01,17.25,0,1226375,2024-03-15,2277575,2028-04-07,DUE_2028,DUST_WHOLEBOX_CLAIMABLE
76663eeafa37fa44128b49ad36d5b6c53e0387f72a50b82abc9c9286fa08f7f2,9ejYiqiPomEMEKNWvs9FRw3QsWEFazPyiGC8EYJoHkD1r1Hc9Ho,0.01,52.125,0,1226378,2024-03-15,2277578,2028-04-07,DUE_2028,DUST_WHOLEBOX_CLAIMABLE
c9f2e22675a5b7cddd0f442b0ab68d1b4472ff0a63f30ef6f82afdc7e62c9d81,9gx8EzDqJX8akbXTt5USVh4QrMZKzUtJC8HizzZVBa8EEJjC91i,0.01,45.75,0,1226453,2024-03-15,2277653,2028-04-07,DUE_2028,DUST_WHOLEBOX_CLAIMABLE
a95030f53c1c79e9af210acb6c0c3e34c4c34afdf7b8f8a9ff864d87bb1a3819,9hiZ9dyZhcRCVNsSGsV8rZ52TaaU3nCZXn2UdRoj7HHu5pMjrAM,0.01,0.9375,0,1226774,2024-03-16,2277974,2028-04-08,DUE_2028,DUST_WHOLEBOX_CLAIMABLE
a97e4a0bdd7eadd062ec6c3c2a297161f1470a96723daea66dab6082969a1ff3,9epTsJS3xwrpT4i11rPcL7wqy6Frq9BDKtGu8dBwmEUkBJpNTGZ,0.01,5.71875,0,1227988,2024-03-18,2279188,2028-04-09,DUE_2028,DUST_WHOLEBOX_CLAIMABLE
23e9af093eaef64f2b78701606cf733695653eda61dbcfb4d44c3eab3bfbfb44,9gJmii3NxUDYAaz6ZkHrS4Tb6v7oiWkRKVihTTCpBFqRVHTfipd,0.01,89.20588342,0,1228010,2024-03-18,2279210,2028-04-09,DUE_2028,DUST_WHOLEBOX_CLAIMABLE
0a86ef8036604ad76bcf206462a77731a9b8942a1923d113d4474b7bbd08d9d6,9hF9Av7FXM5rdCrXEuHTy4SH8Huj4HzLBGgvRJ7xaZAnGfZXJVh,0.01,10.5,0,1228022,2024-03-18,2279222,2028-04-09,DUE_2028,DUST_WHOLEBOX_CLAIMABLE
e2b200da5ac09ebfa1e263958a6b1fdd332eb5a4d6a18281e0949c0a6505612e,9fCKJ7g6ZffHAQb9UQY7S6YLF6dRVejBAXw284XNazkq8XLuZbw,0.001,4.28125,0,1228682,2024-03-19,2279882,2028-04-10,DUE_2028,DUST_WHOLEBOX_CLAIMABLE
4db2520f2c37ec64495d20f1d97ce49bedb0a549a834305bfe5d046f799e4c0c,9fCKJ7g6ZffHAQb9UQY7S6YLF6dRVejBAXw284XNazkq8XLuZbw,0.001,77.4575145,0,1228699,2024-03-19,2279899,2028-04-10,DUE_2028,DUST_WHOLEBOX_CLAIMABLE
ebb992f5e8b88b57fdc2107cd6592f8f9860cf6511581b9f2371d8b48171ded7,9fCKJ7g6ZffHAQb9UQY7S6YLF6dRVejBAXw284XNazkq8XLuZbw,0.001,53.15293454,0,1228708,2024-03-19,2279908,2028-04-10,DUE_2028,DUST_WHOLEBOX_CLAIMABLE
cc54695cfd3eea0c63de813a0691ca05870239dfd9459ef906b8ad6fc78b5685,9fCKJ7g6ZffHAQb9UQY7S6YLF6dRVejBAXw284XNazkq8XLuZbw,0.001,58.77740204,0,1228709,2024-03-19,2279909,2028-04-10,DUE_2028,DUST_WHOLEBOX_CLAIMABLE
f8d8bab9f292f86b84e6552c56e85562f70b1dcbafc02861e3c4032ec53ebd18,9fCKJ7g6ZffHAQb9UQY7S6YLF6dRVejBAXw284XNazkq8XLuZbw,0.001,11.05762941,0,1228729,2024-03-19,2279929,2028-04-10,DUE_2028,DUST_WHOLEBOX_CLAIMABLE
a3eaa17d16c2b8fdd7e41b92843722dc64ae124dd0d6f472bf38c9027b00f64b,9fCKJ7g6ZffHAQb9UQY7S6YLF6dRVejBAXw284XNazkq8XLuZbw,0.001,44.53125,0,1228762,2024-03-19,2279962,2028-04-10,DUE_2028,DUST_WHOLEBOX_CLAIMABLE
bdc55427ab3d38d7c1882b4f30cf1bd463114bde7206e608508f82716d313999,9fCKJ7g6ZffHAQb9UQY7S6YLF6dRVejBAXw284XNazkq8XLuZbw,0.001,143.375,0,1228780,2024-03-19,2279980,2028-04-10,DUE_2028,DUST_WHOLEBOX_CLAIMABLE
4d1f97ecca8ff5eea1f47c186943044f4fcc4939e319028da507b32a470371d7,9fCKJ7g6ZffHAQb9UQY7S6YLF6dRVejBAXw284XNazkq8XLuZbw,0.001,664.88964283,0,1228802,2024-03-19,2280002,2028-04-10,DUE_2028,DUST_WHOLEBOX_CLAIMABLE
d6abb66b48b65cae1f6b1383b8e66c3be73c9992b8530e9dc7e28b3258bd2b87,9fCKJ7g6ZffHAQb9UQY7S6YLF6dRVejBAXw284XNazkq8XLuZbw,0.001,138.15625,0,1228803,2024-03-19,2280003,2028-04-10,DUE_2028,DUST_WHOLEBOX_CLAIMABLE
9a621c92feb3fe560e267e166cd404a526b574d92cc7212b3bb3b5956c4ca748,9fCKJ7g6ZffHAQb9UQY7S6YLF6dRVejBAXw284XNazkq8XLuZbw,0.001,14.40914064,0,1228833,2024-03-19,2280033,2028-04-11,DUE_2028,DUST_WHOLEBOX_CLAIMABLE
349b280052dfeb1c78c5301f6a81f1515ec26c28340aa890c5f2bcace6466229,9fCKJ7g6ZffHAQb9UQY7S6YLF6dRVejBAXw284XNazkq8XLuZbw,0.001,267.49929413,0,1228981,2024-03-19,2280181,2028-04-11,DUE_2028,DUST_WHOLEBOX_CLAIMABLE
17deda19502cb006e860ac146cfb4299c45b1fdd3224ed40200506de7fc41371,9gtdyNTVfziFsGzH7KNjMcUj4v8MtADx4Z3prg6MWyHCCWz9NJM,0.001,200000.0,0,1228986,2024-03-19,2280186,2028-04-11,DUE_2028,DUST_WHOLEBOX_CLAIMABLE
699e839e03150d70ebfe17d3afa5205d97e3cc2e43ea01ab581464a44dade0ab,9fCKJ7g6ZffHAQb9UQY7S6YLF6dRVejBAXw284XNazkq8XLuZbw,0.5829,128.47162546,0,1228986,2024-03-19,2280186,2028-04-11,DUE_2028,FUNDED_RENT_WITHSTANDS
fd1144b75717519ff79a86492e9f02cd27baaedb1ce6830fcc66f8fb6aa09c20,9iBno79gvLv4Zd89vrGqicwiKNs7p55UZ8nLJkAYeGg4pXWRJzW,0.01,1.21793173,0,1229006,2024-03-19,2280206,2028-04-11,DUE_2028,DUST_WHOLEBOX_CLAIMABLE
ad79167f7e9e942e48bb940955dd66b3ce501a7110d69b411998c130731a25bb,9iBno79gvLv4Zd89vrGqicwiKNs7p55UZ8nLJkAYeGg4pXWRJzW,0.01,2.54197444,0,1229008,2024-03-19,2280208,2028-04-11,DUE_2028,DUST_WHOLEBOX_CLAIMABLE
8adfeb9614f85b1f3dd02ec28b5cacc6c3e033ee3b709e8697153bc0aba9d16e,9iBno79gvLv4Zd89vrGqicwiKNs7p55UZ8nLJkAYeGg4pXWRJzW,0.01,2.80952897,0,1229010,2024-03-19,2280210,2028-04-11,DUE_2028,DUST_WHOLEBOX_CLAIMABLE
2de95415da9e922ec04d8b947e5336fd09254ce23206e2637718ebed6a346f90,9fCKJ7g6ZffHAQb9UQY7S6YLF6dRVejBAXw284XNazkq8XLuZbw,0.001,25.96875,0,1229074,2024-03-19,2280274,2028-04-11,DUE_2028,DUST_WHOLEBOX_CLAIMABLE
ca6a7ad5ed178bec76eb3e0c0ceda81adf465ef1b60aae9b70be130e4767995e,9fCKJ7g6ZffHAQb9UQY7S6YLF6dRVejBAXw284XNazkq8XLuZbw,0.001,47.8125,0,1229074,2024-03-19,2280274,2028-04-11,DUE_2028,DUST_WHOLEBOX_CLAIMABLE
916513e48dd1cbbf8a735570450b59ef166c33f7f0e99aa93b46bc1542580aa3,9fmuJUsDauFhLeQrvyA7NpYsJAzBND3WSXXmBZ5QoGxgSi5M2k3,0.01,12.75,0,1229130,2024-03-19,2280330,2028-04-11,DUE_2028,DUST_WHOLEBOX_CLAIMABLE
4ca1df9b24d4f6357f0cf8ad69e3a56802f76a9530d9903e4ef8736f076fdea3,9fmuJUsDauFhLeQrvyA7NpYsJAzBND3WSXXmBZ5QoGxgSi5M2k3,0.01,3.63197787,0,1229131,2024-03-19,2280331,2028-04-11,DUE_2028,DUST_WHOLEBOX_CLAIMABLE
c79249daf6c0e2d7bceee9c7951b5076fb208ad53676db5e4f6f54f91369be0b,9fmuJUsDauFhLeQrvyA7NpYsJAzBND3WSXXmBZ5QoGxgSi5M2k3,0.01,3.57846697,0,1229139,2024-03-19,2280339,2028-04-11,DUE_2028,DUST_WHOLEBOX_CLAIMABLE
a0743ab4638db052489eb038797b56ffff0c0f0decb9bf790f18badecb96ba5f,9fmuJUsDauFhLeQrvyA7NpYsJAzBND3WSXXmBZ5QoGxgSi5M2k3,0.01,3.68548878,0,1229142,2024-03-19,2280342,2028-04-11,DUE_2028,DUST_WHOLEBOX_CLAIMABLE
5e4cec58b9ef57746b186c7123425afb60d0872b9b54827bfedef8e29c31eb3b,9fmuJUsDauFhLeQrvyA7NpYsJAzBND3WSXXmBZ5QoGxgSi5M2k3,0.01,7.44128543,0,1229148,2024-03-19,2280348,2028-04-11,DUE_2028,DUST_WHOLEBOX_CLAIMABLE
b3436c453d9c15b72f300ebe455b04f808261d7fdcf33d46cefc57b6ccf80d4e,9htS7RoY3NG7Zgk5Ss5BAG1zAwWfEnMKbuj5XMVaF7RrUkGrxzA,0.01,3.46875,0,1229148,2024-03-19,2280348,2028-04-11,DUE_2028,DUST_WHOLEBOX_CLAIMABLE
4da06318e321f1b799d6de78a46d1bff7c130b5c88e237ecc4599e8218d50fb8,9gyD3wDNA7KNEChZKJurHm6uRfYZjPR5FTQk2HwAZPiP3Zusx3n,0.01,14.15625,0,1229152,2024-03-19,2280352,2028-04-11,DUE_2028,DUST_WHOLEBOX_CLAIMABLE
e2566fb94aab806f7c20efd5ee2b9baadadff56dddea02abf5a1ffc5d72daa11,9htS7RoY3NG7Zgk5Ss5BAG1zAwWfEnMKbuj5XMVaF7RrUkGrxzA,0.01,49.11290275,0,1229154,2024-03-19,2280354,2028-04-11,DUE_2028,DUST_WHOLEBOX_CLAIMABLE
147fe525d81e1af7ad93c3efacf2f6e2ea5882b382e8e22c258334ef6d1334b5,9gyD3wDNA7KNEChZKJurHm6uRfYZjPR5FTQk2HwAZPiP3Zusx3n,0.01,48.81190391,0,1229160,2024-03-19,2280360,2028-04-11,DUE_2028,DUST_WHOLEBOX_CLAIMABLE
bee30f7ce73be32f744c1f7c502bcb3e06262428511c9f1751f99591c618de46,9fCKJ7g6ZffHAQb9UQY7S6YLF6dRVejBAXw284XNazkq8XLuZbw,0.001,305.8125,0,1229242,2024-03-19,2280442,2028-04-11,DUE_2028,DUST_WHOLEBOX_CLAIMABLE
605fb64b4ddf73e7f3c124f83d38643b5b9ec8ccfc00ebfea19f410e6abfeb5b,9fCKJ7g6ZffHAQb9UQY7S6YLF6dRVejBAXw284XNazkq8XLuZbw,0.001,839.0118472,0,1229351,2024-03-19,2280551,2028-04-11,DUE_2028,DUST_WHOLEBOX_CLAIMABLE
d38699f65fdf7fe4ec19b8d446e388ebfc5751d4cc325b8c2feb9b6c8db4f755,9fCKJ7g6ZffHAQb9UQY7S6YLF6dRVejBAXw284XNazkq8XLuZbw,0.001,7.125,0,1230298,2024-03-21,2281498,2028-04-13,DUE_2028,DUST_WHOLEBOX_CLAIMABLE
37101ab763c0bf7c4c2c1478a5b7b1677d9e28f66cb5285b35fb88395ec0bc0a,9hwAgzYga6JE8711g1Pxope7C71PBXaMHvm3pY2JKNYAAvFhKyp,0.01,4.3125,0,1230300,2024-03-21,2281500,2028-04-13,DUE_2028,DUST_WHOLEBOX_CLAIMABLE
33227cbb4931100ea2f9238de5be9b79cc4edf349e8be09360a2ae13fc9cb488,9fZEZWHdMYPjzrgCUkMP46s9nGYMSrG9A3UewRitZaML9ELDjQb,0.01,36.82520918,0,1230863,2024-03-22,2282063,2028-04-13,DUE_2028,DUST_WHOLEBOX_CLAIMABLE
851a890bd951b39a91ad167f65a642139a011b8fb9aa22ea1a141f40d74b6969,9fZEZWHdMYPjzrgCUkMP46s9nGYMSrG9A3UewRitZaML9ELDjQb,0.01,28.21875,0,1230863,2024-03-22,2282063,2028-04-13,DUE_2028,DUST_WHOLEBOX_CLAIMABLE
408258cccab7bd0cc2054ca5055bd630eebb97880f2ca3036d26035f03f3720c,9fRfoHBSEDepgXs4m4c7vHh541iDhrRsXYLAhSRVrNTFBvsLA9P,0.01,76.875,0,1230953,2024-03-22,2282153,2028-04-14,DUE_2028,DUST_WHOLEBOX_CLAIMABLE
b3c36a71662d3301c40e5972762df8fcc4461d2e2f7c4936b630e1b3dc18170f,9gmRxmYDsPVJEL8yUzrwn9Q25D75uA3f5nQFNTsamsecroUgrYA,0.01,7.96875,0,1230960,2024-03-22,2282160,2028-04-14,DUE_2028,DUST_WHOLEBOX_CLAIMABLE
72c9ea16ca161de86b92674c21b3efbbbd137e66915838a857de7b244abd2dc2,9efV1p8w5R4pWWx1FLenPvxUmQbKxoEv9o71gruwdYvz3m4zBwj,0.087461907,0.39311313,0,1231042,2024-03-22,2282242,2028-04-14,DUE_2028,DUST_WHOLEBOX_CLAIMABLE
d036f13da50147f79b653f81f9a0e044d1596a2c576ea2cdfb0e4bdfc1db6607,9fJnJqqsJtEC3WTpGEmshoeYr66UnWLU1sy8Jq91Hv3qB4fXfW4,0.01,2.34375,0,1231117,2024-03-22,2282317,2028-04-14,DUE_2028,DUST_WHOLEBOX_CLAIMABLE
b49ed0aa323c9e07dc1496ea420f57bbbd59210d4a3b1d4eb2c68844413ecf47,9iQ8q34dciyFuHWa291FbEj4NbvdtRRktdc6MQxyjCeFcHPu3Y2,0.001,2.0,0,1231321,2024-03-22,2282521,2028-04-14,DUE_2028,DUST_WHOLEBOX_CLAIMABLE
86c9e65bca1dcd1a6e2143edcbb88c923962db8d485fdd043567c1a24ae0c9d6,9gcNDPaCK8E3jsWGDtxgWmF2gAqMdsLDVX1dj3v5iAqFjuNKwYD,0.01,173.34375,0,1231454,2024-03-22,2282654,2028-04-14,DUE_2028,DUST_WHOLEBOX_CLAIMABLE
8d69e958876998af22cf67a1153644f29d24120387735052225d331bdc54f892,9fBf6wZen7Kqg9WbudYMzihg8F6anu6JyV97s6tAsThBqhCRgNZ,0.01,0.65625,0,1231700,2024-03-23,2282900,2028-04-15,DUE_2028,DUST_WHOLEBOX_CLAIMABLE
f57a082a8400d3a6d60ac4b8d945de2e152cfb867adcf2034bfea94c75c44bc9,9fBf6wZen7Kqg9WbudYMzihg8F6anu6JyV97s6tAsThBqhCRgNZ,0.01,0.65625,0,1231702,2024-03-23,2282902,2028-04-15,DUE_2028,DUST_WHOLEBOX_CLAIMABLE
de470262833cdd107b6b80fe071c043b94028ab78dd1acbb922a27b094b63c65,9fBf6wZen7Kqg9WbudYMzihg8F6anu6JyV97s6tAsThBqhCRgNZ,0.01,0.09375,0,1231704,2024-03-23,2282904,2028-04-15,DUE_2028,DUST_WHOLEBOX_CLAIMABLE
fa5ebe2111bab7173661ff9f80250a69c93a76703c70c976471056ecc7fcf89b,9hCMLitYpSe9nSdNiq9MjzxuXwSvsUk9xWp1AznPxTYZNph2Psv,0.01,2.0625,0,1231829,2024-03-23,2283029,2028-04-15,DUE_2028,DUST_WHOLEBOX_CLAIMABLE
c7de4885e8f5345a9ea46a7cb1aad081e33bf1eacc7555376ae6a34e3f1b0e95,9hPzA2Xq9yccVzP1oUiJE8thddcdFiZ2QrbK6arVvNBp4CAL5oG,0.0079,0.0025,0,1232014,2024-03-23,2283214,2028-04-15,DUE_2028,DUST_WHOLEBOX_CLAIMABLE
ba9f862872b1a3345caec8be014752e086180eab48e4483a15b932ffda31bba3,9fJffiE6F6UQGsdYXbomKwc8F74eEkD6ZeVoquuPdQnyvvF8n1V,0.01,3.75,0,1232883,2024-03-24,2284083,2028-04-16,DUE_2028,DUST_WHOLEBOX_CLAIMABLE
b87a34edf962e6da2416bf55e5f951a83e8499f6016c535273b6a3f7734cda32,9hRCHSEPgUDyUBsVcumAitTdc5Be5svehEuWgRFKUKt9iVLsEKf,0.01,29.4375,0,1232919,2024-03-25,2284119,2028-04-16,DUE_2028,DUST_WHOLEBOX_CLAIMABLE
32746c0f5fd2da305c0c296236bd30f4f3120313a7046f0c2da60987a9b14468,9hPy5ye2jfhUnaGK91nZM6TCvVxGx3TpznPQ4d1jTWsaVcigsJc,0.01,209.04362028,0,1233086,2024-03-25,2284286,2028-04-17,DUE_2028,DUST_WHOLEBOX_CLAIMABLE
d295c1ad68ea625a68d7755bf243390e6b73133f313d4f37e57d77b76ae89a65,9hPy5ye2jfhUnaGK91nZM6TCvVxGx3TpznPQ4d1jTWsaVcigsJc,0.01,73.21875,0,1233106,2024-03-25,2284306,2028-04-17,DUE_2028,DUST_WHOLEBOX_CLAIMABLE
f64684624d74232480898d7efd1c3e5ef7cb7633e54d99a0cdac53f39c21ccf4,9fa5bWmXCYzBMu7fVfURmfYDW6E9S7KknmamHPj8juZFbZF4BvR,0.01,36.375,0,1233600,2024-03-25,2284800,2028-04-17,DUE_2028,DUST_WHOLEBOX_CLAIMABLE
59bd17ad919e386ebdfb8819f99594e1e6be3255baf45ff78274a8df9716abcc,9eYKNPLyRnfr74zxeG28muDhZgzMinxsUXexYhZJdiHgJQQSBt1,0.01,8.09927421,0,1233631,2024-03-26,2284831,2028-04-17,DUE_2028,DUST_WHOLEBOX_CLAIMABLE
637b4e45aa123a49377a04be2688836b772e689c3f5a02f74dac46e3eb745cc8,9gqxmN2xSwudGQgYkT7RmhHxLunB2yQXtKGK8EUfFpry13p6jR3,0.01,1.21875,0,1233641,2024-03-26,2284841,2028-04-17,DUE_2028,DUST_WHOLEBOX_CLAIMABLE
60c30a4c7d10794d4021e59e26451968efb38d40139942ce33695a50abe2b00f,9euM7Ex3zz4U9G6cQ2XfW2dKZcy2paXmYVX325xUD7Bd1gc1sJ9,0.001,33.76492996,0,1233721,2024-03-26,2284921,2028-04-17,DUE_2028,DUST_WHOLEBOX_CLAIMABLE
dbab48e633c7f3b3a51b5bd20eaeba176b79b0e1cace81b06cfd2f98b8a313ae,9f4AjFSCz3LVGKceoQZUTYz5voYjwafjGivzKgTPfU5Cw4HvnBN,0.01,1.21875,0,1234772,2024-03-27,2285972,2028-04-19,DUE_2028,DUST_WHOLEBOX_CLAIMABLE
2a4136aba515a2a0114a3714c942dad82f4df4ef878b0b812687357fe790c0bc,9efx1QpBapaDNqHZ7PojMmDvgVoNSwM8pMoazaAMAFiPnznN1pv,0.01,7.125,0,1234777,2024-03-27,2285977,2028-04-19,DUE_2028,DUST_WHOLEBOX_CLAIMABLE
5fbc18ce3fe83b3ea63c3f8ca0dab3792c707fbf89924b9921a25bdaef5c87b8,9gQWJLuUBzSgBKpHeXYyVbr8oZn1YPowNvWi4ZD9Zi3k3wDTf69,0.01,117.375,0,1235027,2024-03-27,2286227,2028-04-19,DUE_2028,DUST_WHOLEBOX_CLAIMABLE
b5b0bb5ac51d7d209bf04b8d9985124359ef7a20eca30fe231be1902017711a7,9eeX8vRH64gY4kuvtuJD2KjQ4eszk9meQbVzzrRoJrXC9j3racp,0.01,33.0,0,1235082,2024-03-28,2286282,2028-04-19,DUE_2028,DUST_WHOLEBOX_CLAIMABLE
366e0f53ec455cf919cc64c2a4213d1cdceb0606857992922276335fd1c39a2f,9eeX8vRH64gY4kuvtuJD2KjQ4eszk9meQbVzzrRoJrXC9j3racp,0.01,84.75,0,1235084,2024-03-28,2286284,2028-04-19,DUE_2028,DUST_WHOLEBOX_CLAIMABLE
d6b05ae0ff4b4df13ccdee2d127d11c3ef90c954f5fd60b2537bb4c3160a0c43,9h66h1TX2Gw8CFNmLr1D12t7hMXAb3x2pHUcw4Dn4hjJkVv4nbp,0.01,1.21875,0,1236772,2024-03-30,2287972,2028-04-22,DUE_2028,DUST_WHOLEBOX_CLAIMABLE
b9251917716707867ee9355438c4b51083db0533fdb75d1c79e8b7df358730a4,9hD5Rq9RRaU6k8Uq4xY1kTtmE8s9FAZ4zPm8vXw2HMZaNAMw6Pt,0.01,51.12171036,0,1238012,2024-04-01,2289212,2028-04-23,DUE_2028,DUST_WHOLEBOX_CLAIMABLE
a24c0e0ad7c4da47a49ebf2f7e9213726af3ef2951f08d97a7297732383fcd85,9hzcgdWruJfYE9XyMkvVQNiWAu8m97Bv7sbH7E4Z13m5uw3UcRy,0.001,5.71938272,0,1239822,2024-04-03,2291022,2028-04-26,DUE_2028,DUST_WHOLEBOX_CLAIMABLE
3f89c317ef4f889e9c03344c27f79d6d3175c2fc42c71680d5d8aedb5a7b3357,9endcb2SYXJYfXZC3YemU7afdiFyXSsCy2pm7hAfcCdWtEmkwsN,0.01,2.0625,0,1240864,2024-04-05,2292064,2028-04-27,DUE_2028,DUST_WHOLEBOX_CLAIMABLE
e366c954c428ce5db828baf8b1ceee6c79e7160b8adf299bb79bd3984755be47,9hCVEwFbqtGEzn1RBfcefLd5BWkM4uV9aQWF8Yvk88tWZ2ckwgJ,0.01,0.65625,0,1240978,2024-04-05,2292178,2028-04-28,DUE_2028,DUST_WHOLEBOX_CLAIMABLE
6fe49dfe17198a94ba1cada935755ad2b6118374aaaa53cf7592982f3485da5c,9gqkHYQVBeJXSaDKBbaMW6f9Aka1rhT1KtogKL6RcCeurZ38uQw,0.01,0.65625,0,1241934,2024-04-06,2293134,2028-04-29,DUE_2028,DUST_WHOLEBOX_CLAIMABLE
5bac2c394c6859a623c089178ede25914419cbb60854f8d882e21e2db8ec9eb7,9fwW2TVVzfjVgBZDazXeGZE9y45uuBUvTf8nJUEV7gHxTdigqfJ,0.01,40.875,0,1242087,2024-04-06,2293287,2028-04-29,DUE_2028,DUST_WHOLEBOX_CLAIMABLE
75bfe067cf749f6f0bee475b6d3f8c07474cf3ee2fec66ff93c8164d8bcd5394,9fNX65XKGd9dXywm2S2Lp4ScQDB4Pn4trtzbcTTxq3gc4ajcDKG,0.01,49.71490043,0,1242277,2024-04-07,2293477,2028-04-29,DUE_2028,DUST_WHOLEBOX_CLAIMABLE
b5317e1e00f1dcacc160a37894d456c76cd366dccfe5268b5e53fc7d912623ed,9gr3GYs4L5mJPQyPzpoCeBrUpTnv6dawKDSUeygXYFc3Qa7XsXA,0.01,9.375,0,1242389,2024-04-07,2293589,2028-04-30,DUE_2028,DUST_WHOLEBOX_CLAIMABLE
a23bccc7e222aafdf913d6b773675a39235046ac582add36c67daf6b6582decf,9fKvN5WYe2G6UboE59vjTv5YCW8Zo91ev1F9a4gfeisBVMevLo6,0.01,3.1875,0,1243121,2024-04-08,2294321,2028-05-01,DUE_2028,DUST_WHOLEBOX_CLAIMABLE
63c38dcadb7a268ffa699b7752e9d74efaab4e085a70751a2745fe1f616c07ef,9ffTRL7CeSWQoCGeJy6QgqX9YuXK2YyfHrJ1AjpyTXQ4JUnzv2D,0.01,17.625,0,1243643,2024-04-09,2294843,2028-05-01,DUE_2028,DUST_WHOLEBOX_CLAIMABLE
080226f7ef7470dd8a23df0f98342e75a15b8fcdda3ca9b6262d295d6703c36a,9hRoDsYp4GGPpxmXFnNrKZAEtEGyN9jryBkfm832SGtGMJqnJpe,0.01,16.83001214,0,1244311,2024-04-10,2295511,2028-05-02,DUE_2028,DUST_WHOLEBOX_CLAIMABLE
5f9bebcf691c2c0d2cbfb8ec152edd0fab3628e02a83afc7ab0dcef5bb385f22,9gnNCJJf6TSE1tcDaUKUzEGmNcVh8UxHM8xjV5jfbVnKTnc5vrk,0.01,0.04345875,0,1245033,2024-04-11,2296233,2028-05-03,DUE_2028,DUST_WHOLEBOX_CLAIMABLE
e3672d15b0cf654b4e66c0d2ba1dd83c4178f66894e44183d5b8b59eb307e78f,9eYcuuP8SERFGSHgmL5uPSe8xuMDF5x93m8Jy7wtTVeZphbGQBA,0.01,6.84375,0,1246133,2024-04-12,2297333,2028-05-05,DUE_2028,DUST_WHOLEBOX_CLAIMABLE
3fae1ee0bdb1c127bd176ed5fa7171f4bc98747970921cf7961ae5060fd30b45,9iEDfMQuwcYEf96CyDsnEHPRDe3iDaK3u1Z3xaVsdi1QjqPmD9X,0.01,0.09375,0,1246410,2024-04-13,2297610,2028-05-05,DUE_2028,DUST_WHOLEBOX_CLAIMABLE
70eacee8c91382806fbd670806111c3258f94da2c202e957371a28d8e6997e8e,9gvc5tUdeVojek2TH3NW399MAodtftmfHpdtxpZDUWg1upEy3LQ,0.01,3.09375,0,1246521,2024-04-13,2297721,2028-05-05,DUE_2028,DUST_WHOLEBOX_CLAIMABLE
faa6aba5d662bf39220448c8f0bd6dc293e4b0bf15aceb2055cadf82d1bf192b,9gwTnqJk5fNwTvXonjN96stZc45vp1iMX59QNhF6MYnK6pMXaQm,0.01,51.69519335,0,1246525,2024-04-13,2297725,2028-05-05,DUE_2028,DUST_WHOLEBOX_CLAIMABLE
2b355ac33566e5f57cdc892ff8745234e7c9c3dce2bafeb65c34c12d1785c6bf,9gww1LocT3H7DH9vDGeziHMCZ5MmiwmwXWKdR8Xehu8R2MYwY3Q,0.01,48.51090507,0,1247442,2024-04-14,2298642,2028-05-07,DUE_2028,DUST_WHOLEBOX_CLAIMABLE
b00825cab752b50f799b7121cb7ccb1a608bd5e51017d057aa0e1c70d4f68987,9g6epLrsLooXdJrfvEPH3rvZRUbjnNnp2reKTz7vzLU8L4GK9Nn,0.01,1.78125,0,1248003,2024-04-15,2299203,2028-05-08,DUE_2028,DUST_WHOLEBOX_CLAIMABLE
5baad0f2cde1cd67e1633472e461cdd8c720c0aba3d39cc1676852c747afb75f,9fMb4mqKszEy6MB2q4rsHEVmB6WanNRVvaV9PvvxTquL3FbKrmv,0.01,19.5,0,1248063,2024-04-15,2299263,2028-05-08,DUE_2028,DUST_WHOLEBOX_CLAIMABLE
734d5cde343c4277beed13e0d90134093ab4e13c66c34ad1f7070be07ba1521f,9fUEf8iDkPAw5czjKDDsVNgPNRF54ccesR5hT1zFfrh5WDYFKjU,0.01,119.6916044,0,1249402,2024-04-17,2300602,2028-05-10,DUE_2028,DUST_WHOLEBOX_CLAIMABLE
f531947b5fd2dedc98053115dcdc54b1276e6b96bf27ca513ac0f09c65fcc2a0,9fW9SqCC51Bae1HPmPEVLxZmcqxoDx91m5fYsnkamzokueVbdme,0.01,131.15846038,0,1249463,2024-04-17,2300663,2028-05-10,DUE_2028,DUST_WHOLEBOX_CLAIMABLE
9e850206ee72fd40f8e06df57895cd3c88fa75de756e9ff96ed081574b529aef,9gD9yHWcXaqceNsbotLxQN5RUFaxUy4dtLTyBGLexXKNuo3EHJJ,0.01,0.61143755,0,1250636,2024-04-19,2301836,2028-05-11,DUE_2028,DUST_WHOLEBOX_CLAIMABLE
aeafafa36f0438dae993c6f23ef29b62e9767988ff85b3c3b0c6381e293e3ff7,9gAMHGNUG82toju2gbmvK1in47tmN45wrLhknZACqQSpDHvA1fv,0.01,50.61789696,0,1250904,2024-04-19,2302104,2028-05-12,DUE_2028,DUST_WHOLEBOX_CLAIMABLE
074c607394a26de611d5a9f6df72e63de7d94ae7b927c9c02665e0e3a14b771e,9hEi9GEbVTAPbvuSVxVmxPGNMo5e9kteesVqn6uAFZJgnyuHVxo,0.01,91.21875,0,1250914,2024-04-19,2302114,2028-05-12,DUE_2028,DUST_WHOLEBOX_CLAIMABLE
61fac6b87aa74f5ed8b154a802d6d63956a6b027c7d5919c27de775e76bab390,9hVyFeAFDQoqFvYJBoRJ5Yj243vXqnjw3Sc1KX59RcTRcp9QTfo,43.246239357,0.78758304,15,1253661,2024-04-23,2304861,2028-05-16,DUE_2028,FUNDED_RENT_WITHSTANDS
bdcd26589d468f3770d8b61ed9a25a81722a533f3bfbafe65567519bab1cd585,9hBagWLvc6VpTvF7LGA3vP4vED4H8F1b6oqAwamkkiyQm13GwC7,0.01,18.86425833,0,1254880,2024-04-25,2306080,2028-05-17,DUE_2028,DUST_WHOLEBOX_CLAIMABLE
4ef753a1c709388b22061b064cb676a82dbad9e0aa6885133ca69ae5379fb87d,9ehToxTzZHCtCGEQ7ysvrf65MCLouwVFo14jXjquwwox2uzQA2J,0.01,4.96875,0,1255050,2024-04-25,2306250,2028-05-18,DUE_2028,DUST_WHOLEBOX_CLAIMABLE
d0d4e09f50e83790977c5c78f012cb81fd77948257d19ea6fb6fce9794d8634e,9geuCaRZmMvsLezEkiVfVAMqZULdUKT54T9mDjdxjBYa73d99bT,0.01,20.34375,0,1257435,2024-04-28,2308635,2028-05-21,DUE_2028,DUST_WHOLEBOX_CLAIMABLE
0a6c1cd9dfc8521ed6ca44cb8b58dcca2a4555f3809ee74280938de1031c43d9,9h8piwZTiYNrhN5LuvvnLEqhBV8qGuPDyLK96iZqFZ3Hpj1FkZZ,0.01,3.46875,0,1257742,2024-04-29,2308942,2028-05-21,DUE_2028,DUST_WHOLEBOX_CLAIMABLE
f17e48662d97f99612f2d210cbcd2279b509dff4596ce3c5b949dc0aff79c19e,9hEt5UP6TMSs7kbdbfdJoVupnPqCo9eS69H4REJUh24mKpWyPSw,0.01,22.875,0,1258612,2024-04-30,2309812,2028-05-23,DUE_2028,DUST_WHOLEBOX_CLAIMABLE
3b46d44ec4057abf19fec0ef76bbc1b969007197146cf4dddefd3694777829dd,9gm5ufiHLPzAfvPtvS9MsVkCAtT2GWJj8soU6wiSu8xBY7sWPoY,0.01,85.125,0,1258817,2024-04-30,2310017,2028-05-23,DUE_2028,DUST_WHOLEBOX_CLAIMABLE
06135454b4fe571f27a98b75c54e8ddaf99a41c587775901786c832c0bb8e7d1,9g33ZusYV4oKEAHZbNQsNLq9fiQsed6B5o17tV2ydCnvVtszzJp,0.01,0.375,0,1259205,2024-05-01,2310405,2028-05-23,DUE_2028,DUST_WHOLEBOX_CLAIMABLE
2d968fe3d3b4ac910a81eaf675bd6a8b10626ebbe1df94c85848443d7de1c125,9i31MMf4qBmr3gDYk6Kqop5JoE5EEpLtAm2m5fLCHyaLg7158fk,0.01,0.65625,0,1259417,2024-05-01,2310617,2028-05-24,DUE_2028,DUST_WHOLEBOX_CLAIMABLE
b636ed85e06a209ac0e015619dd288d0b21244cb40731f4e4acdd0c8d8614fe9,9faHuVzvy4QPuV9No7kZSn5tWokr1w2QDkT3rVVskNYuCdHGFB8,0.01,0.13704689,0,1259798,2024-05-01,2310998,2028-05-24,DUE_2028,DUST_WHOLEBOX_CLAIMABLE
91babc2eabd8361bdad819622ad4f180e39d4a0371645e291bdfd388b8c068ca,9iNfZxNoahZs8C43w4mzuPnZ9rvCw6x8x64vAZFZZCDp2Skng7K,0.01,106.59296158,0,1259993,2024-05-02,2311193,2028-05-24,DUE_2028,DUST_WHOLEBOX_CLAIMABLE
848626f44a1506c216d1c0d738093d81684c32846fe20e62840971ccf48b5106,9gCEimFAwV2PJCvqxAFM8xgTJxYxdNVdfQ3q3h256oS2U5Tw55m,0.01,0.9375,0,1260306,2024-05-02,2311506,2028-05-25,DUE_2028,DUST_WHOLEBOX_CLAIMABLE
645f47719c453b15126823848c056dbb39f1333b9268793fad7caeaaa3e13c16,9gCEimFAwV2PJCvqxAFM8xgTJxYxdNVdfQ3q3h256oS2U5Tw55m,0.01,0.9375,0,1260310,2024-05-02,2311510,2028-05-25,DUE_2028,DUST_WHOLEBOX_CLAIMABLE
6e245f2c102a3371c3e428d44fa87adf510285098c732c8bcacd70102001463f,9gCEimFAwV2PJCvqxAFM8xgTJxYxdNVdfQ3q3h256oS2U5Tw55m,0.01,0.9375,0,1260315,2024-05-02,2311515,2028-05-25,DUE_2028,DUST_WHOLEBOX_CLAIMABLE
e4a5a328e647bc2cebb29f40c964333f2215cb863e675929d3358502c60bcbc1,9gMA8funWWcsQA6qEAaEV3ywuyBF73hDwcf6cgxESLSN5dGN57f,0.01,28.40625,0,1260838,2024-05-03,2312038,2028-05-26,DUE_2028,DUST_WHOLEBOX_CLAIMABLE
bc5a5bf051be0d35e31d7d8a93cb6b7f489650ee24cbec8b9c955d8e38635a38,9fWzYH2m4N5oC5kvsUJEJo7JFFSD4JyH7hsaToboDY8hbyqtzKE,0.01,50.31689811,0,1261564,2024-05-04,2312764,2028-05-27,DUE_2028,DUST_WHOLEBOX_CLAIMABLE
91c2406b3689d8341646110bd335f95cff5a5043c27775762b57ee12c1f32baa,9fWJk1qn48fZuYoNZgcyWiRouugL3EA6cnCJCXMrf9Hw6gG58Do,0.01,11.53125,0,1261981,2024-05-05,2313181,2028-05-27,DUE_2028,DUST_WHOLEBOX_CLAIMABLE
19c1d8472564ac6a94569efc678d95330757e6a463c1fa121d5fd39b51e18c56,9fspwgBhTPkgxT9ZsdJRzDQVby9WutvEM8hPUBFESErM6K5SzYv,0.01,3.92849701,0,1262165,2024-05-05,2313365,2028-05-28,DUE_2028,DUST_WHOLEBOX_CLAIMABLE
9e2094059ae41ec5ee2cd5231027feb767a38ba73fbefcedf2c778a60a27060f,9fFnKGVEkf9b3k7HUSmHKum4QVfJTyDn6YGZtsJqQUzHGh1DvU7,0.01,1.57487026,0,1263050,2024-05-06,2314250,2028-05-29,DUE_2028,DUST_WHOLEBOX_CLAIMABLE
b2ea62e12574568727999085005213595274e0a15fbbbc3b61156d14093919c7,9i3aRW7tGWGpj8spA6sMtmQAbzBxZNvHQ3qHHxVsCUYQ8fGsrLm,0.01,6.5625,0,1265119,2024-05-09,2316319,2028-06-01,DUE_2028,DUST_WHOLEBOX_CLAIMABLE
37ffc79e519ef00d1807d2e1636c9753c908f69f772f3f7f3343a833488d9f17,9i3aRW7tGWGpj8spA6sMtmQAbzBxZNvHQ3qHHxVsCUYQ8fGsrLm,0.01,3.75,0,1265121,2024-05-09,2316321,2028-06-01,DUE_2028,DUST_WHOLEBOX_CLAIMABLE
5be4396e5b6b67b2189ccd41bb66e02d4ce94a1a044a215aa3a7214a15a4faac,9hRoDsYp4GGPpxmXFnNrKZAEtEGyN9jryBkfm832SGtGMJqnJpe,0.01,18.00725205,0,1265158,2024-05-09,2316358,2028-06-01,DUE_2028,DUST_WHOLEBOX_CLAIMABLE
cd5bc5010aebfba586b471c90aeb914fbefea6f739abfa5a3e1c9acd232dc38e,9g5YwcdFnCQJJMoHCsJucEGwMYuamYz7h5EL8uWWFFYdoXZwbgb,0.01,2.99771896,0,1265766,2024-05-10,2316966,2028-06-02,DUE_2028,DUST_WHOLEBOX_CLAIMABLE
b04e95ced22245cfa87c3475cb33d1a5283489daddcc2d5163186f77abb59f57,9htrQTgBFfzdJiaBTHzErYXASxZCqQdCFScVydYoZX8A2dpaVcm,0.001,3.46875,1,1266110,2024-05-10,2317310,2028-06-02,DUE_2028,DUST_WHOLEBOX_CLAIMABLE
9b03ff932ab08fc648195cf2c103a4896f5ccf0ccedd82f463b40db5c969053e,9f1woXbBb6wpE6twSqw52nEHzyxiJyn7gmEyiUwTkhbeh2Z2m7q,0.01,9.1875,0,1266310,2024-05-11,2317510,2028-06-02,DUE_2028,DUST_WHOLEBOX_CLAIMABLE
5554e6a620ff68e4275b78b25476a5673e99fd40d7c6a991fc40fd035fe7b5ba,9f1woXbBb6wpE6twSqw52nEHzyxiJyn7gmEyiUwTkhbeh2Z2m7q,0.01,10.5,0,1266313,2024-05-11,2317513,2028-06-02,DUE_2028,DUST_WHOLEBOX_CLAIMABLE
2ba11c6e452fba092da9c18a6d47fc427cad17902eb1dfdb0b181dc4061d8246,9fHRYkSaburLesoQtFyed1XYsYvuKhXgLhdmoCqoWGAShacv6GF,0.001,27.00824612,4,1266527,2024-05-11,2317727,2028-06-03,DUE_2028,DUST_WHOLEBOX_CLAIMABLE
033ef0f3be2f9fa40cfe921ff37c519a9ff650ec438fa8b9b7e666c2493b8474,9i76Rktqrbv6ZQag5uSsUtbbvZUzLunran8SYmVFZgcrX1hXDtB,0.01,2.38784933,0,1266935,2024-05-12,2318135,2028-06-03,DUE_2028,DUST_WHOLEBOX_CLAIMABLE
dc369bf53d9668e0c469e61ba52b7681891b7734e2e0e7c983bd4242645a73d7,9hytLbdYkZmv7z8hpHoQbuuPzDx2bkeAJXPDajjaWa9qgvcKY8v,0.01,0.09375,0,1266971,2024-05-12,2318171,2028-06-03,DUE_2028,DUST_WHOLEBOX_CLAIMABLE
9cbf1cbe1ac2064f744372d46c19b14763588b7f3e23cadd1ec12446bc1c2fae,9feTRkPNejztKQk9QuV94fX24VvXQL1mW9A9iZeYZD2cxPcC7Mx,0.01,2.34375,0,1267899,2024-05-13,2319099,2028-06-05,DUE_2028,DUST_WHOLEBOX_CLAIMABLE
ece16279755a7b1525f020b070fb1bcf65511d13ab894c44d97a0a9d8c7023b5,9gD9yHWcXaqceNsbotLxQN5RUFaxUy4dtLTyBGLexXKNuo3EHJJ,0.01,0.0224188,0,1268336,2024-05-14,2319536,2028-06-05,DUE_2028,DUST_WHOLEBOX_CLAIMABLE
ad38e039da16a126423b98204dd199d9310326a7e564e156b4cfab134b3298b3,9hqA8vDFnBaPXQzR5jmW612SjrfwqqHKj6u8DP7ACKdXhVmn24v,0.01,3.1875,0,1271867,2024-05-18,2323067,2028-06-10,DUE_2028,DUST_WHOLEBOX_CLAIMABLE
3ff64078eee990183518b14c34844e953db909dfced4cc3e6ce434804fffd7fd,9gqaBZZWCt97wiQ5tax1aRzfgHBassHsarZD9UqMFeCRE6MvsNA,0.01,79.40625,0,1272099,2024-05-19,2323299,2028-06-11,DUE_2028,DUST_WHOLEBOX_CLAIMABLE
68bc11a375e271fb2eefbc34db6dd97be22f59619c8f5bf43074ae21dadea07e,9hAU2nV2rys4iiyQ6kSXSF5msWhZ4PzX979hupiXogf7a5DfFSJ,0.01,11.87864918,0,1272990,2024-05-20,2324190,2028-06-12,DUE_2028,DUST_WHOLEBOX_CLAIMABLE
9466b4a0bd87a1ddfc4cd71d2fcab709982812912c3d9aafb52208c815eaf79d,9f1v9FJvktQCz3RPXPdKeBqF4ug9RcNiNY3mQv3ksuazGHSofx8,0.01,13.3125,0,1274321,2024-05-22,2325521,2028-06-14,DUE_2028,DUST_WHOLEBOX_CLAIMABLE
ea52eae075c350bd1da75cdfe13e1490bef27588319f7a06b9895ad3da6fbf2e,9giWed3MQyP5N1DkdLpfh1FbkHq2zKyEBrW6fPMxgRmn8NXBVJd,0.01,2.34375,0,1274324,2024-05-22,2325524,2028-06-14,DUE_2028,DUST_WHOLEBOX_CLAIMABLE
b81659f1523922d3780ef749bbc2198f40d3b0bb1996da3512838aaa84ec76c2,9h8wc1CEb8bvvVDSi3jiZt7WwCjazZKJWiGbcTDPze7x47eBJKm,0.01,49.59375,0,1274329,2024-05-22,2325529,2028-06-14,DUE_2028,DUST_WHOLEBOX_CLAIMABLE
7a0249924d6830dad0865729f8bb1f5b7fb10fa90643aa8d221135bd3d006c15,9iJAvf9GuRkWVjCtKPVEPgKE23dg2pDPj8qeESg7PV2voMC6swd,0.01,0.4023526,0,1275830,2024-05-24,2327030,2028-06-16,DUE_2028,DUST_WHOLEBOX_CLAIMABLE
01667da7bbbdc48223cdc39c2ebb384b1a45b740001616e9c58a6f848a9248c9,9hcxR7PJfiSQwT8eQCQodustPstNJHvk2C2C7PySqXVFU8BztLF,0.01,0.46145675,0,1277255,2024-05-26,2328455,2028-06-18,DUE_2028,DUST_WHOLEBOX_CLAIMABLE
6e00189bee0ff686a8bfb2851b1d79d46fc3605cb1d67e840c75e6005d6ba9b3,9hXsnQadsN2qsoWEy5nmAUD8pR7FUsw9yxGzFXAgrktLunH6HTn,0.916934724,1.49741358,4,1277778,2024-05-27,2328978,2028-06-19,DUE_2028,FUNDED_RENT_WITHSTANDS
241d55e999bbf74961fc9a973d1520b96cddaf07a1d2bb36ed62ca952304e1ec,9gi9soBB8G7ozgZ1cZDYyt9e9WLqx9VPDDbLEP5s7ZUNsrwuohV,0.01,16.96875,0,1277888,2024-05-27,2329088,2028-06-19,DUE_2028,DUST_WHOLEBOX_CLAIMABLE
14ed1be1bb758e47d83da432e573de73db9e11ff3883a714bdb06d3acce80f67,9i3hRhYDpMgLMen9HE3UHpHJLinhBmRtWzKr3YE3dGyR2m5KU5q,0.01,14.4375,0,1278328,2024-05-28,2329528,2028-06-19,DUE_2028,DUST_WHOLEBOX_CLAIMABLE
47c9724e86111479a701f8c965d121f30e84220cb6011ea82275457974f028cf,9hGJCueYipPyuQgxZ58fCd6NzjKigZkb8atNFQADG8nbm7hqsXW,0.85562824,7.8125,3,1278609,2024-05-28,2329809,2028-06-20,DUE_2028,FUNDED_RENT_WITHSTANDS
65b7a0d825070e5bc4d1004c0b1baf1b857b92c2a2db9bd62a5081b00e684650,9gcrnsYVYMCsGVoqaumoHxuhwQVgPjDwzHL2Lw5NKwN8osWJNGB,0.01,16.96875,0,1278664,2024-05-28,2329864,2028-06-20,DUE_2028,DUST_WHOLEBOX_CLAIMABLE
2a6c01a28034822b35861e495af63249d792d29b14d7dd015232c68fa2ba9c2a,9g3unydTvyrhKtsQtvvAY7Z4moYjCGQNf6TxBEsELWdioxYEmyS,0.01,11.7614911,0,1279291,2024-05-29,2330491,2028-06-21,DUE_2028,DUST_WHOLEBOX_CLAIMABLE
ab80b85c5bee66681fe19756889e0d78524e8461e5661d2170fbb5b2e319c777,9iF3ZhLBJs2BtAnswAwVdihksMCv2Zbb8tnWwaAuCVBBWiCJxuH,0.01,14.15625,0,1279306,2024-05-29,2330506,2028-06-21,DUE_2028,DUST_WHOLEBOX_CLAIMABLE
eba6a9ee3ade02dfad9bf58bfd3318abcde739a713c96509e01f5efd8574053e,9hYCYCWkXBndjCSo95vx1286fJYK8TTNQotPCNtbGFWzHavSKna,0.0279,9.84e-06,0,1279373,2024-05-29,2330573,2028-06-21,DUE_2028,DUST_WHOLEBOX_CLAIMABLE
5b483f9d3452f0ded272d2a9cbd1f2d2d78fed869dec5acb87f8a077802f53b3,9hQM8Bz9s1SxQvSz3hWCWapXfDtdTidTRhQJvuwejPCS8hrtQuZ,0.01,17.625,0,1279480,2024-05-29,2330680,2028-06-21,DUE_2028,DUST_WHOLEBOX_CLAIMABLE
d61991e78cc775228953c154c6320c2fbeb31d6ca243b8a892ae2e3dbf80a2a1,9iDSmzAeJUnNfPeJJyYhZ1SPAWxSXVbhgaeDbDNpG8MpZrvM8rT,0.01,37.5,0,1279733,2024-05-30,2330933,2028-06-21,DUE_2028,DUST_WHOLEBOX_CLAIMABLE
e76168f964489f1a1983407cf6c2aca9cde3861b666fd425ef527313a05e2dea,9ghEw7UvaWzhp6SQ6ePcjodDx8Ljt6NWa9ZXT9CSXTztBAuZTtC,0.01,6.49613298,0,1280305,2024-05-30,2331505,2028-06-22,DUE_2028,DUST_WHOLEBOX_CLAIMABLE
25d729e8a7613ee951d075ee6db873c3d7af151c3d1bc9cb0f48f08d098536f5,9gzhAmQjyBo3kqnmXUCfXEAvdTyj91x63NeZKdbTHaMgdRXcoN1,0.01,3.02603697,0,1280328,2024-05-30,2331528,2028-06-22,DUE_2028,DUST_WHOLEBOX_CLAIMABLE
cb19e129b34895313bd75d09223a7c3f89b39fb55fa16eb3ca42c9a0a076774d,9hyPSfcgo6313T72FyAPAPFqMHdrBT4NVQgMovTUCTCHLKaqUyA,0.01,99.79360648,0,1280830,2024-05-31,2332030,2028-06-23,DUE_2028,DUST_WHOLEBOX_CLAIMABLE
37ce40e818288bc5447da8fd525298b764efceb7ed79d15fe902a67bdd65b55c,9hgTjKzdmA7mtUKaVffXkECQqStsnZgmGTV1cc5YZ5tfrW89pmb,0.01,4.3125,0,1281173,2024-06-01,2332373,2028-06-23,DUE_2028,DUST_WHOLEBOX_CLAIMABLE
a2f5807374f32fc56a8eeff9c13ddffaf0a30f4a1388678b5f292b3b8865e830,9ghEw7UvaWzhp6SQ6ePcjodDx8Ljt6NWa9ZXT9CSXTztBAuZTtC,0.01,50.01589927,0,1284335,2024-06-05,2335535,2028-06-28,DUE_2028,DUST_WHOLEBOX_CLAIMABLE
23d4ed29ed1ffea87142adfc7de61b8ab82225f2cd56deae5355871affd67bc1,9fBf6wZen7Kqg9WbudYMzihg8F6anu6JyV97s6tAsThBqhCRgNZ,0.01,0.65625,0,1285212,2024-06-06,2336412,2028-06-29,DUE_2028,DUST_WHOLEBOX_CLAIMABLE
74ee4362f7454bdbee3b4927a257fb86746f25e04d91c3285107ba888ed2a0bc,9hHn5e24RWwPV2quhb2wqXdqaKLZvACXKbmDnMGXwLWE8AVVH2K,0.01,2.90625,0,1285650,2024-06-07,2336850,2028-06-30,DUE_2028,DUST_WHOLEBOX_CLAIMABLE
7bcd73a2091a557276acacf9adb8d2fd51d3a8d89329f2d0388bcfae5e4e4d11,9efYrgwwpWwCzwYZJ7MQBWhrTvm8jeb9ktbmn5HS39TGVL1qdx5,0.01,37.78125,0,1286594,2024-06-08,2337794,2028-07-01,DUE_2028,DUST_WHOLEBOX_CLAIMABLE
1cc9d4abfe77e3615d1fadcab8df7834f7dd916383d216d161c17a48ffb79775,9hTGme5N6NakBi7fJZBBVTMd3YF2tviG7fHhWXFBK4bL3M6kC4M,0.01,8.8125,0,1287777,2024-06-10,2338977,2028-07-03,DUE_2028,DUST_WHOLEBOX_CLAIMABLE
9eb296549a2dc1e3bb832aa898c67822606f5e6b1a8c5bfd6eb089c438666564,9f1BqsYCgyfM4qQG7baRqMXQSGxqTUvH1rhXdVLycQtmYYH3KsE,0.264965107,1.835,15,1287853,2024-06-10,2339053,2028-07-03,DUE_2028,FUNDED_RENT_WITHSTANDS
cbe8c9d67364b9a22e2fcb9ea68153d1350dce9be6a86321347fb9494d2d3125,9feyY1fFtUECk8rURvKwifrL9xFPCuLvBeKBGcqs5wCekNR3khg,0.001,6.375,0,1289296,2024-06-12,2340496,2028-07-05,DUE_2028,DUST_WHOLEBOX_CLAIMABLE
05f9cf1abcb96618e53c21ebaaa34494cf94848646e2818d8961aee9d8146976,9gKV4KoQZSiaMQwTPYcGGvxHM7SdmG8ekYVRkYC7PLn79LsKbvX,740.027556231,0.95020758,33,1291396,2024-06-15,2342596,2028-07-08,DUE_2028,FUNDED_RENT_WITHSTANDS
fce441b43fc2395dac1e30f7075b414965923b79c4d7879efc8a9441dc47616d,9hoKDzsGGtPyP5HL4JG6iP5ooyqGg4pfDoahiYLtUQWiqhz4Gq7,0.01,8.8125,0,1291625,2024-06-15,2342825,2028-07-08,DUE_2028,DUST_WHOLEBOX_CLAIMABLE
51bf18115c77777659cb6820ea395a7d252eab779ed56eaa4b7742bdd0bb3806,9hRoDsYp4GGPpxmXFnNrKZAEtEGyN9jryBkfm832SGtGMJqnJpe,0.01,12.9375,0,1291963,2024-06-16,2343163,2028-07-09,DUE_2028,DUST_WHOLEBOX_CLAIMABLE
3cc9834ab60bbc203b2e80d46c3f176363a11ab1f26d95dc6c6c10a7c45a3300,9hRoDsYp4GGPpxmXFnNrKZAEtEGyN9jryBkfm832SGtGMJqnJpe,0.01,16.49739376,0,1291966,2024-06-16,2343166,2028-07-09,DUE_2028,DUST_WHOLEBOX_CLAIMABLE
c61e2ae4892221f3fc3669170ecb66b83a97379483c55e43e9cc2bfcaf890158,9iDsfyhrvKMTTR6dhh9dS6P5jB645cf81JBvaWaTh11XPLo2o7Y,0.01,20.34375,0,1292980,2024-06-17,2344180,2028-07-10,DUE_2028,DUST_WHOLEBOX_CLAIMABLE
9f7c1089bba3dc5f94a76b17b5183a8bb4a2b824b5d4bbce7c8c114da4460220,9hQgpsqLmNiX3DcvDSQY3mfvxMuMS6hfTfiRMiFbXHV4m5TmAQH,0.01,0.75109066,0,1294379,2024-06-19,2345579,2028-07-12,DUE_2028,DUST_WHOLEBOX_CLAIMABLE
f8fdd8131143d3ad532e71d6dde94fbb1ddca6b16de4887fb96835e9003ed626,9gUydJ2LfNznaDs6Zx7QfMQ3Ejdx4GJ4ZiTWWsSdwJroKicMH9V,0.001,19.0772225,0,1295273,2024-06-21,2346473,2028-07-13,DUE_2028,DUST_WHOLEBOX_CLAIMABLE
d73f097b95328abbff7df6cafccbe545900ff03180cb29913958a47f4f519f7a,9iEDfMQuwcYEf96CyDsnEHPRDe3iDaK3u1Z3xaVsdi1QjqPmD9X,0.01,0.09375,0,1295625,2024-06-21,2346825,2028-07-14,DUE_2028,DUST_WHOLEBOX_CLAIMABLE
c2b597d02d44aa0f3b6a7942dafc95befddb60b6bdd1b5bde0bf4893bdc0b759,9f3ipYgU7EpktGwV41C1A6pK7Af2g4fFuFF5LXDyhGE4EJZFxcS,0.01,13.875,0,1296587,2024-06-22,2347787,2028-07-15,DUE_2028,DUST_WHOLEBOX_CLAIMABLE
ecb3fd6d9f0a7512d6a09de1fe315a321047e3e824f6d5d2a541c44a7e31da74,9fMCjQLyZJREmnpLgo3ApWBNGTvfL76A1oaVLENCHAW6c1GG4rF,0.01,54.84375,0,1297053,2024-06-23,2348253,2028-07-16,DUE_2028,DUST_WHOLEBOX_CLAIMABLE
c656d65863c848c50fc1147aaf3e75daff5fe533231457c0b6788f6a77e0d96a,9hqpWTFCrZ2oyZGwQcW24kZh72fuqot6uMdJMUY6or65Gs1UzEc,0.01,0.70057099,0,1297427,2024-06-24,2348627,2028-07-16,DUE_2028,DUST_WHOLEBOX_CLAIMABLE
7d047b196769466c2b54a599b542a083d7792311903e1ecc3a097bca8afc7f22,9fMcDKy1kaGt7BZjkJ4SCrwq8SohjJot1F5UKjYiDE5QQS63EHG,0.0179,1.2,0,1298351,2024-06-25,2349551,2028-07-18,DUE_2028,DUST_WHOLEBOX_CLAIMABLE
19186d2095d1c4e246a7e55a2403196b5e3bf3b9da27b0c88a249e1eaa3ae701,9gN8sF9WsbwjSywj1dZi5XeA6Wgsg3PximEG7PVvyfYQaG5es4H,0.001,67.12939811,0,1299614,2024-06-27,2350814,2028-07-19,DUE_2028,DUST_WHOLEBOX_CLAIMABLE
822604622407df154f9a9179bd6eebe8e89360308f1c85044f1c26cde3c8f1be,9fmmpNtxpYe5rFB5MAb4v86FFvTXby5jykoLM6XtGyqwEmFK4io,4.14e-05,0.088,0,1299928,2024-06-27,2351128,2028-07-20,DUE_2028,DUST_WHOLEBOX_CLAIMABLE
2ca78715172a72878b2a9d25f25c833cbea7c128308fcaafe82da194af8fd978,9hqShRrCUjQkEpEwBQfPreFjh49XACvjrdzB9xgkbtetSpEzwnd,0.01,24.0,0,1300840,2024-06-28,2352040,2028-07-21,DUE_2028,DUST_WHOLEBOX_CLAIMABLE
eaba5112fa99f93139ef9355fcde5cee9791f088f6f04fee64225eb8d42d48a5,9f1Qk3AvyXyda5EAnHX8Vh2BQ7M1rJNZpXHsnHzgE9EKYGMAZoX,2.280112874,1.57494643,0,1302172,2024-06-30,2353372,2028-07-23,DUE_2028,FUNDED_RENT_WITHSTANDS
df06a142e03dea27048220bb0d0768c971da050013522a0028107898e5f0efde,9iDsfyhrvKMTTR6dhh9dS6P5jB645cf81JBvaWaTh11XPLo2o7Y,0.01,1.44535921,0,1302832,2024-07-01,2354032,2028-07-24,DUE_2028,DUST_WHOLEBOX_CLAIMABLE
6863261cda8fa9533a4c979b37c9f0d9b4af5ae84fca0b7cfc0c47e7a09dfa1f,9gKBnPMeDQC3jJhbYCBJqoze4QWcQFGXKZXJkmghD2LzLfzYd2U,0.01,1.78125,0,1305056,2024-07-04,2356256,2028-07-27,DUE_2028,DUST_WHOLEBOX_CLAIMABLE
a77c128e5951e4655afc9ba6c0311caf6e30ae566160b2497bc7462b4683714c,9fn9RK54Fyjjq9TjGBF7TNtJoUeGAhK7Yp5xidyCCG7GfyzMbE5,0.01,2.0625,0,1305130,2024-07-04,2356330,2028-07-27,DUE_2028,DUST_WHOLEBOX_CLAIMABLE
120e88f8a205b0e4f7662c49dc2c699d93fe32733cbb7c3e89a76806ddd32b8d,9f83nJY4x9QkHmeek6PJMcTrf2xcaHAT3j5HD5sANXibXjMUixn,0.361782932,2.97552394,27,1305485,2024-07-05,2356685,2028-07-28,DUE_2028,FUNDED_RENT_WITHSTANDS
137c54e0efe855ab3593dd2a3c7b1b6b09b204ae9368a1f6283e8a0c2e09b1cf,9gJWsMdh8bXDBjiC2mRp4UxzhvHMKKJLNvgvCYaDcwpiTScTjwj,0.01,20.0625,0,1307795,2024-07-08,2358995,2028-07-31,DUE_2028,DUST_WHOLEBOX_CLAIMABLE
9a17f0c6d890216e8a4da073b77358d632383be1eddc72cb4cf761a3526d7cf5,9hCBCxM1oo6Who3P6dqAZFg3oNyiek1Wd8qxvUACbgT6sEUwH5E,0.083010338,3.1875,8,1309664,2024-07-11,2360864,2028-08-03,DUE_2028,DUST_WHOLEBOX_CLAIMABLE
d2c5c58f77e84b05736bab1e513ecd6eeeb22231f065e1d176abfded491f6c7c,9f1woXbBb6wpE6twSqw52nEHzyxiJyn7gmEyiUwTkhbeh2Z2m7q,0.01,7.78125,0,1311137,2024-07-13,2362337,2028-08-05,DUE_2028,DUST_WHOLEBOX_CLAIMABLE
f153510b3f5e2e03b49c56ce6340f0b23c6c6b625f679af5efb42b24d9a588a8,9genxFFR3KJRRBPjshH1nkpwjieEKu94BJAm7Td8xWqTz4k3Xna,0.01,3.09375,0,1311238,2024-07-13,2362438,2028-08-05,DUE_2028,DUST_WHOLEBOX_CLAIMABLE
4fdfcd63bc9543d1c80af870fc38e16f736e6625155f3b11b249063ef62d9e6f,9firjssioKi2oJRvnEUwYkvcNC7dUpWac5oinyxUEJ1XHfxH8eV,0.01,24.1875,0,1311809,2024-07-14,2363009,2028-08-06,DUE_2028,DUST_WHOLEBOX_CLAIMABLE
b5d0ab4ea1835dcf0346c292a28141999e8a338216e6df9d32760d18df8cc116,9gJU5BpFdibYfyYwVcjmMPAfH26rsb8kQr82v7DVsopDTEyLtzE,0.01,0.09375,0,1312293,2024-07-15,2363493,2028-08-06,DUE_2028,DUST_WHOLEBOX_CLAIMABLE
cbcb56ca7b7b0f8fc2861f61e17586ed497c34609ac1d0f86ac5ead981f4a3ed,9ece4owZTQqFiUh5wF8xpoAKcbTu38dm7mRVs3q2bfYZAiRks4v,0.01,0.09375,0,1312398,2024-07-15,2363598,2028-08-06,DUE_2028,DUST_WHOLEBOX_CLAIMABLE
e9f046dace80f68b7956c97dc8e8198240527a74af3f02b1a98f82afd05453f0,9ehToxTzZHCtCGEQ7ysvrf65MCLouwVFo14jXjquwwox2uzQA2J,0.01,11.0625,0,1313888,2024-07-17,2365088,2028-08-09,DUE_2028,DUST_WHOLEBOX_CLAIMABLE
1b01ddafef8e0bbec3f26f11686ef071cddf6a6e1c464ed8ae6638b962eac980,9edMr9j1zLLdWzAqobp8KfsMgTqpueJ4EsTP4mVYiRXBCvxTgTb,0.01,53.25,0,1318677,2024-07-24,2369877,2028-08-15,DUE_2028,DUST_WHOLEBOX_CLAIMABLE
7a44459886b9a9ab3af3d4c0fddef199ef6bf898ec18722d128de7037c3c53b1,9iHo1Nw3jqJo4fxDrA5tAABXtK19xbXXA29e9RmJZon32dgbeFu,0.01,0.35109051,0,1319071,2024-07-24,2370271,2028-08-16,DUE_2028,DUST_WHOLEBOX_CLAIMABLE
312e0f72286bfb30a519244f7cfaae2c151cf048bcedbc6a9a9810049943082d,9faV3uGoV28cWAh7h45LUwrm25TboYseuwxzJsz2CyDWRFyXgWc,0.01,8.53125,0,1319372,2024-07-25,2370572,2028-08-16,DUE_2028,DUST_WHOLEBOX_CLAIMABLE
68286d5553d8ac1b6d0c4d5fdfa24479cb4b3d16b957f494e07da902faffa602,9faWxZSMX2sqv3a3vxcDdwYFuF3CqRqqs6qm5J6XCRSntZQWWSS,11.057187231,1.25099164,40,1320826,2024-07-27,2372026,2028-08-18,DUE_2028,FUNDED_RENT_WITHSTANDS
9ad499ad7c5983085a59af6058ed23824b2379cd335b8a4be97259b389faa6a5,9gzq88MSCUoecJC5aKf8w5FDKp8zw4ggy6LjDX52NmXoDyWTUBj,0.001,242.37050679,0,1325120,2024-08-02,2376320,2028-08-24,DUE_2028,DUST_WHOLEBOX_CLAIMABLE
fe85ab72a2a752c313033f9ae774ff08c15dd6f10645070b31911f282d479c5a,9fn8VyUskH6BWusWngjm9tRBCvUoZvYcesb2M262ewQYpWU9ibM,0.01,19.21875,0,1326530,2024-08-04,2377730,2028-08-26,DUE_2028,DUST_WHOLEBOX_CLAIMABLE
654fc5413b8a1c93678f7bb8c6c97e5855aed80ea50649e7354cf7393201161a,9frgm3wZqYYuh9uv5KA7miquYyxsdXyHDgbXpm2PViYd3cGZjQ4,0.442779546,0.29988295,15,1327577,2024-08-05,2378777,2028-08-28,DUE_2028,FUNDED_RENT_WITHSTANDS
7eb8f97b189133845db530b3159f6ee9d6d3254e0e3994288903a1c90a4de29d,9htYJR5XXiXAK8oeaKFf2egVQVY1fWFxcnppGCdfuUrEm9V5JfH,0.01,8.7103245,0,1328757,2024-08-07,2379957,2028-08-30,DUE_2028,DUST_WHOLEBOX_CLAIMABLE
6cc82ee49493bd89042dc4003418a30512be0f38e6b2565425a61dada8268a5c,9hwzFGarrJmqPDnsF5j1X4HQL6xvCKk7kXT7vuQmkzK7eLW4rHL,0.01,13.03125,0,1328766,2024-08-07,2379966,2028-08-30,DUE_2028,DUST_WHOLEBOX_CLAIMABLE
c6bc8e9ecae54920d88aba02f2dd30fd9eec1540f8bf9d06ea944b4df75e69cb,9hewKx5gkeY1T3MwjUiqAdRtY4BDGxykY2juNAQJcGkgnexxy1b,0.01,1.5,0,1330444,2024-08-09,2381644,2028-09-01,DUE_2028,DUST_WHOLEBOX_CLAIMABLE
701d851b63d320e98d845c5d642af518e27b327a532bb86a919fc518088d631d,9h3Hk5QND1y21XyeFXMoYfqBEpJ7cWHWWqLeaWEw1CXRUFMUem9,0.01,6.21857441,0,1330622,2024-08-09,2381822,2028-09-01,DUE_2028,DUST_WHOLEBOX_CLAIMABLE
e0c61713af4b4a463f18083554a5a4410ea3da683477e3d46619e6f997e94b47,9fMpJB6BFRF5xs6Wayi4FMcPKoJDbaD1Emagw8BeffrAEeH2jJU,0.01,71.53125,0,1332185,2024-08-12,2383385,2028-09-03,DUE_2028,DUST_WHOLEBOX_CLAIMABLE
1d47881042ceb77358da118e5e7267aa457b5e4afbedc14d56e30224b212ee61,9hCVEwFbqtGEzn1RBfcefLd5BWkM4uV9aQWF8Yvk88tWZ2ckwgJ,0.01,0.09375,0,1333515,2024-08-14,2384715,2028-09-05,DUE_2028,DUST_WHOLEBOX_CLAIMABLE
8c9dec2578f4f78e257543150788d822ae2803ddb95de435199e608574731c69,9hc6YtztcNxZf1LJWFindTKrD5nXeXsLwEAA1R2bpj8QBXE1Ni3,0.01,27.46875,0,1336332,2024-08-17,2387532,2028-09-09,DUE_2028,DUST_WHOLEBOX_CLAIMABLE
ed12a53c306f0512776026bbc164047d72cb017e0a7973db0fb1de7038f5efb6,9hewKx5gkeY1T3MwjUiqAdRtY4BDGxykY2juNAQJcGkgnexxy1b,0.01,0.375,0,1336891,2024-08-18,2388091,2028-09-10,DUE_2028,DUST_WHOLEBOX_CLAIMABLE
4523407f8bf618d7213d20d6938a9a4443405d56890c5178bfe16467d8efc526,9gjbf1VNWMfQDoT9WxZ12P3xNXs54uUKBQoj6ERWHCJ4bLThVA8,0.01,7.6875,0,1338300,2024-08-20,2389500,2028-09-12,DUE_2028,DUST_WHOLEBOX_CLAIMABLE
646c35eee9cff9fcc2b5d6b7044e05b7a645a6f64b21a287563e057cb08dba42,9h5iB3Yr3kduwY6z1ad56ShP3jfsLb1cvmBsrUiC8cpcqy1owti,0.01,31.15625,0,1341544,2024-08-25,2392744,2028-09-17,DUE_2028,DUST_WHOLEBOX_CLAIMABLE
5303a4599914a27fb9309f07170b19871ff629112870456a2634a0c928aa78b1,9gM3QDK6ioTd2Azrw1iiHeDN3AbFLqva2VVpzs3QznTaPC9Lrp4,0.01,0.5,0,1342016,2024-08-26,2393216,2028-09-17,DUE_2028,DUST_WHOLEBOX_CLAIMABLE
ca47bd221051a5bce7c5e00205a2e87657fb88dab9c7c0fef05eda03068579d6,9hF99vMbkzRabamCsMLSzpBS1DEi4sQGB2Abd3B1sQub7HaMkoY,0.001,1.0625,1,1342780,2024-08-27,2393980,2028-09-18,DUE_2028,DUST_WHOLEBOX_CLAIMABLE
b04a9306d510e45823ff196840efb40e2943d0a7bb9c3216f81ea9c636f250d0,9gs3oNBbjyaUZnoSieLYRvBLa1KosL91R76RuTnuzDuGJoRGCKb,0.01,29.75,0,1343347,2024-08-27,2394547,2028-09-19,DUE_2028,DUST_WHOLEBOX_CLAIMABLE
4267dde9b9efd57b4be1f6970e0539c9b07b8abe087e4ff2c0a830c5d337dff9,9fCKJ7g6ZffHAQb9UQY7S6YLF6dRVejBAXw284XNazkq8XLuZbw,0.001,22.28125,0,1344372,2024-08-29,2395572,2028-09-21,DUE_2028,DUST_WHOLEBOX_CLAIMABLE
9eb68bcce92575b60ed3799ffa8c672d1bf0a6206f50ce9cdd9cb03f9aa212b5,9euLe91AQB81WPui4XHeFjqeGoqmQkq2TU9wo41PyMXVZqdM7Am,0.01,3.3125,0,1344666,2024-08-29,2395866,2028-09-21,DUE_2028,DUST_WHOLEBOX_CLAIMABLE
d6f23170805ef81e5c9afda5d0a9d261023e85ccfd3ea66ea28b7ceae2289ec9,9fCKJ7g6ZffHAQb9UQY7S6YLF6dRVejBAXw284XNazkq8XLuZbw,0.001,362.34349807,0,1344913,2024-08-30,2396113,2028-09-21,DUE_2028,DUST_WHOLEBOX_CLAIMABLE
c4e5325b04bcb06ca2041654484d01928695d94ccf4f265f3a4dadf33133b98e,9fCKJ7g6ZffHAQb9UQY7S6YLF6dRVejBAXw284XNazkq8XLuZbw,0.001,1929.13375148,0,1344936,2024-08-30,2396136,2028-09-21,DUE_2028,DUST_WHOLEBOX_CLAIMABLE
23974558f2d23800acba5b7905c0a15f3d9c5013ed00ca31f305109b28dd0434,9fCKJ7g6ZffHAQb9UQY7S6YLF6dRVejBAXw284XNazkq8XLuZbw,0.001,3270.23515938,0,1344947,2024-08-30,2396147,2028-09-21,DUE_2028,DUST_WHOLEBOX_CLAIMABLE
bc3981b1c44c778805986050d872e0118919226cd26ddc3c2f6a8c111b0f9fee,9fCKJ7g6ZffHAQb9UQY7S6YLF6dRVejBAXw284XNazkq8XLuZbw,0.001,19.90625,0,1345012,2024-08-30,2396212,2028-09-22,DUE_2028,DUST_WHOLEBOX_CLAIMABLE
04458d0c52f17cb89e83c084c71be59eb775538bcd783eceafda0be598acdcb8,9geJh8SKXyx18TLuXv4ei9mrweScoGcKvSSSVE3pL9cKmNMMmwo,0.01,8.9375,0,1345151,2024-08-30,2396351,2028-09-22,DUE_2028,DUST_WHOLEBOX_CLAIMABLE
e6e70ac7f02c5997785106a718aa5dd12cec2bd0771445ebdff6df91ed3580f6,9gtdyNTVfziFsGzH7KNjMcUj4v8MtADx4Z3prg6MWyHCCWz9NJM,0.001,280000.0,0,1346358,2024-09-01,2397558,2028-09-23,DUE_2028,DUST_WHOLEBOX_CLAIMABLE
88e2e604eabe74930185570ce7b4bf00af0c5b82fbbb69863d6c1c010d2c4a64,9eaJfx2EQozkKtziwDLZogVTHMaVxw96qq2GrgVTLrKjC8D3f76,0.01,265.06333527,0,1347063,2024-09-02,2398263,2028-09-24,DUE_2028,DUST_WHOLEBOX_CLAIMABLE
49b6df82ea09be39542172e47387ba5fccd3b6d8e010eda999abe5d43ff9afa5,9hFJG43Lvx8FmDypqii64un6bKuP6v1ZvCpsuBbSaftThhJhxJs,0.01,4.15625,0,1347928,2024-09-03,2399128,2028-09-26,DUE_2028,DUST_WHOLEBOX_CLAIMABLE
77af89401ff49711a451f40b5bc40fc91cc961f575241610ff11f1192bb17542,9ehToxTzZHCtCGEQ7ysvrf65MCLouwVFo14jXjquwwox2uzQA2J,0.01,3.96875,0,1348087,2024-09-03,2399287,2028-09-26,DUE_2028,DUST_WHOLEBOX_CLAIMABLE
676f24c0d78263091afc322163e03fcdf1a0558ba8b7014806aa5901fe9fb528,9grKbxGjN8ZtKN1kATxT5eaBzjXnrDF5JtmEzpckt8jNzFupvBg,0.01,58.8125,0,1348338,2024-09-03,2399538,2028-09-26,DUE_2028,DUST_WHOLEBOX_CLAIMABLE
a6fc90f5bfedb9bb06c86e0c5badaa6aa74ea6084253d436afbbdf7ef7ee8273,9fwW2TVVzfjVgBZDazXeGZE9y45uuBUvTf8nJUEV7gHxTdigqfJ,0.01,0.21875,0,1348551,2024-09-04,2399751,2028-09-26,DUE_2028,DUST_WHOLEBOX_CLAIMABLE
67ca694991c8542a09251bbc844a7ee75b871eac789024802c592147bb61c442,9f4AjFSCz3LVGKceoQZUTYz5voYjwafjGivzKgTPfU5Cw4HvnBN,0.01,0.5,0,1349698,2024-09-05,2400898,2028-09-28,DUE_2028,DUST_WHOLEBOX_CLAIMABLE
c54877d5de1e1e6b3c3c3592aa6e3febd215a4d43021d1fce5725a2db8a083e6,9hGSejCfjTcwiKCAPPMMDhvCgFF33VJvmSdMAALHuSxFJkE5u88,0.001,0.5,0,1353831,2024-09-11,2405031,2028-10-04,DUE_2028,DUST_WHOLEBOX_CLAIMABLE
a6241887662ba0f11f272fef80267a1edf060532d8ff9950f6fe25c2840630bb,9fDwYw1g34T7eLqZmVTvZhRu9ixLya1URqmUiXzwaADoBoNe7SU,0.01,1.625,0,1354170,2024-09-12,2405370,2028-10-04,DUE_2028,DUST_WHOLEBOX_CLAIMABLE
8cbd68fa381e8fd15524a245f68c7229f38b380c5f9b678b6cbc0f73255171bb,9gPqPMp7N93jy5sAqLaYdctjHQhFHLSuc3EhPe6HFF5cn1YMdZ1,0.01,56.46875,0,1354980,2024-09-13,2406180,2028-10-06,DUE_2028,DUST_WHOLEBOX_CLAIMABLE
bdff8027a52b911ff0bfb68d7ea66b2ef786856457b30bf16cbfbf47076b6d27,9hFnojmzWEe1X1sQYSqep7dAJqvE3GHJbVeGZSXT9Bhzxup8t1h,0.01,68.9375,0,1355216,2024-09-13,2406416,2028-10-06,DUE_2028,DUST_WHOLEBOX_CLAIMABLE
c3e05df0be571ca4e7c9884b767c2b98e1c2ae6ca297e5b3696cff1d5a42244f,9h1ScjUpeN56LAMAfdt755u8HYHJSfgPDFPVhLK6gtHsnsLjwpw,0.01,34.90625,0,1356598,2024-09-15,2407798,2028-10-08,DUE_2028,DUST_WHOLEBOX_CLAIMABLE
0364f5c425e4ca86190d77b2a5c22f72fdc72a70faf8246278138587acb64eb4,9eoJtwu2ia2WzxxLzB24GqYCEUhYT7oHSCcJ5LRqHb8nKP2yMqQ,0.01,7.0,0,1359856,2024-09-20,2411056,2028-10-12,DUE_2028,DUST_WHOLEBOX_CLAIMABLE
3e1a3d0041eaa6b0487ecf99d6f57286e821b1219dbeae1a9cc3edf1206bb253,9fbZJ3Ti2XgGWCKN7xfkMVrui4ud8NBoBWDK24nniU4sbLaZfaq,0.01,1.34375,0,1359947,2024-09-20,2411147,2028-10-13,DUE_2028,DUST_WHOLEBOX_CLAIMABLE
262c56cd3205d6b8701a8b760fd1ab0fde4483e13f3747459958af7a38227872,9fWJk1qn48fZuYoNZgcyWiRouugL3EA6cnCJCXMrf9Hw6gG58Do,0.01,17.09375,0,1360007,2024-09-20,2411207,2028-10-13,DUE_2028,DUST_WHOLEBOX_CLAIMABLE
2d5aad226e2050c8ea6ceccf755df0e510cd88812393e8617ff272b2c1b355ea,9iCk1RtxdCxbdnvqnZMQziXnQM3EeLVz9HZPuuaBTrFZRgb9ake,0.01,334.625,0,1360068,2024-09-20,2411268,2028-10-13,DUE_2028,DUST_WHOLEBOX_CLAIMABLE
39121eabf61cb6182d8e5b6dc90dede722e1d5470b11100c995086b11f472a5b,9hhjfdhhrZtwYoUz4QE8HbmgMubLygfSN8aFtvoSVmi3yVTsa1g,0.01,2.46875,0,1360128,2024-09-20,2411328,2028-10-13,DUE_2028,DUST_WHOLEBOX_CLAIMABLE
50b005f2f3b577e277ec335563ca9b8a90057b5c1bcf8fa65d407af41f7c9549,9gtrkicfnKGZ48ixvqRSUiB4YPkjMzoPeMdVDFeNKjhGUZymrVt,0.01,175.92608288,0,1360299,2024-09-20,2411499,2028-10-13,DUE_2028,DUST_WHOLEBOX_CLAIMABLE
a906a886c5bae5614990557cf06e540daf819d6d4ea83bf30d8a0e241807048d,9fPfmxZN4FTGEvYU4HnQeeSRtjwEqjFGwEFdfPYVfVn7Yu2LxHW,0.01,21.78125,0,1360469,2024-09-21,2411669,2028-10-13,DUE_2028,DUST_WHOLEBOX_CLAIMABLE
df473c3b69b78ccf840a926da53e759ec97b51eec51862cc7859d3064af46bdb,9en2CQYPMdJCEuNwqRK1f4PF83ijzHQWHHncv2Ps5LkqJVpFX3Z,0.01,29.09375,0,1360490,2024-09-21,2411690,2028-10-13,DUE_2028,DUST_WHOLEBOX_CLAIMABLE
71a0e9e52db38451684fb371f4c29b1c8000671f53ef0a5a3fc7dd42fd52b22b,9gcNDPaCK8E3jsWGDtxgWmF2gAqMdsLDVX1dj3v5iAqFjuNKwYD,0.01,26.9375,0,1360640,2024-09-21,2411840,2028-10-14,DUE_2028,DUST_WHOLEBOX_CLAIMABLE
9f6e2f58c367c541e4bea804a6b31313468fbcfcb358b3d677fd960cbb4bb437,9g2N1GoPVJUZvCXP6MAUwy16aNZeRfww1cWAq5Y86jtU9rtdKn5,0.01,10.625,0,1360684,2024-09-21,2411884,2028-10-14,DUE_2028,DUST_WHOLEBOX_CLAIMABLE
db17cd7dd8fb453b46a237816aa351ba38627e0cfacf38700f48f6481f0c2aa1,9grbmK6iKGYXK419BJ6EfeMXbgWELKSTcHMHrWQGwjJjzPd6ERP,0.01,11.06981307,0,1360686,2024-09-21,2411886,2028-10-14,DUE_2028,DUST_WHOLEBOX_CLAIMABLE
ee354d05d85c89bc16b49909b8b562fa01fc7500f0c27f4c8e0577dffc818cdf,9fTuFQEm2yF5VAF5j3upehVdETCUntgkWVuw53BbcygHo4kHibF,0.01,1.90625,0,1360710,2024-09-21,2411910,2028-10-14,DUE_2028,DUST_WHOLEBOX_CLAIMABLE
e1352ebad279f7d545c39b42e1a2b503ea901f997a7e5462e5949a1f58b130d0,9gXHcmMK9Ln8nCHXewUhmwPKUefk9HXBoEBnQzxkWxLcWUJPkL5,0.01,49.55602753,0,1360798,2024-09-21,2411998,2028-10-14,DUE_2028,DUST_WHOLEBOX_CLAIMABLE
35f1933c08c16e5f436fac537b9046ad44336d4d31de12adcf2e9bbfeea281d4,9ho45W8A5PVDmrjVjPbrfop81r95Vz4Ew1XgwHE61ckrsf3ktZv,0.01,8.09375,0,1361482,2024-09-22,2412682,2028-10-15,DUE_2028,DUST_WHOLEBOX_CLAIMABLE
2709e8b9f997aacf0130bbdc041b6970ecd948fa6b2fe87fd7f758d64865a021,9hCrX658LndhhcuWqHmTiaro6yECtJnWeu2CFH9ZtqPuuH89xJ6,0.01,2.75457021,0,1361488,2024-09-22,2412688,2028-10-15,DUE_2028,DUST_WHOLEBOX_CLAIMABLE
787b7125ae12a727fb9fafd3dd47812d831fced01d1f6ac126e5c0207e18771a,9fGHsny7jdANUS3BV6xcnGjMrbvA16dS5zESbWypPHajviLkwB1,0.01,4.4375,0,1361914,2024-09-23,2413114,2028-10-15,DUE_2028,DUST_WHOLEBOX_CLAIMABLE
2849006f6159c040bc32c112be62a6569ea502caa5e187af90a25f98c5c0652d,9fNHGp1Z2psNQQTLomy6ijrPkcnLHXJGqLXwoFKWa5GwnEEqiyi,0.01,5.84375,0,1362016,2024-09-23,2413216,2028-10-16,DUE_2028,DUST_WHOLEBOX_CLAIMABLE
bc3842d86b3d8402f85b4abf3f2369073d2dbe185a65bb00ff0df8f8d9c80f06,9fXUBb3poueCre5M3ZWw3xg1wzbKJMi8workSN2YmeuK8Ddo9eV,0.01,3.23086336,0,1362202,2024-09-23,2413402,2028-10-16,DUE_2028,DUST_WHOLEBOX_CLAIMABLE
3c508917151909d8729749f7210590150708ae9a7bae705231e00d8f44dfe956,9iDQuT4G6bPXpMT9MMsS2EnEdVhL45cZYWD4n7KaR3sJdkwb2y9,0.01,28.625,0,1362269,2024-09-23,2413469,2028-10-16,DUE_2028,DUST_WHOLEBOX_CLAIMABLE
a40c74514ea41d2be1a115660b8881eed576c90790c457b01a6791b9665ccec0,9i73seHgj38KFe6J2vtYEswV7mdUQmVnDfMFdR6hQ6bbB3SuYXs,0.01,26.09375,0,1362789,2024-09-24,2413989,2028-10-17,DUE_2028,DUST_WHOLEBOX_CLAIMABLE
1ce38bf284037cf12b3cff386b6dc3d7c94153fec28cbce3f38e395b3ea6e34c,9iMLPviT5No8ADPSMfEN2t9JBtkR1g9vMKpFnuHnDhLrc6HNctG,0.001,25.6875,0,1362919,2024-09-24,2414119,2028-10-17,DUE_2028,DUST_WHOLEBOX_CLAIMABLE
c23b05b453858913199bd1e555b14a9aacf4151e4729e5a6d596722eef2853d8,9iMLPviT5No8ADPSMfEN2t9JBtkR1g9vMKpFnuHnDhLrc6HNctG,0.001,0.28125,0,1362924,2024-09-24,2414124,2028-10-17,DUE_2028,DUST_WHOLEBOX_CLAIMABLE
72654836df6dc9f3cfcb0f543f60f5a3eda84cd8ec59eb5ab2e3467cb88f4819,9f44VXFt2S2ZPLRjTx8FcKNCvdeinNDfTmhFT8AJZ3PwmN1FjW2,0.01,1.0625,0,1363281,2024-09-25,2414481,2028-10-17,DUE_2028,DUST_WHOLEBOX_CLAIMABLE
8ff2d30948987c79a98a26ee6cf5baefdc01891474310905edd706c2db2d7d1a,9f44VXFt2S2ZPLRjTx8FcKNCvdeinNDfTmhFT8AJZ3PwmN1FjW2,0.01,1.0625,0,1363287,2024-09-25,2414487,2028-10-17,DUE_2028,DUST_WHOLEBOX_CLAIMABLE
1dfe167933c904d797fd3dcfdf8118490a709b20073c2544b56673196075ae47,9f44VXFt2S2ZPLRjTx8FcKNCvdeinNDfTmhFT8AJZ3PwmN1FjW2,0.01,0.78125,0,1363289,2024-09-25,2414489,2028-10-17,DUE_2028,DUST_WHOLEBOX_CLAIMABLE
7fd32f14d7274f19886a703f415d52c56175d02e0bb916b03ce0f328605974e3,9gupGf8fJcZwYC6xoLv6wCvEWa1p4stddY1Kra4WPBNCjXPGB53,0.01,36.17809256,0,1363637,2024-09-25,2414837,2028-10-18,DUE_2028,DUST_WHOLEBOX_CLAIMABLE
6c7c7f4934b1f30e2d2a738b0bf856e2cce7dbd9f8975fd3bd057a59a7a34d35,9gknxPC3hYTpZ1t7ipB65wDdrNLEDjqeVCc6iMBcGGvfjCzcWoM,0.01,6.35767464,0,1363867,2024-09-25,2415067,2028-10-18,DUE_2028,DUST_WHOLEBOX_CLAIMABLE
a4da7c1ed1928a46fd20f722136c52fc057e6e38b1b27c773cd5f38a147035b1,9earjpNKvyq5jE3qA8b2SVxFUfjqadZzmVZdZkDaYMLJS2sgYWV,1.195884802,0.03759631,5,1363983,2024-09-26,2415183,2028-10-18,DUE_2028,FUNDED_RENT_WITHSTANDS
2a234301c98aeb397be5016521c5a58c788ec947577126f3be40a500f414b210,9gcMeWDbFv64wFYPXjFjZDY8192Js1WmU9PjVwGC1MBpL8mvTZv,0.01,47.51090507,0,1364117,2024-09-26,2415317,2028-10-18,DUE_2028,DUST_WHOLEBOX_CLAIMABLE
8b8071f08528335f0c2fd21357430765eea09e18c98a2015ada3ffcfb2bcb533,9gLTUe8RVLHPSfQ6SYEKoQGdKXQkKbAHtQcFbxreWJGyoepuTSF,0.01,7.77977672,0,1364194,2024-09-26,2415394,2028-10-19,DUE_2028,DUST_WHOLEBOX_CLAIMABLE
d6f386ecf4bee5481f096d7fe24ada178b1552ab4c27dfd6ae83d9cb92f68927,9h1uLp8298J6QSyPUcXSft72Tmgxk63ckyZVqP92WpvCZePm8tj,0.01,21.59375,0,1364247,2024-09-26,2415447,2028-10-19,DUE_2028,DUST_WHOLEBOX_CLAIMABLE
6b71d3ea53cbbf1f456da04ef0909cd4c02e1c881d5d7a6c6e8294226715deb6,9h8DSsCLLqFc2qMdYUpXChP8FHhUdt7GZj7oz31HGJcR6koyWGZ,0.01,8.65625,0,1364303,2024-09-26,2415503,2028-10-19,DUE_2028,DUST_WHOLEBOX_CLAIMABLE
2be04d8b60c55a3176619959dd4cc98fad0a705cda1d06de418a2cebb2b7cb42,9fRyKwt9HLP5V4kjLGo4scjsjYfPMW7L47iN8ZuWQEML4VJ2Y3a,0.01,3.875,0,1364338,2024-09-26,2415538,2028-10-19,DUE_2028,DUST_WHOLEBOX_CLAIMABLE
f7b8c2e1ef60a5addc6b5cdac01a274d0c2ca185c650bdca59c4ae869e28722f,9eoqmuBYbEEjHKV6xPH2JCHtSnCyMPNRovRnHZAzWfjEtfmVZMc,0.01,12.875,0,1364369,2024-09-26,2415569,2028-10-19,DUE_2028,DUST_WHOLEBOX_CLAIMABLE
28b0c3ca068951c5fc349aff2cd478c4980be6b67521e0df21f7184abf0762b7,9gWzGnQXiq9yUXsmTuJ6BtoCywxkupZhNpV5YbjV2TwRqSMmX1o,0.01,64.0625,0,1364601,2024-09-26,2415801,2028-10-19,DUE_2028,DUST_WHOLEBOX_CLAIMABLE
34e68b749ebdb0cdc6a27883e20fea56ea4b0006b0502b6ef62f85e2390e94d7,9h5cwP7rn4tVQHGQMZ6Km91g2bXgcGKwgxd9QvWkuBvnCqGbpur,0.0079,0.6875,0,1364928,2024-09-27,2416128,2028-10-20,DUE_2028,DUST_WHOLEBOX_CLAIMABLE
5aee9435e8b486134f0c00c87959bd15583fe78686335be4ac8f740e025d94c0,9iEbUwRed17zfsEFKD483D57EBBNxReeA2FFwiDEfSqiNAism9y,0.01,8.9375,0,1364936,2024-09-27,2416136,2028-10-20,DUE_2028,DUST_WHOLEBOX_CLAIMABLE
49b0777e0165e77e5b17a881bfa3c5a47f94013349d6cec45ea2fe533b159430,9efA3p2xNcyT3tKgympL1AdejRiL1bZBHSVprm6VFDdYhFCJFK1,0.01,2.75,0,1365806,2024-09-28,2417006,2028-10-21,DUE_2028,DUST_WHOLEBOX_CLAIMABLE
be5f239c07cbd896005f8814543856989ad5d266c8b6a6e4ff3a80cbfa53a5cd,9ehRCr8XXCzsBN8oRUBwSW1AYaEzPyYzvZnTSnRQcqo79tLCTki,0.01,6.125,0,1366463,2024-09-29,2417663,2028-10-22,DUE_2028,DUST_WHOLEBOX_CLAIMABLE
1a2f9a555f7833e5cf9006307d626002ae7d4d5a440c01eaec396317cbac33a8,9fqjgksjSZ1PKDmNB9dMW56aWCRxvy5ygFgmcRniTsxBeYeGN2Y,0.01,3.3125,0,1366510,2024-09-29,2417710,2028-10-22,DUE_2028,DUST_WHOLEBOX_CLAIMABLE
287f5903f68002c0330d591880a218a21fa457205ae035db3e45cfafe315f5ef,9h9Hd3JBKrT9tASAV4A19NEinM1tVpuXvXGig3tAXfpNYPf6sXk,0.01,15.28375915,0,1367194,2024-09-30,2418394,2028-10-23,DUE_2028,DUST_WHOLEBOX_CLAIMABLE
077628365ec0e5e22124d2a2a232cd1d93d1d57d7e791b53b4368828fc6588be,9gEoETyvmowZeDuwEkjHKvCdXvDzR9jwbQguHjMfU5K3pL2jTBp,0.01,1.91626952,0,1367795,2024-10-01,2418995,2028-10-24,DUE_2028,DUST_WHOLEBOX_CLAIMABLE
461df3b7a5ec7a7c78dfb03ee23197c7e995219020cc83efbccf5d5cea7387a3,9ef1mQqqBTfrGhH1TtZy1v7SfoCdxsEp7ywihJtirBmX8aXBpeU,0.01,0.33769514,0,1368508,2024-10-02,2419708,2028-10-25,DUE_2028,DUST_WHOLEBOX_CLAIMABLE
4296c7961a05873ffc660cf8ec2fdbec3824f95c78fd4bcec465adf038c2743d,9fjFDFQGVrJ4V3CyvNSgSKDL6CFwToxADPSBcvE1wzMM8SobN8T,0.01,82.625,0,1368702,2024-10-02,2419902,2028-10-25,DUE_2028,DUST_WHOLEBOX_CLAIMABLE
aaaec39d1ec61aeedbfd2e0b60edd839e9ef9d21edf028b5ea18da5883ca618e,9fjFDFQGVrJ4V3CyvNSgSKDL6CFwToxADPSBcvE1wzMM8SobN8T,0.01,2137.84954326,0,1368704,2024-10-02,2419904,2028-10-25,DUE_2028,DUST_WHOLEBOX_CLAIMABLE
92b6fe89eccf75ab290b98fcb37a2b8db00634d2be00aa925b220b18b0b0f7f1,9iGcQiDh1uT9nVuc2F1eMiMsWqEixvQRcihAGtAMxezLuAs1jtn,0.01,11.1875,0,1370513,2024-10-05,2421713,2028-10-27,DUE_2028,DUST_WHOLEBOX_CLAIMABLE
74d843e058878a941f2fd9693760a5bba83045702c704892732563cea852d462,9gTP6dVnisBuyFsyA8uhn3TEakqTtM7enpxWnN7UxYGZnZc29zw,0.01,2.46875,0,1371083,2024-10-06,2422283,2028-10-28,DUE_2028,DUST_WHOLEBOX_CLAIMABLE
01c4cfd09a4bcf4b89dc924f531b3dd8d01232b0e9081c37cd8bb7a9f47610bd,9fBkiwBh3GoXUptMJJwAhK9ow7PG8EwRUk2NVBvaRPQUV1Gb6sc,0.001,5.06832222,4,1371268,2024-10-06,2422468,2028-10-29,DUE_2028,DUST_WHOLEBOX_CLAIMABLE
8179f6bbcd67f2f070a55acf6874c93826fe1b50f5f9a7f2c143e972f091acf9,9fYadNxMy3NQmG66VYGegTstJ2joENbwE1E9MdHjpwVKAc5voAx,0.01,34.25,0,1372631,2024-10-08,2423831,2028-10-30,DUE_2028,DUST_WHOLEBOX_CLAIMABLE
4a79239d32c43e3618a1f97e3edaf4c4b61bba366083b18fd8f07bf173d96b8a,9i53C2G8hbwUNsFe93onSQw865adzzzYB7nELgRF4Gk8vy9Rgyt,0.01,1.0625,0,1373304,2024-10-09,2424504,2028-10-31,DUE_2028,DUST_WHOLEBOX_CLAIMABLE
9260fe92e1aea75ec81c5688e420c0674f3b5f0e613c59f5958eb18ce93071ac,9i53C2G8hbwUNsFe93onSQw865adzzzYB7nELgRF4Gk8vy9Rgyt,0.01,1.0625,0,1373308,2024-10-09,2424508,2028-10-31,DUE_2028,DUST_WHOLEBOX_CLAIMABLE
748d2916acfb4ea2ed8f0c5c839fc5d494a1380e098c3935ae6727be502bdc1b,9gbbbBPJ7MqcdiqRtGcoybaLvWHjzt1NPaS5pCMWAsDBvAE1fnr,0.242091049,0.99364537,22,1374119,2024-10-10,2425319,2028-11-02,DUE_2028,FUNDED_RENT_WITHSTANDS
c7a577661bc84ae4a09f848464c0a40846c40ca0a11096aadbde45c846495f6a,9i8SisZPNBBE7icMbdA2BELsnjnUYLifV6HXrpyaY5aeQddsdNE,0.01,32.375,0,1375623,2024-10-12,2426823,2028-11-04,DUE_2028,DUST_WHOLEBOX_CLAIMABLE
dbe920a55ce3cf2b93de4e5d7168c51e714f98bcd2369f9d321fa402b0a6895d,9gYVEFhpt3A8WSFFjc8SftC5SZmc5tzJUmRzjpMtGPDyLudPyYW,0.01,7.52327305,0,1375774,2024-10-12,2426974,2028-11-04,DUE_2028,DUST_WHOLEBOX_CLAIMABLE
594320de705ee33305d7eacc7bf44a4b1edcc5cbb523f12560982f2b5d40d2f9,9geANtkviN8HFnsgtUUPHN6qMEYZyzjhzSbAPAuVX61SWAjiygi,0.01,0.35109051,0,1376535,2024-10-13,2427735,2028-11-05,DUE_2028,DUST_WHOLEBOX_CLAIMABLE
0f0f52f428c219404bc094db5dc65e3518d264a340aa9d1c5f0d26e85f3c3729,9ebzgGKmkpcgHbVQHzsso6aWzjZJVQCx5bgqEBhm5W8kcHUFkmR,0.01,7.8125,0,1377295,2024-10-14,2428495,2028-11-06,DUE_2028,DUST_WHOLEBOX_CLAIMABLE
4261a663aab487da39c75775402dda807b1cc133eab155d5ee8bed7d723e1433,9gdNKxNppQcxTi192MbCnzevYtWs6wGwPAEik9seVMQ2A5hd5pR,0.01,21.75548892,0,1378595,2024-10-16,2429795,2028-11-08,DUE_2028,DUST_WHOLEBOX_CLAIMABLE
756d647cac7778f103fb14e303586108f6ead01bd3826bc77045fe6b3dffaf4b,9eexhbyFcKdf5za2sDCrskfwD4tZrJobySsTegM6UZinJsj2bKJ,0.01,6.40625,0,1380283,2024-10-19,2431483,2028-11-10,DUE_2028,DUST_WHOLEBOX_CLAIMABLE
7717c9e7ac96e89792d95c972a2ebec9104904bcaf34e6e857785337c432ade5,9gXFyiiN5QeJuinUJCSJsUriAZK15TBn33z4aPFkjTTRGhx9z2o,0.01,3.11265729,0,1382784,2024-10-22,2433984,2028-11-14,DUE_2028,DUST_WHOLEBOX_CLAIMABLE
ee44c7719b9fc64c0ce106a15bfdcea72a6bdf8862743139125e7f83b9879e28,9hViodJ4NrAT2YmpNejBhnmjyTkLf2XNR1142GAJa9JDtpzD9rc,0.01,15.96875,0,1383462,2024-10-23,2434662,2028-11-15,DUE_2028,DUST_WHOLEBOX_CLAIMABLE
56a96fa1b41d6c661686e5dec9e77b3613e13aa7ce81f6df7658b8ba9c85bad4,9ft32gsSg1AoFygL5veYaZ2FQjNTKo28eEzpWRJw8CgMeL4JwEJ,0.01,2.75,0,1384859,2024-10-25,2436059,2028-11-17,DUE_2028,DUST_WHOLEBOX_CLAIMABLE
2b8a71c36ce1e553b7f322974ffcf1eb9b75d70c7ccb4f1cc55f79d0db280b7a,9erCBTCVbRJ4ZRcfWGp6P9DSVUVWE2xKwZ4Eus7bkDjWL2QvtbG,0.01,194.84147792,0,1385296,2024-10-26,2436496,2028-11-17,DUE_2028,DUST_WHOLEBOX_CLAIMABLE
c8796e58439e4df37d5bdfb3c413b38e5416efd762bad86cefa7194234d5242e,9eoKCknJaFsfxNvPmHDDTKCxiPz4XYJjyqrftkC415JNvmWzLSm,0.01,39.125,0,1386165,2024-10-27,2437365,2028-11-19,DUE_2028,DUST_WHOLEBOX_CLAIMABLE
85e89edf2d009bb76b013d0e7c13504314ed0a060b9ad7f7ea2379d797ca3326,9hPsxiHSzcXof98cW5dKdUXDAayr9X18beZH8r9L47j6mAwec7A,0.01,219.875,0,1387003,2024-10-28,2438203,2028-11-20,DUE_2028,DUST_WHOLEBOX_CLAIMABLE
bd85e66800b917361ae19d32ae6d55a5d95e8a11528d8faeb9ada2e47764f936,9f8Dbh5ZWiKsiL4GC2zXawofRgULw7WjraUdSzGdoKviCUTfjLu,0.01,6.96875,0,1388606,2024-10-30,2439806,2028-11-22,DUE_2028,DUST_WHOLEBOX_CLAIMABLE
53e566e8efcbb7828f9b39cecbcca7c2e5053c0d3eba1d52998539b1c2aa9b1e,9gCMqGNCdPcHgTtZhhRwYnCSoMjHbhBkZgJHK3QzFStSyrRfwYJ,0.001,7.4300427,0,1390844,2024-11-02,2442044,2028-11-25,DUE_2028,DUST_WHOLEBOX_CLAIMABLE
c1106bdabf40714746c1b3d0780c1f7acc833cb911002305448226e8e87d7761,9fKetTZz4L4ekPv6o6GVBM4AMDzKWpSSLoy9Vrqh3k6yxbRqEF2,0.0079,1.40462545,0,1391445,2024-11-03,2442645,2028-11-26,DUE_2028,DUST_WHOLEBOX_CLAIMABLE
950a54dc72f474593e737ad36251a820d3dc3aa745739cedf5cb4a88211477c2,9gwFTap8YaQEzsMAXdt4pa1BjAsR9gcijMMuxTRrAf4vgMhSnXY,10.18913926,17.62177911,0,1392303,2024-11-04,2443503,2028-11-27,DUE_2028,FUNDED_RENT_WITHSTANDS
717bd507a2b6fca65b92842f89760bb00baf752feaaaa672c20bfac8b24317ba,9fUXk7rSGXJKxoDdwZCj7fw6RUXPjiDB3acmdRzd75afuHxfR6f,0.01,2.75,0,1392553,2024-11-05,2443753,2028-11-28,DUE_2028,DUST_WHOLEBOX_CLAIMABLE
d8e1a29735ff0c6688a899d2e91218ba882db0883e821a3c7dc5a48e01173b82,9h9p17gzXv3eGYit3fkiYqtCmBvu9XDyeFAB5QuXZGoM2QJBfG9,0.01,16.76673052,0,1392769,2024-11-05,2443969,2028-11-28,DUE_2028,DUST_WHOLEBOX_CLAIMABLE
b637f6e70e61f17eab86d65e770807e4fe2376f9ddb2e6feb9fef571f5ebb6a6,9htut5A3XHfYwC2nuNgmJdP3HA9oNmVm8WWbL6ymg8hQKXnmQTG,0.001,0.17940643,0,1393281,2024-11-06,2444481,2028-11-29,DUE_2028,DUST_WHOLEBOX_CLAIMABLE
0be511e13358869b6d790ce569e7185ececfe13ea638bb28b4af5ff1dabd62aa,9f7EDGx5WyLo3tJNAxf1TGMUjhCwXzB3pySPgvLK5YCgt2C6h7o,0.001,11.19232822,0,1393338,2024-11-06,2444538,2028-11-29,DUE_2028,DUST_WHOLEBOX_CLAIMABLE
58fe4bb3de30330778e1dee0de271d89088c22a14c5d91a5d1404b17bd42df91,9fW9pYzztW1ETNLijigAkxkeErtiPHDHdYHoKLfM7LHZuphzZnu,0.01,9.21875,0,1393347,2024-11-06,2444547,2028-11-29,DUE_2028,DUST_WHOLEBOX_CLAIMABLE
499406c9855876ad9d0bced7a9c44467f93634fcd194240f2cee84b96726d1f7,9gZj6Ef5TEc7rQRkz7NdViaHdYcRWMHUzkFroegnDVuLarRBsJE,0.01,10.13666632,0,1393423,2024-11-06,2444623,2028-11-29,DUE_2028,DUST_WHOLEBOX_CLAIMABLE
a00971af2f1182693911fdcc4521bf8a7df1f04ab1c7d860e31e8f6461f33c5c,9fJ4LWc3a2N7hT8tAnPufUMBtN5Sq4rn7w9utfA64Qm3nobaytr,0.01,2651.0,0,1393529,2024-11-06,2444729,2028-11-29,DUE_2028,DUST_WHOLEBOX_CLAIMABLE
2cf760f29ef34f4d37a834f7428774a124c8ff1be665141dba8ce984a7865eaf,9hKjSyAKEC6vPUpz6eSsF7AboNNjzrMSC5p22RiRmPhQe2q8o24,0.01,8.375,0,1393593,2024-11-06,2444793,2028-11-29,DUE_2028,DUST_WHOLEBOX_CLAIMABLE
81f4d7e61660d6be4a30faa559707a11c0be322aceead3a88c5b97b019ae0575,9gcV5RpvHomwGRiVBM2UkkFTTvmtUdzgQYSq6gMpNKFG5J3aSK7,0.01,119.75,0,1393761,2024-11-07,2444961,2028-11-29,DUE_2028,DUST_WHOLEBOX_CLAIMABLE
131f3101c526020362181a06baf42f69635581859abf4cf0f9c2b7b201872d34,9hhePoDFGQbQmHcmFbf9BX21j8EeMTQnEMmH7jG2tnqijGARmqY,0.01,69.59375,0,1393883,2024-11-07,2445083,2028-11-29,DUE_2028,DUST_WHOLEBOX_CLAIMABLE
b2ddb537aadb7faf758e7b4643ea38b7ca462371d60397bcfb55f65a7cc88a3c,9fFeLLpLhyaRUuo8jFx4vYSDmRoiztnRB7wnVZAJYe8ir1GhAmN,0.01,7.89323959,0,1393966,2024-11-07,2445166,2028-11-30,DUE_2028,DUST_WHOLEBOX_CLAIMABLE
51a11b84d80ecea95cabd61596ee8b75e75b69746451c2efa0b9a4be899395ff,9f4AjFSCz3LVGKceoQZUTYz5voYjwafjGivzKgTPfU5Cw4HvnBN,0.01,0.21875,0,1394056,2024-11-07,2445256,2028-11-30,DUE_2028,DUST_WHOLEBOX_CLAIMABLE
60285dd7731799d0306e1d60111d54e6565cb25f77ce18cfd60b4b03e0b040c1,9i5sfMwYKQJ8iNMtzKnAjw8u8QU8KJqMxYQEuAJK4LaXWCEf9MC,0.01,48.81190391,0,1394340,2024-11-07,2445540,2028-11-30,DUE_2028,DUST_WHOLEBOX_CLAIMABLE
d11c329832e8e4d974d234295d33ba9872e4db2079497b09aa80fcb971eab2b8,9ghFgB2bwAyuRn18do2HgUPXaZcwbxfq5WNT9icWjWcSKG78N4z,157.615355276,7.20818596,17,1394482,2024-11-08,2445682,2028-11-30,DUE_2028,FUNDED_RENT_WITHSTANDS
99164c3ce68171162c71744bcb72b2253c8c876922e923b0f6a3bf2258b3df09,9fGq8rwLqUo1PBooJrBdENcgP6c5fdkTpS378J7KTjwktdehrWu,0.01,95.28125,0,1394552,2024-11-08,2445752,2028-11-30,DUE_2028,DUST_WHOLEBOX_CLAIMABLE
bb08c76343c5447f5c9ba8c63256ae9b4bb5f5f00970c143631ec0d8e53d1515,9g2VYFZYsZVSPMHZmg73FqEzmw3usLuDoXa9casaQ3sGyAARpRp,0.01,0.35119753,0,1395032,2024-11-08,2446232,2028-12-01,DUE_2028,DUST_WHOLEBOX_CLAIMABLE
72aaec0da1e20f94d2165a39a4bf4c26bd19a4d035dbb7c445dcfd3faa2fe893,9hodJjn35t6DmYeCnG8mAP2DNUp5mTUmfThYTYH1T2yLkajm7db,0.01,0.23159959,0,1395368,2024-11-09,2446568,2028-12-02,DUE_2028,DUST_WHOLEBOX_CLAIMABLE
a46addbfd79cea862de97e97c65ff5b0f5913f1d73463840181dca423973da85,9hHpUNFNS7UqhsBJgPC8bNtZLzcEDbaviy7fMsbL7E5hd7K3eku,0.01,1.90625,0,1395392,2024-11-09,2446592,2028-12-02,DUE_2028,DUST_WHOLEBOX_CLAIMABLE
4ef70a95d1b054d3374166d84db7a2ce3c6a6031f96321b18794ff86b695a0a7,9eceGVy9T7GUCiDfJzonuus7fWCLUSnJVEMGBzs846AgEignQzb,0.001,7.53125,4,1395499,2024-11-09,2446699,2028-12-02,DUE_2028,DUST_WHOLEBOX_CLAIMABLE
d599718a1fbd2fe6dc28eb2aaf6fe01cb49010431d548198b697936ad78ce9d7,9gcNDPaCK8E3jsWGDtxgWmF2gAqMdsLDVX1dj3v5iAqFjuNKwYD,0.01,4.4375,0,1395581,2024-11-09,2446781,2028-12-02,DUE_2028,DUST_WHOLEBOX_CLAIMABLE
8cdd8dc21aa5d434b96e54b2457fbe2636426a4a200605199dad9a1104b4aefc,9iNjjLq4FTGhzgVSLGEwrWMF7pkR9kht3tKSXrMY2sFQwSCUz4m,0.01,3.6432843,0,1395639,2024-11-09,2446839,2028-12-02,DUE_2028,DUST_WHOLEBOX_CLAIMABLE
37349011daf5fd9a213d8a80d3a6ac697bae34279592d8015abd01b60bc3c1fb,9hVVJbUSUrec69Sbfb4hVNYkFFJag9w8tEZEJVrMVAJ2m9swxXU,0.01,29.1875,0,1395944,2024-11-10,2447144,2028-12-02,DUE_2028,DUST_WHOLEBOX_CLAIMABLE
946ddec4c5da2365a94c4cf02ca134cb1e7e3c1179b414f407325d8aaebb9bd7,9hsqcLzw4CJH2s3qXr7Trn4ogNBWqaeL7xBHW5b6zvfXqHfqE4v,0.01,5.0928023,0,1396464,2024-11-10,2447664,2028-12-03,DUE_2028,DUST_WHOLEBOX_CLAIMABLE
eb362b26a5681207c1e841bc91dd0a489612f18bd4d624cc327babf0b73a0c5b,9i9vWV15msurESvkUE57FcqcAYNwQcgp4kDD8hgPZk6GX2gbo1r,0.01,147.86714947,0,1396581,2024-11-11,2447781,2028-12-03,DUE_2028,DUST_WHOLEBOX_CLAIMABLE
20e1668f1d858c38685374e455a70009b1f8868b3850125bb2e3d6ae36123170,9feTRkPNejztKQk9QuV94fX24VvXQL1mW9A9iZeYZD2cxPcC7Mx,0.01,4.4375,0,1397118,2024-11-11,2448318,2028-12-04,DUE_2028,DUST_WHOLEBOX_CLAIMABLE
90a0f503ba2afd78636cbfaadc98ef5ed2dc92c6e03d2546248fbbadd5e03a9a,9hYxFx1fZ7TWQNUCNNJ8PjRqcUjhCNTXxz1LTvJbo3gXF4r7j9Z,0.001,95.02181014,0,1397129,2024-11-11,2448329,2028-12-04,DUE_2028,DUST_WHOLEBOX_CLAIMABLE
e0a5cd5e8280baa073919b8baad19e8d2a173a77249c9d50bcec921a98a4722b,9gGYyrZ1E3YCvvEcxuxk9PGGjQpSdXXRBrBfwenuvkVUBdWYZV6,0.01,164.88008826,0,1397243,2024-11-11,2448443,2028-12-04,DUE_2028,DUST_WHOLEBOX_CLAIMABLE
961c3e48aa17be57890d2112b04a10709caacbb9c0b3528622fc36bf6bc39dc6,9ehToxTzZHCtCGEQ7ysvrf65MCLouwVFo14jXjquwwox2uzQA2J,0.01,7.71875,0,1397249,2024-11-11,2448449,2028-12-04,DUE_2028,DUST_WHOLEBOX_CLAIMABLE
962098de8bc3d9646446bd2011978b37c4ab382ae7d69cac06f2ab10fb474540,9gT38gYHNUWpy7wX9SoufMR6yGnvkDAD98gDpqzdxiz7wspSpmu,4.663449095,0.25,6,1397290,2024-11-12,2448490,2028-12-04,DUE_2028,FUNDED_RENT_WITHSTANDS
7e54bc25279a8e95a011ef0ea8e873d29ed1b414c9c7a591e9ba840767f6213b,9hSYud1ssDmwhotWoDkrzQ6G8FxafD3kd4HJqxE5t1ch3gVVb3H,0.01,199.07927801,0,1397637,2024-11-12,2448837,2028-12-05,DUE_2028,DUST_WHOLEBOX_CLAIMABLE
531adca688e802d6f498625746ce97272463f2d52667047bbd3d1730bc2550d8,9iM9gBDuznkAauiLq1VenJeW9oteYj9PjbfCWUz6BHWvpEWuma3,0.01,783.36984291,0,1397965,2024-11-12,2449165,2028-12-05,DUE_2028,DUST_WHOLEBOX_CLAIMABLE
097c9647a50b3d4323c11b4cccc230033d4933cae89aef12629489e6e31c7223,9gYiW3dbWTnUbdx9qCSWS4UeKHWqeM8YQ1f8zB5utmS4sXQteCK,0.01,41.12866095,0,1398325,2024-11-13,2449525,2028-12-06,DUE_2028,DUST_WHOLEBOX_CLAIMABLE
baeaf519d139744bff08f3bec2367dce60b04e60e6fb2f34c38088d9f781e84a,9fCudnaoK2F8aDcHD9mypP2LFXSLPo4DZAN9Uvy7JxKbuCNe1hz,0.01,111.81193854,0,1398379,2024-11-13,2449579,2028-12-06,DUE_2028,DUST_WHOLEBOX_CLAIMABLE
80343569430836729c185a3af1091ece975501807fe2dcf141e9803980c9a658,9fCudnaoK2F8aDcHD9mypP2LFXSLPo4DZAN9Uvy7JxKbuCNe1hz,0.01,53.86199558,0,1398397,2024-11-13,2449597,2028-12-06,DUE_2028,DUST_WHOLEBOX_CLAIMABLE
e019b90d7cf65246bb0187c2ff59d01ced9c76b51ab2a0a2e18ce8466f6e5da5,9gbTrAxrnuBkGnDX1UDodovuHtsWj5CymFWzyhtBJ44jchJ7ybY,0.01,39.125,0,1398819,2024-11-14,2450019,2028-12-06,DUE_2028,DUST_WHOLEBOX_CLAIMABLE
0480265e5039dc1150237bbcf4de0d0e53ff58e72e79a8aa92731fa360a90b9b,9godJb67KSe5wz5U6MzFxBNWiA1j6ag7pTVXSi9ykPq3WnhHMdG,0.01,35.09375,0,1398885,2024-11-14,2450085,2028-12-07,DUE_2028,DUST_WHOLEBOX_CLAIMABLE
4f735d518e355be34bb58d2befcbfe59ec57e6c34c428b4404d2cea84a4c2cb6,9fhmx4XceEDV8SHYp6aBbz1BBKpzzwz16U9gjPUB72HTDZcC7dB,0.053666378,13.31836609,39,1399377,2024-11-14,2450577,2028-12-07,DUE_2028,DUST_WHOLEBOX_CLAIMABLE
69d0565aae21e2fa0aa9384a5f13e526834cc83aa779ccebb356d8eee004d5c4,9gpmaBxRPFHb6BnHY1xccuw7omYjo8kwi6mksjJpfa7Y1MHqMto,10.706896992,5.0,54,1399700,2024-11-15,2450900,2028-12-08,DUE_2028,FUNDED_RENT_WITHSTANDS
6baa5f583e6f3bea0e20bd980247cc8fa7099b64c191b6e2551a3ee08aabf286,9hw3Ppe4Q4sDhoyy2FvvueCn4RPjBn5XsSPFrLmUee88KsZhung,0.01,5.28125,0,1399841,2024-11-15,2451041,2028-12-08,DUE_2028,DUST_WHOLEBOX_CLAIMABLE
822386134e2b239b56e9f8f89b866cac0a1c8710e75e50a745e0959509a72899,9ectYMxfeAQNrW94Upf76AY6L6LwTo2qg1ksVBnEYkTgEuWrL1T,0.01,4.71875,0,1400165,2024-11-16,2451365,2028-12-08,DUE_2028,DUST_WHOLEBOX_CLAIMABLE
a8622d76f7828e04b6e001ac74b55a291ab6387f4135eca8fa46c483b5c3e57c,9hJxjo8jjevNs5Y4BR22JEXnW4DSBaCnXLmQdpiYjLwbGxYiByb,0.01,1.12230284,0,1401552,2024-11-18,2452752,2028-12-10,DUE_2028,DUST_WHOLEBOX_CLAIMABLE
db839bfa53d492b1e2c2a88a226ece2af8a4a5291b1bb57151fb93f6911f70d3,9g6pHH5M56VJD8sa2QMqMoKqSWRn1adcp5JRd7fZ6aXSZfYNa8c,6.00015574,5.15625,1,1401785,2024-11-18,2452985,2028-12-11,DUE_2028,FUNDED_RENT_WITHSTANDS
9d7009257df1c0a423133baac6d2ae9afe89f10f0b04a913c51d11b6f6d79b3d,9gxLN4iKNNBiAyJbmQYMTWvMLxr8gScKXateK1jCYZwzDNjHDTP,0.01,180.96875,0,1402127,2024-11-18,2453327,2028-12-11,DUE_2028,DUST_WHOLEBOX_CLAIMABLE
f474156f93c14894010e7898d315af15b4d88592a2667dc29916c63636c3a3dd,9gxwqjuqFE7Pg8dTLTCGgysLESaJbCUMpA9FYRTUC18Xsdd7udR,0.01,87.03125,0,1402157,2024-11-18,2453357,2028-12-11,DUE_2028,DUST_WHOLEBOX_CLAIMABLE
a4366a07ae911cc0f18f36a4bdf296458cb1a39764fdb9021266cb0e11811bd1,9gSrokpRvJJTD5kfcskNquxCALYbsJAv8BHgQMPK5G25ZJpJrGk,0.01,50.9375,0,1402159,2024-11-18,2453359,2028-12-11,DUE_2028,DUST_WHOLEBOX_CLAIMABLE
6296a33db91f7ff8e0cf996946721a429d17236cce470968aca7a67197889f0d,9eqisZCjtu57H8wsLeFLAX2Fr7m3PXj2xj1YjKZQHBW9xouLNAM,0.01,41.9375,0,1402316,2024-11-19,2453516,2028-12-11,DUE_2028,DUST_WHOLEBOX_CLAIMABLE
435333ea0f81ddacc57663686c26cc196d57ee78a4a1661ac540a9c2ff9bc229,9gjSyXchmEb514ZfU2nF6RPZaB3sY8ubFwYiMQC8PS4BKy1nELL,0.01,15.62097024,0,1402325,2024-11-19,2453525,2028-12-11,DUE_2028,DUST_WHOLEBOX_CLAIMABLE
ca1cd9a626dba95ddea250543bda2fabad8fd79db136d389d4d4fa1e585415d6,9h9p17gzXv3eGYit3fkiYqtCmBvu9XDyeFAB5QuXZGoM2QJBfG9,0.01,9.37335063,0,1402568,2024-11-19,2453768,2028-12-12,DUE_2028,DUST_WHOLEBOX_CLAIMABLE
91f69cc65234b1e3a470924e711bedb82c24fdbc4cbefce5bbb264b3fd5c68e5,9h9p17gzXv3eGYit3fkiYqtCmBvu9XDyeFAB5QuXZGoM2QJBfG9,0.01,15.01227997,0,1402573,2024-11-19,2453773,2028-12-12,DUE_2028,DUST_WHOLEBOX_CLAIMABLE
0fa2705339a9236af1d498f100be6a635a69f1d093dfe1c42c6c5452db9c18d3,9fSuzs5tQUSaitGQhurYFfHJUBqQ4pz94BTvwQKL37vT81UcEij,780.42460027,74.85,32,1402723,2024-11-19,2453923,2028-12-12,DUE_2028,FUNDED_RENT_WITHSTANDS
73a1d4cb2d92e6716b710a582a215184fe03c4c6e2eebc9e9bcb4827343126e2,9gc3Rb9noL3wd5tu9Fk1663WFF381C8SCkR8LCkJJ8HHXySn4jm,577.427561141,65.36,34,1402723,2024-11-19,2453923,2028-12-12,DUE_2028,FUNDED_RENT_WITHSTANDS
d5a7ed18bd381d8f52d1ba5cb80a595645df5fa5d276a398f92df4004372465e,9hkrzEE9TgWBjJn8oNG5FXP5bh5SjaDE6892QkwCfwP3hbXFmnw,266.056068985,49.105,31,1402723,2024-11-19,2453923,2028-12-12,DUE_2028,FUNDED_RENT_WITHSTANDS
62ea0fc2e7fd8b29c4f74c48d10e3af00fa6ab541a35a05e963c6805d2775e38,9hhTgWmbTUb6QbvR94GaXZWAeSxgHdi9V9mJfCHurxF7hixiYvL,0.01,5.5625,0,1402868,2024-11-19,2454068,2028-12-12,DUE_2028,DUST_WHOLEBOX_CLAIMABLE
bb023167ac10ff4a07f576cb340bc71e076529b1cbcfc48f53d28a31c04add7e,9f36UcAZWpvPxr8sN3A2LGCyCd91LQa9yZFkwtdYJdmtnUKApZT,0.01,21.75567122,0,1402990,2024-11-20,2454190,2028-12-12,DUE_2028,DUST_WHOLEBOX_CLAIMABLE
575b3645dea40727c590a0617265bb16b3a3f6b9e4652c4df99815adf567ccdd,9f36UcAZWpvPxr8sN3A2LGCyCd91LQa9yZFkwtdYJdmtnUKApZT,0.01,48.51090507,0,1402993,2024-11-20,2454193,2028-12-12,DUE_2028,DUST_WHOLEBOX_CLAIMABLE
ddcfd89afbc2dfd40808fd75ae83350e6c85a5998ed404b979607beec435da6f,9eymhu7vCk9a4RLE7dsA2HWCPESqbFPLLFM8FxSw9ufbQa3RyVG,0.01,864.14258459,0,1403487,2024-11-20,2454687,2028-12-13,DUE_2028,DUST_WHOLEBOX_CLAIMABLE
bf121d99f5be96cc5c9ef340aa47e198f63f7b32e5a6a3dfa2c9c7f35d777062,9eymhu7vCk9a4RLE7dsA2HWCPESqbFPLLFM8FxSw9ufbQa3RyVG,0.01,686.75,0,1403515,2024-11-20,2454715,2028-12-13,DUE_2028,DUST_WHOLEBOX_CLAIMABLE
70b7484c583d83f8065360e8a8090db18c455d6499c08a5ea2934edb317d9b53,9fv52shPKidbwEsmUvGaJ17LPCBbBpd1AfZcUQKx59gfFhwVgxa,0.01,4.72651569,0,1403557,2024-11-20,2454757,2028-12-13,DUE_2028,DUST_WHOLEBOX_CLAIMABLE
63b00d7cf9bcba3e2139a3f54d1bd0608edd6cb03f2f49b1b291d44b5e9a308a,9hkYMpTLAFi2J4qM2ZuubiWaDH1ACYB8TboZDuzzWRQFBFLPg9y,0.01,205.52855982,0,1403563,2024-11-20,2454763,2028-12-13,DUE_2028,DUST_WHOLEBOX_CLAIMABLE
7d9baafbd50ded5498b60e2ab7361e9506c6c87caaedf3a9d629369d193e2e15,9fzAWgL9n5FEMwoPyQsDiAGD9pt6bUpxTqyzptnkiStX32aDiME,0.01,1.0625,0,1403581,2024-11-20,2454781,2028-12-13,DUE_2028,DUST_WHOLEBOX_CLAIMABLE
0075574a7f5e23ba7459f0e64767affb11d573f7c8201dd02e5843ed4f5aaed3,9hkYMpTLAFi2J4qM2ZuubiWaDH1ACYB8TboZDuzzWRQFBFLPg9y,0.01,6.84866896,0,1403598,2024-11-20,2454798,2028-12-13,DUE_2028,DUST_WHOLEBOX_CLAIMABLE
cd101e1f8a9f771593a5176a232135fd1b7674863ef824481f746fdfd8e94087,9hkYMpTLAFi2J4qM2ZuubiWaDH1ACYB8TboZDuzzWRQFBFLPg9y,0.01,8.45399611,0,1403601,2024-11-20,2454801,2028-12-13,DUE_2028,DUST_WHOLEBOX_CLAIMABLE
39dc193e5fea3fbf475e8e075c23f0440d8500a42c171386d23b4c1dc1b2bfee,9hkYMpTLAFi2J4qM2ZuubiWaDH1ACYB8TboZDuzzWRQFBFLPg9y,0.01,6.48454309,0,1403603,2024-11-20,2454803,2028-12-13,DUE_2028,DUST_WHOLEBOX_CLAIMABLE
840a3dfee9c6b65f4210abdb425b6c5f21b449a05ad50b307e103f7487e349a9,9hkYMpTLAFi2J4qM2ZuubiWaDH1ACYB8TboZDuzzWRQFBFLPg9y,0.01,6.5915649,0,1403609,2024-11-20,2454809,2028-12-13,DUE_2028,DUST_WHOLEBOX_CLAIMABLE
01a7aedd91e1627109ca7cebee32289a9eadfd32ee443cd6013c101f2a885557,9gnL3FQVB817B7TfA2WuUeK4wx4rwZWMDmYTDJ4kQ45ymkBakzD,0.01,9.78125,0,1404202,2024-11-21,2455402,2028-12-14,DUE_2028,DUST_WHOLEBOX_CLAIMABLE
4b5caa19b7029bfff9d240bd2fdc77ac41c63975773d1d274b89ee16609f5391,9gW1PW9dsNLKqsJrzNUraRgxw6BK7Njsq2qBv37vk9JP3WS4uHV,0.01,7.25,0,1404420,2024-11-22,2455620,2028-12-14,DUE_2028,DUST_WHOLEBOX_CLAIMABLE
2b65e4eaa0d98acb28dec6cd70675f4d6a9b4e9423611bd8674a92d06725be29,9fCkWoWrUMPb7iUnorpNL4imHpNWnDwh2cZs61Pq9c31wNqK4Vz,0.01,1.625,0,1405022,2024-11-22,2456222,2028-12-15,DUE_2028,DUST_WHOLEBOX_CLAIMABLE
217b67a53efcbbe9cac35a36dade8aeddc3251f3f8e90b4ca32e156ae3633390,9fXp2bUBS3u3ehWFcRp7dgoG4V7YcnPMFNU9yPYYMZzGaabZpYg,0.01,6.96875,0,1405652,2024-11-23,2456852,2028-12-16,DUE_2028,DUST_WHOLEBOX_CLAIMABLE
9cd90376c7fde9f7e92df748607eef4b79d54b59e67c05ac442341560ff193de,9ei111HCEjwLo1SYoy59XL3NFHRqHwMEH2t53UCt2NPEWkJFw1R,0.01,6.125,0,1405796,2024-11-24,2456996,2028-12-16,DUE_2028,DUST_WHOLEBOX_CLAIMABLE
6e8a4309bac6fc3615f9a7930e1d9aecaa5b378139b390c335660af49b98dbb1,9iMUTSVcWaA2xLLnGvm3TprqwHdDtZrf7WHTf2pa3q9kc2CvMbR,0.01,3.03125,0,1406174,2024-11-24,2457374,2028-12-17,DUE_2028,DUST_WHOLEBOX_CLAIMABLE
5bae5e631fb6d3d1821ff52e62e1327010346a05e0a79420f54070d2a5225d99,9efg1jCdEs4buMRUYuDoCbMcR4KoubA6vygZ62TJjq9dfVB19CH,0.01,4.15625,0,1406268,2024-11-24,2457468,2028-12-17,DUE_2028,DUST_WHOLEBOX_CLAIMABLE
718ef5f30d537c590163c2800029f6f0b8a1faf79aa22172b64f927373a99119,9hRoDsYp4GGPpxmXFnNrKZAEtEGyN9jryBkfm832SGtGMJqnJpe,0.01,34.4375,0,1406661,2024-11-25,2457861,2028-12-18,DUE_2028,DUST_WHOLEBOX_CLAIMABLE
6f838062b0f022740162d6afa6cb8df37f31f91718cfc1fe1859a39b70ae0519,9h8fTK1qMDrvU7GjLVXh6hT86tnZJyMjNNBBm6Z7zsfZUmKSNJK,0.01,288.5,0,1406708,2024-11-25,2457908,2028-12-18,DUE_2028,DUST_WHOLEBOX_CLAIMABLE
1bf13a8f0cc61905f3abdc2b6c2879aef4580dd7fe8fcbc066f48c8b64512755,9fmtjLAw6ukeedYKTV6aNstpqKMWcvaJmUoLen4Xkwk2B7y7k3N,0.001,1.0,0,1406839,2024-11-25,2458039,2028-12-18,DUE_2028,DUST_WHOLEBOX_CLAIMABLE
b24457d1dfa6b58884d43e7dc731d0e8904e0542a0d1bf5fcbc5b491c8390e6b,9gqBkfaVKPfFMzSim9hipjyfBnuSTpHnZx7hEV498hYSdRENxdk,0.01,28.90625,0,1406895,2024-11-25,2458095,2028-12-18,DUE_2028,DUST_WHOLEBOX_CLAIMABLE
7534436f27a879f80e6af7ed1ee6513ecfdfe9734ae31dacfede4fea6dcccd60,9gmRxmYDsPVJEL8yUzrwn9Q25D75uA3f5nQFNTsamsecroUgrYA,0.01,0.78125,0,1407071,2024-11-25,2458271,2028-12-18,DUE_2028,DUST_WHOLEBOX_CLAIMABLE
ef832ef0c23113252e63aa9aef77ac65ba6418b7757a6b4dbae63e1101b6ed30,9iEDfMQuwcYEf96CyDsnEHPRDe3iDaK3u1Z3xaVsdi1QjqPmD9X,0.01,0.5,0,1407552,2024-11-26,2458752,2028-12-19,DUE_2028,DUST_WHOLEBOX_CLAIMABLE
e45cc0d0ce5c473e92d4603312a16bd01a10063de9c3ef50477d3444f1b27fd3,9g4UfkPreXnJPAPcXbRt8SeTeQgZB2ntUT84TRR1muuD2gggcMG,0.01,39.59375,0,1407556,2024-11-26,2458756,2028-12-19,DUE_2028,DUST_WHOLEBOX_CLAIMABLE
379087876a5fc7b77866daf744e100153ad68a4e9d67bb8a2a12fe2f3b0cab48,9hSv4xVk2L4AUHhWadDJFEz2pzKoe2fyWtCeNPZbvp63pnmiSwk,0.01,1.625,0,1407714,2024-11-26,2458914,2028-12-19,DUE_2028,DUST_WHOLEBOX_CLAIMABLE
23c1a1c7d6e8d4e297cce616639900f7d00a4ec5c33c9b03988a7c3dbab2ab8a,9g45tj92WcQogmfucQPs6UAqdms8gBF6NaJudE3aZSaBdEUm7Un,0.01,6.78125,0,1407842,2024-11-26,2459042,2028-12-19,DUE_2028,DUST_WHOLEBOX_CLAIMABLE
af3fa8313dfdae61269b1cd853e3fa17dc2bb9ab3166610c7f1e6741123156e7,9h95AzEeVakqy8YJDswhgJtCms998C4zG4zYieuoMkf6dSo49Mv,0.087029,0.00059449,3,1407918,2024-11-27,2459118,2028-12-19,DUE_2028,DUST_WHOLEBOX_CLAIMABLE
309c7f90b7a035ce79def14c5b24bb791a474fe7432ada80a6706ffbad978f55,9f36UcAZWpvPxr8sN3A2LGCyCd91LQa9yZFkwtdYJdmtnUKApZT,0.01,2.37382786,0,1408005,2024-11-27,2459205,2028-12-19,DUE_2028,DUST_WHOLEBOX_CLAIMABLE
0f97a57e0fa332f49c9d39a4acb1039e0186286afda9443037838dd79be7b275,9gLSQHzVN6HyfmWrziau5WVCyofwHvApVT3B1y52ZNoBEXjgbqS,0.01,16.0625,0,1408016,2024-11-27,2459216,2028-12-19,DUE_2028,DUST_WHOLEBOX_CLAIMABLE
1afc3254bb248872652c830cac828555f58b3091f28a2bad3db2936e84f76e33,9gg6x9DY8onx9QESBugicg8AhEEu51crqtBSswABuRcwqBaSEyQ,0.01,1.34375,0,1408108,2024-11-27,2459308,2028-12-20,DUE_2028,DUST_WHOLEBOX_CLAIMABLE
063e9bea0ac91af9f6688d6a4dc05cc3c43a8bba80caf1d24dc9bea7d84923a9,9hiA7tj7CcSyNsX83y5qgj135zQiMM8KKJm5vrNLdUReiVgPkXn,0.01,159.125,0,1408644,2024-11-28,2459844,2028-12-20,DUE_2028,DUST_WHOLEBOX_CLAIMABLE
55f5565ba87f7ce0fe99d63aa0b9bae2f3d9c7d23a5c3c1c0ffae705e0fc9372,9fRSV64kgDazdJ2GRy6YHdvY7irHLpzGMyNqEkHfn7dNWJb5TNN,0.01,83.83933962,0,1408830,2024-11-28,2460030,2028-12-21,DUE_2028,DUST_WHOLEBOX_CLAIMABLE
785b0efb07c814e14ceb395c4d5a2a1419024b926641411e556ef8d70e047977,9gX2zisquTXk6TFJc8iB5zxoKCZFXnJKjqdP6KHT2o3GQQX7Rbj,0.01,19.90625,0,1408940,2024-11-28,2460140,2028-12-21,DUE_2028,DUST_WHOLEBOX_CLAIMABLE
7eec516fc1f888acefe09c2a631f271832c802763565e660524900b4f23f8c8d,9gSdna3RhF8hXJcSje3gxr9VeuMJBqmC9omjZ8XyTQLZEZSS6p5,0.01,59.28125,0,1409126,2024-11-28,2460326,2028-12-21,DUE_2028,DUST_WHOLEBOX_CLAIMABLE
ee5f424afe7574651f9384a6c645c4dc4a288dbb9846cfde3d0933c2ee7c1962,9hjuXJus1YJQvCDZzFN8pmVUUDouf2f7zDaooSNdyh6dpwRCzJw,0.01,17.50364138,0,1409161,2024-11-28,2460361,2028-12-21,DUE_2028,DUST_WHOLEBOX_CLAIMABLE
30f886bee8d722a2b44328ce95d783edd6b39cdd6637718fc6a9ef53b4f4cd63,9h9p17gzXv3eGYit3fkiYqtCmBvu9XDyeFAB5QuXZGoM2QJBfG9,0.01,1.41053886,0,1409380,2024-11-29,2460580,2028-12-21,DUE_2028,DUST_WHOLEBOX_CLAIMABLE
5e93d55a151a12dec49e54b18b0f30ad96f6bae6f70b09a7ff630d38d0d9fad3,9fznMgoFH7vrvtpKxYopTE2huTzxEAMD6ChSL6Ud9QMPDoKbwv9,0.01,1.90625,0,1409425,2024-11-29,2460625,2028-12-21,DUE_2028,DUST_WHOLEBOX_CLAIMABLE
0b37610d81648e5f7ec5afe4eafe83b99474857fa0f1e765e455d8ac7d69c64e,9fcWvJuMa4CXD8TAEGXxAoL8hyUBi4t748MSVgpSr8BVPYqZ6iX,0.01,6.96875,0,1409596,2024-11-29,2460796,2028-12-22,DUE_2028,DUST_WHOLEBOX_CLAIMABLE
e8c5d25d2e9b65c50fcbcffb3ccd98e2f320b5a02a0893a3c35bd939cce0c25d,9iHBHxfeRLxGCSiG2TZ73LjFgunMwcqXaFC2VZDSnJNbPsptD9T,0.01,105.125,0,1409756,2024-11-29,2460956,2028-12-22,DUE_2028,DUST_WHOLEBOX_CLAIMABLE
b85908d518f00dfc0a0275ea530a84e4beb1d40729735c0324702b077825caeb,9fnd9Vbb36744HwZkm4mYKJRe75cfxHDNSC8GAavDjzcWX9gnXz,0.0011,4.33843028,0,1409859,2024-11-29,2461059,2028-12-22,DUE_2028,DUST_WHOLEBOX_CLAIMABLE
3a703d039c18114237ba063646d42df25eae32c72369fc832915ab9bcb3fa423,9ebuse94vyu6zTVxuuXzBTjyHXQMPMKZopXoFvKhWEVh18eDpiA,0.0179,3.26090507,0,1410126,2024-11-30,2461326,2028-12-22,DUE_2028,DUST_WHOLEBOX_CLAIMABLE
067e1bffac21de20c20f3cd039b1c4997c32cad631202e9c7c26d8445caa07b1,9fD47RP1RzHRnqvjdjBjCJs5c3Lb2CzNm1r9yUVsqxGWtzkPzK8,0.01,32.09375,0,1410162,2024-11-30,2461362,2028-12-22,DUE_2028,DUST_WHOLEBOX_CLAIMABLE
c3218513636cf591f2b5fc9919d8ce894a6b30269d23cbdc95fd9505345eeece,9hXYK3XFiu3fS1teaA2E4jtNirhEGJnGxL1Rz5Z5gZV8HMQGPZ3,0.001,32.6852941,0,1410782,2024-12-01,2461982,2028-12-23,DUE_2028,DUST_WHOLEBOX_CLAIMABLE
a20da16b5333719ff7a3783ce8d08a02bfc74d04a0174770c49252e3226a7509,9hwAgzYga6JE8711g1Pxope7C71PBXaMHvm3pY2JKNYAAvFhKyp,0.01,14.28125,0,1411436,2024-12-01,2462636,2028-12-24,DUE_2028,DUST_WHOLEBOX_CLAIMABLE
87a7ed745283d5a6f52b87e7f82240667acdc721bebeba5cc117499a28ab5800,9h9xt4tgKCNTr6T1QCGRQkA66PkJgXxnSyMW3MbtzziJpLPUKWV,0.01,28.0625,0,1412189,2024-12-03,2463389,2028-12-25,DUE_2028,DUST_WHOLEBOX_CLAIMABLE
1b08c4dcb427920051e7305bdeae42932c2a39d5e542df233bc6bdb92388f5ab,9hsqcLzw4CJH2s3qXr7Trn4ogNBWqaeL7xBHW5b6zvfXqHfqE4v,0.01,11.1875,0,1412299,2024-12-03,2463499,2028-12-25,DUE_2028,DUST_WHOLEBOX_CLAIMABLE
11cbceb4fc7d225e44e50d04fb79f2b48bd4a91ec7e66db3c6470aeb57542139,9gzSaHs8i87r7mqHYEidZe5bZ1ZzppQ3LTdCDFf2az6cv4wgJA2,0.001,2.0,0,1412361,2024-12-03,2463561,2028-12-26,DUE_2028,DUST_WHOLEBOX_CLAIMABLE
2def8322f3be9b098061f1dc0d3767b262b9f133c5178328e59111c8f4934e43,9gzSaHs8i87r7mqHYEidZe5bZ1ZzppQ3LTdCDFf2az6cv4wgJA2,0.001,2.0,0,1412366,2024-12-03,2463566,2028-12-26,DUE_2028,DUST_WHOLEBOX_CLAIMABLE
f400eda55141892807d56879afe3c0d10a7c4b8f9e0484dace5b84c69f89de25,9gzSaHs8i87r7mqHYEidZe5bZ1ZzppQ3LTdCDFf2az6cv4wgJA2,0.001,964.90675552,0,1412368,2024-12-03,2463568,2028-12-26,DUE_2028,DUST_WHOLEBOX_CLAIMABLE
1fab9f15cb4af50adcd0912cebe642f0ac10fff9b2380d3fa4ededf2e9cb4e7c,9gzSaHs8i87r7mqHYEidZe5bZ1ZzppQ3LTdCDFf2az6cv4wgJA2,0.001,775.45713826,0,1412371,2024-12-03,2463571,2028-12-26,DUE_2028,DUST_WHOLEBOX_CLAIMABLE
4028a2a69367c6b9529886e76c6a7fee1943ddc3686c034f42b3d84e8e3a7906,9gzSaHs8i87r7mqHYEidZe5bZ1ZzppQ3LTdCDFf2az6cv4wgJA2,0.001,254.18365396,0,1412379,2024-12-03,2463579,2028-12-26,DUE_2028,DUST_WHOLEBOX_CLAIMABLE
4a19af1ba2b0b3312db2a8c3d563e5afdd305267dc09f34dea62b2171d2b093d,9g6Nz1T4boQ1KY94GYVYBUGfbYeo5gbnrRTRtx8JhCqHykor3gr,0.01,185.69769451,0,1412381,2024-12-03,2463581,2028-12-26,DUE_2028,DUST_WHOLEBOX_CLAIMABLE
550735c84bb96229c5470c33ada2648ef029e9ec3f3eb5185fe5e065514ec061,9fC6n5XamEhKs2mZQjJopbE9L447ztziAbgf8KohfgHhu5TVoDD,0.01,153.5,0,1412392,2024-12-03,2463592,2028-12-26,DUE_2028,DUST_WHOLEBOX_CLAIMABLE
8cfe765aaab750c10a4ad47d5599a5faa99ce2e8914ea4168e429bff269b952d,9fC6n5XamEhKs2mZQjJopbE9L447ztziAbgf8KohfgHhu5TVoDD,0.01,0.61552266,0,1412393,2024-12-03,2463593,2028-12-26,DUE_2028,DUST_WHOLEBOX_CLAIMABLE
a82abf4e11a87a11d244a4073bfe7de07c09b0dd2e7a5d4b75cf8a34c284b0a9,9hwF3h3mLhR6Evr6H5AzqLgjTWANRCmL3215szdA6q67Sk8vPz4,0.01,14.0,0,1412806,2024-12-03,2464006,2028-12-26,DUE_2028,DUST_WHOLEBOX_CLAIMABLE
eda2b928e3c95d8d34cf477185dce407cdc2a3ccfed1f657de3a2a2f7a0f4778,9i4DKTygwo9u9zGapbyNTiRZk4qYh2NvQKjQ2zWu7RNodEYZeQ3,0.01,118.41285319,0,1413413,2024-12-04,2464613,2028-12-27,DUE_2028,DUST_WHOLEBOX_CLAIMABLE
1cf255f56ce006273f663c5c699003148750aaa6d8096a48f3c3057c894f965f,9i4DKTygwo9u9zGapbyNTiRZk4qYh2NvQKjQ2zWu7RNodEYZeQ3,0.01,7.31452987,0,1413424,2024-12-04,2464624,2028-12-27,DUE_2028,DUST_WHOLEBOX_CLAIMABLE
a8c09dfe1457dfcc0b65cdbf6503f9fe6218491473c32b6489100153629846ac,9i4DKTygwo9u9zGapbyNTiRZk4qYh2NvQKjQ2zWu7RNodEYZeQ3,0.01,4.64546936,0,1413428,2024-12-04,2464628,2028-12-27,DUE_2028,DUST_WHOLEBOX_CLAIMABLE
13b4dbdea2995ef788a04d924585625558013f00ee8819468906402d90fcb7b1,9fERo23WXgRXckecW7x1qBGkfSuLf39wdjT8y21ACBzSDZ42h7v,0.202377768,0.03731771,17,1413488,2024-12-04,2464688,2028-12-27,DUE_2028,FUNDED_RENT_WITHSTANDS
8c99dc5de3f36e509dca2507f9095493d4c7efd455cc7bd1accc96d264769170,9hARnm8c8oid1toYpvSXmuBjBGGcAtG3gaMpUr6hvQyUD14H51C,0.01,21.78125,0,1413987,2024-12-05,2465187,2028-12-28,DUE_2028,DUST_WHOLEBOX_CLAIMABLE
1485d0f00a8bf8f7c91a6a260302b6ad1bc94c10137c18dcdb17b9d158c7412f,9i8pbiwq3JTVqogJTxGiVkKX1o6iCKSsfeJA6c6tW5ZkdR9Mued,0.01,2.75,0,1414246,2024-12-05,2465446,2028-12-28,DUE_2028,DUST_WHOLEBOX_CLAIMABLE
0fb7a963089c097de9e4f39348f76b10ed00332d3b1fd6b8c4c41620000a06e0,9ehwCBpYAPzyrZr2j78ryYHdfbZsVcBfyhvxjfp3Y71egi4vNw9,0.01,114.21875,0,1414274,2024-12-05,2465474,2028-12-28,DUE_2028,DUST_WHOLEBOX_CLAIMABLE
f50a2572972136aa19ce9ef7e64baa2761420cb37ba33158a42f1cdf7c84819c,9fgSaL7DmPZgPZXGJyhAGX9QKBAymsWrrqWTWkR8GY8FJSxT3mH,0.01,5.84375,0,1414974,2024-12-06,2466174,2028-12-29,DUE_2028,DUST_WHOLEBOX_CLAIMABLE
52060401c2ebb45465c9f490d21940a7ad3b03807e353554e69a84a0a921b839,9hP5aez9zdTwU1uMD4hsx4dqctd36SLoaA79ytNbtgS2sB3xZnP,0.01,485.375,0,1415496,2024-12-07,2466696,2028-12-30,DUE_2028,DUST_WHOLEBOX_CLAIMABLE
974db956e51b752f4d03c98676f4e6c2bd6a40ff4f25fff8a0d9390ea3829174,9gvExBbPzxcNAZmqagi2GqHkxNKiKVq3m4QvBPo6QfV82uzRLRX,0.01,1.90625,0,1415627,2024-12-07,2466827,2028-12-30,DUE_2028,DUST_WHOLEBOX_CLAIMABLE
6556765eeeaa17a2b64a6a026bec5a15a351693c1263cf31900fd2edbdd52785,9gvExBbPzxcNAZmqagi2GqHkxNKiKVq3m4QvBPo6QfV82uzRLRX,0.01,1.90625,0,1415629,2024-12-07,2466829,2028-12-30,DUE_2028,DUST_WHOLEBOX_CLAIMABLE
9dd49ae875dc2e587e2e315d71591fcd00c4502d44d579cffe37bff3a19bb89e,9gxE4UaPmPe5pTp893fDbegmSrHp9JNCZX2bYXa9zbY8jbCtGdJ,0.001,1.90625,3,1415668,2024-12-07,2466868,2028-12-30,DUE_2028,DUST_WHOLEBOX_CLAIMABLE
fe8da2ad941a0300f0888c79fda7e5dc85980cf134ec4b95c614b219b7890439,9i3vnqDXGq5hJgDpLXJwJtmrTB3uE1Av5bdB4hJVGbzLmK6dYUV,0.01,38.1875,0,1415997,2024-12-08,2467197,2028-12-31,DUE_2028,DUST_WHOLEBOX_CLAIMABLE
4bacc90dabdb15e89a4f0f2efea665c9461b3a9bb1c6cbc3d9939875d0b27fb8,9fiUSRUhQT53YypZpNum7TsboY9RFxWxwnXGXKZB6XRh5eFWgx9,0.01,0.66546707,0,1416014,2024-12-08,2467214,2028-12-31,DUE_2028,DUST_WHOLEBOX_CLAIMABLE
a05688796ec941f1e554c9b2bd645004765845c8d3575457c59e1addfb47ad13,9ebuse94vyu6zTVxuuXzBTjyHXQMPMKZopXoFvKhWEVh18eDpiA,0.01,116.46875,0,1416717,2024-12-09,2467917,2029-01-01,DUE_2028,DUST_WHOLEBOX_CLAIMABLE
1a0c5f9c584e7e3038823bef1c11f32db3ef1391a79fe450d03740a8dc273aae,9hzL25yeR4NdojLTKUgNZcXaBfkjexrN7pFSMZoqcVZMDKcKZZS,0.01,1.67498566,0,1417834,2024-12-11,2469034,2029-01-02,DUE_2028,DUST_WHOLEBOX_CLAIMABLE
093cc1ba0327e8e64fa3a5d0a8a5655f6622119f84fed4d07744f7c8970d9104,9hG74c6xdmRKCrpeT8XrMJbThhRDWQJxHSQWtZNUUSpDm4KiKLb,0.001081188,213.26404818,0,1417844,2024-12-11,2469044,2029-01-02,DUE_2028,DUST_WHOLEBOX_CLAIMABLE
3644fd158ac895194358d132657f084c0366fab65f44bba68a77c96c86f61adc,9eeTTnk1xpraTzVWztdYA9XraqaqAq9tky7g8UHheDFyqEMHEmd,1036.111049617,657.70599368,91,1417911,2024-12-11,2469111,2029-01-02,DUE_2028,FUNDED_RENT_WITHSTANDS
ea0bf3e6980df48fa87ee998cbfd8a710d3bcd10e3fe6c0ce725926fa5de5f7f,9hQxd2N2Y4X8R92nS8tgbExD3Qb52QyZv76NmMhtwypV4aPLRB2,0.01,54.21875,0,1419648,2024-12-13,2470848,2029-01-05,DUE_2028,DUST_WHOLEBOX_CLAIMABLE
4266dcce5826e1cd3291541cd501d76bc46b1aa2355dfc9cee7252d5b6fdb5da,9fHQjPrJw8c4fSTvUpnuRPokUQDw6cXQ2UBpqoa2TiJcGr8uzCg,0.01,795.90208479,0,1419816,2024-12-13,2471016,2029-01-05,DUE_2028,DUST_WHOLEBOX_CLAIMABLE
bc3b531b71647233c89a4bf35477213f9be9c7570d2ddbf4dbda42b2266fa471,9fHQjPrJw8c4fSTvUpnuRPokUQDw6cXQ2UBpqoa2TiJcGr8uzCg,0.01,228.03136067,0,1419819,2024-12-13,2471019,2029-01-05,DUE_2028,DUST_WHOLEBOX_CLAIMABLE
0813c6f3db435c98693ec85d3ea13710030acda9c43a383667eba0e33c01fc5f,9g5bzJHCYRqXSbJUmoYaXUShV7wRk5cdoUj5CjUknJXR3D8j2L3,0.01,7.53125,0,1420707,2024-12-15,2471907,2029-01-06,DUE_2028,DUST_WHOLEBOX_CLAIMABLE
3953c21d6394cd59648ad83b08a156455d7512ae9dd0d5fc216d964778803c38,9g8DW2skYKmqcR3CYd2XjmmPRr8GN14yNehWxxcjrYEGWSctBVP,0.01,3.3125,0,1422186,2024-12-17,2473386,2029-01-08,DUE_2028,DUST_WHOLEBOX_CLAIMABLE
813776dfd4a27b5187fc7d8363ecf4cfac1c379515266e6148b6f1d750aa9c3a,9ep8tDM89w5c5uvxMmk6bwLtCvdKvEh4da8n88yg4YqxRRhPjuS,0.01,26.20801163,0,1422866,2024-12-18,2474066,2029-01-09,DUE_2028,DUST_WHOLEBOX_CLAIMABLE
842c36756a338077e9503a01e3941e8f2beac18ccb3c7dcf21d01e03ce76aa3b,9grTZe3PKZvZRyZKyEkdqWTMcSKAUFekFKRXzEHBLasUgVWK1st,0.001,98.25027307,4,1423366,2024-12-18,2474566,2029-01-10,DUE_2028,DUST_WHOLEBOX_CLAIMABLE
fef7bb18f51b10bc836068c7f8a76f74ee75e106be7fc2e75c1c32e6043f13b1,9hy4biv6xEDqwT33Si4pv3k1Jm6iiYmiomQ5SLS1nA2TfaUXCDf,0.001,8.6875,4,1423612,2024-12-19,2474812,2029-01-10,DUE_2028,DUST_WHOLEBOX_CLAIMABLE
cad33c3bebe79965097d45d76d1d73a4f1732e42b466ce030872024f11d44b11,9ho3npkHBCNkcu62BVBxE24QMb467d5yFJxa8jY5nwLDrxMLdtD,0.01,5.85401364,0,1423923,2024-12-19,2475123,2029-01-11,DUE_2028,DUST_WHOLEBOX_CLAIMABLE
8c5460a067ed4bf886e4b3ac449e31baa81ed7408f2dd13400292450a13d793d,9hS66DtRZzpcDyTwZgqu6E36YVXkWoHGnTntAq53KPAYobBZhVA,41.54765832,32.18463918,3,1425266,2024-12-21,2476466,2029-01-13,DUE_2028,FUNDED_RENT_WITHSTANDS
41f1ec40803c859af04f00b938b12148c55de164712d4b6d5c566731ae2d2aa2,9fkf79PgSsEXraL46QAC61vSrWQdejLdPteyCLqsEWZmpLzcq84,0.001,57.48368561,0,1425826,2024-12-22,2477026,2029-01-14,DUE_2028,DUST_WHOLEBOX_CLAIMABLE
c5218956b11b6782e54bf485171cd5290c19452f3d284fb93550f77525a51e13,9gqQTYKjpzy3JY9s14uc43J7J4eRxCGs5YYCuwgPmrPtVJkiPDv,0.01,84.58886537,0,1426481,2024-12-23,2477681,2029-01-14,DUE_2028,DUST_WHOLEBOX_CLAIMABLE
1b9abdbe59ab92e4fb5fe247fcf775ecbf73c10a3b41aaf692cef0b2d8003f4e,9fCjZvJaJayDp79iV3MqLfvLXnC97DJKgEoQQo1MzAHX2bzYFTS,0.01,17.1246987,0,1427112,2024-12-24,2478312,2029-01-15,DUE_2028,DUST_WHOLEBOX_CLAIMABLE
ef987d6e5c68c1b85c9669f8fe09e0cfecf9b4610c6e2e02c96999d7e25981f8,9fCjZvJaJayDp79iV3MqLfvLXnC97DJKgEoQQo1MzAHX2bzYFTS,0.01,48.51090507,0,1427116,2024-12-24,2478316,2029-01-15,DUE_2028,DUST_WHOLEBOX_CLAIMABLE
8b46aef9d79e4b18c2a5cc9f0e27a0cce45c1de48940988b56f6b4bc923dfff3,9fCjZvJaJayDp79iV3MqLfvLXnC97DJKgEoQQo1MzAHX2bzYFTS,0.01,48.51090507,0,1427119,2024-12-24,2478319,2029-01-15,DUE_2028,DUST_WHOLEBOX_CLAIMABLE
a6e708a6896b0bfb057ebc37cfbf42bedab368670211a457689a72d1e9d70d89,9fRBhtAxiYiFH35W11WsqgZygih2pZyxbkEtovLGh5ZLVmrdyB7,0.01,2.46875,0,1427945,2024-12-25,2479145,2029-01-17,DUE_2028,DUST_WHOLEBOX_CLAIMABLE
df51242586946052c16bcb1b825384709d02c61f20bef1d58ebc306b1e44bff9,9hwzGC5oGA5KUNz8eXYvEwptnbAnG9nexQG32xBM66HZtcXXBSD,0.01,80.1875,0,1427974,2024-12-25,2479174,2029-01-17,DUE_2028,DUST_WHOLEBOX_CLAIMABLE
6457b4e055229860ced6802b1077ab8647c4260ac096895796fae954b6e633cd,9fYygNHJix6249sBbQJdbk4XDLmKkEmGqAgQiDbZU4gRjZY9xHQ,4.14e-05,1.0,0,1428467,2024-12-26,2479667,2029-01-17,DUE_2028,DUST_WHOLEBOX_CLAIMABLE
4202e41d7d3fc006c3cb9b0ccbacc241118b648412c6a2c8cb75f1097a2cf950,9feSVN1yZBSVBwm1nxi9ZFg8zeNTKuBaxXYeb9jg5ED5MRDFknA,0.01,8.50714287,0,1429534,2024-12-27,2480734,2029-01-19,DUE_2028,DUST_WHOLEBOX_CLAIMABLE
3878f4245b3855296902cc66aef26293d54b5c1c53697af8a3469148e77bb92a,9hgapc2XcFwRXdcqsF8pwVPFThvMEL6RDHEFLYpYgLardcD4wDr,0.01,63.5,0,1430189,2024-12-28,2481389,2029-01-20,DUE_2028,DUST_WHOLEBOX_CLAIMABLE
e6630c7ba6986dde0b9b3d59b225758d5567556c104316e210d63867c6969271,9hgapc2XcFwRXdcqsF8pwVPFThvMEL6RDHEFLYpYgLardcD4wDr,0.01,50.61789696,0,1430207,2024-12-28,2481407,2029-01-20,DUE_2028,DUST_WHOLEBOX_CLAIMABLE
61d3e592f164aaf956ccddb0fcac564aca4252c38df0d71bd86f18588133fb9b,9gGYyrZ1E3YCvvEcxuxk9PGGjQpSdXXRBrBfwenuvkVUBdWYZV6,0.01,6.09534643,0,1431223,2024-12-29,2482423,2029-01-21,DUE_2028,DUST_WHOLEBOX_CLAIMABLE
413e7456220b32dc7f15e9ee5f5d15d2ba641d482b06e94b78169870ea3310af,9eZMKCthaxTyVriUgjziGJJEZm2L98JT8WVn7bGUbnCNjdq8YV9,0.01,0.51719775,0,1431563,2024-12-30,2482763,2029-01-22,DUE_2028,DUST_WHOLEBOX_CLAIMABLE
8e05432e9af219c05f8dd7c59f9d106977a257b5e1aee2b73ad60019053aa421,9fnZ5U3emJYhHG3v7c4r9Mkvsf4kUU99qrGc7bv4rG9rpCYfpo8,0.01,46.625,0,1431739,2024-12-30,2482939,2029-01-22,DUE_2028,DUST_WHOLEBOX_CLAIMABLE
64c595ac99650099425a67f096d62120f0555a23c62e7f9194d915f6c51e4258,9fDdB6HDkqaNUBwyXiYrGbPJYuiDfT6JugDVFKJUW9kzwSKJ2ZN,0.001,68.8370405,4,1431807,2024-12-30,2483007,2029-01-22,DUE_2028,DUST_WHOLEBOX_CLAIMABLE
b95a7ca233fda007c84a5555ae75cccbdccbbf733fc412e0742bb6f614596991,9eZoWCQk5ZYWDzvYQPCEPybZ9zBrGpwn1jXyEeh94uv797m93xA,0.001,54.05539696,0,1433025,2025-01-01,2484225,2029-01-24,DUE_2028,DUST_WHOLEBOX_CLAIMABLE
18912ee953c6f4c97d6861e2a81910f647b49a00aa9b94a836c707f1b5d8b10c,9huJB2vNVSB5RFHEf2ojtduogxdxv12A436FzLeXXekhCooeZFW,33.149415835,0.25,50,1433082,2025-01-01,2484282,2029-01-24,DUE_2028,FUNDED_RENT_WITHSTANDS
