sweep_tx,sweep_date,collector,status,inputs,rent_inputs,outputs,owner_refresh_outputs,collector_outputs,fee_outputs,token_entries_in,token_entries_out,est_bytes_in,est_bytes_out,tx_size
0050b877962e9388a884e5951fb683e39441dacbd6d0818c1c3549eed4c57e0c,2026-09-21 23:47,collector-B,ok,2,1,2,0,1,1,1,1,206,275,328
007731e744c923c69ba69076386f35815b37436478959669c4908a7df058c27d,2026-09-17 05:04,collector-A,ok,139,139,141,137,0,1,1,1,13345,12193,12046
00a187a7332eec47110a00dc06510cbc266732e5bcd3042dba14a5d5f51802f9,2026-09-19 18:02,collector-A,ok,10,10,14,10,0,1,5,5,1030,1455,1150
01028ee22e97bd76c738deb7db8fba9f32853258ea8e5cbee9d67c6a16328a3d,2026-09-17 20:40,collector-A,ok,1,1,5,1,0,1,0,0,84,456,304
017ab4515d4491c6d7cebbcd16d395395f6067b5537ced193d7183a468b7a48c,2026-09-21 18:35,collector-A,ok,5,5,4,0,0,1,0,0,3885,372,405
018b20bd437bfa5e62eec492d67ca7ff79690fbd94bf1590f87aa0c6e71b3485,2026-09-21 23:47,collector-B,ok,2,1,2,0,1,1,1,1,206,275,329
01c5920639b2e07c3cab9792492308c4ef2b5616cc818db64df08509aa74af59,2026-09-21 22:40,collector-B,ok,2,1,2,0,1,1,1,1,206,275,330
01dc825b5390ddff3c17425fd9e9c723817c9a2c307511dd39b046edb424cda5,2026-09-19 17:28,collector-B,ok,2,1,2,0,1,1,1,1,206,275,324
01efacafa4f4b8041bd3f33621b52fc0aa9bccbe79e9b18d923b68c11a29b642,2026-09-18 15:28,collector-A,ok,1,1,4,0,0,1,0,0,84,372,254
01f7638c45f19f36042fc89f899730fee7b22cafe4df77cc686fb11c0a5899cf,2026-09-21 22:04,collector-B,ok,2,1,2,0,1,1,1,1,206,275,329
022c94ae1b20be2868f59d8375e8b3e1abdaf11086a5c808e0504a9bfff209af,2026-09-18 18:30,collector-B,ok,2,1,2,0,1,1,1,1,611,275,327
02893cd5e229f6e678e8362874e492cf0f6540ac7c293baa87691688ba816243,2026-09-20 06:11,collector-B,ok,2,1,2,0,1,1,1,1,206,275,325
02b854121ce07cd55c4961788be787a4a2cfa6c7a999bcd2561f3c6d80d6dade,2026-09-21 22:40,collector-B,ok,2,1,2,0,1,1,1,1,206,275,328
032b83637348967c6dba5238450ee2f935ad5a97288cbb56285370022316d8ff,2026-09-21 10:27,collector-A,ok,4,4,4,0,0,1,0,0,336,372,368
033de6a7465a66dc57413feb7974ac20af8b972891bd7164c26b3c3907a13cef,2026-09-16 04:22,collector-A,ok,2,2,5,2,0,1,0,0,168,489,374
0354785b17d192a255be3cd7ffb7562c7597775590bca83a6812c0bf57e7e34e,2026-09-21 23:01,collector-B,ok,2,1,2,0,1,1,1,1,206,275,328
036103cba0266c1178ae47681106bb541e919c767afca0ec78b4b205f19b3a4a,2026-09-19 16:28,collector-B,ok,11,10,3,0,1,1,10,2,1304,397,710
037b3b7d2de7a3ef3c02dff6046338c4ffd6fb840764983db260cb810b7ddd53,2026-09-21 23:57,collector-A,ok,30,30,7,0,0,1,30,1,3660,695,1530
0385cff536e9f2cb5c33ff44724fac9e4dc7f06976d1297aae4e5970431df75f,2026-09-21 23:57,collector-A,ok,30,30,7,0,0,1,30,1,3660,695,1530
038c8fffd051fe61dea6328a0d08ce3239d815188eb7cedeb00d2bfc1921ff40,2026-09-18 12:07,collector-B,ok,2,1,2,0,1,1,1,1,206,275,326
03ecaca3e2154d3c11c6ca0164a9481963edbe8ca9d01deeb6490c2e7a6a5f7e,2026-09-21 23:09,collector-B,ok,2,1,2,0,1,1,1,1,206,275,328
03f0ae0fae09c9c3a1a06365f8409dfc477b962831dea73e96126982c9e84c8b,2026-09-18 16:28,collector-A,ok,50,50,54,50,0,1,0,0,4218,4643,4444
0422470897b5c9349c103a1b88ea1c5130207eedbea02b44e2dc72a2799d8ec2,2026-09-21 22:02,collector-B,ok,2,1,2,0,1,1,1,1,206,275,328
044b829b197e91c69743d4f94988bb52def212a3f3a0c2aa57889854279a3883,2026-09-21 22:40,collector-B,ok,2,1,2,0,1,1,1,1,206,275,328
047f1303e5189066a242536f2d537c617cb3ba4d4889d43203ae6fbd592c4b32,2026-09-22 01:51,collector-A,ok,3,3,4,0,0,1,0,0,2331,372,331
049ea0b9211bc038a1645c64ca7efada7e315768b7b736abbcb54da1bced1bec,2026-09-21 22:49,collector-B,ok,2,1,2,0,1,1,1,1,206,275,328
04a544ba30d06b4266842a8d853b5f3c935e67df65b933d0ed2a314150ba1c1a,2026-09-21 19:24,collector-A,ok,3,3,4,0,0,1,0,0,2331,372,331
04fe7b6c3eba74117666db05bbeddd7f61f31db9c1711cc574040ba362d76319,2026-09-19 06:33,collector-A,ok,14,14,16,9,0,1,3,1,1968,1451,1356
053b0329344c29d523f773c78bb5a9f20255024702d8821170d48df152a99f1c,2026-09-21 23:20,collector-B,ok,2,1,2,0,1,1,1,1,206,275,329
05425dff788bb9b93ed988f8545527a157fcdbdea2b984fb38d4421fdb8f0abb,2026-09-19 17:54,collector-A,ok,3,3,7,3,0,1,0,0,252,624,467
057faf626368620ea391ad3df420dd010022e64182ae8f42932d264fc284af83,2026-09-21 22:40,collector-B,ok,2,1,2,0,1,1,1,1,206,275,328
058ac54a9030b83c1143e0c7d0f6e46879783dd5d3affa1a07ab33527e41c86e,2026-09-17 12:58,collector-B,ok,2,1,2,0,1,1,1,1,1022,275,324
05a8fa78454ae16892916459ca3386bfd2fd2610f874d83efffa8b67a3b2b85f,2026-09-19 06:51,collector-A,ok,60,60,64,60,0,1,3,3,5154,5526,5302
05c0b55405a850576a98a2209115134d79cfcc27afa2f0b868804f4205244d9e,2026-09-18 20:47,collector-A,ok,2,2,6,2,0,1,0,0,168,540,386
05c4779f5231c3f8f1bcb809c47408c9e2a4d9747cdf517d010fa80f730ddd9f,2026-09-21 22:49,collector-B,ok,2,1,2,0,1,1,1,1,206,275,328
06647201590f80e676630c15c5c9d74a3505c48e7ea4acca845d6aca90b4f946,2026-09-22 05:41,collector-B,ok,2,1,2,0,1,1,1,1,307,275,325
066fac442b85c575d38f07a51e28d72a78090a8fde3f76820bd99616363fb357,2026-09-21 05:28,collector-A,ok,10,10,14,10,0,1,0,0,840,1212,1051
07a79c5127ae16f2d9a945c2546311b9c10339341adc19905ff08047bdfe0170,2026-09-17 08:13,collector-A,ok,36,36,40,36,0,1,0,0,3024,3449,3255
07d03d741dfab64497b8f04e07efdded5eb330a739aed76ec5ac38413b02e438,2026-09-21 23:01,collector-B,ok,2,1,2,0,1,1,1,1,206,275,328
0827a64df3c53ae1d8bc391d60b1a955dd809a790337aa59bc5f7b79d71ea84d,2026-09-21 23:47,collector-B,ok,2,1,2,0,1,1,1,1,206,275,328
086af3531aa7adb3220a3ff271345af222489ae7ed2f8c18f253fe80e1fe631c,2026-09-18 07:17,collector-B,ok,2,1,2,0,1,1,1,1,206,275,324
0879582cdce761f2e74da9059184899cf5e92368fc89906142cb614247113c64,2026-09-21 14:24,collector-A,ok,2,1,2,0,1,1,1,1,206,275,326
08b1dbd7d1570bc6e386e779be42f8980b9c270240e05a3650bee500ec8f56c3,2026-09-22 00:15,collector-B,ok,2,1,2,0,1,1,1,1,206,275,329
08c47e31c927143357c5eb2e6a752a8d2c4c63cc42ab9591b46d4f0c2018e0d4,2026-09-21 17:09,collector-B,ok,2,1,2,0,1,1,4,2,320,313,360
09154a07ed5eb99b16198ea0eb588c462167e2b5e6c6a48f79c638a0e3824718,2026-09-21 23:33,collector-B,ok,2,1,2,0,1,1,1,1,206,275,328
0922036b15576016c45afb9ff5e4760af072dabba9d92210a121bb79e2d81e90,2026-09-21 07:14,collector-B,ok,2,1,2,0,1,1,1,1,206,275,327
095d1dfaf2d901ebd477b0d8494bca9ab5e7f0c75285f7983269065afa1bb934,2026-09-21 22:40,collector-B,ok,2,1,2,0,1,1,1,1,206,275,328
0982c1fd05cc7b751bd8e74fdc3d5412f3c22ec1d4da5eafcf94de3ff1a4bd5d,2026-09-21 23:47,collector-B,ok,2,1,2,0,1,1,1,1,206,275,328
09935acd8c6fd6aec26da0f93a818f77004ac3f0955df619c4be26dd2a8d8fc8,2026-09-18 14:59,collector-A,ok,10,10,14,10,0,1,0,0,840,1212,1049
09e6cee50db81150dd8f4ef5308dc7a1ed41d9abce1a76146242496c31c4a915,2026-09-17 13:56,collector-B,ok,2,2,4,1,0,1,4,3,1103,898,818
09f016e22b95072558f0cfe1fb918f878b0e5b0e26a6401782a1a97a4f96278f,2026-09-21 19:28,collector-A,ok,2,2,6,2,0,1,3,3,282,707,512
0a1ec4821243821890a4df23c9b8ac486eca4fcbdd300835ee18ce6051108350,2026-09-22 00:18,collector-B,ok,2,1,2,0,1,1,1,1,206,275,328
0a2c81f7a512a3359a211a94cd2f4db62c09b179172facebac24e6e9257c5f6a,2026-09-20 21:16,collector-A,ok,2,1,2,0,1,1,1,1,304,275,326
0a8c56365a777ce2b65a721983befb98aa34f86822a1b316e16f009f80f6e4a4,2026-09-21 07:53,collector-A,ok,2,2,7,0,0,1,0,0,168,657,456
0a91fceba7af0ca86915eb0a8e793bb3ebfa5e6a0b9511056f05bd15c645adb3,2026-09-17 14:11,collector-A,ok,2,1,2,0,1,1,1,1,1023,275,325
0ab738de89d118ef404a41775acf0db2f34395fb1071b4e4f3c314ff275612bc,2026-09-19 15:19,collector-B,ok,2,1,2,0,1,1,1,1,206,275,324
0ac25320d456f769bc0098c2bd8e41a5379e7d50e3104b2c5c949a4061fc570a,2026-09-16 10:40,collector-A,ok,97,97,100,96,0,1,0,0,8166,8454,8270
0acce39693f7eed15f7a4e96e336a0fb9537ac23c88314f8ae9e3f70a5efb6ce,2026-09-15 07:15,collector-A,ok,30,30,34,30,0,1,0,0,2520,2892,2711
0afc142baeaf849d33a223197cfa878bc8924b196244033af6e3ff634884677d,2026-09-21 23:33,collector-B,ok,2,1,2,0,1,1,1,1,206,275,328
0b354dbfe325ee6b4535eb2325a61b44590f70b03ec83f35311eb4cdf5c50372,2026-09-17 00:20,collector-A,ok,4,4,11,4,0,1,0,0,336,993,721
0b63dac4d2d00490b40b9168f6eabc6e2a5a66026b60371d86be7179f43dabfc,2026-09-21 22:40,collector-B,ok,2,1,2,0,1,1,1,1,206,275,328
0b80be971034d96597616e8a5ed06b33a3a6ef46e55a0b955d30de8a35cd0916,2026-09-21 09:42,collector-B,ok,2,1,2,0,1,1,1,1,206,275,325
0b93716b8943f4f910281e6731ad722d8b4e7b6bafff3f0e73d584edb7e793cb,2026-09-20 01:41,collector-A,ok,62,62,65,61,0,1,0,0,5226,5514,5340
0ba59a425edd23b17676292f4aaefd7705caea7f8cf4d0867f4ad7ade3b3992f,2026-09-21 10:03,collector-B,ok,2,1,3,0,1,1,25,24,1118,1233,1179
0baf0da7d816f21f274911d8524a3d221d31946c6bf6170edb5412bbf86ba1c1,2026-09-22 00:18,collector-B,ok,2,1,2,0,1,1,1,1,206,275,328
0bf160bf5fb499233784b883d10eeb4010f0f60ee1b0ea699162f428a19a2b3d,2026-09-21 22:40,collector-B,ok,2,1,2,0,1,1,1,1,206,275,328
0c3a056ea00314a37e34aabe65295c17861456ca88b992da0b29cdadfb071e14,2026-09-19 19:02,collector-B,ok,5,5,3,0,0,1,5,2,610,397,429
0c45f2acd8519c5b5525190548b0067b3a4f31da538a76d18a89bc945433595e,2026-09-21 23:01,collector-B,ok,2,1,2,0,1,1,1,1,206,275,328
0c687a0088a7ec043f720dd63095f75768bc39d40e300a1a0ad7c9ec00f7b46c,2026-09-17 01:19,collector-A,ok,3,2,2,0,1,1,3,3,1756,351,431
0c6db0c78ae79df5f5ebceb354151ea43c698ee8ee271d59b5a3638ca745dd9e,2026-09-19 14:51,collector-A,ok,18,18,22,18,0,1,5,5,1702,2074,1760
0cb139604ffab4f07856763e9e9040ce66ca34f850150e3523bc9afa71247bd8,2026-09-18 23:16,collector-B,ok,2,1,2,0,1,1,1,1,206,275,324
0d0659290aaa555363f8b92345c357c9b1018e4109cab6304f1f41a29508902b,2026-09-21 22:04,collector-B,ok,2,1,2,0,1,1,1,1,206,275,329
0d298c52c3fcc979f2f552a7af648c06d52666d54e260f800e7545da1676fa01,2026-09-20 05:02,collector-A,ok,7,7,11,7,0,1,0,0,588,960,802
0d35b0e46e8be18e3ea70b083113183dd623edc0d986f9108986fb3a10d39b45,2026-09-21 22:11,collector-B,ok,2,1,2,0,1,1,1,1,206,275,328
0d35e230af6f875038ce08163bc8902c9b3ff553a1a605afc2d21b0edcc4b7a3,2026-09-17 12:09,collector-A,ok,35,35,38,34,0,1,0,0,3618,3228,3081
0d80aa0d4458660f3f88ebc1294fd7ae61b28e61d36290334dbcb76470bbb0e6,2026-09-19 08:28,collector-A,ok,46,46,49,45,0,1,3,3,3978,4266,4094
0d917a242b48fe10e43605517771befa42adba321b66d556454c79fe7134a474,2026-09-21 22:40,collector-B,ok,2,1,2,0,1,1,1,1,206,275,328
0d9e8177195538e5789a73c94166454b67326f6f9b5df79b0e81374551238dc2,2026-09-21 22:49,collector-B,ok,2,1,2,0,1,1,1,1,206,275,329
0d9f237a7e29b63926420bdb79b0ce42fa5a7dd05d17fc678f53c0d5dbc19715,2026-09-22 00:17,collector-B,ok,2,1,2,0,1,1,1,1,206,275,328
0e3abb9f8ec1b1032106f87fdfc9880f3049929970c07b8a4c98929315cd5998,2026-09-21 04:52,collector-A,ok,2,2,6,2,0,1,0,0,168,540,386
0e5661afec9b699cd92e83484a006e491d49709d06e4bb142aae318f326c8c8b,2026-09-21 22:49,collector-B,ok,2,1,2,0,1,1,1,1,206,275,328
0e5762059b0dd923e243218368525cd1dd7efa51c9e964f5e82ca0b006934d19,2026-09-21 22:04,collector-B,ok,2,1,2,0,1,1,1,1,206,275,329
0e859701a353e5e6054631e903e148025a635589602539fbecd389efc33399c7,2026-09-22 05:25,collector-A,ok,2,1,2,0,1,1,5,5,454,427,473
0ecb1742580ca02eb2bba208fca896b821b8daf2579d9598eaeddd588482c276,2026-09-21 23:01,collector-B,ok,2,1,2,0,1,1,1,1,206,275,328
0f12fdb98d4837fc06d6c7fceabcb227c386c121cd70388718264b8485496434,2026-09-20 15:38,collector-B,ok,2,1,3,0,1,1,2,3,244,435,416
0f2a0417ebb0329d0682ccdfeaecfd34729011b7dd44f58f4c30a44c4760d6e1,2026-09-21 22:40,collector-B,ok,2,1,2,0,1,1,1,1,206,275,328
0f372e15447dd8f0604372b1731c2a565e02eefe6c68742a4a499509c197e576,2026-09-19 12:24,collector-A,ok,1,1,4,0,0,1,0,0,84,372,255
0f463e8bf7badbc5b90070ee33cb0f109bf0ae2ef5002f61e98a5dc31f22558b,2026-09-21 22:39,collector-B,ok,2,1,2,0,1,1,1,1,206,275,329
0f7fd9f78c2c48b12bb08ec28ec613baf158acdf23e2aa57e233cddfac47b14b,2026-09-19 16:27,collector-B,ok,2,1,2,0,1,1,1,1,224,275,325
0f952ecff9f0e914255244a89ae204cf6fcd0d34cfd2d2be323ce9ce417cf354,2026-09-19 16:53,collector-B,ok,2,1,2,0,1,1,1,1,1202,275,325
108885a572c18a09d2a15fb8a19d93ad416ce4bc22a94c97ea319bed91673cc2,2026-09-22 00:18,collector-A,ok,7,7,7,0,0,1,7,1,854,695,679
1094103d023e65b311865aefd5bff5d719dca894b6b51c94f6eab1a15078028f,2026-09-22 04:00,collector-A,ok,10,10,17,10,0,1,7,7,1106,1763,1408
10d2faf74df7fc89f455a294762e7b5c5f83dddea0393ea6f890b1dbb0a86add,2026-09-21 20:30,collector-A,ok,47,47,51,47,0,1,0,0,3948,4320,4123
110716a6b4c17c0727ec25af1c665ac146f215ef9995a720e7f812e40f85c0e9,2026-09-18 23:56,collector-A,ok,3,3,2,0,0,1,3,3,2930,351,376
1120b40185cb57896109613da474ffaf0597d702394ea9395c87fb3a8b947651,2026-09-22 02:01,collector-B,ok,2,1,2,0,1,1,1,1,1023,275,325
112e1b74f3804c35a835ff3cf514dfe8c6d0b27a9880d5ff47702dd3ebc3a918,2026-09-21 22:40,collector-B,ok,2,1,2,0,1,1,1,1,206,275,328
115216f5080b2129c2f4af516c19d933699e312950c746fd7ff3ac53a0924e93,2026-09-18 12:40,collector-B,ok,2,1,2,0,1,1,1,1,1022,275,324
11c5806eff81a01a084da2f1b56b3f8b67ce2212bbbaac8e49bbdce8b7fce158,2026-09-19 04:42,collector-A,ok,25,25,29,25,0,1,0,0,2100,2525,2350
12122bf0e0f4ed68f4ddfdb92bd99ba53c3871c1be905ea42f83aaf72c40fdde,2026-09-18 05:55,collector-B,ok,2,1,2,0,1,1,1,1,612,275,327
12bd56e41e9db031471292937c77e25240270c6f19e07dcf46f873aaf2208a7c,2026-09-21 18:16,collector-A,ok,4,4,4,0,0,1,0,0,3108,372,368
12c28c1882c4626076e6c0665a31c91ec4d61a511902df5ef3e88732bc5adb59,2026-09-15 08:30,collector-A,ok,1,1,5,1,0,1,0,0,84,456,304
1306843a47c53fe3333d66bd5e00f2686fbff788f2fad51a8ddad952cbd53624,2026-09-21 23:47,collector-B,ok,2,1,2,0,1,1,1,1,206,275,328
13d334e4855c5e7a5b14b31dec10603fad128dc1d52475cb71a4e8eef55f4950,2026-09-18 12:40,collector-B,ok,2,1,2,0,1,1,1,1,206,275,324
14260251761684aaa9e4787d30d1c1cd83dbdd31d7a7eedc1b1d0bfe173799b9,2026-09-21 01:20,collector-A,ok,5,4,2,0,1,1,4,1,572,275,441
143ca8790ec7764ede3c8408a2c0e894d287cb4d101b54b6a5b3ccf320cfbd31,2026-09-18 07:12,collector-B,ok,2,1,2,0,1,1,1,1,424,275,324
143ed42f330d4bd08d75dc0bdd64897bcbc939c6333b578b5b50224e87ebd7ed,2026-09-19 04:21,collector-A,ok,41,41,45,41,0,1,0,0,3462,3834,3643
144170f6e416319d3090c29ab9bb1b6e2abf5e79605acd09297dae567b47296e,2026-09-22 04:00,collector-A,ok,2,1,2,0,1,1,4,4,417,389,439
1444e5f3629eef7a0c1df37b0301afe6460f4796e909926e8347546081aeb9b6,2026-09-16 01:36,collector-B,ok,2,1,2,0,1,1,1,1,206,275,325
14478d49aa50e9bf40ae4053e468bc32c349299a5266828a2c7495f092f4b642,2026-09-18 15:23,collector-B,ok,2,1,2,0,1,1,1,1,206,275,324
14a372e16c5e9abffa175f19e57b86d068e84cb3bbdd7da0713a955894f2847f,2026-09-21 22:04,collector-B,ok,2,1,2,0,1,1,1,1,206,275,329
14ea9d7dea8221ddda224b43f42abbe43380415c792e836d3fdf6fe7ca5d47bf,2026-09-22 00:15,collector-A,ok,30,30,7,0,0,1,30,1,3660,695,1530
161d4aa95bf7a924c75e2145719bb548fb0bb17d9be515003435885f078959e2,2026-09-15 11:04,collector-A,ok,1,1,5,1,0,1,0,0,84,509,356
166e2e58c35787f0f3a8d793bf7ab051c4a874dfb7b4dfd4b59bde8cc17914a5,2026-09-21 22:40,collector-B,ok,2,1,2,0,1,1,1,1,206,275,328
1679a21d2ab9bd5a3c532b83420f72b1c0ab372cd24173463dff255e74bab10b,2026-09-21 22:40,collector-B,ok,2,1,2,0,1,1,1,1,206,275,328
16c4adbf06ab4bf6025f3c9461e879465eb6ef8e9d5bf3d9d8a9db1a3587a491,2026-09-15 15:28,collector-A,ok,3,3,7,3,0,1,0,0,252,677,521
16ef1d06a5acf6a23c1ce0596994d347dc9b219cdeda4055ee925042cd12d874,2026-09-16 14:59,collector-A,ok,24,24,28,24,0,1,0,0,2016,2388,2214
172952c756e8ccdb958e6918dfc68b482069dbddc6a7e836c0b53f072f7c0220,2026-09-22 06:26,collector-A,ok,2,2,4,0,0,1,0,0,1554,372,294
173130bc004710334d62c330b5a757c0b0f4c867f161e7e6890087987ab0adbb,2026-09-20 18:00,collector-A,ok,24,24,25,21,0,1,2,2,3448,2212,2111
1736528ab7446f982080dce87e31db260ef1b120f1920f75ea469a9494fc87af,2026-09-19 17:28,collector-A,ok,45,45,49,45,0,1,0,0,3780,4152,3958
1767be4904c7351262a563337be340bddd9ede46a0d67f4dc7010bb6588d2d89,2026-09-17 20:18,collector-A,ok,27,27,31,27,0,1,0,0,2268,2693,2509
176c5cf4679aa07f2317ef8f7e749c8b39f486b00351dbe8712d4bd61accd309,2026-09-17 15:24,collector-B,ok,2,1,2,0,1,1,1,1,612,275,328
178d52913bb574455e18bf178396aa64f832640ca2da6f210905454556551747,2026-09-19 06:33,collector-A,ok,24,24,28,24,0,1,0,0,2016,2388,2214
178e549859c3d8ec705de844b4b2d356061d5d366b3d21540f51830b719d52c9,2026-09-17 05:19,collector-A,ok,9,9,13,9,0,1,0,0,756,1128,969
17c2ec6158c12b19c0e63a127e5dbfeb3527d733337b47d78668500fc16134ff,2026-09-18 07:07,collector-B,ok,2,1,2,0,1,1,1,1,206,275,325
17dcdc35a43d66c33570bba2c382b702590b8ca1aff01af894277308be700017,2026-09-21 02:10,collector-A,ok,25,25,29,25,0,1,0,0,2100,2472,2297
185e321af4b78b1e74273079a10b58dbccb6dbe72ca8775e7e2c01dee0cdcbe7,2026-09-19 20:43,collector-B,ok,2,1,2,0,1,1,1,1,206,275,325
1873c302a10a409b1f62a060c5fd5c1e00c710cd0aad782bddee9cd9e86112f1,2026-09-22 05:18,collector-A,ok,1,1,4,0,0,1,0,0,84,372,257
1880ff5a3293e38b8a12abe4f6d47e27da2d731b8bb5325f320f71a6ba4d286a,2026-09-21 17:46,collector-A,ok,5,5,4,0,0,1,0,0,3885,372,405
189970fc7a66f9538ef70f9ea905c8b1f1a9b32b6d792281e8f93af350d50842,2026-09-16 14:59,collector-A,ok,1,1,5,1,0,1,0,0,84,456,302
18c02c82e6074103f135694cfc7bbdc0baf1745ee3cc8c3fdd315e04df18ad01,2026-09-16 16:01,collector-B,ok,2,1,3,0,1,1,1,2,610,397,380
18d1ac8e80b1dd3115827d78d64893654953e43dee09489487f12bb5bb41df13,2026-09-21 09:33,collector-A,ok,6,6,2,0,0,1,6,2,732,313,455
19159592957bb1da20d0c0e99c53dc5c2311f3ad5b381b94674e9e558e51f5cc,2026-09-18 19:59,collector-A,ok,70,70,73,69,0,1,0,0,5880,6221,6043
194227bc31f4fef59a83acc6fe58b6ed3d3a12481ed2568719e6829d7749c70d,2026-09-21 23:33,collector-B,ok,2,1,2,0,1,1,1,1,206,275,328
1949d1f25180c6d9c2a2b17b5e0851654b57c7da964e39ca6f14078c33838c39,2026-09-21 18:22,collector-B,ok,2,1,2,0,1,1,2,2,244,313,359
194de1705a0f0ae38a60f5070abbf873024b1736b413a01a2f59b6e4cfa90d90,2026-09-21 19:00,collector-B,ok,2,1,2,0,1,1,2,2,244,313,359
1963efda7a40832bfa1196ff3ddc42bf7b552516de1538257b8c1e270fead1f3,2026-09-22 06:26,collector-A,ok,2,2,4,0,0,1,0,0,1554,372,294
197cff2fe8e25a0ebea5b89fc139a2ba17e27eea72ddf20f60e5d642eccbae5c,2026-09-21 10:12,collector-A,ok,1,1,7,0,0,1,0,0,84,657,419
19806dc587ac7de9739533c9dfd1e83502e33ff984471bfe491132fb112bfb24,2026-09-21 23:57,collector-A,ok,30,30,7,0,0,1,30,1,3660,695,1530
19c82973e736a82dbb1a88b2f3c38d2d2723ed8f9b727a7f7f73b1160902f40a,2026-09-19 17:28,collector-A,ok,5,5,9,5,0,1,5,5,610,1035,734
1a0a760eb9ce2953ae96f4b1958dc6e2ddd0703aa683df600bd02d2546220466,2026-09-18 23:59,collector-B,ok,2,1,2,0,1,1,2,0,244,237,290
1a0e9c19300dba623f3228ce632f203e2d7f846ab65fa1c99a59ce3b90755d6c,2026-09-20 23:39,collector-B,ok,2,1,2,0,1,1,1,1,206,275,325
1a3861262e29dccbc74b9e7090b91f351becf2bd7cfcd38b6e08f9569ad57492,2026-09-21 23:33,collector-B,ok,2,1,2,0,1,1,1,1,206,275,329
1a55d1826a30960305fae5b706815e776f472647bd5814bb97338ba71e839671,2026-09-21 03:32,collector-A,ok,112,112,115,111,0,1,4,4,10238,9848,9588
1a96d0731c1a78c34f3c4f471f7f62af75dfdd4b431088cc12a8e5d17ec4694c,2026-09-20 17:22,collector-B,ok,2,1,3,0,1,1,5,6,358,549,523
1aa140c6d78f0a4ae4144e903659e16736cd35c2b2c022b1a6da289050482599,2026-09-20 18:00,collector-A,ok,28,28,32,28,0,1,0,0,2352,2724,2546
1b38fcb0ee95b3512a014d138b620375f4716e86ecd470636cbbcf600ff2d8c4,2026-09-18 02:28,collector-A,ok,6,6,10,6,0,1,0,0,504,929,771
1b9254b45c36bbf8a8adfee95ce980081d732dac265d01c9939d21aec00f5bd9,2026-09-21 23:01,collector-B,ok,2,1,2,0,1,1,1,1,206,275,328
1b9e560790041f5c000efddebacfca44fbe7ac1fca1a2d868d16dafad6d1f7e2,2026-09-22 00:15,collector-A,ok,6,6,4,0,0,1,0,0,504,372,442
1b9f217cb3bc7fcfdd233b456e1ded4996deb6e867aa430bd20db8e47f18e5f1,2026-09-21 23:09,collector-B,ok,2,1,2,0,1,1,1,1,206,275,328
1bc23b9e69948439eb011ed375c393c547e2d19d35a534d6d4ef6b547783b8eb,2026-09-19 15:56,collector-A,ok,22,22,26,22,0,1,0,0,1848,2220,2048
1bf86fed4be453eeeb88c4b32b07406fcaf4df12d17cf3537e39b934904b92a9,2026-09-21 23:57,collector-A,ok,6,6,7,0,0,1,6,1,732,695,642
1c192454730eac4eb70166758ea26fc51d9ae0205bd34e62a6ec52860c373fdc,2026-09-18 09:20,collector-B,ok,2,1,3,0,1,1,1,2,206,397,380
1c1987b6ee5763a6762ee3f5e403b7b85dd605462d643bb38893dfcec5ea2d5f,2026-09-18 21:22,collector-A,ok,5,5,2,0,0,1,5,1,610,275,385
1c5a000ef5b9aa51e4fe0bd3e3e803981fd149e7d0ec934393ca67278901c897,2026-09-17 14:45,collector-A,ok,99,99,102,98,0,1,1,1,8354,8642,8460
1c5dd7a003a9ca5b3bfdb9b368a834e7c02e577c9f4821318e9723c9a8193909,2026-09-21 22:49,collector-B,ok,2,1,2,0,1,1,1,1,206,275,328
1cb2db03deb28bc577cb3b89bf982dfca003ccb38b9bddac44fa46327c1171c5,2026-09-19 12:48,collector-B,ok,2,1,2,0,1,1,2,2,244,313,359
1cc2f8642c5368c8416f925376e2c4112e970fefdd717bce7e88e606d5fe42bd,2026-09-20 10:22,collector-A,ok,18,18,21,17,0,1,0,0,1572,1860,1727
1d178cd4e9fbe604cfa876aa3d24b361bb701830314b507fb4cc6ede901b887e,2026-09-17 15:22,collector-B,ok,2,1,2,0,1,1,1,1,206,275,328
1d18be375608384fa82f331b4050f33f2fd5500a48472cd5a6c63fc2ddc8768f,2026-09-21 23:47,collector-B,ok,2,1,2,0,1,1,1,1,206,275,328
1d25defa03616bc6a5694ea4bf9f766a7dbbaa8be40572a22617aab66505e370,2026-09-18 22:13,collector-A,ok,2,1,2,0,1,1,6,6,1213,465,497
1d83f17b4237e01ea6065c02ceac153fe2f73532d3a08a183e2f4a118c0c7efd,2026-09-21 10:18,collector-A,ok,1,1,4,0,0,1,0,0,84,372,254
1d88e8eb653571c9fbf3c984e49c1bb4db48da37d213d06a13e874245e3ee3d0,2026-09-21 10:18,collector-A,ok,4,4,4,0,0,1,0,0,336,372,368
1d908d2d2b17a4f87f27c5db375754defbedb005d695d2b9cd3ac8f6d331d62d,2026-09-15 22:53,collector-A,ok,17,17,21,17,0,1,0,0,1428,1800,1633
1dd6c3d5e26dd142cb3aaf6d66a9927273d24d8c82c04f249b5b567ad5e2d7ab,2026-09-21 17:07,collector-A,ok,1,1,4,0,0,1,0,0,762,372,255
1ddf6d87ae8da966984f861e3f4d3534595d72dcd3f63339803d5556a0463383,2026-09-21 12:17,collector-B,ok,2,1,2,0,1,1,1,1,206,275,324
1e229a2c3a123652ee5e80f60d7c081a1b159dc61010151b9f30da63b0757274,2026-09-19 17:28,collector-B,ok,2,1,2,0,1,1,1,1,206,275,324
1e7f49431a1fd16353cecbace82d2e099b69ff0887c197694cc6471bb8cac626,2026-09-17 11:32,collector-B,ok,2,1,2,0,1,1,1,1,1022,275,324
1e9e4733fb842c4e20a1a0962a1ea39d9288ced7d109ac43be77b37c0b5b4511,2026-09-17 05:51,collector-B,ok,2,1,2,0,1,1,1,1,206,275,324
1ed2aa0253152b70ccfb13becffa2732eac12d8000b1731fd389523b3cccb0e5,2026-09-18 23:10,collector-A,ok,5,1,3,1,1,1,16,14,1407,1232,1474
1ed6540312275b3b23280ca3499f71c0fd1dd021fb96839320ddfeed8478547b,2026-09-21 19:16,collector-A,ok,44,44,38,34,0,1,0,0,10626,3228,3415
1ed7d49ba734debe43e0a63a587b92e287f37772736dd7b9847a7bb6c976303b,2026-09-16 18:05,collector-B,ok,2,1,2,0,1,1,1,1,206,275,324
1ef74de51926ea01f1b159ed33931554b1cbf55e11611447f2a99cbf26880240,2026-09-20 10:24,collector-A,ok,2,1,2,0,1,1,2,2,244,313,364
1f3e88c07b092ef2411106f2d67ecdbce1e4099a22469bc931a772879fc7eb85,2026-09-19 14:46,collector-A,ok,56,56,60,56,0,1,0,0,4704,5076,4870
1f6e317c1d7f17a8726256a230d3ee6d0039cfecec1d6f268784daa41c06e79c,2026-09-22 05:58,collector-B,ok,2,1,2,0,1,1,1,1,303,275,324
1f786a0d33cc3595b6538e7b4a7738877747338811c2dd3c56dcf85859c5671a,2026-09-21 22:40,collector-B,ok,2,1,2,0,1,1,1,1,206,275,329
1f8e91a390147a7ca5f3f838ed27335e43ab25591da79491cf2dd00bcc5e59d8,2026-09-20 22:21,collector-A,ok,3,3,7,3,0,1,0,0,252,624,468
1feb8ee469bd22217b9e96a3229314dc1e0dad381d93c9981ea5249b289fa27c,2026-09-21 23:01,collector-B,ok,2,1,2,0,1,1,1,1,206,275,328
20023cf3cd9db26e3774af7a930a8c839ff723f2ee194fe5fc64ede470b4693a,2026-09-18 12:40,collector-B,ok,2,1,2,0,1,1,1,1,206,275,324
2069f048c4aee6830f27e746dae8a37feede56555ad5513d0c2cc73c03bf69f5,2026-09-21 23:01,collector-B,ok,2,1,2,0,1,1,1,1,206,275,328
2085d48e22256defdbd2b25bb59eef9ae6dd5b983c525f0ffecff9401e6492b2,2026-09-15 06:54,collector-B,ok,2,1,3,0,1,1,2,3,244,435,411
20973b82d570f5a3dbb08eefa56e0ed8acf75d9746134f6b0313d2c8ec1ac1e6,2026-09-20 04:28,collector-A,ok,6,6,9,5,0,1,0,0,504,792,673
2128aab8ec49760a7309555177a4c19342f23c08ca137ea457dec790de108fe7,2026-09-22 00:15,collector-A,ok,30,30,28,21,0,1,13,6,3014,2649,2635
2134340801fb03f913ed6acad984bf93ff22e36e15baf1d019123e90b415a517,2026-09-21 23:24,collector-B,ok,2,1,2,0,1,1,1,1,206,275,328
2175ec79bc47cceeb8ae6b96afc446d733d05d610f457f85f4fdfa7274498c07,2026-09-20 00:31,collector-A,ok,38,38,42,38,0,1,0,0,3192,3617,3428
217ebc0b36e2a0c748d8523f62cce4a03b76cfbb0160d5ce4fc54cc1ae05da65,2026-09-17 17:14,collector-A,ok,1,1,4,0,0,1,0,0,762,372,255
218eaa45f708c1fa403a7ec2590cfe6255868d4566705df838811993000d9fab,2026-09-21 22:40,collector-B,ok,2,1,2,0,1,1,1,1,206,275,328
21b75ab601439a7f4ed74e6fd2c6ef89f1b8d5661091c47603af67c3c137a0ad,2026-09-21 23:33,collector-B,ok,2,1,2,0,1,1,1,1,206,275,328
21e6cf021b93501c552885e65d9dff271422c25d328ba605da93aab66bfdeb1d,2026-09-17 15:06,collector-A,ok,1,1,4,0,0,1,0,0,84,372,253
224cc277f4875b4f8b519fa45121de7f87b98bb7369a74c416bf38f6d3031e2a,2026-09-21 23:01,collector-B,ok,2,1,2,0,1,1,1,1,206,275,328
2256f73e293f5b07ccf2b6e3d56cb8400adaffbe95588c0b07a50e28cd1a8bca,2026-09-18 23:00,collector-B,ok,2,1,3,0,1,1,3,4,282,473,445
22a099fee7a934e24fb1b0cd784c09a19e6d69acd73ac5712a0840b6df49655e,2026-09-18 12:44,collector-A,ok,3,3,2,0,0,1,3,1,366,275,308
22a2f88bfd87f555b0d9ab433cf6f513c4d9c54a5000ffa392dfc20059edbfd8,2026-09-19 10:53,collector-A,ok,105,105,100,96,0,1,0,0,10191,8436,8545
238e79f048d41ef9535b361579ff2bb82367a44663dceba778d9b7c1d7fdc3b3,2026-09-16 06:27,collector-A,ok,1,1,4,0,0,1,0,0,762,372,255
23c1d7beaa08a884ff9353d94b963e1a370b383643b0de0742b6bd7f8989ed75,2026-09-15 02:51,collector-B,ok,2,1,2,0,1,1,1,1,206,275,325
23d1cecea8877803dd341661088326cc7b7744cbcf004d064ebc1af8ac2b88fa,2026-09-17 01:19,collector-A,ok,3,3,2,0,0,1,3,3,2329,351,376
23d3d8410f2a6f45bddb91b484d5615ba8d375d7971ca1324583723d5219b23b,2026-09-21 22:40,collector-B,ok,2,1,2,0,1,1,1,1,206,275,328
23d84656a41ad8757d58f61c69c4b0464d62dcab8e27280573059909dd4a82b7,2026-09-18 10:51,collector-B,ok,2,1,2,0,1,1,1,1,206,275,324
240835714c9e3276089143505bc9707b49cd17dfaa11c211ee4bee08d1ea63b7,2026-09-21 23:09,collector-B,ok,2,1,2,0,1,1,1,1,206,275,328
243d447c841228a708e62a7ac4eed7ae53d0debafa34817b1f26d630cb3dad37,2026-09-21 04:39,collector-B,ok,2,1,2,0,1,1,1,1,1023,275,325
244154e6e14ff2c9bc4f0a7f84567445a55566b88c3f4836c297e535b77abcc3,2026-09-21 14:49,collector-A,ok,2,2,6,2,0,1,2,2,244,669,513
2455a204bcc0bab8a326e732f6d50ae469818fba177b9d2d3a0616659fce6e7e,2026-09-18 14:11,collector-A,ok,148,148,152,148,0,1,17,17,13078,13450,12824
248876a458eb3854c3f46a7ed5598a5dc2c9f3915d385f8555b51b75a7b85912,2026-09-19 15:34,collector-A,ok,24,24,20,16,0,1,0,0,2016,1716,1840
249e4c5d979772032d8b80b66d3a06fe0cab81e1cdaa49fde809778ceee8d189,2026-09-16 20:20,collector-A,ok,19,19,23,19,0,1,0,0,1596,1968,1799
250003879fdb425356ab2afbded12ad1c852ffa8760c7503ad991b9c1a77b536,2026-09-15 13:18,collector-A,ok,2,2,6,2,0,1,0,0,168,540,386
2510157f470c5d0e97256f02bd6e58f6bf229109e3a130960c455ed2c3766234,2026-09-21 07:29,collector-A,ok,2,2,7,0,0,1,2,1,1044,695,492
255c6cc39b4b80333ee5147d020a73a1c74ad8871e2db1d940edbb6bac6ecfd3,2026-09-21 23:20,collector-B,ok,2,1,2,0,1,1,1,1,206,275,328
25ad5e826421c858c1a9ded3ec52d759a98fc5343983bcffd6fee30e341b1ef2,2026-09-21 23:01,collector-B,ok,2,1,2,0,1,1,1,1,206,275,329
25f19f7cc77495b581a5f6e6bfddf7fae575b1cb547e3a46221f184561d88aff,2026-09-21 22:04,collector-B,ok,2,1,2,0,1,1,1,1,206,275,328
25f480717002c7a228f0b4c41f5fa7e565432ed91a021db0a4ae66ceddf3ee40,2026-09-21 05:28,collector-A,ok,1,1,5,1,0,1,0,0,84,456,301
26394385903b88ad04a810c3bd42aca837da44e9d736ea16b7dc91ee1ae7f59e,2026-09-16 13:30,collector-A,ok,39,39,43,39,0,1,0,0,3276,3701,3512
26a41258ddb92eadef68e5b9da06ebf8022e9bedc31efb66de29bfa5afebab53,2026-09-17 09:35,collector-A,ok,2,1,2,0,1,1,1,1,1022,275,326
26d8966bf89bd34ca78cae18574811c6c85476a8c0f6ebf8717e7b06e144477c,2026-09-20 08:34,collector-A,ok,4,4,2,0,0,1,4,1,488,275,346
26ef029dc03340ee63111a00779f5aed4c2bb1d69bc87891f512e69e35650693,2026-09-16 12:58,collector-A,ok,4,4,8,4,0,1,0,0,336,708,553
271c0e8de4e03e54c9750689670235adf55427c7b7a0e7e612329d306f542f24,2026-09-22 04:39,collector-A,ok,2,2,4,0,0,1,0,0,1554,372,294
279d3b639d5f8e440351439983df7110ebc7303287610bbc74d56a9fea354731,2026-09-21 22:40,collector-B,ok,2,1,2,0,1,1,1,1,206,275,328
27aca9f6fad6e7b4fc564777f19fcca82150c474dfca0e22302d7c68607489b4,2026-09-21 19:00,collector-A,ok,8,8,2,0,0,1,8,2,1072,313,529
27e5942748c1954aebb76a0a31fe74837794c2fee85f04807ad3e22aa3a6da06,2026-09-22 00:18,collector-B,ok,2,1,2,0,1,1,1,1,206,275,328
281586f9c52a46dafb9fbaed913967b7335b6f3e59fc5cb8ccc79720f5813dc3,2026-09-21 08:41,collector-B,ok,2,1,2,0,1,1,1,1,1202,275,324
28868a290f177393bed2e6108fe093a04154654fb6c2126ce3712bd68a947453,2026-09-17 02:28,collector-A,ok,36,36,40,36,0,1,0,0,3024,3396,3207
288fc52e9ed39e5df19bddadcf4c041384600bda84d812d6076cbf69e76042a9,2026-09-19 20:28,collector-A,ok,1,1,5,1,0,1,0,0,84,456,302
28a626d3a7b130d9557f3ca35ae8517a6e849e9958f94562e48958181f3ba8be,2026-09-19 23:55,collector-A,ok,14,14,18,14,0,1,0,0,1176,1548,1383
2941a38671a1c184a1d5dcca38d95d5ea2db9f94038be1d73a3dcc3cb4d9db3a,2026-09-16 04:47,collector-A,ok,41,41,44,40,0,1,0,0,3462,3803,3649
29606ddde387b785f04da8950d4d22525294b60fe26ca77946c05c20e48870fa,2026-09-21 19:45,collector-B,ok,2,1,2,0,1,1,2,2,244,313,359
296cb03b7fa40f35d521cdabdcee45a03bdf0745663a304630021638b88a8d69,2026-09-17 01:02,collector-A,ok,7,7,2,0,0,1,7,1,854,275,458
296d97da6241d11e3d76219bde3b123ea982cfe805ec952f429d873e1468dc01,2026-09-18 19:51,collector-B,ok,2,1,3,0,1,1,8,9,472,663,621
2a414a91752aa1afe9c58f4716d3273d80f2588b4c54776ead5fa782ac0b28e3,2026-09-21 22:04,collector-B,ok,2,1,2,0,1,1,1,1,206,275,328
2a655ec20cc46b054bdeb13cad2af1264886b7eb213441aa54269d35d95c05c8,2026-09-15 02:46,collector-B,ok,2,1,2,0,1,1,1,1,206,275,327
2b0170df3e155b160e0c2c8c8413592ad9b065da65e4e0d1a229f05f8b7af810,2026-09-21 23:49,collector-B,ok,2,1,2,0,1,1,1,1,206,275,328
2b3339ae11773d994b87a3672168079b1ac641b533312aba3fe13fb60823137b,2026-09-22 00:17,collector-B,ok,2,1,2,0,1,1,1,1,206,275,328
2b36faab73c9521866881f3d002a8ea972930f8156c0f134b52afc3d11f1bec1,2026-09-17 20:27,collector-A,ok,6,6,10,6,0,1,0,0,504,929,769
2b50b8ac1eb44d20033cb6242e757de515279c3415154b7b0847956746e85971,2026-09-18 12:40,collector-B,ok,2,1,2,0,1,1,1,1,206,275,324
2b7302156bd4b61010ce9a48f010a97f8b02e09c28533e99f959c98a0662d8db,2026-09-16 06:38,collector-B,ok,2,1,2,0,1,1,2,2,795,313,365
2b96c6a235177426873a4472cf27ec0c8134f25f6d7339c82913af0f09d64d33,2026-09-16 19:50,collector-A,ok,24,24,28,24,0,1,5,5,2206,2578,2396
2bd7d284516a9961345ee0f7e853bd2c25a8647f48d3177d667d56f07d696473,2026-09-19 18:19,collector-B,ok,2,1,2,0,1,1,1,1,206,275,324
2bd9887063903d43c15dbb7706603202e5155231e01d03baa49234128fe3fc89,2026-09-20 03:16,collector-A,ok,45,45,48,44,0,1,0,0,4458,4121,3962
2bf12df8cb089722888991e46e4e3a21c9876dce84896fb2338780d29686b802,2026-09-18 04:15,collector-A,ok,134,134,138,134,0,1,0,0,11256,11628,11416
2cc2a10eb7536f4e4e5c371bad24987331f1bfee4e2161d23e6c34bf9833c719,2026-09-21 22:40,collector-B,ok,2,1,2,0,1,1,1,1,206,275,328
2cc4986429cbfc5757606272f1af6d61b9971d7dd18b9425353bbe4c219df6c5,2026-09-19 12:02,collector-A,ok,8,8,2,0,0,1,8,1,976,275,495
2d0332e2ad97774830be038c3c19ef2ab4337373c137a52703dca621b4d49256,2026-09-21 08:21,collector-A,ok,2,2,4,0,0,1,0,0,168,372,292
2d24136025de06d97fd5c5a34a1efbc217c809f98722285ded8f4f8f1f6ac624,2026-09-21 22:49,collector-B,ok,2,1,2,0,1,1,1,1,206,275,328
2d463db8c22034e959b7979352328d28284081794bd0e33e7dc7e88c48073148,2026-09-15 10:39,collector-A,ok,14,14,18,14,0,1,0,0,1176,1601,1436
2d5e61d184344f81a3a89e21d77157a4e90fad824d48fe64e238445d593afeef,2026-09-21 23:47,collector-B,ok,2,1,2,0,1,1,1,1,206,275,328
2d8033eacfe5efba7677684d255269488e85255472a341ef0afb2dfe78b760d0,2026-09-16 22:28,collector-A,ok,53,53,56,52,0,1,0,0,4470,4758,4593
2d82a3ccb98ab29a8340452800753d1f82f2469aee382d275b8a532456391cc7,2026-09-19 17:56,collector-B,ok,5,5,3,0,0,1,5,2,610,397,429
2d9b30e76670cf3753c4f39b70789430f0c1e01dc7cafe0bd65c2329c3804638,2026-09-21 22:04,collector-B,ok,2,1,2,0,1,1,1,1,206,275,328
2e77589becadbf60e4766a21044edb8309f4f952e8a8a2b69ed62a5bc6a4ced7,2026-09-16 08:43,collector-A,ok,25,25,29,25,0,1,0,0,2100,2472,2297
2e83ca70268a344e84ee8d95c8655fa3f68c65d6eba86ab748703e677f558489,2026-09-21 23:01,collector-B,ok,2,1,2,0,1,1,1,1,206,275,328
2eb4e30894f310deccefbbfdef4a84878fa1188d72683aea1e43db0e285560c2,2026-09-16 12:43,collector-A,ok,6,6,10,6,0,1,0,0,504,876,718
2edb9f994655fdfdb93141a20d8226caf56b52ff20169ff6a67381096969a24a,2026-09-21 20:51,collector-A,ok,20,20,24,20,0,1,0,0,1680,2052,1881
2f67523ac4716413c0b1c24642466f88244a2c82d26a3e557701aea449e4b107,2026-09-15 02:46,collector-B,ok,2,1,2,0,1,1,1,1,206,275,328
2fa8ef248eb5669df11240e877bff1a859888e644340af4e52975d30f50555f0,2026-09-21 21:48,collector-A,ok,1,1,5,1,0,1,0,0,84,456,301
2ff1754054c355f9d8411363a2120b846ff0c28f17ae6f6954ca51a982ecf14b,2026-09-16 21:13,collector-A,ok,15,15,19,15,0,1,0,0,1260,1685,1520
2ff2ecc896e83b97f9ffe347a438524c7de7412a107ecf2921810e848a39878e,2026-09-22 00:17,collector-B,ok,2,1,2,0,1,1,1,1,206,275,328
301a73ca49a997a020ed1ebdad62c2f3f93d580fa02f2b5041316c6470305990,2026-09-20 18:06,collector-A,ok,3,3,7,3,0,1,2,2,328,700,507
308f651b556eb8ce3ac92b03edada50c94983bd541dc2a41392254819bc05edb,2026-09-21 23:20,collector-B,ok,2,1,2,0,1,1,1,1,206,275,329
3098b5e48afae0919368ca037f186ab89bff8de3816dd0777b8c57398b3800ad,2026-09-19 21:34,collector-A,ok,2,2,6,2,0,1,0,0,168,540,386
30b56be9f383d58aad813da744420173a971d19aef9ab3396411d2d9a10e2c01,2026-09-18 02:03,collector-B,ok,2,1,2,0,1,1,1,1,206,275,324
30b68dd1d1f95b420190df0a31cf41ef95b29f3812543e0ebb16234c4872b471,2026-09-21 23:20,collector-B,ok,2,1,2,0,1,1,1,1,206,275,328
30e0da9549150b5a8f928dd7cd2a30625c866de3b06d8095b6853b22ad45c0e1,2026-09-21 19:30,collector-A,ok,3,3,4,0,0,1,0,0,2316,372,331
30e40a90d4a326987c1e629d42a2ece59fcc3ae524a22204406932f8018d89a6,2026-09-17 16:08,collector-A,ok,24,24,27,23,0,1,0,0,2016,2304,2164
31dcb793c68390146cbcd6a31ee1861c107946a1bb2445c7cc49a687f810cc97,2026-09-21 17:44,collector-A,ok,2,2,4,0,0,1,0,0,1554,372,294
31ee0cc304eb2f7945e8cbeaaa69327ce052df52d0e27430e21efedb7d8d3be8,2026-09-17 10:41,collector-A,ok,20,20,24,20,0,1,0,0,1680,2052,1879
32468a820974da79a381679ff3f08121a61d454bdc2aedfb449ef4fd98d632d9,2026-09-17 07:32,collector-A,ok,28,28,32,28,0,1,0,0,2352,2724,2546
325afef66daddb9d60b31870dfdb2779c9f10fb45e40ad16aa4edb62ff48bcd4,2026-09-21 23:33,collector-B,ok,2,1,2,0,1,1,1,1,206,275,328
32757d6177b2c2f1dd41e43ba83cbee314cd68ad685995b2889e1af88f91c8dd,2026-09-15 13:30,collector-A,ok,20,20,24,20,0,1,0,0,1680,2105,1936
32772d9fc869485829a12926a9f4d9e9e038330222cb520f7d6b7398c9b807f7,2026-09-21 04:52,collector-A,ok,50,50,54,50,0,1,0,0,4200,4625,4431
32a847f103a7d68d63f14552836a85db7c1822c8891b0e37ccef4df830ee5599,2026-09-20 15:56,collector-A,ok,6,6,10,6,0,1,0,0,504,876,719
3347abbc3bc27d24e6301643d486be4eff90b6a6145ca26e3ecfa963f3a4fb1b,2026-09-21 23:20,collector-B,ok,2,1,2,0,1,1,1,1,206,275,328
334addef04c22ada2bb107fd0573820dd0c53dc63fa2412301bb7fd1371372ac,2026-09-21 23:01,collector-B,ok,2,1,2,0,1,1,1,1,206,275,328
339ddfa2b867148a1499b74749d04608fd59ee30de098c0fd3d962cb8c3ad570,2026-09-22 03:25,collector-A,ok,2,2,4,0,0,1,0,0,168,372,294
33f6ff6b22410eae5c4f8c4b12a065fa783a19fd460c8d167f97ebfb96ad8a3b,2026-09-21 22:40,collector-B,ok,2,1,2,0,1,1,1,1,206,275,329
345d8901ee2e8acf6c68a6fab11c70c1e3e0625ef0c4a578bfe0569243bae059,2026-09-21 22:40,collector-B,ok,2,1,2,0,1,1,1,1,206,275,328
34e2f5967f71cea4ea0e0c9be2ffd5659864c06987767c3eeeff3fef13c713af,2026-09-21 22:39,collector-B,ok,2,1,2,0,1,1,1,1,206,275,329
34eda72daa95298249f75d9dcd544d30577739e6b510e850ff7bacdf033d0c97,2026-09-22 00:27,collector-B,ok,2,1,2,0,1,1,1,1,206,275,329
358e629dfbba5727db7f04588f3626973fee588db4d0203ac21a7fcdc3fab57e,2026-09-18 19:07,collector-A,ok,6,6,12,5,0,1,0,0,504,1077,841
35e404ae022f3cdac2c428d8ca77d349430cb8dc13d40b669ca0b0c6671aec57,2026-09-21 23:20,collector-B,ok,2,1,2,0,1,1,1,1,206,275,329
3628ed4e2ab02a37d5143d6fe74dc2e2e1e0231aed07bd2222fe585dc14abf2b,2026-09-21 23:20,collector-B,ok,2,1,2,0,1,1,1,1,206,275,328
364b382fc176c2e5ff9ecddc916c88574120079de7dea59c305291244eec73ea,2026-09-21 17:37,collector-A,ok,2,1,2,0,1,1,3,3,379,351,394
36644db446b5154911fece12b990a97da16242c4caf6a93f4f63ce5dad326d8e,2026-09-21 22:49,collector-B,ok,2,1,2,0,1,1,1,1,206,275,328
366a84fdda146760c599715ae6860b0595e9c22251a39023ae8c1e9136cb0b06,2026-09-20 16:58,collector-A,ok,18,18,22,18,0,1,0,0,1512,1884,1713
3675790970102d08777f31e668081ab6275524d8bc4c7c32207b193f4fb1971b,2026-09-19 06:52,collector-B,ok,2,1,2,0,1,1,1,1,206,275,324
3690fb2e90485667467786a85927a75d2785c56a7cd671182496b07ec0e7c4b8,2026-09-22 00:15,collector-A,ok,15,15,7,0,0,1,15,1,1830,695,975
3693910033f4493b7b6c1aa4056d17bb4afe9dfa4e9601ec22dda22241f8b87d,2026-09-17 12:44,collector-A,ok,47,47,51,47,0,1,0,0,3948,4320,4123
369c1addd91fe460897626dcc9fb93a19fce26d665da258d77a815f5f3a9ba57,2026-09-21 22:40,collector-B,ok,2,1,2,0,1,1,1,1,206,275,328
36a974cc208b8090a1423b48fb9afbad1ffc288516d99c9adaeb1273d931d27d,2026-09-21 23:47,collector-A,ok,30,30,7,0,0,1,30,1,3660,695,1530
36b596a4be87966e95467a532b8066db6726453df01ea5108e23461077104c3c,2026-09-19 15:56,collector-B,ok,2,1,2,0,1,1,1,1,206,275,324
36b68382e47791f3492475a77d1155d39c94c31110a3cf64bff9ae46dbdcfdd8,2026-09-21 23:57,collector-A,ok,30,30,7,0,0,1,30,1,3660,695,1530
36d6f6a933c2ebccaffa7d4001e47c078b372cae8df08af8b2edc6b7839d40c9,2026-09-22 05:25,collector-A,ok,5,5,4,0,0,1,0,0,420,372,404
36f754be4e196582287d73cf4faf48835de119b9a0d744a376a2176b9d3adfce,2026-09-15 08:55,collector-B,ok,2,1,2,0,1,1,1,1,206,275,325
371beb6a20102d537f7dec6b18b57410800398183aaccf5618241837f48bad35,2026-09-17 04:01,collector-A,ok,1,1,4,0,0,1,0,0,84,372,255
3760a95cba39d6f388e5229a89fc408acb7da81ab234bd19887186ad0ac62209,2026-09-20 11:38,collector-A,ok,1,1,4,0,0,1,0,0,84,372,257
379bb826030d1e264ff2d2eb9b322c813c25f2b6bb1a50e69b2962ddb71b4929,2026-09-21 23:20,collector-B,ok,2,1,2,0,1,1,1,1,206,275,328
37aed049afe5a2fa6463e5a709177f56e59fc180e8d3762646ec21a6847aba02,2026-09-16 17:59,collector-B,ok,2,1,3,0,1,1,1,2,206,397,373
37f8fd5f8489434c8ca33347c6ff27cc02bffde884f433bf5db7dc10a2299544,2026-09-21 23:09,collector-B,ok,2,1,2,0,1,1,1,1,206,275,328
380b37e1dd3cc9b9528ceb9d9babbc5b6fe6245d2593ddb4a4dbed2f16dddb6d,2026-09-18 13:13,collector-A,ok,2,1,2,0,1,1,1,1,307,275,327
38a7796513fdab4086cecadaa2a448e7da316c228ad46061673c94e317c0f32d,2026-09-19 17:52,collector-A,ok,22,22,26,22,0,1,0,0,1848,2220,2048
38b6d8eaee0516917ed0b467284063740e96b59ca5f8d9f54b4de0b9e56df4e1,2026-09-15 13:30,collector-A,ok,1,1,2,0,0,1,1,1,222,275,234
38c0941b7a965a9a0593fe0b7a4d36e6525ab86d59f1fbf96b7f6e4129350087,2026-09-22 02:28,collector-A,ok,2,2,4,0,0,1,0,0,1554,372,294
38d29fe60298c5a61ea7244af654b96cbbe3f7c0aaa90874b17080da48d3353f,2026-09-21 23:01,collector-B,ok,2,1,2,0,1,1,1,1,206,275,328
39a711213063e4d31a402e8a3a7ea88c720382136b702b7a40ad8df36810bdc5,2026-09-18 23:41,collector-B,ok,2,1,2,0,1,1,1,1,206,275,324
39f7ca8fcd6dbd9c6f94a575dcb3755d16c981f442861b623fca677c57588485,2026-09-21 02:22,collector-A,ok,7,6,2,0,1,1,7,1,854,275,515
3a2b1ab925e897bb8f4fd698d8fa232b363781687b4d15fdb8a06a7a53dce525,2026-09-21 23:47,collector-A,ok,30,30,7,0,0,1,30,1,3660,695,1530
3a3388dc0099c04bc8f6f1cb08867c46e75d5a17f894395c922c0a127a1b2863,2026-09-21 23:33,collector-B,ok,2,1,2,0,1,1,1,1,206,275,328
3ac6845ec43b0c52f4af50f4ed15cd29e2638e844f2027a780f8430636475ad8,2026-09-22 03:36,collector-B,ok,6,6,3,0,0,1,6,2,732,397,468
3b0976817be7fc872b31de95ab362c5db14a175b65230c420fc5c2c21434f8c9,2026-09-21 23:01,collector-B,ok,2,1,2,0,1,1,1,1,206,275,328
3b099c3b2260b51659906158bc6cfd98765132835aa9ef863f8645f3e89f685b,2026-09-22 04:04,collector-B,ok,2,1,2,0,1,1,1,1,307,275,324
3b10346e5998e3f4fbe99244a58398cb92a44c52b2830e2119772cbc78d4d54e,2026-09-15 09:43,collector-B,ok,2,1,2,0,1,1,1,1,206,275,325
3bb658622555ac928d4c5b12154bc64d1f34488e2c572aafab3a6672ca29305b,2026-09-21 01:54,collector-A,ok,6,5,2,0,1,1,5,1,694,275,478
3bcafcdca8730b1b1d641a3321482ac3aeb1a13be2224b1a4a0c00d8bdcf3071,2026-09-15 15:03,collector-A,ok,25,25,29,25,0,1,0,0,2100,2472,2297
3bd71930a4cd5f9bc7c2b0467deddcf008ad2db3c19b92f14cef0119b607feb7,2026-09-21 22:04,collector-B,ok,2,1,2,0,1,1,1,1,206,275,328
3bd7a61a168cff7d7daefc5cb7da093c5b68f1badb8067d8ca9e25086c6f2b3a,2026-09-21 22:02,collector-B,ok,2,1,2,0,1,1,1,1,206,275,328
3c3579b2469a14110a7f52c1fc21722469bf6d6377b46060d6047357c2e81ff8,2026-09-21 23:01,collector-B,ok,2,1,2,0,1,1,1,1,206,275,328
3c3e52d26ccb336cee36bc27e1c43a8b458b71da6cbb522f14da192e4722116a,2026-09-15 21:46,collector-A,ok,14,14,18,14,0,1,0,0,1176,1601,1438
3c4fcd16b8ec7ca152a6b0e4eafd5450d301a242f7a4fd1757c980e64fefae46,2026-09-21 23:33,collector-B,ok,2,1,2,0,1,1,1,1,206,275,328
3cb60749561e54f8a733f43a5ff4fc11b675c4f36c39502c41bf3727112b21e9,2026-09-20 22:21,collector-A,ok,15,15,19,15,0,1,0,0,1290,1662,1497
3cbd6cb9c8acde6ba8c85c71339cf97ec4dc35a375e54f0ee397667d586faab9,2026-09-16 21:53,collector-A,ok,36,36,40,36,0,1,0,0,3024,3396,3209
3cc44cfca1cc144e9c067f354b6f42b7182d3186803beb2af3b002d85e6460d1,2026-09-17 00:35,collector-A,ok,1,1,5,1,0,1,0,0,84,456,302
3cd96898cbbe32a79b52a288596c6031bd9255d0fe6c8506d5f76e209399c9cc,2026-09-20 13:18,collector-B,ok,2,1,2,0,1,1,1,1,206,275,325
3ce7bc8e84738a3c901a7f78479f89fde11b097ef742b6d4eb5795cf794c2961,2026-09-15 13:14,collector-A,ok,1,1,5,1,0,1,1,1,122,494,337
3d9566e3c8565c89d69e4682e241b4972f1c40ad1323321d17c4a670c1f389a5,2026-09-21 16:48,collector-A,ok,41,41,33,29,0,1,0,0,11760,2861,3127
3ebc74e9428f61e78b4bc5a62453fbb11a53f3e9d179450762a84bb97f38cd1a,2026-09-20 14:42,collector-A,ok,23,23,27,23,0,1,0,0,1932,2304,2131
3ed8d375ef8368316d20a8e497a86ebee8a9899b7292e0c41ce778b06c677c09,2026-09-17 00:54,collector-A,ok,3,3,7,3,0,1,0,0,252,624,469
3f7ee46d6ddbac3edf7d8b05bb48b6dee68570d7e835d9b8a35e66a797018c83,2026-09-15 20:15,collector-A,ok,87,87,90,86,0,1,0,0,7986,7596,7417
3fc8cc0e865ff9594d82a2c4c303ce42fcc5886f69e090c8a9e0bced2edfdb98,2026-09-21 22:04,collector-B,ok,2,1,2,0,1,1,1,1,206,275,328
3ff860054391967d4ce5ae7a30d3c8975d88cd6b3647e508bcf85c47aed65446,2026-09-21 17:20,collector-B,ok,2,1,2,0,1,1,2,2,244,313,363
4053f07fabe3c0bc8c322d1f2950711a70fa6724140219a2638c54e7e78c7530,2026-09-21 22:49,collector-B,ok,2,1,2,0,1,1,1,1,206,275,328
406270b8a149f0c848820889de207e396cf87f9d9fd730f67dca007ec22af656,2026-09-18 09:08,collector-A,ok,2,2,2,0,0,1,2,2,1878,313,304
4093107bf1a6b46d6afcb5fabf9674a6dd795851c46de2bd4f76824b6dfd3fe2,2026-09-21 10:12,collector-A,ok,13,13,4,0,0,1,0,0,2448,372,701
40dd82005c1e2997d6cd1ff040e1631fadc2d90d52e7b82bdba9a365ee233b5a,2026-09-16 16:08,collector-A,ok,13,13,17,13,0,1,0,0,1092,1464,1301
411f23d5b5c091c9e5e3068495a94f21853d946b54d8d8eade3c1ead97be8c9c,2026-09-21 23:47,collector-B,ok,2,1,2,0,1,1,1,1,206,275,328
412eed450dce4b6c33ad9873dc4062b94b2a48e7811b21f51413be28c1e0d07b,2026-09-16 23:18,collector-A,ok,1,1,7,0,0,1,1,1,122,695,453
4141eb7ba3c796bce57b704c683a8a769dfbda350d85fe6a4ce2638d4e3b445b,2026-09-20 14:04,collector-A,ok,9,9,13,9,0,1,0,0,756,1128,969
416342f0f73fa2ca9d7128f4bde9f2a5a3662e9cdf88b613bd1f65d3309a8c38,2026-09-16 02:08,collector-A,ok,47,47,50,46,0,1,0,0,3948,4236,4076
416622da3095a9527e8f40e8f190876692f1cfc5fa269aced155fa0d6f478c72,2026-09-19 18:29,collector-A,ok,27,27,31,27,0,1,2,2,2344,2769,2543
41838bac876ddac4e9f48c9e4fec89a69524c650f8815ebab70aeb71f92715db,2026-09-22 02:12,collector-B,ok,8,8,3,0,0,1,8,3,1073,435,576
418bdeaa238323a0990975495405545488b3ea80be483ff27f290bdb6c46cef7,2026-09-21 10:27,collector-A,ok,2,2,4,0,0,1,0,0,168,372,292
41a6935dc0f32307adda8ecd0f086b97ea1bd69177d33fd1a3ef565c8425ab95,2026-09-21 23:01,collector-B,ok,2,1,2,0,1,1,1,1,206,275,328
41e23c4727ca8815346a65afa08561f5f00f4b1a12cd253706ab910a4c79e51e,2026-09-21 23:20,collector-B,ok,2,1,2,0,1,1,1,1,206,275,328
42111bfc91b7046eec1950ce9f23c25c6f1fee7a76822c403e82e2a1238f6992,2026-09-19 18:49,collector-A,ok,2,1,3,1,1,1,25,24,1513,1628,1497
422c87bc05fa877ddf4dc9f4991648b59cc3517268ed186ea622c85ff867dcca,2026-09-20 12:54,collector-A,ok,23,23,27,23,0,1,0,0,1932,2304,2130
426bb8b832fc26f97edf68451cca1f90d2dc6babbe1e7d203709ae4e724c1aa4,2026-09-21 22:40,collector-B,ok,2,1,2,0,1,1,1,1,206,275,328
427b07dfb19d0790f569bf3e79c7fb156ae4b396f9a023c7aceac6d5c785abcd,2026-09-21 23:33,collector-B,ok,2,1,2,0,1,1,1,1,206,275,328
427b1f4b4fadc7b78addbdca45902b4aea38cd16167127b30727e387bda9fc6e,2026-09-21 22:04,collector-B,ok,2,1,2,0,1,1,1,1,206,275,328
42b7f2ce2f7cfad99c72625ba18b0ddad1b283bb4bdfe226a53a4e87c5863dd6,2026-09-22 00:18,collector-A,ok,30,30,7,0,0,1,30,1,3660,695,1530
42b8b70cec864dd6d68e80104823b30314418efc2f153b12afac106f30969d36,2026-09-19 01:57,collector-A,ok,3,3,7,3,0,1,0,0,252,624,468
431384d0fb75dc99d9dbb20e8bb9900bd05fac5867c29050daae36396ac6cfe2,2026-09-18 00:19,collector-A,ok,108,108,112,108,0,1,0,0,9090,9462,9247
436c55d1b023529998b9204beb44cacd7a4052565843d32560be587ab5dd43dc,2026-09-21 14:44,collector-A,ok,2,1,2,0,1,1,2,2,244,313,368
4378d9c4bf02c11a438da761cf53c1c5ec1be9cc538dc1510b1b2f67d603c006,2026-09-21 22:40,collector-B,ok,2,1,2,0,1,1,1,1,206,275,328
44ab8e896e45a816665ff9ec52ae82b86c716cc5476a92327c9173b8731da385,2026-09-19 07:02,collector-A,ok,31,31,35,31,0,1,0,0,2604,2976,2795
44cd137075b0fc9d1fa474911b2f5261d7042a833b4eea770a68fef967206009,2026-09-22 00:15,collector-A,ok,4,4,11,4,0,1,0,0,336,993,720
44d0fd38db91bb5e2944454168def57a1dda986daa173d40e34bfb631942d270,2026-09-17 00:54,collector-A,ok,25,25,29,25,0,1,0,0,2100,2472,2297
44d92751e1edd9338aa1b7b735dbaff076f165537c07fb5677150e290861356b,2026-09-21 23:33,collector-B,ok,2,1,2,0,1,1,1,1,206,275,328
4505e093ee3d831999c09fdf1c8590bfd996990ab57fb95176d8d7ca1164b6fd,2026-09-18 04:28,collector-A,ok,1,1,5,1,0,1,0,0,84,456,303
452dc43f0ce337dc03eac8347c28432adcf51d2cc9089276bddaefdac44ecf69,2026-09-21 23:47,collector-A,ok,30,30,7,0,0,1,30,1,3660,695,1530
45aa16322d6f948b78b5267ac06198045e807c5837ac749a2868595da40c4122,2026-09-21 22:02,collector-B,ok,2,1,2,0,1,1,1,1,206,275,328
4642fb3ca69a810218382c256a3b1536f33cd7b43766ca3cfbed96018001a3a0,2026-09-21 20:17,collector-A,ok,5,5,7,4,0,1,0,0,420,657,576
4646c18a9d500b9f522d2a3f379f86c4fdcbb3c39b4ef8f6a40d172606a1239e,2026-09-21 23:22,collector-B,ok,2,1,2,0,1,1,1,1,206,275,328
46cb264acea906a4ee7957a0fae72fd8c167e7cc08dc04ec7d7ef80ba3584e37,2026-09-16 00:45,collector-A,ok,7,7,11,7,0,1,0,0,588,960,801
4701253b62a5769d613f4e65d8937bf8478bfb55fbada5df394cf37d4400d547,2026-09-18 22:32,collector-A,ok,5,5,9,5,0,1,0,0,420,792,635
476a5449b948973f6feca0f807f0bbcd0453c8d0d4c4de4ad9f704e951c722a8,2026-09-22 00:27,collector-B,ok,2,1,2,0,1,1,1,1,206,275,328
47743bb0181c0a07f4ce9917350299d91556993a2f4480c8e078fb6d602942e8,2026-09-20 20:22,collector-A,ok,1,1,5,1,0,1,0,0,84,456,302
47e9e5708358a4e3b40ec60b15e5c2d12669e166b2740f26c9da3a5bca563803,2026-09-15 16:26,collector-A,ok,20,1,3,1,1,1,20,18,2819,1384,2983
480c882a844e805ccda181fd535b28bb0690ef885422442614c484449df71e6f,2026-09-17 11:28,collector-B,ok,2,1,2,0,1,1,1,1,1022,275,325
4838832a9a4f7430a8a12be81bafad6d4924ada243773172df8ad55fc80c4a20,2026-09-21 22:40,collector-B,ok,2,1,2,0,1,1,1,1,206,275,328
484cbe628bea6750b1e12adf6a4f1565bddfcbe0937aae93cd2c193550c6200c,2026-09-19 15:34,collector-B,ok,2,1,2,0,1,1,1,1,206,275,324
485bdb816f22926df6248fcd90cef8e49b0a90ab3d94d769a48ce27b6cf082fc,2026-09-21 23:20,collector-B,ok,2,1,2,0,1,1,1,1,206,275,328
487f15dc61a89dd23c4edf6714c8a8e2d909d3c0ac9f042187586f463e4f8d8d,2026-09-16 13:45,collector-A,ok,6,6,10,6,0,1,0,0,504,876,718
48b4d1227bbd8358d92bf16fcf540da08e831149594fe11f25e59cace676b8eb,2026-09-17 15:22,collector-B,ok,2,1,3,0,1,1,1,2,206,397,373
48b96cd932377728eedbc2d4bb053e50e332c2059276f33e2a748b8f159c0697,2026-09-17 15:24,collector-B,ok,2,1,2,0,1,1,1,1,386,275,324
492c360d0674686982113beded160820fe1e37e9ac6ed50098bcc3265c271273,2026-09-18 09:08,collector-A,ok,2,1,2,0,1,1,1,1,206,275,327
492cecdfb4066b5e10137985393a039668a342ebef6b98fa5431d3e457cd1540,2026-09-21 09:33,collector-B,ok,2,1,2,0,1,1,1,1,206,275,324
4935436baed62a9b1e4c0bd3a4337d8a48dab1bdf141914cdcbf9510363c558c,2026-09-21 23:24,collector-B,ok,2,1,2,0,1,1,1,1,206,275,328
49bf7173388cb3d1fdbc2f6b0bbcc005b55e2d361b82b7dd58944b652ab1c877,2026-09-18 08:13,collector-A,ok,20,20,23,19,0,1,0,0,1778,2021,1888
49d66373e51ead4901212b18d4c45a7990e26bc188757e7507ccad66c8d252eb,2026-09-15 03:24,collector-B,ok,2,1,2,0,1,1,1,1,206,275,325
49dbb97ec41524e56f4846bb7e33da457fa96329dee6b1bc4fa78026af59fcfe,2026-09-15 10:06,collector-A,ok,57,57,61,57,0,1,0,0,4788,5213,5007
4a2128cbe1111499797b328a61d557a8400ea929e7b6ebeb3d42bfc70866ad9f,2026-09-15 17:28,collector-A,ok,24,24,20,16,0,1,0,0,2016,1769,1894
4a549ada262a14c7ab242cf3b62c24bc05fdebf22de49302b531f709f8e9aec8,2026-09-21 02:10,collector-A,ok,5,5,9,5,0,1,0,0,420,792,635
4a5d353499cba922b64a4038643a3c448625a4560c879b43007ddfd83bb7f609,2026-09-18 23:44,collector-B,ok,2,1,3,0,1,1,12,12,624,777,749
4a618d353ae6709e8e24c3255c2efc779bcd5684f0088e2575eecff77e246727,2026-09-19 05:40,collector-A,ok,4,4,8,4,0,1,0,0,336,708,553
4a83e0ab890f5f1f7ad3cbab107806e5d1380d028c491a79c7e0cff0207bab9b,2026-09-21 23:22,collector-B,ok,2,1,2,0,1,1,1,1,206,275,328
4a89548d302842c0b2bd5052ee6e1d52718c0950bdce3b79d02d8f6383a80fc4,2026-09-20 11:16,collector-A,ok,8,8,4,0,0,1,0,0,672,372,516
4aeaeba2f1635284f3dc1b9a34e45c76be8a343a689c3a73856ef74b10272c16,2026-09-22 00:15,collector-B,ok,2,1,2,0,1,1,1,1,206,275,328
4b023daa5b09838c20e1c4fd159594646907bb5824b9dd86f8bc1cc44c856c0e,2026-09-22 00:15,collector-B,ok,2,1,2,0,1,1,1,1,206,275,328
4b378756e1c96640642cf09769b072fd04985a60275188e901be88383aaee998,2026-09-21 23:01,collector-B,ok,2,1,2,0,1,1,1,1,206,275,328
4b8809bb5312cdf9b0ae0a973d67bed956a979ea4160862840fe1b79d9db9606,2026-09-16 15:41,collector-B,ok,2,1,2,0,1,1,1,0,206,237,290
4b9495dcee7cc357ccc02490b279b948364be3f0b997be3d61a936b35809a403,2026-09-17 01:02,collector-B,ok,2,1,2,0,1,1,1,1,206,275,324
4ba109b685b617c2ef427985701b4050c169b0b772e73f41a3c03c24e7445b30,2026-09-21 02:10,collector-A,ok,25,25,29,25,0,1,0,0,2100,2472,2297
4bf3eccc73a9e800d78d6cfd8404ec3c6270c2fbc682c8fb17e4046bb897f5dd,2026-09-17 11:03,collector-B,ok,2,1,2,0,1,1,1,1,206,275,325
4bfbec7239edb59ac6da4059a26072778f2c782906914828a8e56253aa1972f3,2026-09-20 21:21,collector-A,ok,6,6,10,6,0,1,2,2,580,952,787
4c05a6db011360dddf8b7570d2ab257f4d012d55985a4da2a96de8966da0c636,2026-09-22 00:04,collector-B,ok,2,1,2,0,1,1,1,1,206,275,328
4c4df4e357300d1889bd8128b211a3b966a484a6935d9f302608c70997ac11b6,2026-09-17 10:41,collector-A,ok,26,26,30,26,0,1,0,0,2184,2609,2433
4cdc2944246e2103900dd0efc429485dbeaaf24bccd01d177c22b9fc104f314c,2026-09-18 11:37,collector-A,ok,2,1,2,0,1,1,1,1,206,275,326
4cf6b4ed83f2d3c510a1b74c9a88721d9ae5522bfe0c7f8d8187678a0be89b2d,2026-09-19 21:16,collector-B,ok,2,1,2,0,1,1,1,1,206,275,324
4d249cdacf16ff270a94ce072b4b652beb838433f6a9562ccf741e8a01c189d1,2026-09-20 17:53,collector-A,ok,5,5,2,0,0,1,5,1,610,275,383
4d513b9c01fb8442db130ee0dc1a5fc3c3b6878dcddb24e49286e453cf169597,2026-09-21 22:40,collector-B,ok,2,1,2,0,1,1,1,1,206,275,328
4d5a08bb462e7af00a9b697c7406c245c5b6e9dd3ee8205be8f81f0571b658a9,2026-09-22 00:27,collector-B,ok,2,1,2,0,1,1,1,1,206,275,328
4de06f51cf322267c44f8860f120da63472bdd5d5b5b7a6b56de138b6449c98a,2026-09-16 04:56,collector-A,ok,5,5,9,5,0,1,0,0,420,792,638
4e29f1eca73f352b7e144cffd7ad634bf45f5860f48a24c19eedcc47e7a27528,2026-09-21 22:04,collector-B,ok,2,1,2,0,1,1,1,1,206,275,328
4e2ad63d46497146d14daba844d8430ae10254d206d8f185f07153d83e40e58d,2026-09-21 23:01,collector-B,ok,2,1,2,0,1,1,1,1,206,275,328
4e2cc7547ad5b8f090c39700d7ebea6b08e26d9b3e4188ba0efb0d747dd11d1a,2026-09-22 00:15,collector-A,ok,25,25,7,0,0,1,25,1,3050,695,1345
4e54795c28a4f787d9e130abd6bdaf1595890f8b75ffcb3255a7b355fb1e3a1d,2026-09-21 06:34,collector-A,ok,23,23,30,23,0,1,0,0,1932,2589,2298
4ee486cda213137d1b17916cacb71236201c49096e0528e9c7e63a87a58654fa,2026-09-21 19:50,collector-B,ok,2,1,3,0,1,1,1,2,438,397,372
4f191796479379810e2e795be869dba810c0592c619543ddb0600163c97ab216,2026-09-18 20:16,collector-A,ok,4,1,3,1,1,1,48,47,2539,2486,2551
4f6ee2a3ce09ec8976f464cdf47f9a06f1c9f714429b6ac6d2c4c066840e6918,2026-09-21 22:40,collector-B,ok,2,1,2,0,1,1,1,1,206,275,328
4fa29b8740b9e41d093ca3e24844efb49ebca515c4305b563c54d5df17c8a3d3,2026-09-19 15:56,collector-B,ok,8,8,3,0,0,1,8,2,976,397,542
4fb8b63b905072f92556a9affc70ac48d1c0a471faf3237bd281b729535e7ec7,2026-09-22 00:15,collector-B,ok,2,1,2,0,1,1,1,1,206,275,328
4fe80e2ca686896663c86895fe3ee0fafb69a0547196039ae67049768dfdb6a1,2026-09-19 16:27,collector-B,ok,2,1,3,0,1,1,1,2,224,397,374
5008ef3559ce2a2afa1d8f6f08d26fc1b3000d1ebdd72edb60ecbb94b14206a2,2026-09-19 08:55,collector-A,ok,2,1,2,0,1,1,1,1,438,275,326
515489500e7741cc121cf716d4a24ed565fe9c3cfedef0a2af73c5094ba781e9,2026-09-21 23:47,collector-A,ok,30,30,7,0,0,1,30,1,3660,695,1530
522a90ca90dfb1a1894ce9c86b587e490e2d258ff6148bf5e0c787207202ff10,2026-09-21 22:40,collector-B,ok,2,1,2,0,1,1,1,1,206,275,328
528bcacbd9667376b831e98c8b507b9423be295e4a103c868074706df077c721,2026-09-21 10:27,collector-A,ok,1,1,4,0,0,1,0,0,762,372,255
52ac2b40b208126f2fadd681cb8b9ac8e17f05a08618f726c403f158206df4aa,2026-09-21 23:20,collector-B,ok,2,1,2,0,1,1,1,1,206,275,328
52b95b65c580b90fd93bde720c8a8eaf7abf06536674f5ee6d63f043051695d4,2026-09-21 23:01,collector-B,ok,2,1,2,0,1,1,1,1,206,275,328
5304d98d7e80fae2cf8cd6ad3b1cd822f05f5c922439387845963b1c3b07758c,2026-09-18 23:44,collector-B,ok,2,1,2,0,1,1,1,1,206,275,324
534d3c3cbefdc19688c94176a900bfca7fae4f261e1abaca8114da6541cbee79,2026-09-18 15:02,collector-B,ok,2,1,3,0,1,1,2,3,644,435,406
5398a5bb12230c77bc55c084b48892d866cef4841c3c4621b34895a43043ae66,2026-09-22 04:49,collector-A,ok,6,6,4,0,0,1,0,0,1890,372,442
546dc48d97a2e8984565ec64e32c19b6d26f2809144d3f68a68413fd8bc58b4b,2026-09-22 04:39,collector-A,ok,1,1,7,0,0,1,0,0,762,657,419
547033f9d6fa1d5225a483f764924ad8578f813f933b8195cde4438738e93f10,2026-09-21 18:22,collector-A,ok,1,1,4,0,0,1,0,0,777,372,257
54a3dde607c1b4afa35570162d3f32f5f7432529663eec329bc3699d20afab2c,2026-09-20 03:28,collector-A,ok,36,36,39,35,0,1,0,0,3702,3365,3216
550dadfa34b05a1957bb4fb3a64e04d30e9f309bf926cd2837b700ca7eee3444,2026-09-21 17:07,collector-A,ok,2,2,4,0,0,1,0,0,1554,372,294
551d1dc5f2b1c90816f6b52a0e45df4406cbbe110ccd3e4e7d3e00d6ef940932,2026-09-19 18:08,collector-A,ok,1,1,4,0,0,1,0,0,762,372,255
552c8221b80c7cc7e63daf1f9c0373aca8395798f0e49c9fc11b87d99864ac56,2026-09-20 12:42,collector-A,ok,10,10,14,10,0,1,0,0,840,1212,1051
5544df7298b0e510f65da47410c1c3316d6cc67948ef9d636ac9c77a16dc1606,2026-09-19 15:56,collector-A,ok,15,15,19,15,0,1,0,0,1260,1632,1465
5551b8037f21be953be2c66f05afa80902bb896e2f471513af37b5db8f96702c,2026-09-21 23:33,collector-B,ok,2,1,2,0,1,1,1,1,206,275,328
555932028146ded19588a6ef72d79d263c7852e2a478f0c8ea0b6ffb8ebb2243,2026-09-20 18:16,collector-A,ok,11,11,15,11,0,1,0,0,924,1349,1188
5569c9f9640ba1b4143fc4c1d8764e04baa4f7cc4c47d80c4b6b0fc3bb1d30c2,2026-09-15 11:16,collector-A,ok,7,7,11,7,0,1,0,0,588,960,801
55e3aa1fa195abdecb5b763073613fd3d4852c0a548b811cbe630688b648e4f8,2026-09-17 15:23,collector-B,ok,2,1,2,0,1,1,1,1,849,275,324
55e9199597a259992032108221f99ff0238b92665a44650dc6160a19ed10deb3,2026-09-21 14:44,collector-A,ok,27,27,30,26,0,1,0,0,2286,2574,2429
562dedc2a68a5ec518a445f55c51723e4377c253d3f93c7126899ef0edf994ff,2026-09-20 11:13,collector-A,ok,3,3,2,0,0,1,3,1,366,275,308
56384285b78c3ead9d4803c17dde849882f6ff0e5b924c2b6d7031b2e1109105,2026-09-20 21:22,collector-B,ok,2,1,2,0,1,1,1,1,1022,275,325
568143c76eb2688fc9b2779601deec4138afa668c7d1051855687f9fd959d683,2026-09-16 11:48,collector-A,ok,17,17,20,16,0,1,0,0,2106,1716,1586
569f1beba854ffe8ba19066734f6b162a6fa76813250daf8a402f0bce40113f0,2026-09-21 23:33,collector-B,ok,2,1,2,0,1,1,1,1,206,275,328
56d009bed8a299973e2aa0e5a800c9d14e8e27eb6cb5bd8a6358990187ebd842,2026-09-19 20:43,collector-A,ok,20,20,24,20,0,1,0,0,1680,2105,1936
570c55150ffb1a9f2b89abdf4bca00dff78b868fb84f9d4f7e024d6e73d9e410,2026-09-21 23:09,collector-B,ok,2,1,2,0,1,1,1,1,206,275,328
57864b1fdceeabe7432e6b33852cfd0bc4b5932dc0d7de16b91f669a308baf45,2026-09-20 22:21,collector-A,ok,25,25,29,25,0,1,0,0,2100,2472,2297
578f73ccee04ac93fcc9b796b1e681d3fbef3a085dca62bed586cbb0572507d0,2026-09-18 11:37,collector-B,ok,2,1,2,0,1,1,1,1,206,275,325
579344dc51ff4f4e4a389c3b52bc52f0fe52664e0a058dc57ea6f204bfc34159,2026-09-22 00:27,collector-B,ok,2,1,2,0,1,1,1,1,206,275,328
57a4fc7697999b9e03dd06b3f0c72a2f7d5952674ad782fcf9f7296cf1353f29,2026-09-16 14:35,collector-A,ok,23,23,27,23,0,1,0,0,1932,2304,2131
57ae5ee5cf7195990a96828e4ac8fc3e76102c340457eec3e131b7e68ae92735,2026-09-15 10:56,collector-B,ok,2,1,3,0,1,1,1,2,306,397,378
57ee1f36718a1ae2b8ef5c9f9ae4b6634ed6585d713292d4637fb77306ab6ff2,2026-09-22 00:17,collector-B,ok,2,1,2,0,1,1,1,1,206,275,328
584f4fb9509747f444366075a268428409751d08109ba756e41b7cfbc748d5df,2026-09-19 18:19,collector-B,ok,2,1,2,0,1,1,1,1,206,275,324
5859fb04165a15b0f50888a07df8260a73480e17969a11e709d0cac767dc9e66,2026-09-22 00:15,collector-B,ok,2,1,2,0,1,1,1,1,206,275,328
586c5a9823196c70903b092bd518a33cd0ef2850892b9a088d3cc60508fe0be3,2026-09-22 00:27,collector-B,ok,2,1,2,0,1,1,1,1,206,275,328
58802040f6eab307da5766468345e0b045465223f93dd24ab22a29fff8102ed8,2026-09-16 06:13,collector-B,ok,2,1,2,0,1,1,1,1,421,275,324
588b061d5e124f96b9ff84ccc65303f4a14e0815ed3c17a0dc78482b4bf0fdba,2026-09-19 01:51,collector-A,ok,49,49,53,49,0,1,1,1,4154,4579,4377
58978fb891b87b7f274d8a333675af115709ad8213e5845cd88671d8eacb3e0b,2026-09-21 23:22,collector-B,ok,2,1,2,0,1,1,1,1,206,275,328
58c0d101d0815d1db86fc1c9bb4650e9dfdae63def768bc191b5fb4624338f56,2026-09-16 08:23,collector-A,ok,1,1,2,0,0,1,0,0,51,237,196
58c27dc420dd3cd4835643dd071e002f632a09aca65a60e2d9982d91c4d8e909,2026-09-22 00:15,collector-B,ok,2,1,2,0,1,1,1,1,206,275,328
58fa80167a4089bad8f14a8589237a0021dcaba52814bb1738a00118d668184f,2026-09-21 22:40,collector-B,ok,2,1,2,0,1,1,1,1,206,275,328
595d2ad563b4ffa9da21683be8a0e2851715fed7ac311bc3271313521d8aeae2,2026-09-21 23:33,collector-B,ok,2,1,2,0,1,1,1,1,206,275,328
59d1dbe41fb6f5fbe899320a0e8a7e25ef2333ce0ab816e963938b226adfe4cb,2026-09-21 22:04,collector-B,ok,2,1,2,0,1,1,1,1,206,275,328
59dabdf48dbb3de8b3fe857c55fb04a6852ece89256151ed3f7cb770714a9920,2026-09-18 21:50,collector-A,ok,4,4,8,4,0,1,1,1,374,746,587
5a0664ebb2ddf15051337f32112c8cdf6e178e9559ae655ed4ddb9dd479f0974,2026-09-21 14:24,collector-B,ok,2,1,2,0,1,1,1,1,1202,275,325
5a8d0bee41744adb346c93160fb50345d90fe82a10e0e8a1fdbdfc6c07b892d9,2026-09-18 23:44,collector-B,ok,2,1,2,0,1,1,1,1,206,275,324
5af418cfc896b82d322cec473a5393185b69c1e4a260eed583c79891db91ac0b,2026-09-18 13:29,collector-A,ok,3,3,7,0,0,1,3,1,366,695,535
5b16bfd088d951f0cb7133fd72891cf69b981128e1c7723d856fdda10154fb68,2026-09-21 23:09,collector-B,ok,2,1,2,0,1,1,1,1,206,275,328
5bc21eb46e9f25ab5cc9978e15623b90b3e7e6ec34661953e67ff27096c10bc0,2026-09-19 18:19,collector-B,ok,5,5,3,0,0,1,5,2,610,397,429
5c056fcbcc5ca7c344ce2a12f2bd7ed058b70c72d095001e225a359f66a544ac,2026-09-21 23:01,collector-B,ok,2,1,2,0,1,1,1,1,206,275,328
5c953219c1819aa843b06dac59faa2c85a44772a247a56c23538e262a2b8e411,2026-09-18 15:23,collector-B,ok,2,1,2,0,1,1,1,1,206,275,325
5ca929f12a8be95753953b01249b99c17842221bddd7705beb8eecb28b6342a2,2026-09-21 23:33,collector-B,ok,2,1,2,0,1,1,1,1,206,275,328
5cc7b2f557f52ed9274c3c1c99246784418d07747234dfcc9b623b0173100f24,2026-09-21 23:57,collector-A,ok,30,30,7,0,0,1,30,1,3660,695,1530
5d00c09f82cbd2e0930c0a4b0b14b1b2fd736e21482e9795348bde1640ac22eb,2026-09-19 09:20,collector-A,ok,2,1,3,1,1,1,22,22,1383,1536,1448
5d54e2591b29f4902bbf80d77cd2268f71d136d34579d13adab8b03682bede0d,2026-09-21 23:33,collector-B,ok,2,1,2,0,1,1,1,1,206,275,328
5d7233535c56fef7564fee15487b7c626c044d90be42c1df20142e3fe149ed53,2026-09-22 00:17,collector-B,ok,2,1,2,0,1,1,1,1,206,275,328
5d96fbd30fb09b1b6643a9ed236dc75ad5529d20158fc92e7e24101e4dc9a7b1,2026-09-16 19:26,collector-A,ok,16,16,20,16,0,1,0,0,1344,1716,1550
5d988200a01d23c2e9e89bd4ef7d0199f929ccd2571bca0fc61bc59c35d25ce1,2026-09-21 23:20,collector-B,ok,2,1,2,0,1,1,1,1,206,275,328
5dbc67e0cd1b30064683abfadf74faa3f451ef76a720f608b477ba3acea759be,2026-09-22 05:14,collector-A,ok,1,1,4,0,0,1,0,0,84,372,257
5ea87027691d11f6133d6bc65ffcd55d9839a94ed2cc2ee5fc318d47dff2e99a,2026-09-18 22:17,collector-A,ok,25,25,29,25,0,1,0,0,2100,2472,2297
5eaa952e98ea2bfaf64b007013b0bfc0d2b9342c8da517aaa891620b4b9b3277,2026-09-18 20:22,collector-A,ok,34,34,38,34,0,1,0,0,2856,3228,3044
5ec5ca93723bda83b1a64208522820d3554516f53736eb72c7a6d1c15a0d9a1b,2026-09-18 19:07,collector-A,ok,25,25,29,25,0,1,0,0,2100,2472,2297
5ed78095de24696b845275ca37cf66ddb2f34e05f0a2dd1608f7ef916a5653ef,2026-09-18 14:35,collector-A,ok,31,31,35,31,0,1,0,0,2604,3029,2846
5f3dec15758ada4294f4812b94208af8ea054d16ea4d26a1af79ff7032689cf4,2026-09-21 14:35,collector-A,ok,24,24,28,24,0,1,0,0,2034,2406,2232
5f9d754511463fbebea1d09399b8e7d8d0277d22745e2a26805a17ab15253f0c,2026-09-15 13:02,collector-A,ok,26,26,28,24,0,1,0,0,3540,2388,2286
5fc99e4014ab11815bc4be1de6426be25e8a51272c57a8d933b38ac48fe8a95f,2026-09-22 00:15,collector-B,ok,2,1,2,0,1,1,1,1,206,275,328
5fd24307eb79c5c16547dcc1f6ea588f12a1c6dfd13d5bbb47287dc6526e4c80,2026-09-18 14:59,collector-A,ok,2,1,2,0,1,1,1,1,1024,275,326
602fbc820b12b2a1ba85339e1d2823f1adc2b81de6500a77ec2b4316c21cfbf5,2026-09-21 22:40,collector-B,ok,2,1,2,0,1,1,1,1,206,275,328
6060ec0578878772845221b03377e0d51f7c23b8005c12b755bd7c1e816d93da,2026-09-21 22:40,collector-B,ok,2,1,2,0,1,1,1,1,206,275,328
606b3c84dcfa06dc21c927d6e0e9837eb06811807bb916cc48ac091b0d0c2606,2026-09-21 22:40,collector-B,ok,2,1,2,0,1,1,1,1,206,275,328
6079a5a7d997d0830e3b87fdf64088e4b287290ae61e7e7943723a8094ff9161,2026-09-19 01:28,collector-A,ok,2,2,6,2,0,1,0,0,168,540,386
60b3f5a1a4d112a59011d4c482ac6bf4c47bb0c19690eb504a51c26f737445b3,2026-09-19 13:59,collector-A,ok,1,1,4,0,0,1,0,0,762,372,254
60c072e1b1aa0211b38bc093c53371ea22581959fab98f98f0d384d5ec05eceb,2026-09-17 13:49,collector-B,ok,2,1,2,0,1,1,1,1,206,275,324
611053f3ec5a261f04ffea0341e9dc3c348309acca7d55d025e1fb14001bd0f4,2026-09-21 00:57,collector-A,ok,5,5,2,0,0,1,5,1,610,275,383
611334143c853e955a8b261b48fd870b8051d9afc376ab60a14e5832c1f67d0d,2026-09-22 05:46,collector-A,ok,6,6,4,0,0,1,0,0,4662,372,443
61387789f94383d184ba88f5cdbad773ec099e72b5449e47f191037ed72687cf,2026-09-21 23:01,collector-B,ok,2,1,2,0,1,1,1,1,206,275,328
614d413ab12b2da8b3aad7d27e281ffd61d71200d00509d04dde103256a7bc97,2026-09-21 23:22,collector-B,ok,2,1,2,0,1,1,1,1,206,275,328
61f6bc6cb269150d91ca11ae938bfaced8947907118583814078c69e2128f531,2026-09-18 16:28,collector-A,ok,91,91,95,91,0,1,2,2,7720,8145,7922
623e1ba1c247baebed3b4a41cb738e83e9b9e7cd1a9cbbf9356d06e432cb3f6e,2026-09-22 02:01,collector-B,ok,2,1,2,0,1,1,1,1,303,275,325
6269d7a0881f568e7ff5f6af52ece8afcea825e8e931cab9df2eb8d0530d8c5d,2026-09-17 11:52,collector-A,ok,6,6,9,5,0,1,0,0,1182,792,672
626cf0d76ac3a3eab1ab3fc74e6bcb08e566099f585196567afb360e49edb93a,2026-09-22 00:17,collector-B,ok,2,1,2,0,1,1,1,1,206,275,328
627678630eb9eaddb713a3dd63dbecacd3ba4a6b6d8de3fd7c7260f7ccabe4f0,2026-09-21 23:01,collector-B,ok,2,1,2,0,1,1,1,1,206,275,328
628b72bdb592d359c26deb319da553bd021271c422a4c0906b81a3716b822799,2026-09-20 22:21,collector-A,ok,3,3,7,3,0,1,0,0,252,624,467
628d14f84f3efac4a7c01a790a9b00ddd281105b9faaeb7ce6b968ba823e9a11,2026-09-21 22:40,collector-B,ok,2,1,2,0,1,1,1,1,206,275,328
62a2a5ce84b2cc35169b3562ccac3767ee7ed62e80503446197e6038c7b56b93,2026-09-17 00:02,collector-A,ok,27,27,31,27,0,1,0,0,2268,2640,2458
62b173ed9e94cf4f848f30921cf152b204f4d4c62cded9ba988804906f6db34f,2026-09-21 22:04,collector-B,ok,2,1,2,0,1,1,1,1,206,275,328
62b9a0f8445a192e0b6726258831967f55831d80fac7dd5e5a81b2687c50d1b8,2026-09-19 13:05,collector-A,ok,2,2,7,0,0,1,2,1,244,695,497
630dcdf3ba10f6eec0bca2ea36ce62415b6fb08a9523dc6b74be6d63ff64149b,2026-09-17 18:49,collector-A,ok,15,15,19,15,0,1,0,0,1260,1632,1467
638519e13ff3edead8058df12ef431f35243e371f1c91db147b949b77f3d8ea4,2026-09-21 23:20,collector-B,ok,2,1,2,0,1,1,1,1,206,275,328
63cf0654e597a8ea09bee88ad06942eb9dad604332750a15648a861641a4b605,2026-09-18 05:17,collector-A,ok,43,43,45,41,0,1,0,0,4968,3816,3679
64035c5a0f14e0e28519777d63d8b551f15f06e41f6ca205f26d7b75c497d25c,2026-09-21 02:45,collector-B,ok,2,1,3,0,1,1,1,2,206,397,375
64103c9f0c399ace49477ff9f716069df0a9a3000095cbb8d6f5d15b8f5a834f,2026-09-18 02:52,collector-A,ok,25,25,29,25,0,1,0,0,2100,2472,2297
641190881fb85cdad7ca1c9ffeba7e158cfe9ead31a4a05dc8eb53f615b260a6,2026-09-17 13:49,collector-B,ok,2,2,4,1,0,1,4,3,1103,898,816
646a32fb5be88b6a8506d8c8a2ad8782ae00281e8f0758d5eae40c12f86d63a6,2026-09-17 01:04,collector-A,ok,2,1,2,0,1,1,1,1,778,275,325
646ef3f8a9442d73e65c30cb90da428a0662c588c0da21fc96789618df0ee2eb,2026-09-21 17:09,collector-A,ok,8,8,4,0,0,1,0,0,6216,372,517
647f9e9c4288c0c91f2e9a563a081d73f5f65e9a68758f6ba38ba0e8fac5e50a,2026-09-21 23:47,collector-A,ok,30,30,7,0,0,1,30,1,3660,695,1530
64acfdff47652062de4720dc33902b1294f9bd8702a88a4efed9e1d6b7394f25,2026-09-19 23:31,collector-A,ok,19,19,15,11,0,1,0,0,1596,1349,1478
64e74812a8b6c8bd1831ce8ae36206cdd340fd58cbf63388482e7df97c30b8c8,2026-09-20 19:26,collector-B,ok,2,1,2,0,1,1,1,1,206,275,325
64fd2edb4a28d40100bf55a731b6feed1924c06a94a79eb85e8c7fa350744f0c,2026-09-19 19:32,collector-A,ok,4,4,8,4,0,1,0,0,336,708,550
6500a3a1f41b397a4ea03e6dcdd99abd34a7344c95ddf50e2e34f1daeaa517b7,2026-09-15 17:18,collector-B,ok,2,1,2,0,1,1,1,1,206,275,327
650d9116cbed4c7e8f12453674cb48f9344d4d44a77bb6399cc4345de62f6bb7,2026-09-21 02:10,collector-A,ok,25,25,29,25,0,1,0,0,2100,2472,2297
65efccab11a2dfcaa8af39c670aa8d8bc104bed7c90cf40bde75c307bedec7b8,2026-09-19 05:28,collector-A,ok,19,19,23,19,0,1,0,0,1596,1968,1798
660bc9dc59c7b941a1aa0017539bf2016fc7bc602be8883f34f193d8cc669bfe,2026-09-21 09:51,collector-B,ok,2,1,3,0,1,1,6,8,396,625,562
6632ad626636461455d76172fd872136cb4b9d7d6d20a6dc0b7e6148223986c1,2026-09-21 10:03,collector-B,ok,2,1,3,0,1,1,1,1,206,359,370
667f396eda7d98142813b42ac91ad3757217cac14c8328ff2558db29d64e65c9,2026-09-21 22:40,collector-B,ok,2,1,2,0,1,1,1,1,206,275,328
66b8c189fa7990fac6419063fa5bf06e3aae2cd8b5e5b0cd1f8f51c65607361c,2026-09-20 18:23,collector-A,ok,1,1,5,1,0,1,0,0,84,509,354
6709e4422a9c96b6151bb418993f53eba24b195fa8929c367b6052086c1c777c,2026-09-18 20:10,collector-A,ok,6,6,10,6,0,1,0,0,504,876,713
676555f9b965b70e9ac8ba0ae3f789dcedbadfaad6a94d4beebc9510666e53f3,2026-09-15 09:19,collector-A,ok,1,1,4,0,0,1,0,0,762,372,255
67de31e09e4f697230a9f2e7c08e308c01a57a095b1790bba0799c50e8eb33eb,2026-09-22 00:15,collector-B,ok,2,1,2,0,1,1,1,1,206,275,328
6804a759bd0fdd779e3d7b6939deded15969b75c03be6b9fcb3f60d3c5442438,2026-09-20 21:09,collector-A,ok,12,12,16,12,0,1,0,0,1008,1433,1269
681cbc3bd8fd8b3b7749ad6398b8621d09ef1f246e9aa19d6c1703d76cffb0a3,2026-09-21 10:06,collector-A,ok,1,1,2,0,0,1,1,1,523,275,235
6830d4fee48db3dd40b7f1cc25354b17d3658f13c7e4047fcda4b6cd76855f9b,2026-09-19 17:28,collector-B,ok,7,7,3,0,0,1,7,2,854,397,505
685123bc514a91c6ba9ced4192c33d2eddd0afd5053f1a9601fecaa9d5797f61,2026-09-22 01:57,collector-A,ok,5,5,4,0,0,1,0,0,3885,372,405
688734f6efe93edf7b19e149fa6ee90138ff6c734d7b624181fff9df3a747ed7,2026-09-17 01:26,collector-A,ok,3,2,2,0,1,1,5,5,2076,427,499
6896d3ef7a40db4430989fb24c5ed05676fb8a3742cb535570f99f709c72cb8f,2026-09-21 22:40,collector-B,ok,2,1,2,0,1,1,1,1,206,275,328
68e0def4c6ec8753d7e8b7ec24d44e30ba65164fa462cdb21c3cae79cc64e564,2026-09-21 23:22,collector-B,ok,2,1,2,0,1,1,1,1,206,275,328
68fecdd0c26d724cb8c88fa486f0dd0b96dd973884a957f68d874d05734b6fc6,2026-09-21 18:00,collector-B,ok,2,1,2,0,1,1,2,2,244,313,363
694953225c740a907d9e7d955d862967e66f01f4a4ddc44f6fa3fb39148aac43,2026-09-19 00:20,collector-A,ok,33,33,37,33,0,1,0,0,2772,3144,2959
69c371c87364858267fd34cb9b7ea05cf07f3348c33fc5f35423fe8d851d093e,2026-09-21 22:40,collector-B,ok,2,1,2,0,1,1,1,1,206,275,328
69ccfae1de4e9dba19567bf65c21f7acd7abdd2aa1a430170aa16db8a859f092,2026-09-18 07:28,collector-A,ok,25,25,29,25,0,1,0,0,2100,2472,2297
69f30e463f8a90b9b7de32e7d42d3542d4015328c0812138e4ad88d8f8937ffc,2026-09-19 12:04,collector-B,ok,2,1,2,0,1,1,1,1,607,275,325
6a17401fd7dd533f8f4952c698a9df54f9ddd4753a72417af42ad28d8ae0678a,2026-09-18 07:28,collector-B,ok,2,1,3,0,1,1,2,3,809,435,420
6a193152529d7eb419629aba9f57591696069b55c21ea134d573f722ef95e6cd,2026-09-21 23:47,collector-B,ok,2,1,2,0,1,1,1,1,206,275,328
6a85e3e1bd43023b5d4340d97fc1b54ca9176b3ccfa91fee22d2de2bd64656c0,2026-09-21 10:12,collector-A,ok,2,2,4,0,0,1,0,0,168,372,292
6ad5206639ea13f0b7207e2f7b2d3231e0ad1273781b160bab61cc9a4168b639,2026-09-21 10:18,collector-A,ok,1,1,4,0,0,1,0,0,84,372,255
6b06ac12e31aa8288200944965a0b84e464555c96576445aad8356b110f167d4,2026-09-16 17:02,collector-A,ok,1,1,4,0,0,1,0,0,762,372,254
6b496db848301cd23dbcd8e88ebea67e15b16c8b79a5f8f0a2ad7c95884de79b,2026-09-18 11:56,collector-A,ok,4,1,3,1,1,1,45,43,2425,2334,2412
6bc396c10045ba77919fbf32fffe9674fea126f9127e9946b46298a087bc6a9f,2026-09-16 18:46,collector-A,ok,25,25,29,25,0,1,0,0,2100,2472,2297
6bc8c2529222c82478658d9330a1cf94bf0505e0969c56b96c8f3611583724ba,2026-09-21 16:22,collector-A,ok,52,52,55,51,0,1,0,0,5046,4709,4543
6bdc82d01560e15159658b1c38a8e43aaefaf68747db308558f461a4e59f5d7d,2026-09-20 19:26,collector-B,ok,2,1,3,0,1,1,4,4,320,473,414
6cb5648f5f3efef0496595deb8d941efedf6d0b2c539a1cc021f462679febe71,2026-09-20 02:28,collector-A,ok,6,6,9,5,0,1,0,0,504,792,668
6cb5c2bb3c872f429f3825ab7822354f4fd4a487d5f3fa59be521f70c75e1af0,2026-09-19 17:10,collector-A,ok,87,87,77,73,0,1,0,0,7308,6504,6794
6d15909a0587f4451e28851cbf445f88ed266eee6b64274f3beb73b6587c1550,2026-09-21 03:55,collector-A,ok,11,11,15,11,0,1,0,0,924,1349,1188
6d336797e4f975228edb3debe36583a1e172c07441a5690350a2b3352092e8cb,2026-09-22 00:15,collector-B,ok,2,1,2,0,1,1,1,1,206,275,328
6d86e02d567708b1da39453fa10f8628cb7eb565cf5718e56b0ff06eab831be0,2026-09-21 23:33,collector-B,ok,2,1,2,0,1,1,1,1,206,275,328
6d976f5c929a272a26b68259855fadd6bf15da4d9d3abbad14c0f6e0a08b1bfb,2026-09-22 02:56,collector-A,ok,3,3,4,0,0,1,0,0,945,372,331
6dfd3b5eba49b38fc902da368fe67227f6eeef4d83646e2dd33b42e63c34b779,2026-09-18 07:28,collector-A,ok,25,25,29,25,0,1,0,0,2100,2472,2297
6e30de936eebc831722b2bbb706eb1c8d982500604da3d01d78fdb56f81818d7,2026-09-19 08:28,collector-A,ok,2,1,2,0,1,1,19,18,1290,921,909
6e400ca9237cc89df08be7bff48060f10452bd9070bbb188b0749e5dbe37f833,2026-09-20 06:29,collector-A,ok,35,35,39,35,0,1,0,0,2940,3312,3128
6e51069a045b0f068271befb8c9730d5ca71c35731cb6cdf0549be80ef9c5db3,2026-09-21 22:49,collector-B,ok,2,1,2,0,1,1,1,1,206,275,328
6e72327b476785019a30ebfb02098a0370577c1c6791d625582a065acff80199,2026-09-17 11:15,collector-A,ok,12,12,16,12,0,1,0,0,1008,1380,1217
6e8a737d7bb85aff6b6455ff468c7c7d3c1c5c2bcdb3cc730637c60c4d4dabda,2026-09-18 07:28,collector-A,ok,1,1,5,1,0,1,0,0,84,456,303
6e9ac70a0f0e98ef94b61076732479de969e81d2aa2338b69b1949785a27ff2e,2026-09-21 23:33,collector-B,ok,2,1,2,0,1,1,1,1,206,275,328
6ef2bb8341406c6ab0f01a18009840bdc5a2d1398b2bc6669ea6e7d632e0753b,2026-09-22 00:15,collector-B,ok,2,1,2,0,1,1,1,1,206,275,328
6f30f8abf4b3f6fa7800eac43e7936047fff90b0be99ba8daf1d4ad4a6ac4790,2026-09-22 02:35,collector-B,ok,6,6,3,0,0,1,6,2,732,397,468
6f5be666586b3d65bc381e91348c822039b115ed796f64226bfca5ccca1641d6,2026-09-19 03:29,collector-B,ok,2,1,3,0,1,1,3,4,282,473,451
6fbc034b3d19e9d9b13d64e5417cf91b5e56515d802fa507debfc25a75f3c68d,2026-09-21 22:02,collector-B,ok,56,55,3,0,1,1,55,4,6794,473,2417
6fed278b1809455842bb1379982e16f9a321bccfaaa981154124427fdd35c502,2026-09-19 03:51,collector-A,ok,41,41,45,41,0,1,5,5,3634,4006,3793
6ffb1f3d1f798da20c35e26c91866d813b93ebf15657a4d25b8dd48ccbbc9fae,2026-09-21 15:21,collector-A,ok,85,85,87,83,0,1,0,0,7140,7397,7248
7025f079bcd106d19323ff36990e67368bbead4acd73b40b5df9f98f90db8d34,2026-09-17 19:11,collector-A,ok,15,15,19,15,0,1,0,0,1260,1632,1467
704cae982fbc63880e253efcbddec5ce32545989fa87609ab2426c813eb02210,2026-09-22 00:18,collector-A,ok,30,30,7,0,0,1,30,1,3660,695,1530
706ef9180d7a2bf4ea8e8496c2b8a7b98a457612c76e05e8f8388717112cf23d,2026-09-19 21:15,collector-A,ok,53,53,57,53,0,1,0,0,4452,4824,4617
70a4f820a6de542290dc60e5771ceb117e9c7a130e64428d12de96c1cf797da9,2026-09-22 00:15,collector-B,ok,2,1,2,0,1,1,1,1,206,275,328
70b7e45d52f866fd593e7466204a14240ba4ed4ec523d55b579fa72f10195763,2026-09-18 11:51,collector-A,ok,2,1,3,1,1,1,45,45,2257,2410,2264
70ddfd374c66f7da8322b0cfbafa7d42104bb1f1b5bb4a985bc99dec0a782f28,2026-09-17 11:28,collector-A,ok,6,6,10,6,0,1,0,0,504,876,717
70e4bab378edcc8953cae30475a5df32295bbb958c473f0e9e4753204e781068,2026-09-22 02:03,collector-A,ok,3,3,4,0,0,1,0,0,2331,372,331
714b442159ad467b1a38a4f319a444c93e0ab03ab869baec9f7843d17b305e91,2026-09-17 12:09,collector-A,ok,3,3,7,3,0,1,0,0,252,677,523
71638dda99f76230ab521597a8172b836f16dd8b32367366b55d9d734a48eea7,2026-09-21 22:40,collector-B,ok,2,1,2,0,1,1,1,1,206,275,328
716391a82846bf9510e6d5d32a52c1ee8916a4f5754b5b6e0aea3f302f6a2cef,2026-09-22 00:17,collector-B,ok,2,1,2,0,1,1,1,1,206,275,328
7170ffba292b31ef259c65aae47d9f158aca05ad0bd217d52db18becfe4486f9,2026-09-21 23:47,collector-B,ok,2,1,2,0,1,1,1,1,206,275,329
71c34dfbfac317132beb79223b1bf8dddc77f827dc83220a91a819aa45626fb1,2026-09-19 05:28,collector-A,ok,5,5,9,5,0,1,0,0,420,792,634
71f890f3af761c51b8849a299e10ce7b771ad4dd51663eb5f8a84fd05a97b8a4,2026-09-16 08:01,collector-A,ok,86,86,90,86,0,1,0,0,7224,7596,7366
72026cc2e627e72e20bd5b3f8443347b8558be285e7de92f39922732e5b388e5,2026-09-22 00:15,collector-B,ok,2,1,2,0,1,1,1,1,206,275,328
7215a8e7c1caca44670fa419aa889daed7ed7ee281a47753e727e38c85f2db8f,2026-09-19 11:56,collector-B,ok,2,1,2,0,1,1,1,1,206,275,325
722a2b7adeae896719b0d8f6507832163dc89dabad3ddc3c95263ce19dc465e3,2026-09-19 16:01,collector-A,ok,6,6,10,6,0,1,3,3,618,990,757
723ed53a2054c013a55695a5dfdb473d200d132410d4a01fa5099d5ecab4eed9,2026-09-21 22:40,collector-B,ok,2,1,2,0,1,1,1,1,206,275,329
726e48b6ce6b5a9819b4b9d3be81602ef913c00c4372f4177dd202d79cfae7a5,2026-09-16 07:35,collector-B,ok,2,1,2,0,1,1,1,1,421,275,324
72aa69f29948ef54f7721dc7ba43f43beb8f854f2c50b107198a6afd176a6ee7,2026-09-15 11:37,collector-A,ok,46,46,50,46,0,1,0,0,3864,4236,4038
72b586133f981791bb58a53aebe104834ced4bea46e4901dbf39ecbd58ff074f,2026-09-19 09:20,collector-A,ok,6,1,3,1,1,1,23,21,1757,1498,1805
72c26fda1da77d2b572b5bb4c8090d121ff049fbe050b3e31ecb9b0c4949c0d4,2026-09-15 09:13,collector-A,ok,25,25,29,25,0,1,0,0,2100,2472,2297
72c53b18358fd65576ff248dff08888f980002a7212aaebdab5e4b2e0c66b2cf,2026-09-21 22:40,collector-B,ok,2,1,2,0,1,1,1,1,206,275,328
7395437e49c85e1f7dbabdcd498a03ecaf438573f06c6ea4d049dae21bf97c83,2026-09-22 02:28,collector-A,ok,2,2,4,0,0,1,0,0,1554,372,294
73aa258f592e76a350a09d21131ceecb0e2153a7e31d176b204d26f206c57366,2026-09-19 12:04,collector-B,ok,2,1,2,0,1,1,1,1,206,275,324
73aae3df337954e6b96ab41273a63a023ca7a37e5a4e0f5fb03b8352f450195c,2026-09-15 07:29,collector-B,ok,2,1,3,0,1,1,7,8,434,625,594
73b6e63ab3f32925d5e86bd0cd7e2676b2772f170da0fa57b5db06295b1c290e,2026-09-16 12:17,collector-A,ok,11,11,14,10,0,1,0,0,1602,1265,1142
73fd83aa861fcd89f1905b60176f7338f40fc64022ea95579351fe50228bf04f,2026-09-22 00:18,collector-B,ok,2,1,2,0,1,1,1,1,206,275,328
74069704e4226075d0124110a8cb4ca7f0d6a1bce4a5df73335d70d452833de9,2026-09-17 12:44,collector-B,ok,2,1,2,0,1,1,1,1,206,275,327
745224d60bec547507d1a3ce0c589035e3ab59b53d4edf5224d8fabf752638c6,2026-09-21 23:20,collector-B,ok,2,1,2,0,1,1,1,1,206,275,328
7459c6ee70ae2d3291432dede78dd0aff4891d272b2149ba62c4538b9e0350cd,2026-09-21 22:40,collector-B,ok,2,1,2,0,1,1,1,1,206,275,328
7494d2d6cf2715b731fa8d849ed0ca78e98fe0385b6b839c64127c2dd6e0950e,2026-09-18 19:23,collector-B,ok,2,1,3,0,1,1,1,2,206,397,373
74d3372631f1614bf4b337381829bc9720011e440a345010714cc700a43288ee,2026-09-19 07:22,collector-A,ok,3,3,7,3,0,1,0,0,252,624,468
74eb0f333047efa84ffc9a63b1561b80e6e2916319017add8e90c8b7282c59d6,2026-09-20 15:56,collector-A,ok,30,30,34,30,0,1,0,0,2520,2892,2711
74f88d56a845013c6bc6590d91f4ed76e5fcd3cfa0dcc777dce0eb2d9e10cc44,2026-09-20 04:18,collector-A,ok,116,116,120,116,0,1,0,0,9744,10169,9955
750a7417582f5edae70715e980e0e613d45ebd58a24e0f469c8027f6ae8c29d6,2026-09-18 05:52,collector-A,ok,59,59,61,57,0,1,0,0,6330,5178,5045
75147afc1ff54e51d11397820251f1b244b2ece624550951457cd1ec3e14e8e1,2026-09-21 06:01,collector-B,ok,2,1,2,0,1,1,1,1,206,275,328
7529a4060a30adf8010840b921bd2bdeddf492b576361fc6c46855c9b06c1af4,2026-09-16 09:24,collector-A,ok,12,12,16,12,0,1,0,0,1008,1433,1271
755163f2948feb3f108350b4540cd779f226283cddc10876882c957affcbce7e,2026-09-18 09:46,collector-B,ok,2,1,3,0,1,1,2,3,244,435,415
75831c1c957c08dbff3c059c454181632f3d8cb50f55e591e341a4011651cea9,2026-09-21 23:20,collector-B,ok,2,1,2,0,1,1,1,1,206,275,329
75eda0a419123f7930ef5232a2de392b350a7684d0e833e6ed61f23793864adc,2026-09-21 23:33,collector-B,ok,2,1,2,0,1,1,1,1,206,275,328
75fde3993bc85a1942e7a2cf7ecd166390b6ff98f8e7016869b0072f10ee9063,2026-09-20 00:31,collector-B,ok,2,1,2,0,1,1,1,1,206,275,324
76043d908a349cefa5e5de6bd74402dea98cfa43a92366b319d2307e99b55052,2026-09-20 21:06,collector-A,ok,68,68,72,68,0,1,0,0,5712,6084,5866
761d44b27fd23c8f3641389dac7852a9dbe0396cd12636bcdcbb68eb00894031,2026-09-16 08:43,collector-A,ok,10,10,14,10,0,1,0,0,840,1212,1052
76a5a00b6423d76bb3c5aba4ac47a3749478b78eae70ddc57197cc4a51e39045,2026-09-17 05:29,collector-A,ok,15,15,19,15,0,1,0,0,1278,1703,1539
76c6a468d2b32aa09e6b1e022520d3e731bbee07e9fccb9315d5adf1020e7de6,2026-09-16 12:48,collector-A,ok,9,9,13,9,0,1,0,0,756,1181,1022
7733e3bf49ab372af436f4dc225a1f8440d89b06f45fe83a89fad28c876ace5a,2026-09-22 00:17,collector-B,ok,2,1,2,0,1,1,1,1,206,275,328
776dc607695a4a89f9acb6b06ac21f9ebda2bccace9e5993c2eab587f097ed2f,2026-09-21 14:26,collector-A,ok,7,7,2,0,0,1,7,1,854,275,460
77bfc136909b0ea0b98f670c8ab21fdd46098e644d330148ebb3e6eb6a14d284,2026-09-18 02:02,collector-A,ok,121,121,125,121,0,1,0,0,10164,10536,10307
7851d8022025e284c2282443380e481fab98967ca407258a292c8cdf4427b791,2026-09-19 21:56,collector-B,ok,2,1,2,0,1,1,1,1,206,275,324
78675e1171dd42f62296bfe7c709c268a95f053564812f4a1b44e4562297eb87,2026-09-22 00:27,collector-B,ok,2,1,2,0,1,1,1,1,206,275,328
7903ec4555659caaff04c5ad4a71b25e16d5f0534125dcb3e5fc7cd35363d00d,2026-09-21 16:42,collector-A,ok,28,28,30,26,0,1,6,6,3966,2784,2650
79679f0296cdbe353fcf420474c1e07103ffe1a867c9ff9cd54787f85c531e11,2026-09-22 04:00,collector-A,ok,2,2,4,0,0,1,0,0,1554,372,294
796fd7bf4a24bef903a110393e03ae366db2cda0a1927987e2a9225b9cc3aba6,2026-09-15 10:50,collector-A,ok,9,9,13,9,0,1,0,0,756,1181,1022
798afeaa8adef9189d548d7913218a03d25ad84ab8db969bfd700455b17db9bd,2026-09-21 22:49,collector-B,ok,2,1,2,0,1,1,1,1,206,275,328
7a99f7a1f6dcd16a34280186213dbd149c5da459f10862895e9a3ecbb0ddbfc6,2026-09-21 19:18,collector-B,ok,2,1,2,0,1,1,2,2,244,313,359
7ab081d0dfa3025fbe1ea66e89528f6c5eedb98d3d53a0b0897fd6b70a5828dc,2026-09-21 23:20,collector-B,ok,2,1,2,0,1,1,1,1,206,275,328
7ac5cf70f4727b1b605034c829aa2e3f9aaf5abaaaf54a1750978f0904ff0adb,2026-09-22 00:15,collector-B,ok,2,1,2,0,1,1,1,1,206,275,328
7b680548460aae50a8457b8483185df8a831c97b7f1b7fbf561002a1125fefe1,2026-09-21 10:03,collector-B,ok,2,1,2,0,1,1,1,1,206,275,325
7ba0e916fa9ae4bc7f889e92172cd27248b4e507eb1d699f64b4d0976199301e,2026-09-21 23:22,collector-B,ok,2,1,2,0,1,1,1,1,206,275,328
7bbff06c779d827d8cd1286272f0a3fbba1c762cc1d128d82481bac6d7912b14,2026-09-21 23:09,collector-B,ok,2,1,2,0,1,1,1,1,206,275,328
7bfb17191d598a319ed6e5727d5c1a22bf7ea625e4d529d1717ed9e596c099cd,2026-09-20 12:42,collector-A,ok,25,25,29,25,0,1,0,0,2100,2472,2297
7c06ac987c7c9314ef195a47e6708917f9f438dec490ff30805976d5c51578ee,2026-09-21 23:01,collector-B,ok,2,1,2,0,1,1,1,1,206,275,328
7c588debfa4334e202137cd2e4f8d6c2e5fd38387ede43b17a0c4df6dacad3fc,2026-09-21 18:16,collector-A,ok,11,11,4,0,0,1,0,0,8547,372,630
7c8667db401f48ddf534c0d6790a2bc35974ee7fbfa7761c091212ebc4859fe2,2026-09-19 04:42,collector-A,ok,1,1,5,1,0,1,0,0,84,456,302
7cbd77ab430a50c037f23679973e7b95ab76c85cd30700b7012881b30e91ac76,2026-09-21 23:20,collector-B,ok,2,1,2,0,1,1,1,1,206,275,328
7d257fcc0f20905965d2fb37296b590a4117123a39acc52ecae6830e205f34c0,2026-09-15 15:03,collector-A,ok,25,25,29,25,0,1,0,0,2100,2472,2297
7d343102ffc71d72a8e7d55d6ca9002c415d16e7434bd185283fd2070bf92f54,2026-09-21 22:40,collector-B,ok,2,1,2,0,1,1,1,1,206,275,328
7d5e1f5ae38c81c5b535fb731080d884ac0e43f6d32116eebae8b7f03191fcca,2026-09-21 12:49,collector-B,ok,2,1,2,0,1,1,1,1,206,275,324
7dca14bd23a09d09f7583667c59341896b7ec74b1bca8424754398f974ae7210,2026-09-18 09:09,collector-A,ok,3,3,7,3,0,1,0,0,252,677,521
7de4590c0dee1d8321c27364818d17a17c59f6fdb1b233c164151c8616d67524,2026-09-21 23:57,collector-A,ok,30,30,7,0,0,1,30,1,3660,695,1530
7ed35a7b2ce9dcb5c3202bd47bcba54c75f02c310386729c69e328f83613a82e,2026-09-16 18:46,collector-A,ok,19,19,23,19,0,1,0,0,1596,1968,1794
7ed3e67c2d425a7e144151c30603be209a073b138ed9438173c8c7b6379785e2,2026-09-18 23:16,collector-A,ok,9,9,2,0,0,1,9,1,1476,275,532
7ed48c35e87f6a8ae054544a1b37e068d279a47727ca075c576f03d2c047e6e6,2026-09-18 01:44,collector-A,ok,1,1,4,0,0,1,0,0,762,372,255
7ef74bfd4f38add4d6a31af20ec785ea5deb3bae0d1a86f852d7a4ce803edb7f,2026-09-19 09:55,collector-A,ok,3,2,2,0,1,1,2,1,1130,275,363
7ef89445e1d044175fe37b59aa52129de8c9e2834257f6c683ec6c7d708e1dcf,2026-09-15 12:20,collector-A,ok,9,9,13,9,0,1,0,0,756,1181,1021
7f3eb07909de200331950cee00ae5188ce068697700a326cd9172d7c3a2218e1,2026-09-22 01:57,collector-A,ok,2,1,2,0,1,1,3,3,384,351,405
7f97c06412628fe9ba3536c65cd031e0081b3bc687f02d3655eb424ff5c9bf14,2026-09-21 02:10,collector-A,ok,19,19,23,19,0,1,0,0,1704,2076,1907
80366c3b7550f930b04f7b3a8bb6f7573d32d5d2cadcb7ea12808f1f1ecf9d76,2026-09-20 13:18,collector-A,ok,19,19,23,19,0,1,0,0,1596,1968,1799
805c40e2f0e92d8beb44e9c8f95f92cb86220be33653ff95420c30a20beb7c71,2026-09-18 07:59,collector-A,ok,1,1,2,0,0,1,1,1,122,275,234
807625056cc47f721049b5c58352c296ef9d08ff36d7869aba4f7d73f16a169a,2026-09-21 23:47,collector-A,ok,20,20,7,0,0,1,20,1,2440,695,1160
810cc84296d17b378c02925dea8bfb3be0df7961bcf99ab5f96afd6546d660c7,2026-09-22 04:00,collector-A,ok,8,8,10,6,0,1,0,0,2058,876,792
8111f2f8e6cb777c069781a96b16a6c1c95d2e4d29ee41e8027a37e507a4a543,2026-09-16 01:13,collector-A,ok,12,12,16,12,0,1,0,0,1008,1380,1218
8133ac74a0da61399621e2a74b8bb172e4ebb8a6a7fe383ac17afafa772683c3,2026-09-21 18:22,collector-A,ok,2,2,4,0,0,1,0,0,1554,372,294
814e9f1b2615b1ec10594bc164853acdac7ca3ee7605294986abb41b2601db72,2026-09-16 12:30,collector-A,ok,1,1,5,1,0,1,0,0,84,456,303
816f2b04e870467f4e31923237ca155ed7faaab552c69cc931f3cdd920205e04,2026-09-22 00:27,collector-B,ok,2,1,2,0,1,1,1,1,206,275,328
817c250205acc1cb76b7fc414e389e2b3cf68cf11f16158369ac44330702a437,2026-09-21 23:47,collector-A,ok,30,30,7,0,0,1,30,1,3660,695,1530
8180c72c2c3c1cfe962d94f82cf71bafbd9451e47bad7d5ecc35b61cc3c67341,2026-09-22 00:04,collector-B,ok,2,1,2,0,1,1,1,1,206,275,328
820876726f01344451aa8ccce4e81b7a4bcf808048809b16648802402e1a46e1,2026-09-18 13:35,collector-A,ok,30,30,2,0,0,1,30,1,3660,275,1310
82488d3a08cc8bdf17539e50e48a2fbb3cbd7bea28bac9456804a11c6bf37c21,2026-09-16 20:45,collector-A,ok,10,10,14,10,0,1,0,0,840,1212,1050
82ff347823585772a4c42dad8b421f8bae8766e303792af64811b1ca57435319,2026-09-22 02:01,collector-B,ok,2,1,2,0,1,1,1,1,1023,275,325
8367b5d5d4da23ca9fdc63fea5943e9bad51e6068283633fdce5a8f601d575d5,2026-09-21 23:20,collector-B,ok,2,1,2,0,1,1,1,1,206,275,328
83988aa3fdee17a7427fce1e353124f14720b9b1ef80a8045b9bc51a4b65193c,2026-09-18 08:34,collector-A,ok,10,10,14,10,0,1,0,0,840,1212,1052
83a1df979d32b3e8e15984859816b2f614c63b7f28ab115551bef339e9ea8c74,2026-09-21 23:33,collector-B,ok,2,1,2,0,1,1,1,1,206,275,329
8458f92818035b830ef43841318702f2667233226588e5ef1eda03463392233e,2026-09-21 18:03,collector-A,ok,2,2,4,0,0,1,0,0,1554,372,294
845d54e10ba2a01637300fc2dde828738be32561f323f98bd8bcf19a40f4f5c7,2026-09-22 00:15,collector-B,ok,2,1,2,0,1,1,1,1,206,275,328
848411ba62669987cf4e5df02f75be3b15f745e5fff1eec26dd819b0d3c50587,2026-09-16 21:09,collector-A,ok,2,2,6,2,0,1,0,0,168,593,438
84ef01f8dad7ba915686a80fcd87d07564aa36addbff4134f857462b17800ab6,2026-09-19 22:55,collector-A,ok,3,3,7,3,0,1,0,0,252,624,467
8532e37dc2170f00e77ebbfa7c9f2a93c049aae4549b220def169858f4b0ba2d,2026-09-20 20:01,collector-A,ok,71,71,74,70,0,1,0,0,6672,6282,6105
854b6a747c0b98be77ae3f078838290e71bd81aa492e2e9b3b9bd848eab94b2a,2026-09-20 22:21,collector-A,ok,25,25,29,25,0,1,0,0,2100,2472,2297
85694890907bb691aa22899a9d9eb7b054fe10c5ebcf22f44f9a21c88944518d,2026-09-21 23:25,collector-B,ok,2,1,2,0,1,1,1,1,206,275,328
860224a53dbc2c2216091d73896a879ea9f9f1072148ea4c5bebbcf3903d24a3,2026-09-21 15:03,collector-A,ok,3,2,2,0,1,1,4,2,1212,313,405
865e1ed23f9e98be1c5b70bca8140e0883bdd9ab9a31721db5e38c3ace9626ee,2026-09-21 23:09,collector-B,ok,2,1,2,0,1,1,1,1,206,275,328
8681be4532589ccdfa8f4568ead8228fc761fc9b656536978ca1934010aa17fe,2026-09-18 19:07,collector-A,ok,25,25,29,25,0,1,0,0,2100,2472,2297
86c87763748c1f1d9d7e35247427fd115303edf522cc91a57902316a8ef74115,2026-09-22 03:11,collector-A,ok,1,1,4,0,0,1,0,0,777,372,256
871c7677afad0f50f610fed0d7ca854fe450229cfa90ac42be3f61a03e317eb3,2026-09-17 20:27,collector-A,ok,12,12,16,12,0,1,0,0,1008,1380,1212
87a41a93ea51feccc71bf0c489093cafde4788f79c8c82754a30b796961094c8,2026-09-21 08:21,collector-A,ok,2,2,4,0,0,1,0,0,168,372,291
87d9fb2b2ff37098ac3bd86dd2382f8f235ca1cf3e3a9e1ea75ca3f2eed945d2,2026-09-20 14:42,collector-A,ok,5,5,9,5,0,1,0,0,420,845,686
87ef6007a43e990f173598284acb849e61e1ad008f64bd0fb731d2f6ead0583b,2026-09-21 22:40,collector-B,ok,2,1,2,0,1,1,1,1,206,275,328
894e53fd6b1c786c236644f63045e3fcd19b39b4b7dc616c9e1a1ec46f13e041,2026-09-20 13:28,collector-A,ok,34,34,38,34,0,1,0,0,2856,3228,3044
8965cf4ad76bdd3bda94ba6cbddd34915ab530d7d38ad9373e3f6c3e2f2630ee,2026-09-21 22:40,collector-B,ok,2,1,2,0,1,1,1,1,206,275,328
896b45fe7e5594bc3728ec96482ffa1f7600beaeb2ef66f2d256782355a8e452,2026-09-21 23:20,collector-B,ok,2,1,2,0,1,1,1,1,206,275,328
898b9928dc533c39b833ab53e84d847ea64131d1868b42ba6c5b11b0dd378e8d,2026-09-21 23:20,collector-B,ok,2,1,2,0,1,1,1,1,206,275,328
89ce1c59e0ffea8d9737bc828f7642c951c1d862d5e16ab5a5e40e698ef72f4d,2026-09-21 22:40,collector-B,ok,2,1,2,0,1,1,1,1,206,275,328
89fabc6ed3674634ef9be984abf79b094ba6f7dbb6659c6cf26203cffaf6d245,2026-09-21 11:06,collector-A,ok,22,22,21,17,0,1,0,0,2541,1800,1815
8a2582062dfb88648ffa6fee397bf37da97b99cf98c929213affe1ac35133065,2026-09-18 23:50,collector-A,ok,115,115,119,115,0,1,0,0,9660,10032,9813
8a36e476c8e6bb49473ac314dbce252f19aeb7e021f68bf0c24c8c1d82411995,2026-09-15 09:43,collector-A,ok,1,1,4,0,0,1,0,0,762,372,254
8a40d075ae93f7442a33e4e7735dfa9b52bb3241e91ec7c0d59e6087d817086a,2026-09-21 23:33,collector-B,ok,2,1,2,0,1,1,1,1,206,275,328
8a46496bfd1bda9e512ef9acd3f0e52fd3bcaa503a5e1edae1e7b52be0b476f5,2026-09-19 05:20,collector-A,ok,3,2,2,0,1,1,2,2,546,313,397
8a5ac6d66d12f210b70860f671e2f540106684234cb08acef2e0c642a87f1a3b,2026-09-17 17:32,collector-A,ok,110,110,111,107,0,1,0,0,10596,9413,9310
8a6d039dfa9811e8e42fcf042f8c9eac193df154a3fa6d3df365c5298007e7cc,2026-09-15 15:03,collector-A,ok,18,18,22,18,0,1,0,0,1512,1884,1716
8ac8ff4736f057d96580457e548edb53cbab9a8a7761418d4e3255905fcedcac,2026-09-16 05:48,collector-A,ok,1,1,5,1,0,1,0,0,84,509,354
8b0f0fb4b64ffa798077b9802710f656120895482846a56b86de55703932590a,2026-09-22 00:15,collector-A,ok,25,25,7,0,0,1,25,1,3050,695,1345
8b55c7bd2b0031ebfdff69a863f904178787669fd57b41dd17ade4a07e8ebbb6,2026-09-19 19:10,collector-A,ok,1,1,5,1,0,1,0,0,84,509,356
8b7a6a45a2fe18da3b22bc75b8c874952ed4eb8d5e41b6e31cd7196df135c229,2026-09-18 10:43,collector-A,ok,2,1,2,0,1,1,1,1,206,275,326
8bb8140d35a7deaed03eb9cdf509c9a410eb919775474b8f03b18a79d893cb5f,2026-09-20 19:02,collector-A,ok,32,32,35,31,0,1,0,0,3366,2976,2830
8bbaf44d170f91665a5a4855a25cada369e2160944880feae5c5e2c5e4c8dd2a,2026-09-19 08:20,collector-A,ok,4,1,3,1,1,1,22,21,1551,1498,1627
8c54691950da2cdcc144597c43d6443f68d28109be0f54dc8279aa4d2e303f32,2026-09-17 12:57,collector-A,ok,11,11,15,11,0,1,0,0,924,1296,1130
8c54cf570ddcdb225d1bc8aa254b28986b576c0d30ab8978be1c5c0ebf0e0c6f,2026-09-17 13:49,collector-B,ok,2,1,2,0,1,1,1,1,206,275,324
8c7c7c86fb3f704f44b5fc1b10940d87449c375b3cae12b8b697c2ec44334731,2026-09-18 23:41,collector-B,ok,2,1,2,0,1,1,1,1,206,275,326
8ca8d9e88cb8715d7c88d909e47beecfa02f85d3b5d278a73185d650b7954ca9,2026-09-21 23:18,collector-B,ok,2,1,2,0,1,1,1,1,206,275,328
8cb90789d35c83289355f1a49e9134ab4bbaff3962d65435761f287ac2601774,2026-09-17 11:52,collector-B,ok,2,1,2,0,1,1,1,1,206,275,325
8cf19f183885162f22f2b3b83da08581c581c363968ced9b10e18a729bec97d0,2026-09-21 17:44,collector-A,ok,2,2,4,0,0,1,0,0,1554,372,294
8cfbd0fa10feec13d39f5a45a5863ade546c7e59c29b5480ecea7c767bbb7a76,2026-09-21 23:47,collector-A,ok,30,30,7,0,0,1,30,1,3660,695,1530
8d0ffdff95655308a7dbbb6de7b1ec03ab3bcb577a1ec6cd61c2817e96c271e0,2026-09-22 00:15,collector-A,ok,20,20,7,0,0,1,20,1,2440,695,1160
8d8976633cafc1b73585d6a291559b369fe923e87aff7246c646d0d6b618246a,2026-09-18 12:40,collector-B,ok,2,1,2,0,1,1,1,1,206,275,324
8e11b8f7af559d82d44da3995e00b70b24bf302bc06a7f6ac85b0e3359d53b60,2026-09-20 16:48,collector-A,ok,81,81,85,81,0,1,5,5,6994,7419,7199
8e2933b4e528a8c56639b34c627b78c6f1220b3ecb02dec36e66add01e671833,2026-09-20 10:50,collector-B,ok,2,1,2,0,1,1,1,1,206,275,325
8e435922babcde1fda0752ea56bdc5301190b60ff673cbd5c3ed71b6cc0a7c40,2026-09-21 10:18,collector-B,ok,2,1,2,0,1,1,1,1,607,275,327
8e681405b4a1b853d613d5470701b110b9bee20159212fd757abd549e23dc470,2026-09-22 00:15,collector-B,ok,2,1,2,0,1,1,1,1,206,275,328
8e9f3dadf31f47c848482ef0e783cca5c9bc9488f2f3f425b1b2f3a7756eadc3,2026-09-19 00:00,collector-A,ok,6,6,2,0,0,1,6,1,732,275,421
8e9f7347210f19410f0f76296324c52a31820b0556ac9a05388f62ccd6b26578,2026-09-15 23:53,collector-B,ok,2,1,3,0,1,1,1,2,606,397,376
8f5d13c7528526fea18b02bdc77af3eb3ccfb82f25c622e1232fd06a9546c904,2026-09-18 04:34,collector-A,ok,3,3,7,3,0,1,0,0,252,677,521
8f8592e56da484407623412bc799453c4d021c6cd8fdf7a6b946a389c63eb919,2026-09-21 23:20,collector-B,ok,2,1,2,0,1,1,1,1,206,275,329
8fe5451a12ff838af979104fb34157eea88573570a85c23c2cbb97ae00e1f00a,2026-09-17 22:00,collector-A,ok,4,4,8,4,0,1,0,0,336,761,602
9007192c2285f6fe6a0352b2ee284e3dc0f220606eaa4296ae8e56fc3390eb68,2026-09-21 22:40,collector-B,ok,2,1,2,0,1,1,1,1,206,275,328
90b955b5739edb42f2d558025591f0cccd19ef5dd2b5e2773f7d392f007364bd,2026-09-22 00:15,collector-B,ok,2,1,2,0,1,1,1,1,206,275,328
90bd1ca36588d11556878ac129027ffc8d09a0f9ef94e5f9e88fb512123e44ee,2026-09-16 17:43,collector-A,ok,78,78,82,78,0,1,0,0,6570,6942,6725
90c4ad8ac8cc6962a463076cf20514d29ceeee648ce2577880d695ed3059ab37,2026-09-21 23:20,collector-B,ok,2,1,2,0,1,1,1,1,206,275,328
9113b19613ad01f866c475056aa3bccfd2e311c651351c125838aa52e706edc9,2026-09-18 12:34,collector-B,ok,2,1,2,0,1,1,1,1,611,275,327
913e2e5b6d268d98404970310ee27b216de8a28ea437957b22070dce7764e0c2,2026-09-22 04:07,collector-B,ok,2,1,2,0,1,1,1,1,302,275,324
91954f479f4c159507dbec6b32fbec7a38b1eda2477766987c2116841939cc31,2026-09-16 20:07,collector-A,ok,1,1,5,1,0,1,0,0,84,509,352
91f34ccf27c6cd3b70c9db93627ecfb26429d8a715f471990f4e232c31ab7f5d,2026-09-21 05:39,collector-A,ok,37,37,41,37,0,1,0,0,3108,3480,3293
91fa4ea8d9df7debdd288719780435504ca232aa4b3dd45cb418b7187345a300,2026-09-20 10:28,collector-A,ok,6,6,9,5,0,1,0,0,504,845,725
920638227000ba7a103008f8eda4887c52400583e1a128e93f41be962e3692b8,2026-09-20 10:28,collector-A,ok,4,4,8,4,0,1,0,0,336,761,603
920646ee278e0fcc2b85ae5f364df55aa707a971a881c66f6afc50a1ba05d655,2026-09-15 16:53,collector-A,ok,16,16,20,16,0,1,0,0,1344,1716,1550
92291e6d277e0af123fae7850c76c72731be4f5aee156c66c28f5915350f1e6b,2026-09-18 07:52,collector-A,ok,29,29,33,29,0,1,2,2,2512,2884,2696
9236c6b974eb98cfcfc9ceff9f9276cdfe0e90443d47f1ffec725343aca5affe,2026-09-17 23:28,collector-A,ok,1,1,4,0,0,1,0,0,182,372,254
923bf4a450523aaf0e78da5b7e821843ecff4963e81f35b23271b53ec5ede0bc,2026-09-18 19:07,collector-A,ok,2,2,4,0,0,1,0,0,1524,372,292
923e719f161d1a708a345b90cc5ca34158539a8d235de149e3081d6d9d145954,2026-09-19 22:49,collector-A,ok,80,80,83,79,0,1,7,7,7664,7327,6931
92ada21a12bab57a59cd73ad757161af91b05394b3d37212756d2631c303257d,2026-09-16 23:34,collector-A,ok,1,1,4,0,0,1,0,0,84,372,254
9343a557e293eacec0347505b4e8f0f9aa82a6b6b740a601cda4696b9d73a586,2026-09-19 03:06,collector-A,ok,30,30,37,30,0,1,0,0,2520,3177,2879
93556dde1267a850c514765b6648a0d8781b0da0716ff9674b3362ebec81a719,2026-09-15 13:14,collector-B,ok,1,1,3,0,0,1,1,2,122,397,282
93721be7b6840ca4875b9a9eb8ed2a7f4b290e96e03ce76e6d00b464517e92e4,2026-09-21 02:10,collector-A,ok,25,25,29,25,0,1,0,0,2100,2472,2297
9399391a008fb81e7a578a91feb654ad4bffbd754c7dfff5dc4671db32d382c4,2026-09-22 03:11,collector-A,ok,1,1,4,0,0,1,0,0,777,372,256
93ab79872830c824a06c67deebb78777df771b6b8ba7af958a6b119cc88fe82a,2026-09-19 12:02,collector-A,ok,2,1,2,0,1,1,1,1,607,275,327
93df03aa0ab24da2917d218b7fbaf2fce51ff2274e13aa42ce43c091634c3d82,2026-09-17 07:00,collector-A,ok,1,1,2,0,0,1,1,1,519,275,233
942d0d76cf8c8065071e44c46989cd383d921c9736e9295ded3857a5d613f06c,2026-09-19 15:56,collector-A,ok,1,1,5,1,0,1,0,0,84,456,302
946558dbd2de6fa28c3ae52470b059722475486361fb2757f6860f4501050e97,2026-09-21 18:22,collector-A,ok,9,9,4,0,0,1,0,0,6993,372,554
946d1a9cb41b26c7cd211e1c6fbbd0bf02919a7d265f876b2827800f3d5bcf53,2026-09-21 23:22,collector-B,ok,2,1,2,0,1,1,1,1,206,275,328
950621447d6fb65cad9a171710b3f1011e07d291f0dc379f2a6de20040701d1f,2026-09-17 00:54,collector-A,ok,17,17,21,17,0,1,0,0,1428,1800,1633
95094dd198900849e9d94a1c686450d405dccf886e2720b4bd95b7a52c1ae06a,2026-09-22 05:25,collector-A,ok,2,2,4,0,0,1,0,0,1554,372,294
951afd5a02d4942a04b021231f09b343d1b1471465e5c2fce475880c7810f231,2026-09-22 00:17,collector-B,ok,2,1,2,0,1,1,1,1,206,275,328
9543c24a92c6070fb16b0b55d71947b7fc1e6d42b198b8551c1a57f10c5020c3,2026-09-16 21:30,collector-A,ok,2,2,6,2,0,1,0,0,168,593,437
959ebe849e4a62a9c854ecb908552c9fad5d8e473e87fd69458d490a2a01abfe,2026-09-22 03:45,collector-A,ok,106,106,89,85,0,1,0,0,16512,7512,8054
95a8b0caa38b82cfea2d1b4e08057f98ad63f3832b838cf4933528daad22d3c4,2026-09-22 00:15,collector-B,ok,2,1,2,0,1,1,1,1,206,275,328
95b6e297f51884cfc19eed3a93c82f264a330b452fc7e5d6407e53ef256efb18,2026-09-21 17:46,collector-A,ok,1,1,4,0,0,1,0,0,84,372,254
95d5b9cba1dc39bf29832a0730885e8d9940efd2791289bbeaf3842f52d83d90,2026-09-21 19:45,collector-A,ok,38,38,34,30,0,1,3,3,8850,3006,3111
95e130fd5295443a230e6cc906686c3a3363a9d20eaca7551d1ca3e13ed19389,2026-09-15 21:03,collector-A,ok,29,29,33,29,0,1,0,0,2436,2861,2683
96349ee69d6319d69287a052eb8f7f84c303646254a1c912d8ef58838bdcc30d,2026-09-19 19:02,collector-A,ok,4,4,8,4,0,1,4,4,488,860,595
9653143a80d2ca4b259e105377c88898fc2865c7063ab9d367e7ab9199950d66,2026-09-21 22:11,collector-B,ok,24,23,3,0,1,1,25,3,2966,435,1231
967ace51bf920df2e87418300342055297c2c1773b6452b8790c0fe9a735fdad,2026-09-21 23:33,collector-B,ok,2,1,2,0,1,1,1,1,206,275,328
96b157e4b449e19c12e8cc99f5bc0adc1b5bdadd7d36972c105a2793acc2896b,2026-09-21 22:02,collector-B,ok,2,1,2,0,1,1,1,1,206,275,329
970cef29fbfe8059a25aeb0288b1022e388cdb1b0328ac0fda529cb546749f29,2026-09-15 16:13,collector-A,ok,73,73,76,72,0,1,0,0,6810,6420,6244
97192cde1a0f0e80d914bf9d0eca7c6b6f2fcf572f4e642c1dc765496ecc9392,2026-09-20 23:19,collector-A,ok,50,50,53,49,0,1,0,0,4938,4548,4386
98087f2a0631f97a3d55dfd8f276f8721b94dc4acacea23525e3642f4b3d1f39,2026-09-22 00:27,collector-B,ok,2,1,2,0,1,1,1,1,206,275,329
981cfc442d56b32411a2b82285115ddc2e5b6d6f5ea8c2ef239d77564793f314,2026-09-21 23:20,collector-B,ok,2,1,2,0,1,1,1,1,206,275,328
982afc4d72754bd850cf655dedbf144a5ef9f10cae780fa0f332d377b3e21b62,2026-09-17 10:41,collector-A,ok,12,12,16,12,0,1,0,0,1008,1380,1216
984244fe933a00b24e031d7184fe8e4e157e352d19a6003024da0cf149d6d6c7,2026-09-21 22:49,collector-B,ok,2,1,2,0,1,1,1,1,206,275,328
988d0cd28b26999fbb502ca7f1ca7bab1fbea88601e690742636a152b6bd8779,2026-09-21 10:52,collector-B,ok,2,1,2,0,1,1,1,1,206,275,329
98985192da59a8e469c3eda3d80f02f731e5f8eb21d03410478b2a688468d0d8,2026-09-18 20:47,collector-A,ok,1,1,5,1,0,1,0,0,84,456,302
98ac780561653834eedd5172acb7b4bfe785e036e3eebda30c3605009a3a1363,2026-09-19 12:53,collector-B,ok,2,1,2,0,1,1,19,19,890,959,937
990c081a1beda9dac87797670e134f3eb9f578e3613716e85c5348a82529ee74,2026-09-15 22:14,collector-A,ok,33,33,37,33,0,1,0,0,2772,3144,2959
993e57beae02dc98014fdf006856350a974a9021294c96967aa97edcea9581d9,2026-09-22 00:18,collector-B,ok,2,1,2,0,1,1,1,1,206,275,328
9944d614b1210e47c3d98b8f29ccba0b0cd0a917b54679c88686edfb7ec5578a,2026-09-20 02:08,collector-A,ok,15,15,19,15,0,1,0,0,1260,1632,1464
995cb9ae5fcdd898118809b8a43ae7c3dd6ff6e7a4bb05a4d5c6d1b4d19aa36b,2026-09-19 09:08,collector-A,ok,9,9,13,9,0,1,0,0,756,1128,962
996720fc50f6f3bcdef90666aecd5a5021acfecc76f62032c85e55fceaa7896c,2026-09-18 21:44,collector-A,ok,19,19,23,19,0,1,0,0,1596,1968,1797
9992a59ecdf9388cd6c985d1b9f12a54ad9385dfcd54bc4385745c8cd2ed72e1,2026-09-21 23:18,collector-B,ok,2,1,2,0,1,1,1,1,206,275,328
99996be8643f8507a5cadf2d772102ef753662cbbfaf0008511962ce53d0b794,2026-09-22 04:20,collector-A,ok,2,2,4,0,0,1,0,0,1554,372,294
99a27c35ad43a225ebb9c33156eb1f512108bed619b076203cef954e965740a6,2026-09-15 13:43,collector-A,ok,54,54,58,54,0,1,0,0,4536,4961,4758
99b76eb606b100dbd4e1722850565875c17c4b1a3029381f9c31eff224e39aa1,2026-09-21 13:34,collector-A,ok,1,1,2,0,0,1,1,1,122,275,235
99cc4d34d4327bde4b1abeb436484e111c57f6a5e4062f30501929d03ce3423e,2026-09-19 09:12,collector-A,ok,33,33,27,23,0,1,0,0,3686,2304,2500
99ed13d596aa46a09cdab65a3734fb9e3bf883a7a3260ed85dd023d35a4ce5f5,2026-09-19 21:28,collector-A,ok,3,3,10,3,0,1,3,3,366,1023,677
9a1bdd1893ca3b3765ccd82a98d0f834bf59617dc5a2c857c18978f1c0b88a4a,2026-09-21 07:45,collector-B,ok,2,1,3,0,1,1,3,4,282,473,446
9a7c64f1fc08d3c0085b866f12f9d7be7ee82a8fc7c3d5d36ff863cf3d4d9188,2026-09-19 22:25,collector-B,ok,2,1,2,0,1,1,1,1,206,275,324
9a96587c485d8b4f2e4d4227dc8427cbf31386700888826c3b49e8ce9576a79a,2026-09-17 06:43,collector-A,ok,1,1,4,0,0,1,0,0,84,372,256
9adbab6f77e69296fc23f6cc014b1c2e23133538adec8e3fa66534b28475acd0,2026-09-21 23:57,collector-A,ok,30,30,7,0,0,1,30,1,3660,695,1530
9ae64c3cd54b4d7bcd0247c52fa22585d365a40a3ddda81c8857a11c02e669bc,2026-09-19 18:52,collector-A,ok,13,13,17,13,0,1,0,0,1092,1464,1301
9b253ce10fbc94f51e0ba9ab251290f4cf395508665652c322290b1fd1301f1f,2026-09-20 06:13,collector-A,ok,3,3,7,3,0,1,0,0,252,624,469
9be8531457d23a82acf37ec42053adc7900a60ffdfc35e204f02eb03ff2943e9,2026-09-18 11:19,collector-A,ok,147,147,149,145,0,1,0,0,13752,12570,12429
9c69894e1e5568a64d8a8193c630b8f9cf78f9b9624f2a8891c9ea7c8c51b122,2026-09-21 18:15,collector-B,ok,2,1,2,0,1,1,2,2,244,313,363
9c96399160dc92b6a766053b565a57b23504318907f930289a6cd9fe8374ee1b,2026-09-21 22:40,collector-B,ok,2,1,2,0,1,1,1,1,206,275,328
9ce0046693b817ec1778dc277c1e22c58f3b56ebf5ab2a98bb83c3df36246db9,2026-09-19 19:42,collector-A,ok,2,2,6,2,0,1,2,2,244,616,423
9d5339b8771e775f11f9ce979aab917522c038159abf335b6b3f4d751b322459,2026-09-18 01:30,collector-B,ok,2,1,3,0,1,1,1,2,555,397,377
9d68fc1a467318f84fd384db11bcc5fe19e43c5e147935b80825a984f60d7546,2026-09-20 22:21,collector-A,ok,25,25,29,25,0,1,0,0,2100,2472,2298
9d8173edaee8e2e49628e3421e87b8b0502eb1ff4d0aebc4084663e903deb095,2026-09-19 11:34,collector-A,ok,8,8,2,0,0,1,8,1,976,275,495
9d9f9c068b61f6e56ab40ea58c0283da3e204c737b9032697b7486011e9d70ae,2026-09-21 23:20,collector-B,ok,2,1,2,0,1,1,1,1,206,275,328
9ddf44b9873192125a91018e9f7249b0edb1f8f80fa62579ff4401d052843782,2026-09-21 23:20,collector-B,ok,2,1,2,0,1,1,1,1,206,275,328
9e5bc0ba5f48a3eb0616068925db849c7816f94ec96927629993d75581b9cd25,2026-09-18 18:24,collector-A,ok,2,1,2,0,1,1,1,1,1202,275,326
9e8d58ce5089e5a50d2ec50e813666d2568936b1554b75f95552fef8fcb3b6af,2026-09-19 19:32,collector-A,ok,2,1,3,1,1,1,23,22,1421,1536,1480
9ed0c5d59515b4474b2fe1109837348d90605c91fcdc088f65acfecc522f984f,2026-09-21 22:04,collector-B,ok,2,1,2,0,1,1,1,1,206,275,328
9f4be1dff9f574d31c7ae865adb50381bfd9814d68daa4a4a52231a48ed5bca7,2026-09-21 22:40,collector-B,ok,2,1,2,0,1,1,1,1,206,275,328
9f5cbeb0c644fb3371ed97ed1023d343e21cdf18bab581b2ed06d89c23b3d3de,2026-09-20 07:49,collector-A,ok,1,1,4,0,0,1,0,0,84,372,254
9f6fde39a6e9df80f3fdefd483b7b58a3b24c7a7bd8290157fbc4a3332df2afd,2026-09-21 22:40,collector-B,ok,2,1,2,0,1,1,1,1,206,275,328
9fd31d6909e75c5b4ecec06d18b8653062d4094bb0cc34456a3993fdd9382334,2026-09-20 17:22,collector-A,ok,11,11,11,7,0,1,0,0,1602,1013,1001
9fe52c3ad5ae9a76ac5a9445c146731d2e1a140979d320ba26d2e5def048188d,2026-09-21 19:02,collector-A,ok,9,9,5,1,0,1,0,0,6300,509,652
a0095866357a2fde1c49ec5f441d874d0ac1025eb519a64e844a47d7800b2178,2026-09-22 00:27,collector-B,ok,2,1,2,0,1,1,1,1,206,275,329
a08c7ee33ca674102666cde00f4389abef8fcd537221378898e747fabdd75547,2026-09-21 19:36,collector-B,ok,2,1,2,0,1,1,1,1,206,275,327
a08c86fd1e06f3862af7d8cb533c2235eef395f65bcd38174f75fa72bb18d982,2026-09-21 09:56,collector-A,ok,1,1,4,0,0,1,0,0,84,372,255
a08ff73cf77eea4fec06c758020234acbdb5898cae910789706b0858afdb9c45,2026-09-21 02:00,collector-A,ok,1,1,4,0,0,1,0,0,542,372,257
a09921c7ec50c20dfe443d789564debfea409d6cebdd636ff998f1b843564b5a,2026-09-18 10:37,collector-B,ok,2,1,2,0,1,1,1,1,206,275,325
a0b8ac8139c5ef82838c16347bbf4e9c813a7a4ab1625c12ccbb87241015fa80,2026-09-21 18:14,collector-A,ok,3,2,2,0,1,1,5,5,634,427,499
a1c2fe2062999f0d6a44b9eef7172ed8476bb2a654620f6e7461ec5e88b342eb,2026-09-19 05:17,collector-B,ok,2,1,2,0,1,1,9,9,510,579,605
a1f25c7542c40357034b52f2a461d249b3acf92ab9cb79492714a03cb541c319,2026-09-15 15:53,collector-A,ok,2,1,3,1,1,1,18,18,1231,1384,1332
a27f72f65bde5776d2d9e184594cc4140c9ae6341716a0a053e6af83f83e102d,2026-09-19 09:28,collector-A,ok,13,13,12,5,0,1,12,5,1548,1267,1144
a29f85bd93941814ea904789ee2b265f606d44305713d03bdc9c77ff28e1d0f4,2026-09-22 02:35,collector-A,ok,2,2,4,0,0,1,0,0,1554,372,294
a2a08d4899ed5de280896a1f953253f8e57cec74a1f4e1e4b549fe1250504ab5,2026-09-21 20:17,collector-A,ok,14,14,12,9,0,1,1,1,4679,1115,1178
a2a805493866f2c6072c5d9b34ca78a50e952b85aeae013c069a2f2a6d5c59d4,2026-09-21 07:14,collector-B,ok,2,1,2,0,1,1,1,1,761,275,324
a335c2a9fa5d2b2710f9c6727f522a6a30fb6c6ab3bc29be39fdce856b8ddd6d,2026-09-18 15:23,collector-B,ok,2,1,2,0,1,1,1,1,206,275,324
a33a30dccbb69af45c3d80065959af2a48bdf8261980832f5904a2762e744eed,2026-09-17 09:35,collector-A,ok,97,97,101,97,0,1,0,0,8148,8573,8356
a342107609672ee56d01978e9c4b6d3257b272d90fdb21bff3c352deca52f60e,2026-09-22 00:04,collector-A,ok,25,25,7,0,0,1,25,1,3050,695,1351
a34dc66174d9c1686549b3c682c296ab4ee80c2f7c5bfd8332fb9f659349875c,2026-09-22 04:20,collector-A,ok,16,16,4,0,0,1,0,0,4809,372,813
a37ea6ebeaf8e0ecd21327fac67ccb5e1dbaa767a9e750751db8c66faf475f56,2026-09-21 19:12,collector-A,ok,4,4,4,0,0,1,0,0,3108,372,368
a385f1817670b0dd230d7021195e34846c2053f10562a16e9fbe918663024273,2026-09-22 00:15,collector-A,ok,30,30,7,0,0,1,30,1,3660,695,1530
a397bda5674cb35c4b8cbc2cbe119676d940735842b7cfc2885f32c67d8699b4,2026-09-17 01:21,collector-A,ok,22,22,26,22,0,1,9,9,2190,2615,2153
a3bae6210544f379e7a70c1b074f5b0e4ddef915461397596fb6de26e345faca,2026-09-20 22:07,collector-A,ok,2,2,6,2,0,1,0,0,168,540,384
a3d6ef033df9e3190394411e36e27cf6d94053f5397ab9a1dc66fe301104a140,2026-09-19 07:33,collector-A,ok,2,1,3,1,1,1,23,22,1421,1536,1453
a452b1a8f08f3ab310befe07071b350229c75a74479b8441920c12c7768e1228,2026-09-15 19:02,collector-A,ok,25,25,29,25,0,1,0,0,2100,2472,2297
a4a0fbd56974d4f2d197fbb3ce8f032d434f7a24d6ddd825216916aeddace319,2026-09-18 06:55,collector-A,ok,9,9,13,9,0,1,0,0,756,1128,969
a4a924a927ac6f4af3fcc0ff18b63ca482ed7c199a2059569da27be808709b24,2026-09-17 00:58,collector-A,ok,2,2,7,0,0,1,2,1,244,695,497
a4ab3a1167d2d85d79b0e3e96587a9650bd05f865d084160865117dfd2255f7a,2026-09-19 07:37,collector-A,ok,1,1,4,0,0,1,0,0,84,372,255
a4af7a9db9d2dfb2010c0c4951dc319e43a997dca049d57695c9ccebadd6a2c2,2026-09-15 18:28,collector-A,ok,82,82,86,82,0,1,0,0,6906,7278,7056
a4bb2538843e4537eb35a3e5aa5009678567fff5569c317a5279f526b7e69839,2026-09-21 22:40,collector-B,ok,2,1,2,0,1,1,1,1,206,275,328
a5181255e409946cd274914ff4c81884e3b3cbe57f244deec12764d04a5e425e,2026-09-21 13:39,collector-A,ok,2,1,2,0,1,1,1,1,1202,275,325
a574284dbbcb690b9a087519d2ec89901fa93202f7716e4538f6531ab12dc98b,2026-09-16 20:20,collector-A,ok,7,7,11,7,0,1,0,0,588,1013,854
a5c7ad503c3db70dae07baead3ae55cfd72d7935f7398499f3e22afbb7d98286,2026-09-19 10:01,collector-A,ok,27,27,22,15,0,1,16,6,3674,2145,2123
a5e36822cec7603e0521f2ef6e07a7ba2c2254fb4370b0b72645dc2f53ff6906,2026-09-17 22:44,collector-A,ok,24,24,27,23,0,1,0,0,2034,2357,2221
a5e9456af4e574d310e4e0f4c5cd619d3d7369ab5324a1d5c4d60a34036bd861,2026-09-17 17:51,collector-A,ok,2,2,6,2,0,1,0,0,168,540,386
a5f566e9d40bdc3bcc44f917b4247613c6a79fff57e58321da42197b9421de8f,2026-09-16 05:22,collector-A,ok,2,2,6,2,0,1,0,0,168,540,386
a61b5132258b21d0c4d1c5f538cbfb4fa8c75c1882ad95b630cda040d4e9489d,2026-09-17 16:08,collector-A,ok,2,2,6,2,0,1,2,2,244,616,458
a662c0cde2c86628082c52aa8deb3f2d0c5872ba5944080ccd45693c3c637f77,2026-09-19 22:09,collector-A,ok,22,22,26,22,0,1,0,0,1848,2220,2045
a685eb221c9852e198c00e48798c2fddebe804dfbf5ba182bad2c1e7a9724af3,2026-09-20 20:14,collector-A,ok,1,1,5,1,0,1,1,1,122,494,338
a6aba252066e0b3ddcc1a288914827a8aeea12256d0513737826710a14c2e143,2026-09-21 23:01,collector-B,ok,2,1,2,0,1,1,1,1,206,275,328
a6bd19d6e65f21f48de6c34dd1ce51df0de7e28528e24ff80d944180339682d4,2026-09-21 23:18,collector-B,ok,2,1,2,0,1,1,1,1,206,275,328
a6eb4d5806a91e964f814b3b269cd1be4776c32eef10f0eb88f159801874587b,2026-09-21 22:40,collector-B,ok,2,1,2,0,1,1,1,1,206,275,328
a6efd897a83c5e533f38a3736db091e5e7c11c29a2e474beed0c1d6dd0f054af,2026-09-20 20:56,collector-A,ok,32,32,26,22,0,1,0,0,2688,2273,2462
a71c093ecc73d5a9c94b019b14faaca6b072b341471b9964153e9dcce8fb9be1,2026-09-22 00:04,collector-A,ok,2,2,7,0,0,1,0,0,846,657,456
a78d33bc4a8e49dde8b5aa7df5ec456aaeddf474651c27364842a038d7d7a2d4,2026-09-18 23:44,collector-B,ok,2,1,2,0,1,1,1,1,206,275,324
a7a18395c2cb8d9dee4dee4e1cb42e6d3882de79c8233312532093492e2a8b98,2026-09-20 08:43,collector-A,ok,1,1,2,0,0,1,1,1,122,275,235
a7dd58f6af4fddac32361105b1afe853f5751eeaef40468a8eac1f1443ed2d5f,2026-09-16 05:14,collector-A,ok,2,2,6,2,0,1,0,0,168,540,386
a7f1f323b932be340a4c8d2be003c986cbe4df4602d967ff90cc9262fc7891ae,2026-09-18 17:19,collector-A,ok,5,1,3,1,1,1,45,44,2509,2372,2535
a88345973d8bfee23783c9ed196ed13aaddf5458ef17980fec439a93d85786e7,2026-09-17 00:45,collector-A,ok,14,14,2,0,0,1,14,1,1708,275,717
a88ab70097c64004965675818fd6244cdac6c23538b70c87e0bdf3427e6c5a1c,2026-09-16 02:38,collector-A,ok,48,48,52,48,0,1,0,0,4032,4404,4207
a8f01d1d60445a2b50c4463f40f71e8f5b6282818a608a3b65fa6aa752507136,2026-09-18 08:56,collector-A,ok,1,1,5,1,0,1,0,0,84,456,302
a8f4dd01242db6949c64114bbe69fdee1a32719fc6dccca85bef3253e51301bc,2026-09-20 10:04,collector-A,ok,53,53,53,49,0,1,0,0,4512,4548,4498
a8f613e6ab6dc5dd4a147baa58cb2ee8ed25ad139edc629147d42e8a0cb07a84,2026-09-21 22:40,collector-B,ok,2,1,2,0,1,1,1,1,206,275,328
a924b06535d31f761cf8b3c107341a2c8871c56e6ef247f177b5c62750845fd5,2026-09-21 22:34,collector-A,ok,8,1,3,1,1,1,26,25,2039,1650,2139
a98035b9fa32dff38d67c9085aa1e6434e389e48ded9a1285ff0c8d9a8d368db,2026-09-21 22:49,collector-B,ok,2,1,2,0,1,1,1,1,206,275,328
a998c6c02c9f266919a1a3d820ee2d04fa5a40d0e0616e03908641f0cb57acd4,2026-09-21 21:32,collector-A,ok,48,48,52,48,0,1,0,0,4032,4404,4206
a99939515ac40ebec7b1aa72c5bb03d3ef3b62760e22b36effd288b9b5f29fec,2026-09-21 22:40,collector-B,ok,2,1,2,0,1,1,1,1,206,275,328
a9fccfd7e694b06da692f14e5d69cc6d8e6755f4d6a4a87ab3a6393b7d9058ac,2026-09-17 01:38,collector-A,ok,40,40,44,40,0,1,0,0,3360,3732,3540
aa282d12e9286d0e1e3adc01390c630bae2ed4bd9d142f2a7ddb40c99b159c61,2026-09-21 06:34,collector-B,ok,2,2,3,0,0,1,2,2,1046,397,321
aa9250aff4f5bd86a32115e29586dcee61e9c35e86f6501b8498fcaea1ddbeb4,2026-09-15 23:11,collector-A,ok,32,32,36,32,0,1,0,0,2706,3131,2950
aaa7e418efa2a57e316c7edc145cb43c3d7b8effeeb38c17f44f2ee5e97f30d6,2026-09-16 09:08,collector-A,ok,17,17,21,17,0,1,0,0,1428,1800,1632
aaac11f9012a93164fd430afc0d92f82be4bb4393cf975272fd6f7a8bf5605f4,2026-09-22 00:27,collector-B,ok,2,1,2,0,1,1,1,1,206,275,328
aabfd3b764c38f48fb52280baf91ea32fb958fa63319516031a1fe3ea8009ac4,2026-09-18 09:41,collector-B,ok,2,1,2,0,1,1,1,1,305,275,324
aae59f6d61df58496ad7c291f5056bb60f3a53c22594cba733464e68eb769525,2026-09-21 04:49,collector-A,ok,1,1,7,0,0,1,1,1,122,695,454
aaf7a51e4ea707c9af9a530402cecdb5255cd9819168a7e57cbe6dc1107d5663,2026-09-21 23:33,collector-B,ok,2,1,2,0,1,1,1,1,206,275,328
ab011c2b453801d301d6f6cadf76a601df50b8192e94447fd630a0fae3591794,2026-09-17 16:34,collector-B,ok,2,1,2,0,1,1,1,1,611,275,327
ab0a5d7d5fff6acd3ea942db23a52dd6a20caa1e36923ffd96d169131aa95861,2026-09-15 11:16,collector-B,ok,2,1,3,0,1,1,1,2,306,397,378
ab264ce4ea29cdd1c1852712691a21e32a1cf6ff321130cc81373d86d7640a7a,2026-09-19 21:56,collector-B,ok,6,6,3,0,0,1,6,2,732,397,468
ab40cf1c74f205359fd49a6f45383a5de2b1fabbad77633055c10e217c445e41,2026-09-21 18:35,collector-A,ok,2,2,5,1,0,1,10,10,1241,836,703
ab938bdbb626c6f12e867bdb4e4c9b68b349f7a0c04e6f0a1cf4933cde68f255,2026-09-19 19:32,collector-A,ok,4,4,8,4,0,1,0,0,336,761,605
abd05b128fc07fccb7fab6c34510fb7a1d16e9abae1c6800abfdcd4e760dc80e,2026-09-21 23:20,collector-B,ok,2,1,2,0,1,1,1,1,206,275,328
abf0c689968a8bb190e693d1f7f684c59d83fcc6eefcd0a2d2d32ab7854bd15c,2026-09-21 00:57,collector-A,ok,6,6,2,0,0,1,6,2,732,313,455
ac2023515972fb304add76b1da861306d6d28eb884eb58487e764085b2d4a38c,2026-09-21 23:01,collector-B,ok,2,1,2,0,1,1,1,1,206,275,328
ac8e518b9d3ca888c07e61143f4c55e1aa9006bc4aaa238ea3e79a204d42a6e1,2026-09-15 21:29,collector-A,ok,18,18,22,18,0,1,0,0,1512,1884,1716
ac9f3627bc04e0faa0b6a6070030c2b7b170ea86cb42a8eb94cce15a8a85bb90,2026-09-21 10:18,collector-A,ok,1,1,4,0,0,1,0,0,84,372,255
aca0a8dfc04b60c14fafc08ed059f0349c5def962edbc718cb1a66d0f929b072,2026-09-18 12:40,collector-B,ok,2,1,2,0,1,1,1,1,206,275,324
aca1fa97556ab42b90bff48c6f8fe9e74491f2a8eaba9bd7f14e1b8a06f22f05,2026-09-22 02:28,collector-A,ok,30,30,34,30,0,1,22,22,3356,3728,3263
acacfc60b0dfb02d38af0dd036fff0dcdd69954b00902306df5861e659fdf76a,2026-09-15 02:46,collector-B,ok,2,1,2,0,1,1,1,1,206,275,327
acdad1710516cd270013daa8c657331e537df6960d0da1e8d119af75e2074eeb,2026-09-18 01:30,collector-B,ok,2,1,2,0,1,1,1,1,1203,275,325
aced5da78a282b7e05a93ae8dc86c366111e76b90eedf728ae6c8dadab1d5350,2026-09-19 20:19,collector-A,ok,7,7,11,7,0,1,0,0,588,960,801
acf8fef9418dccdbf9a8dd8658d37ac9e8a09f6a3392e97f8ddf85e66a5ce386,2026-09-17 01:42,collector-A,ok,1,1,5,1,0,1,1,1,122,494,336
ad060c0ae92c1776091385494a07a6b54ee667d53bfaefbcf17b56d271ddd061,2026-09-16 22:47,collector-A,ok,1,1,2,0,0,1,1,1,122,275,234
ad13d4742c5f440c82916e85cac4405d81fa6e1a51c9af526837ead47ed3ff40,2026-09-17 13:26,collector-A,ok,2,2,2,0,0,1,2,2,1876,313,304
ad22a4da6eee0fffd46f8d41474c0993a1449ed9c34583327e37b6fc578e73c6,2026-09-16 22:56,collector-A,ok,13,13,15,11,0,1,0,0,1092,1296,1208
ad44f6d5568bb7d64f23592ff8fbdf4e40fdc75dbea915cbe5559ae19e3f9a75,2026-09-21 18:53,collector-B,ok,2,2,4,1,0,1,4,3,1105,898,817
ad4c2afd0f94054515d884d9df900d1533d3644ee8f2c0f892bb289838570939,2026-09-21 23:20,collector-B,ok,2,1,2,0,1,1,1,1,206,275,328
ad59c5a3ae80f363d84dc5e7cf38af34ec4ae84bddf9dfdefa564d6d6b717863,2026-09-19 18:29,collector-A,ok,3,3,7,3,0,1,0,0,252,677,521
ad9e8e8078b4c107816d82826060803550d4d1e0651552b7df61e652d68109eb,2026-09-19 15:34,collector-A,ok,7,7,2,0,0,1,7,1,854,275,458
ae0f61e265e22b9aa9c929eaafac27883cd718ff846774d376229554b217131a,2026-09-15 11:49,collector-A,ok,3,3,7,3,0,1,0,0,252,624,468
ae168db88f960beb8cf532fdc8a17844fa74e825fc39c530908177da9978fe3c,2026-09-19 15:56,collector-B,ok,2,1,2,0,1,1,1,1,206,275,324
ae3f09bfcec6b0f22f6a9d14e9cb5ea98bc5056b97e286972c9b54b9a2f52747,2026-09-21 23:01,collector-B,ok,2,1,2,0,1,1,1,1,206,275,328
ae5362490002211a2ee3aa053eb0c046a496a1a2d5e69e99cffa993838dfa730,2026-09-22 00:15,collector-B,ok,2,1,2,0,1,1,1,1,206,275,328
ae65e0af5869b2786be7106d0844effa2b601dcaa5b34ea9cd960c7da348407c,2026-09-18 13:50,collector-B,ok,2,1,2,0,1,1,1,1,206,275,325
ae6f15a1a43f2a80994df2d133e9e31bc53aa4574326a7b3efbc5fac7dbcf667,2026-09-21 13:16,collector-B,ok,2,1,2,0,1,1,1,1,1202,275,325
ae7e035de7be3e9f3abcfaac6dc7785599e70448e122c615510ebf3351596bf9,2026-09-21 23:09,collector-B,ok,2,1,2,0,1,1,1,1,206,275,328
ae9ec14e4a725c78f75a883f3da5de7342e318a3f6c1bd4af8d5755071e644d9,2026-09-22 00:15,collector-B,ok,2,1,2,0,1,1,1,1,206,275,328
aec5b3c456271af2dfd777f441449081edaecab536209bf120022eb9591765a5,2026-09-16 20:59,collector-A,ok,5,5,9,5,0,1,0,0,420,792,632
aedfbc3d0c5d955f4a6a9ac408c0fc6b2c7d716b5574b78b9fefa0c40257a86d,2026-09-21 23:20,collector-B,ok,2,1,2,0,1,1,1,1,206,275,328
aee1a52f4a7a8c843d49e5c302379c03e070d5ea556f5378c9c59fc5a3c0272b,2026-09-17 00:20,collector-A,ok,30,30,34,30,0,1,0,0,2520,2892,2711
aef214edac6c634717f844b3ed0f57abcbbf526a46892b144765fff595e52ef8,2026-09-19 23:02,collector-A,ok,12,12,16,12,0,1,0,0,1008,1380,1217
af62e980187f9c94f7836e4eb26ea05cdde920d76c547f1b63d7a371fa086bd5,2026-09-22 01:57,collector-A,ok,2,2,4,0,0,1,0,0,1554,372,294
af82f6af2a35ba6759ede72b556899d6e4a7e5a8dc5f64e2a8856e631ab40d69,2026-09-17 13:31,collector-B,ok,2,1,2,0,1,1,1,1,206,275,324
affc70d535c18014882ca4bc45c82a8b2cf71fd76b35ea703e6df06954b68fb9,2026-09-21 23:01,collector-B,ok,2,1,2,0,1,1,1,1,206,275,328
b040d4007c4c0e70c659c2155c6d558c306ffee5a2f2c9e3cccdc0d49581735c,2026-09-16 22:09,collector-A,ok,14,14,18,14,0,1,0,0,1176,1548,1382
b10ab851ba417fb330e7cfd69fcbd3483fbc807b65baaa73e698191c108617ab,2026-09-21 18:52,collector-A,ok,2,1,2,0,1,1,6,6,498,465,496
b1611a75d030d6aada45bdbaeeaea264c6fb65c431ea8256da4fb0ce0e5dfb8d,2026-09-21 23:33,collector-B,ok,2,1,2,0,1,1,1,1,206,275,328
b1a7ce259262b2da0406b23874178410eb2fe868cb7f031da553879cc8769c86,2026-09-17 17:51,collector-B,ok,2,1,2,0,1,1,4,2,320,313,360
b1aa7796a48ab4d8a4e442fb0680767862e3a79d7f0666436046248ff33ae21c,2026-09-18 09:20,collector-B,ok,2,1,2,0,1,1,7,5,434,427,471
b1b34e6bf5340e1bd0794b61e61a2678f8682395ab1b88cab3ef5ad6617856be,2026-09-18 21:06,collector-A,ok,13,13,17,13,0,1,0,0,1092,1464,1300
b1c1dbdec69eb02d0cf821ec3d7fcb6367b1edbfec1a74b4a0a895d9e6ad8698,2026-09-21 23:09,collector-B,ok,2,1,2,0,1,1,1,1,206,275,328
b1e49a4acf3ab83c84699e5135e55cb31cf6cf1887518622386db6ef0b5f1bbb,2026-09-15 19:02,collector-A,ok,11,11,15,11,0,1,0,0,924,1296,1134
b1e6cec961cda588502e4818f74ac826c452b9e23ef3cf08fe877b4837f59764,2026-09-16 14:28,collector-A,ok,4,4,7,3,0,1,0,0,1014,624,504
b1f5cd4337a23559c597d135ef2e83b99e16224c998c7a5b56deab7d367ac3fc,2026-09-16 02:21,collector-A,ok,14,14,18,14,0,1,0,0,1176,1548,1384
b29b939085b058a60791e47cec0e90071fe66c28b886bb0b6d13d6753cf406a1,2026-09-22 05:58,collector-B,ok,2,1,2,0,1,1,1,0,206,237,290
b2bc7e5346f3641d707b3c93cb6a01704b5415e5b61a8e488d354ac5cfb214b6,2026-09-21 23:09,collector-B,ok,2,1,2,0,1,1,1,1,206,275,329
b2d06f8dcb9c10f21f43e955aa1ba0049e0d993adbe19030443e8c1af0efa191,2026-09-21 22:40,collector-B,ok,2,1,2,0,1,1,1,1,206,275,328
b316a72ba64b23cf0c480a1a0acea41108e10e6e65f19f54eea7bb3c6e3e4184,2026-09-21 22:40,collector-B,ok,2,1,2,0,1,1,1,1,206,275,328
b3681f5a689df26852b572a71872755fc6e8b6390745869db4f9408b222021c6,2026-09-22 00:27,collector-B,ok,2,1,2,0,1,1,1,1,206,275,328
b3f0a08fbad3c4aa84a08ef5bbb7e163be770e2cc706156820174d30cd97b9ab,2026-09-21 18:52,collector-A,ok,7,7,4,0,0,1,0,0,5439,372,480
b4344b73e52c759dd65d64ccfacd3096fbc3efd9bc44b936caef918d5e11bf93,2026-09-22 00:27,collector-B,ok,2,1,2,0,1,1,1,1,206,275,328
b451e5eb4602d6df78d16f07ee2c9fc52eaefb04ed54ace9a349c6c28b7360aa,2026-09-21 10:12,collector-A,ok,1,1,4,0,0,1,0,0,84,372,255
b458acae0b95c36931241d5ac8084d5d21d9d65c22693398780d4d088e4e9682,2026-09-19 12:45,collector-B,ok,2,1,2,0,1,1,1,1,1202,275,325
b4757b9cac4b54b2dd4a1399f8fb0d1090d24a6b118cf809543eec4216bd79da,2026-09-16 06:38,collector-B,ok,2,1,2,0,1,1,1,1,206,275,328
b550d45ed0faddd2d200dfdaf805d65fe31b5de812916d28e17733aeed10b188,2026-09-21 17:11,collector-A,ok,6,6,4,0,0,1,0,0,4662,372,442
b5554aaf4f692ada6faea9ca352db4b032440f3d1286b192b1f3cef43e044fd7,2026-09-17 11:58,collector-A,ok,20,20,24,20,0,1,0,0,1680,2052,1878
b56b25b9d37c9839821f704d311f3d401bc2b6906f911230ed59dff726c4c3e8,2026-09-16 02:51,collector-A,ok,5,5,9,5,0,1,0,0,420,845,688
b588f2474d7eaef0440dde03f3e173ede27fcd61f3b315cd884f6e1b9d24aa8d,2026-09-18 08:48,collector-A,ok,12,12,16,12,0,1,0,0,1008,1433,1272
b5aeeaa6426b1ed7daff4c9029eb8f4c59d33dd2c068c3795367181b76f68af1,2026-09-20 22:52,collector-A,ok,25,25,29,25,0,1,0,0,2130,2502,2317
b5dcf7c10cb618321c81b35d1679b03c53a74b6ea6ec433b012a49d7a7075e07,2026-09-19 09:08,collector-A,ok,10,10,16,9,0,1,2,2,916,1489,1240
b5f307278b0e7074cc1194faf7f551ef72db1fb2c65107a0a8f3895f3c3adfa9,2026-09-16 18:05,collector-A,ok,9,9,13,9,0,1,0,0,756,1128,969
b5fb9fc970e8cedb99e727e2a1085e33753c9fe4ad5d00003c0d0645b7765d14,2026-09-21 23:01,collector-B,ok,2,1,2,0,1,1,1,1,206,275,328
b613da00776ff9ae8cdfe301883204c6bbaa5a322aa36e88fef08140afcc0f72,2026-09-19 12:21,collector-B,ok,7,7,3,0,0,1,7,4,854,473,543
b6754b49bd0fffd4993760e68a0be2b2cd159ac62a95541509ede2fbdfcea3ae,2026-09-20 11:16,collector-A,ok,1,1,4,0,0,1,0,0,84,372,254
b6df25c5adf91e939e616b8da9f3f7d6e83805b1f461245cefe65e6a6cfde8e7,2026-09-21 22:13,collector-B,ok,2,1,2,0,1,1,1,1,206,275,328
b6e526e9b64b379bf150a9840b8346cf5289007f613d638764214bd6ee8e9e31,2026-09-19 03:06,collector-A,ok,6,6,10,6,0,1,0,0,504,876,714
b73d4a7cdca035c8ecaac1e0cb3d05be7e1e8a0a80d9a44d96b526c09af7d8b1,2026-09-18 07:59,collector-A,ok,3,3,7,3,0,1,0,0,252,624,469
b756eb51c2d80772f1b540377aaa803e5789a543bd5cdf326dda70a910f11e93,2026-09-21 22:02,collector-B,ok,2,1,2,0,1,1,1,1,206,275,329
b76a8ce602a4b11d4e47ed573f24093f09dfc5e5fe29fb9ba63ffbff11bdcd1e,2026-09-19 07:13,collector-A,ok,3,2,2,0,1,1,2,2,560,313,398
b79746b4c3c843e27c59b8f7e183e3795be8ad6551a95e6442dd753a8c980a27,2026-09-21 23:01,collector-B,ok,2,1,2,0,1,1,1,1,206,275,328
b7bf7ca073ea8cffc97d12c9554f8ffb23da581ea803dd91aba3ec74a67389da,2026-09-15 22:53,collector-A,ok,5,5,9,5,0,1,0,0,420,792,633
b812cdea410e2edbeaeefb714b431ea1c2c1826b868b4259e5deb82591419d51,2026-09-20 09:42,collector-A,ok,7,7,9,5,0,1,0,0,678,882,797
b84d10ee511b99d2f4e342653a3b35fb8081650b2d91831294915b9380137ec1,2026-09-21 11:42,collector-B,ok,2,1,2,0,1,1,1,1,206,275,325
b889360d13643eb0390f08b896385fcaca1fb68abcc6fee7300fb6d209b2af04,2026-09-21 22:02,collector-B,ok,2,1,2,0,1,1,1,1,206,275,328
b8bd6362daa0e76073b6ba886bb80b216d36d2449a4b0744fa182925424607fe,2026-09-21 23:01,collector-B,ok,2,1,2,0,1,1,1,1,206,275,328
b8e22ef2ad38b00f3371237359457742f0b124693f577e2f03a4b1431cd9ea6f,2026-09-19 22:25,collector-B,ok,2,1,2,0,1,1,1,1,206,275,324
b8efebabd1d912e12bdd4d579e73da0338da7288061d99271ba1e4d2ee02a4f7,2026-09-21 22:49,collector-B,ok,2,1,2,0,1,1,1,1,206,275,328
b936b026f89c8ff3edce7f53ea4ab67688abb5b77555967c06422f323f27660e,2026-09-22 00:27,collector-B,ok,2,1,2,0,1,1,1,1,206,275,328
b9e5a687f4046448ae5fd6faec3fced446f434c59c8e9b53734b7f49a5a4b786,2026-09-16 08:18,collector-A,ok,13,13,17,13,0,1,0,0,1092,1464,1299
ba18dbf56790423b7d1beb9587152ed54ba2db2372b8de902c2aba109761f522,2026-09-21 17:20,collector-A,ok,12,12,13,10,0,1,0,0,2394,1161,1111
ba2021af416be337f6e8742aa9b35ba1b972b8295ee343be8f4adbf756dc7a2c,2026-09-21 22:40,collector-B,ok,2,1,2,0,1,1,1,1,206,275,328
ba541b6a7fbf43ed63b4625ab087b8140e865e6f37d1ba3a44bd7029e27b99d0,2026-09-20 15:56,collector-A,ok,12,12,15,11,0,1,0,0,1686,1296,1171
bad50f77d427956ef4298fe43225f1d8a4d19e60f3a649d8584af19681f8cbbc,2026-09-22 03:25,collector-A,ok,1,1,4,0,0,1,0,0,777,372,257
baf43e69f5c863bd606f4ba1926347bafcb3507fa52ce0b629c33fe1ed3f0192,2026-09-17 22:07,collector-A,ok,45,45,48,44,0,1,0,0,4458,4068,3897
bafedb4ae36a8f403b80627af96b42d0b7ad9e1a49ae9f0629a55d45ac75aac2,2026-09-21 23:18,collector-B,ok,2,1,3,0,1,1,2,2,244,397,387
bb3607fa4b3a2764534888b07bb196d60d94460897afc053c0e409fc81c5ca06,2026-09-21 23:00,collector-B,ok,2,1,3,0,1,1,1,2,206,397,387
bbb71fa72d8c0de63b0b638e96b840f5e0d6ced81c80410c555ae9f71e874366,2026-09-21 18:33,collector-A,ok,5,5,4,0,0,1,0,0,3885,372,405
bbbd5d01c30e0ddea4bd7b125e5aa6be181263ff7d1d940aa84eae424b9b755f,2026-09-21 23:20,collector-B,ok,2,1,2,0,1,1,1,1,206,275,328
bbc69aa4d483eb4c4422ed6f5b4a40f4eb71710157b4c7773482690137d615c6,2026-09-22 05:51,collector-A,ok,41,41,38,34,0,1,8,8,7906,3585,3614
bbe071c8da3b52d019797486699d1739f9de6a9cce0056e5b53d332b10a5063e,2026-09-22 04:39,collector-A,ok,1,1,4,0,0,1,0,0,777,372,257
bbe217c91789d43778a6a719ea62a506375e0a12e28c1c346415070b9297ffec,2026-09-22 06:26,collector-A,ok,1,1,4,0,0,1,0,0,777,372,256
bbeeeb38e4e5a46452dc43984ea012b06655147b882283b95d1baf2f7a9bf78f,2026-09-16 23:06,collector-A,ok,54,54,58,54,0,1,0,0,4536,4961,4757
bc1e260e1958ed0598d79eb529a818c73fc4e02d29e52fd97c8e8e736bb3fae8,2026-09-21 22:04,collector-B,ok,2,1,2,0,1,1,1,1,206,275,328
bc1f162b97adc71c5170f6d318537f36b1b2d998eb2ea2bc4c6fb599b90b595d,2026-09-21 22:04,collector-B,ok,2,1,2,0,1,1,1,1,206,275,329
bc399f248c754b1348df7fd37bdfebdd7ad46173fb913d6e890f6d86d5505cab,2026-09-22 00:15,collector-B,ok,2,1,2,0,1,1,1,1,206,275,328
bc3c7785c718b82271f7a4c4fb5f08648e3a2e2fddcf1ca1efb5d25f44e757cd,2026-09-22 00:17,collector-B,ok,2,1,2,0,1,1,1,1,206,275,328
bc5a7996adfa62a0bb8a7b4d66db1fab71ba610a726aecf8a6e15a5c567b5505,2026-09-17 12:54,collector-A,ok,1,1,4,0,0,1,0,0,762,372,255
bc5ed0e8f4465fd624639f0716c278d90a1ef63454e6c974816075139d570a44,2026-09-21 23:20,collector-B,ok,2,1,2,0,1,1,1,1,206,275,328
bc77170eae8b10d0369466145bd90bc844822ddfc6c55e2153dd922f6e189b8b,2026-09-19 13:59,collector-A,ok,181,181,176,172,0,1,37,37,16610,16279,15679
bc7da636363ed5f9c7fc20266b34a1e2646372e281d2aa6792f5fd118b314310,2026-09-17 08:13,collector-A,ok,2,2,5,2,0,1,0,0,168,489,375
bd294c124206496b8e2723fb343242ec25359d2dfb5a8e35c6753f071c360f26,2026-09-19 00:28,collector-A,ok,20,20,24,20,0,1,13,13,2174,2546,1944
bd917c8576a749c7f8d814b0f4065d3d34cbebeb2fafa00e6d33d145eb438771,2026-09-21 22:40,collector-B,ok,2,1,2,0,1,1,1,1,206,275,328
be29006e97a86f30cfc2c81c157d16f38c0ca3e86fe7b40f05b2973f5e9d81db,2026-09-21 23:18,collector-B,ok,2,1,2,0,1,1,1,1,206,275,328
be2f9ee81e4c186a1c1e5fe47dcf97ba5a86a1edebd518d93999de761db7ba80,2026-09-21 23:18,collector-B,ok,2,1,2,0,1,1,1,1,206,275,328
be3a6f23d7a912c14d5859ee845a1070da1a87ee0dc3a2dd72f177448d6d8bd5,2026-09-22 02:35,collector-A,ok,7,7,11,7,0,1,4,4,740,1112,843
be46eec7431cacabc0b1ce6cb93d674edf2db94cd7b36e416eb15ec4254e2ff5,2026-09-17 00:30,collector-A,ok,13,13,17,13,0,1,0,0,1092,1464,1299
be5c97de46b1b3e4defb07270d011df63bb23c1826924f1b2645a2c0c60d3232,2026-09-20 12:38,collector-A,ok,1,1,4,0,0,1,0,0,84,372,256
bf3bb33d3efe6778492e67b6646c62ed964d85c608912ea708d4c9956d33eb7b,2026-09-21 23:09,collector-B,ok,2,1,2,0,1,1,1,1,206,275,328
bf80e3befc7502c2d3060f01538f7edcafc1300e656e5da8f8955ff184d070c5,2026-09-21 22:40,collector-B,ok,2,1,2,0,1,1,1,1,206,275,328
bf8f78fc73b480a4f57e35b1ad3c2d85bc88e7bc07e03598676926fefcdbbebf,2026-09-22 06:31,collector-A,ok,10,10,12,8,0,1,0,0,2226,1097,1011
bf9c2d658656b0aaff313a980e7f09f887005ae53fe5db3e44b6f012481768f1,2026-09-19 13:22,collector-A,ok,3,3,4,0,0,1,0,0,252,372,329
bff9f29a2cbb521a063260cd8934f0bd2419af5c2bde5274cd90a2161a01879f,2026-09-15 17:18,collector-B,ok,2,1,2,0,1,1,1,1,206,275,327
c04002e283c4b52d1be846397572655b70de8a0e0c4ebad9e04353912e387eb7,2026-09-17 09:35,collector-A,ok,59,59,63,59,0,1,0,0,4956,5381,5173
c06e62b4f5ae60b782da3c33d9dfef398eaf8e2974134bb5cc1d082b1c0f9a9c,2026-09-21 18:14,collector-B,ok,2,1,2,0,1,1,1,1,304,275,327
c0aae9cd0edc24c07a7b90d213ee42765cd9707a0a47feecd3ae2863d19f2455,2026-09-22 00:15,collector-B,ok,2,1,2,0,1,1,1,1,206,275,328
c0cbd602bacfde6a775937ed5fa202d0d6d939c24cd9bf61cf64eaa5e5345b79,2026-09-22 00:15,collector-B,ok,2,1,2,0,1,1,1,1,206,275,328
c0d84c11f6553ca01b534cc66a716fcad23dd3fd4b47c217950d1518d55075ab,2026-09-19 03:08,collector-B,ok,2,1,3,0,1,1,2,3,244,435,414
c0e61c6aff6adf5a54028c3fc86ea796b96e6341ca65d100a352a4538850d09c,2026-09-18 23:01,collector-B,ok,8,7,3,0,1,1,10,4,1052,473,668
c114809eccdb6af4f4db0d781c80b06310e93eda75ada4b866aef639cfbb36a8,2026-09-19 20:02,collector-A,ok,66,66,70,66,0,1,0,0,5544,5969,5756
c12bf25ba22d342f301b68822c34b59ec8771706073ab6b9e8ef87cf3888e941,2026-09-21 09:08,collector-B,ok,2,1,2,0,1,1,1,1,1202,275,324
c152c67b06c417d0dcf8c90d3d28af0d81986f065aa96874628b633d4e25660c,2026-09-21 17:11,collector-A,ok,3,2,2,0,1,1,2,2,532,313,397
c153b237ec5fd74d03785af88bd2af2348e47b0bb79cad0da7bd416a5e4d1e2a,2026-09-19 11:15,collector-A,ok,5,5,9,5,0,1,0,0,420,792,636
c159eb884e6e2409b6f1928e3983a6f6157ba9a9832e1b1c71a83a938b73999d,2026-09-19 15:56,collector-A,ok,8,8,12,8,0,1,0,0,672,1044,886
c1b2f3e579fd7356015779654603c4405ec9ff3216358c14b5b79ea211d2e333,2026-09-18 23:16,collector-B,ok,2,1,2,0,1,1,1,1,206,275,324
c21428cedb8c959440d8c81b8ede6452cd21bb54b51864fb29d29e7ec4424a3f,2026-09-18 07:28,collector-A,ok,22,22,26,22,0,1,0,0,1848,2220,2048
c23d36600217e2315cf5702f089edb0091def8ddd7792f812a1aa8c54b544bec,2026-09-21 23:18,collector-B,ok,2,1,2,0,1,1,1,1,206,275,328
c248fb11361f783fd90a3d5c936c868df8e67862a244cbfaaaae73eea6f0714a,2026-09-21 07:15,collector-B,ok,2,1,2,0,1,1,1,1,1235,275,328
c27552a8b792c6f3898b5effcc17eac5c2b141a992ac4b69eb7da96a83930b58,2026-09-21 23:33,collector-B,ok,2,1,2,0,1,1,1,1,206,275,328
c2d9bef2020d4fef1e1b422079f7b6dfb7dc05fb18dae3e4fea9932571b2dc3a,2026-09-19 22:09,collector-A,ok,17,17,20,16,0,1,3,3,2220,1830,1627
c30043884a73eb98cb10ab98b03984ec8ae38fbfedfd4b1c6b864ffdcd2cccc8,2026-09-18 06:32,collector-A,ok,23,23,27,23,0,1,0,0,1932,2304,2130
c31dead391b07f118fb0aecf1741bbc25d8778d5e7e0ac10037c9d3d807fde0c,2026-09-22 00:04,collector-A,ok,5,5,7,0,0,1,5,1,610,695,604
c3465cd16e28588128bd048bb388f7e9259b6af08aaf8934daa7d906a7c0b426,2026-09-21 19:36,collector-B,ok,2,1,2,0,1,1,1,1,1021,275,325
c3c2b0972ef0542c2ca18e5530715980f4fa425f85621162bfbbe7ccd02b4a69,2026-09-16 23:18,collector-A,ok,5,5,2,0,0,1,5,1,610,275,384
c3f7dec367b198f48b1be6e90fd5ea2813d9d4f918e0c88ca97b3606a8fed2be,2026-09-22 00:15,collector-A,ok,30,30,7,0,0,1,30,1,3660,695,1530
c43ebbf4e9ae2e5df374b87017a3b69a95a69162307b87800fa7ce94d7562ea4,2026-09-22 00:17,collector-B,ok,2,1,2,0,1,1,1,1,206,275,329
c467e1a8bb40aed12756ff21ebb5a5b6e5f76ed2d6433e5640940a94aad0258c,2026-09-21 22:40,collector-B,ok,2,1,2,0,1,1,1,1,206,275,328
c469ef063056a4444b323119b1eb0c364e2825769c3c624e68c566e30d4c835a,2026-09-21 22:02,collector-B,ok,2,1,2,0,1,1,1,1,206,275,329
c4b9e5d5b73d2b459186cfc35998e613e9edc4b49ef59ae8422e49d8ce3a91ed,2026-09-15 12:20,collector-A,ok,2,2,6,2,0,1,0,0,168,593,436
c4cedd71061140c93aa353ce8181e3f97007917d2b0a10a6280891679a293f5b,2026-09-22 01:43,collector-A,ok,90,90,75,71,0,1,0,0,20034,6389,6878
c5497316d1952b57faff525ce13f813a483ff5bed7fc0cc3feb9d2913e8b793d,2026-09-20 13:03,collector-A,ok,20,20,24,20,0,1,0,0,1680,2105,1924
c54efcc6bbaf718cdf509232fd32814274e4f8a8f81faf08cff9124521cddff3,2026-09-15 11:00,collector-B,ok,2,1,2,0,1,1,1,1,206,275,324
c58a85a36f24373f4bbfe48fdd8c4ccff3b9acfa29011faff6895a5fcd9dd8c8,2026-09-15 02:46,collector-B,ok,2,1,2,0,1,1,1,1,206,275,327
c59ea01c9ae0fa7a4772f4c910d74cb99894ec3731e2d46d079bea651f968735,2026-09-21 23:20,collector-B,ok,2,1,2,0,1,1,1,1,206,275,328
c6184f3b35de092a77065bd3471d007a506deefc0cb8f93e3fd34ce3ae13eb66,2026-09-21 07:39,collector-A,ok,2,2,4,0,0,1,0,0,168,372,293
c62d249d9817149889c4d23ac71ee5ca593523e080124737110a1c520854a97c,2026-09-21 06:11,collector-A,ok,7,7,11,7,0,1,0,0,588,960,799
c64410f35dcc23939d7990322cfa99ec7cc199eaf426b19e5beb37776bedb926,2026-09-21 23:33,collector-B,ok,2,1,2,0,1,1,1,1,206,275,328
c6588d4c05b6a50fdff799b6ca4a95033dcbffb881b80c7ff70894663235298b,2026-09-20 21:03,collector-B,ok,3,2,3,0,1,1,2,3,1093,435,443
c6c478f9c5a4c3c4f015232d9996a8807d97c03809a9a36e01c47560e9357782,2026-09-21 22:04,collector-B,ok,2,1,2,0,1,1,1,1,206,275,328
c70e0caff0bc518d081951effbd1ef8a51ec9fa47984be5978f6a2472384f333,2026-09-16 06:38,collector-A,ok,3,3,7,3,0,1,0,0,252,624,469
c73cdc36d232ea2400c7568fbf67065f1a0b9a75aa551e4bbd17056330bec736,2026-09-15 03:24,collector-B,ok,7,7,3,0,0,1,7,3,1671,435,539
c7e96a91e95a0c4737aa5c9b98334f45a234a91b4ff2977f589d07e3ffc90d72,2026-09-16 14:14,collector-A,ok,2,2,6,2,0,1,0,0,168,540,386
c8074e3fd632ce9b31de6e41db5eaadaf086fd730a143358c3e20a368d209fb3,2026-09-21 23:57,collector-A,ok,10,10,7,0,0,1,10,1,1220,695,790
c82ff8ad36c6b26451fc380844dc6e0170d7d57f4ac83d2d3e56b4e91e312537,2026-09-15 07:33,collector-A,ok,77,77,80,76,0,1,0,0,7146,6756,6567
c88860726b8b1198bb50aa4584e423ef3b526095c1dc2d221f3bc5d625daf173,2026-09-20 09:23,collector-A,ok,217,217,220,216,0,1,5,5,18466,18807,18470
c889985e6f76e23d36a8e40589cb477cf47a332b002977d4fb76551e67898a42,2026-09-21 14:03,collector-B,ok,2,1,2,0,1,1,1,1,1144,275,325
c8a6304876351e116bb4dbc2d87a5cf422160de186e16ae63421dc538e7f1f4c,2026-09-21 07:15,collector-B,ok,2,1,2,0,1,1,1,1,206,275,327
c8ac43e640f45988682cc67c73f0aeab4e0ff4fbd79fd26440390d86bc6f79ac,2026-09-15 09:49,collector-A,ok,10,10,14,10,0,1,1,1,878,1303,1141
c8b10543de2ad6e64115c72d1b702a3fcfe40d9ad9ce952856de9843ae60c740,2026-09-21 23:25,collector-B,ok,2,1,2,0,1,1,1,1,206,275,329
c8be58d26c028a44fe33450f560759791db3e8a6c5f9e00549cd3dabeeb9f0b7,2026-09-22 02:35,collector-B,ok,2,1,2,0,1,1,1,1,206,275,324
c8e3e7d4e760567621bd2066ed9d5ace208e519fc8ccac2aeffb3fc0f9ee42db,2026-09-21 15:21,collector-A,ok,5,1,3,1,1,1,32,30,2015,1840,2022
c97ac5da4b8c5cde44619dead04f271da60ea739ad6f6a1414f3ed15a811ed6f,2026-09-22 05:46,collector-A,ok,2,2,4,0,0,1,0,0,1554,372,294
c9acff4d593d93769d6a517208b7961b7e55843564f73e313841ead73e901753,2026-09-20 01:21,collector-A,ok,82,82,84,80,0,1,0,0,6906,7110,6967
c9d08a97cb082ff3f869c2a230a004e8d3caaced38735716adb76c28069066d1,2026-09-21 23:20,collector-B,ok,2,1,2,0,1,1,1,1,206,275,328
c9d946b4c57a0f69653a488915119d609f8583d24399fb5b4a8ee4f5138ad0f3,2026-09-21 22:16,collector-B,ok,18,17,3,0,1,1,19,3,2234,435,1009
c9f2c3735d464fea2a78d07faa7ebed469d0701bf58c16b08056b74af47d0ace,2026-09-22 02:56,collector-A,ok,2,2,4,0,0,1,0,0,1554,372,294
ca521346dff2084f348b27a4f6f4231a74292d9f1c29bf215b28eeb4d7fe9555,2026-09-18 22:17,collector-A,ok,8,8,12,8,0,1,0,0,672,1044,886
ca6665d93954dfb033fc36f9098b7d54915fc93976b4589c64a9029bf74cc22a,2026-09-19 13:05,collector-A,ok,6,6,2,0,0,1,6,1,732,275,421
ca8326ab28bd53d9c3813c45d14d9554a958a095f1dfcaf0949b61bbc2089f36,2026-09-21 23:01,collector-B,ok,2,1,2,0,1,1,1,1,206,275,328
caae19f8e8ad2781bb08015bd9799e48372ef1e1ab5de778d9e251b9ce5585c9,2026-09-18 11:37,collector-A,ok,20,20,22,18,0,1,0,0,3036,1884,1790
cac7311d2cc4a528b1fcc7688b57345ba75bd4da7cc5abc512a02181cc50ff81,2026-09-19 11:56,collector-A,ok,30,30,34,30,0,1,8,8,2824,3196,2759
caf6d57f61adb0c2b5e21a0ef42044e38ecfc7d5ada7af0d1a66d44a7c20a9b6,2026-09-22 00:04,collector-B,ok,2,1,2,0,1,1,1,1,206,275,329
cb83220317a85fb0c640d81c2d2c3c77da3d3fdc8d78f86039fd3253ad42b6ca,2026-09-16 11:09,collector-A,ok,69,69,73,69,0,1,1,1,5834,6259,6041
cb85a3606d85ae416da2d48bc89de11a4d3b46311301b5a58b12c2f281d56570,2026-09-21 18:35,collector-A,ok,5,5,4,0,0,1,0,0,3885,372,405
cb9108845d58b747b8f0e54feb0e84d8f20e2c7157b479eb2910c8b6409ff4be,2026-09-22 05:25,collector-A,ok,2,2,4,0,0,1,0,0,1554,372,294
cbc2157f3c59307588378a7889b1acad0edcd43038a94690966970c8a90af3e1,2026-09-21 07:25,collector-A,ok,5,4,2,0,1,1,4,1,572,275,441
cc09c024b37114e5b07fd47077599ee9283bdcd175bf6b53c2d2d688e3736c70,2026-09-21 19:24,collector-A,ok,2,2,4,0,0,1,0,0,1554,372,293
cc4b670934cafc864494bee063f7ba2a1fc1cd6059d84a24cd9caea6dfa02521,2026-09-20 11:56,collector-A,ok,160,160,163,159,0,1,4,4,13670,14011,13787
cc607b18e3772338310ef4af941f5126fbef1e600703d64f080cc2fbbaf2b497,2026-09-21 22:40,collector-B,ok,2,1,2,0,1,1,1,1,206,275,329
ccaf7ade5fc3f5320da616e649cd238cddfec6a463759fac2e4ac59836ca9932,2026-09-17 19:11,collector-A,ok,38,38,42,38,0,1,1,1,3230,3655,3461
cd28e14748621c537c147f498e558d307c3be0b86939dfd7ecacb132450ece3d,2026-09-22 02:28,collector-A,ok,17,17,8,4,0,1,0,0,9729,708,1030
cdbe98e0fc7cf07659fcd601ae1707473e2d68cc32a35cff4cd1fe7ae1b004eb,2026-09-21 22:51,collector-A,ok,2,1,2,0,1,1,26,26,1156,1225,1198
cde20d9051d86004562379b286dc26ebfe17d8d9d011189a510a27ada33338f1,2026-09-21 16:48,collector-A,ok,6,6,7,3,0,1,0,0,2583,677,634
ce0ac07f621f5db8eb7e522c8cac099a1360bd82f3f09518adb89fab99807f05,2026-09-19 21:34,collector-A,ok,2,2,6,2,0,1,0,0,168,593,439
ce44ccc1d281ccf064c7130536e80efb3d37dc46c6e4ccb9877bcf1f2af8ee9f,2026-09-19 21:16,collector-B,ok,6,6,3,0,0,1,6,2,732,397,468
ceaa64b81fa063f2771f19f5c267f37512a9804253d7db6c55807a389a5158a9,2026-09-19 19:32,collector-B,ok,2,1,2,0,1,1,1,1,206,275,324
cf80be27f117f6e7cdf054194a8a2d2f35f0b757ffdbaa7d9aa9dfcd5dd14612,2026-09-21 22:02,collector-B,ok,2,1,2,0,1,1,1,1,206,275,328
cfa1a94f8ada8f90b7270184aa737f8abcf213e7279e380eaea1b17a2523a619,2026-09-22 00:15,collector-B,ok,2,1,2,0,1,1,1,1,206,275,328
cfcdfaa06dadba190b9c76d25ccd6fdb65fdc54eb2b9fc271b12ad344a53a9e4,2026-09-21 23:01,collector-B,ok,2,1,2,0,1,1,1,1,206,275,328
cff41eb819775737be9bf3a8f329eaebf01fd2f1b6bbf470aa77ad67b0c99b36,2026-09-19 16:56,collector-A,ok,2,2,4,0,0,1,0,0,846,372,292
cffe4d3d0eda8d2f79615bd7f4adc0dbfb0449ae0b103547656cb0a84474df68,2026-09-15 09:43,collector-B,ok,2,1,2,0,1,1,1,1,206,275,325
d00a2c176cecdcda12832ee598e8911d6fe8c94dca1ff8ececa856036c09995e,2026-09-16 06:38,collector-A,ok,26,26,29,25,0,1,0,0,2349,2472,2334
d00ff2ac6f4d35c066233b6fcfd03d2e5138ee76ced97558ee68355d3967204a,2026-09-18 11:42,collector-A,ok,2,1,3,1,1,1,46,45,2295,2410,2273
d0258cc181f8e7b1f2f37e59d137e5597a2791b268a894f8d764d0383b479ad2,2026-09-21 22:40,collector-B,ok,2,1,2,0,1,1,1,1,206,275,328
d02c2a7fda35ebf448a76e23fa195c6bc6882f3552819d971487da6c5937a7e7,2026-09-21 22:40,collector-B,ok,2,1,2,0,1,1,1,1,206,275,328
d02c325f78793c257f553b077235662c761d54d7a63b1df51861a6e4ff36fc09,2026-09-18 12:07,collector-A,ok,76,76,62,58,0,1,0,0,7740,5297,5737
d0530eb31fba48d250bf874973ff2ab06a2bac3cfe2b3e82ea8976bf4907257a,2026-09-21 23:20,collector-B,ok,2,1,2,0,1,1,1,1,206,275,328
d0800c591dd2f06618858c501e6babf65006c2147051bae7617207d6f8fabd10,2026-09-21 17:29,collector-A,ok,6,6,4,0,0,1,0,0,4662,425,496
d0fbdb862d17b7c9cf3bc05546df9fceb3b0bd68a83f0fadd6084a89ffef25ce,2026-09-21 22:49,collector-B,ok,2,1,2,0,1,1,1,1,206,275,328
d12c7f2289c205619936f83e904e5141cc55b981a35d46dbb70f47486f149054,2026-09-17 19:11,collector-B,ok,2,1,2,0,1,1,1,1,427,275,324
d1807d626cac09962d2573efc1f0db55d3b853ada5377bd3492754eb6d9ce777,2026-09-21 22:04,collector-B,ok,2,1,2,0,1,1,1,1,206,275,328
d1a74510ff2d1b1798b9ccd71c681b787a14370044cde3f2dd0db0056f5420ba,2026-09-16 13:45,collector-A,ok,17,17,21,17,0,1,0,0,1428,1800,1633
d24204eb338f1e12d11ee91fc709fbcf11a7b2fca83b064c83c039d56927e9ac,2026-09-21 16:53,collector-A,ok,6,6,5,1,0,1,2,2,4045,532,560
d266e05b4cd4a8ae764fd3178db654225308d77ff68e66931179edce66224573,2026-09-21 22:40,collector-B,ok,2,1,2,0,1,1,1,1,206,275,328
d2d059eb151e61a6f96f88b414293c545b3d1dad01d0043963d9e66056623859,2026-09-21 19:24,collector-A,ok,1,1,4,0,0,1,0,0,777,372,257
d2de10a6a0f8dab3fbc14cf811c8ed1daf2d958a7998c19abbe7380a7f120c4e,2026-09-17 01:19,collector-B,ok,2,1,2,0,1,1,1,1,1022,275,325
d32fa8f3b75abd09fce47e7925734a06af7c7910e1e31b26c54cb7d1b603ff90,2026-09-18 02:52,collector-A,ok,7,7,11,7,0,1,0,0,588,960,796
d33a9c6f7dae57fa0d20568264a902bec37ea9a13a4f3ca39a65e548f4cd2ccb,2026-09-17 16:08,collector-A,ok,22,22,25,21,0,1,0,0,2102,2136,2000
d3ea450de5094f44301a205ce3666be3ef8d6c3d4f56254da0052799d1dba69e,2026-09-20 11:02,collector-B,ok,2,1,3,0,1,1,1,1,206,359,370
d4113f6561a9d10643d880e8e03b7985b3f5c3f75db537557414f1d5c2b37b27,2026-09-17 21:51,collector-A,ok,79,79,83,79,0,1,0,0,6636,7008,6791
d416a88c98422162cf126e963d33b53f14da73d7c96eda0bf04b3cbd4db23236,2026-09-21 22:02,collector-B,ok,2,1,2,0,1,1,1,1,206,275,328
d41eb85e656654f18be99075e87fb282138b4d93ac3fbef192f9b0c31aae0c22,2026-09-18 03:12,collector-A,ok,19,19,23,19,0,1,0,0,1596,1968,1799
d43feb7f996ff2390fad0093f882a916d560a7721a1543ab3e4290a7695d04a0,2026-09-15 12:09,collector-A,ok,3,3,6,2,0,1,0,0,930,540,423
d48850bf8ed60170033572e45d12dd6a2c8f55e309e217818e40a6818c7b162a,2026-09-16 16:21,collector-A,ok,13,13,17,13,0,1,0,0,1092,1464,1301
d499e2110de010797ba7f9025a8b5c8adbb2a5693e7522a54317275a8cff8cc7,2026-09-15 03:59,collector-B,ok,2,1,2,0,1,1,1,1,303,275,325
d4adeaa05d00ba828a079bd3a9a9e3613f09b379559fdea578ecff12ecc0259a,2026-09-21 13:00,collector-A,ok,19,19,23,19,0,1,0,0,1596,1968,1796
d5006c992cd8f5cf9f1cfc0a5f1889ec916a47e0a2ea0e2266eb29bdaf49f01d,2026-09-21 12:49,collector-B,ok,3,2,3,0,1,1,3,4,366,473,452
d548d634291797b110213bc339f2aca483278cc024758cac6660db157dcbec6f,2026-09-15 16:36,collector-A,ok,2,2,6,2,0,1,0,0,168,540,385
d65e4f5e47b09bbc233836a15300990c81914c420de0706167e94fdddfce7900,2026-09-18 22:35,collector-B,ok,2,1,2,0,1,1,4,2,320,313,360
d69f086787c315f7fc5a1c4a8f55a948e72bad48bbcc501becf7ae31146871db,2026-09-19 10:08,collector-A,ok,2,2,2,0,0,1,2,2,1639,313,304
d6f428aba9a3a9d36ccca4a27dd4f97f034751b9fcb0d120267013ebe4bf2930,2026-09-21 22:49,collector-B,ok,2,1,2,0,1,1,1,1,206,275,329
d7169b4b7ae05a5e0311e0add8bc4e368aa809daa93f2d2fda431f7b01e80c02,2026-09-18 13:29,collector-A,ok,21,21,2,0,0,1,21,1,2562,275,976
d75c46b645a89b05fb23b709a1f484f8bdb060165705dadd516837f8ea0bcc9a,2026-09-22 00:04,collector-B,ok,2,1,2,0,1,1,1,1,206,275,328
d798854ff30efb35726184955e950df77321df80b4501af1dc928cb761b9dd76,2026-09-16 12:04,collector-A,ok,18,18,21,17,0,1,1,1,1568,1891,1758
d7a812f9f54dc854101f3700c407044df80ca399fd9f047002bf4d4632addfd0,2026-09-17 07:49,collector-A,ok,1,1,5,1,0,1,0,0,84,509,356
d7d357c6baf997faed9e89295a2243c704c049ba032b0f2e8648205bc5b630fc,2026-09-21 07:14,collector-A,ok,13,13,16,12,0,1,0,0,1092,1433,1307
d7eae4688b8973f4c9b079a2a71698059cdeef8444fe2fb2d0cff42cdb3f3977,2026-09-19 19:32,collector-B,ok,6,6,3,0,0,1,6,2,732,397,468
d8291e66dd9f1804092a1d24dccee5aeb5121615c2aaa1df97f90c591014cff0,2026-09-18 23:41,collector-A,ok,5,5,2,0,0,1,5,1,610,275,384
d84897bf872287cc1b03d6e7076e31c9f5c306ce5c9a1e1de12e9a554a666e29,2026-09-20 18:45,collector-A,ok,5,5,9,5,0,1,0,0,420,792,635
d861a3991e7faa9f0fd559665cee5bcb33fec0d2655ec005f3561677f73d168a,2026-09-18 12:40,collector-B,ok,2,1,2,0,1,1,1,1,1023,275,324
d87eb4961fb4c6eb6077025479b2abd5a04abfe633749f0436c647bb6c2bb739,2026-09-20 17:35,collector-A,ok,2,1,2,0,1,1,6,6,1211,465,507
d88e665f1699d697dec82d50c8fa030a63a43f25e6a06cbb337d0db7300f671c,2026-09-19 06:33,collector-B,ok,2,1,2,0,1,1,1,1,206,275,325
d89d2da8cf4862341ebf1b5c376716544b3996f6706920b6e024aa02be99ef0b,2026-09-21 22:40,collector-B,ok,2,1,2,0,1,1,1,1,206,275,328
d8a4370c654c78e8a79d1008a29ea34bcc5296bca2fc4ea27929cd60ec5fab22,2026-09-21 05:10,collector-A,ok,2,2,6,2,0,1,0,0,168,540,385
d8c6ed5f112bd9f8a4801e084e36c5f00ca331769305bc97251cfd31c93686ed,2026-09-18 11:51,collector-A,ok,2,1,3,1,1,1,45,44,2257,2372,2234
d920e1145eac99ec23423d3103c85db918c653a931eb58ba160440c3e62b7284,2026-09-20 20:44,collector-A,ok,1,1,4,0,0,1,0,0,762,372,254
d98fa6c79b64af46334c5f6d1fdc9298b64b5d57adb9a51f67398ca05dbc45f4,2026-09-21 10:45,collector-A,ok,243,243,234,230,0,1,13,13,20906,20186,20047
d99d3d7e9d7771fcba5f0275cfe4e814dbd114e25b541cfeaebdf7240fa72910,2026-09-22 05:42,collector-A,ok,4,4,4,0,0,1,0,0,3108,372,368
da2c9647fe2acb6e0b66f5683518dd5498ce9cbb711ebf85e5b29ab3a7a3dd55,2026-09-21 22:49,collector-B,ok,2,1,2,0,1,1,1,1,206,275,328
da4c1487a1883ccf9274d6a18c0dacbf2c8530ec034fff672dff2573f21d88d1,2026-09-21 07:45,collector-A,ok,50,50,47,43,0,1,0,0,4200,4037,4101
dabf095d217690b65e8ed051c52572c45f3c467cda55f7653a8459f78d77bb76,2026-09-18 21:06,collector-A,ok,30,30,34,30,0,1,0,0,2520,2892,2711
db090df1285fbaed2580f30233af87c853d31c5ee1eff22d035375d2ae1ff48e,2026-09-20 15:45,collector-A,ok,19,19,21,17,0,1,1,1,2342,1921,1822
db6940b1a5341369866c6871baa2a402d83744fe56ddb5d13e7d71b1f2ccb31a,2026-09-17 16:48,collector-B,ok,2,1,2,0,1,1,1,1,206,275,325
db7470f2e27109f55268e81c5f2f0db76a1cd59a941328c7df02641e53740512,2026-09-22 03:17,collector-B,ok,2,1,2,0,1,1,4,2,320,313,360
dc7f53e707e5abe9ea2d8778f13287d0454b9de354bf0a66f798fdd867d9229a,2026-09-21 14:00,collector-B,ok,2,1,2,0,1,1,1,1,206,275,325
dcff77320c2a8ede58ed3bdcccd37955f1c76fbc9b1ef18e5a92ed316e5d7f8c,2026-09-22 00:39,collector-B,ok,10,9,3,0,1,1,10,3,1220,435,717
dd3bd66a84f2a1c3582f661bee2f1edcb2056f42f801f6f52149bf49ba92aa9c,2026-09-21 11:02,collector-A,ok,1,1,4,0,0,1,0,0,84,372,255
dd9589d24078f5c83244d117a92034c71f7de35ad149e3a77f2e1540c5fda387,2026-09-21 23:47,collector-B,ok,2,1,2,0,1,1,1,1,206,275,328
ddcd43411a6c9dbee58bb5e2fe2c6075ce4e1b8f702d93f36eb9299fd7714fd6,2026-09-19 22:49,collector-B,ok,5,5,3,0,0,1,5,2,610,397,431
de1fc6ee178f243ffe565d8c1453037f17d91db59e3dfadb2f9871f983714093,2026-09-19 00:47,collector-A,ok,1,1,5,1,0,1,0,0,84,456,302
de32624f75544715a08b5790926f4e3e53f4caa2290fd5daf0afa3ff10e86afd,2026-09-21 23:33,collector-B,ok,2,1,2,0,1,1,1,1,206,275,328
de9e388f18da94f76fca602a288431922b6f62ab0995e7c0a6ba3bde4d49f661,2026-09-18 21:06,collector-A,ok,24,24,28,24,0,1,2,2,2092,2517,2334
df3ce95af8684e368f06ee71495b34c6ef9549ca3644f29c04eabd255361f326,2026-09-21 22:40,collector-B,ok,2,1,2,0,1,1,1,1,206,275,328
dfa5763abd256ce6ccdf50a9955ec59ca7fa427234c9182b692d4457defad04b,2026-09-21 22:04,collector-B,ok,2,1,2,0,1,1,1,1,206,275,328
e01bafe878be73b734a85c8db7cb83020c49e1a58165d8373d771056f06a907f,2026-09-18 23:16,collector-B,ok,2,1,2,0,1,1,1,1,206,275,324
e023516ac2c75ad460316ff0c0c3b418e1fd722e1e27922e417af62757e066c1,2026-09-19 23:55,collector-A,ok,15,15,11,7,0,1,0,0,1260,1013,1146
e02ad48462753114d5fcb3600d5b58102240b0ec6a7026ad91fe851627748fe5,2026-09-19 10:53,collector-A,ok,8,8,2,0,0,1,8,1,976,275,495
e02c59f002508f173c52811d1c1510d00e0ba81e5b63f3e868886763558c8957,2026-09-21 10:57,collector-B,ok,2,1,2,0,1,1,1,1,206,275,324
e0623fa1c6a4b552aafd19c759f89d36f0713102b77f2993e27b3306502edb60,2026-09-18 22:10,collector-A,ok,3,3,2,0,0,1,3,3,2817,351,376
e07fe3eb8e98bb238e865b87662eac413f9477fc8223f0aa634c96a78f7d28b4,2026-09-21 18:53,collector-B,ok,2,1,2,0,1,1,2,2,244,313,359
e0a3598a3ca72f7ed438ed75fd741b1b707238c66388bc538b5e931c345dab49,2026-09-21 22:40,collector-B,ok,2,1,2,0,1,1,1,1,206,275,328
e0ad7a0c896afef6511475d98dd5474d331293956ded016d855b378a3dbe69c8,2026-09-21 22:40,collector-B,ok,2,1,2,0,1,1,1,1,206,275,329
e0df2bf61b6087d676baa074cfd50c45114489eb35c26dcecabc61a7319e62f8,2026-09-19 13:39,collector-A,ok,6,6,2,0,0,1,6,1,732,275,421
e0e0ce671e65c95ca3b8a7c9520039d8134136761ac101e9b4fd809f3e7eb977,2026-09-21 23:33,collector-B,ok,2,1,2,0,1,1,1,1,206,275,328
e114a558dd4dbfaf7b7edc11f5d2fc7d5f323f064da51cc16596253e1782faa4,2026-09-20 06:29,collector-A,ok,3,3,7,3,0,1,0,0,252,624,469
e127f596c198ad4491cb69338be8a3169d46dff1b3c01d9e95fd8dace00b99e5,2026-09-17 20:40,collector-A,ok,3,3,7,3,0,1,0,0,252,624,469
e1752ca6428d41c917fa7b4a535025bd3a2f2492564bd5eebf7cd00719104536,2026-09-22 05:16,collector-A,ok,2,2,4,0,0,1,0,0,1554,372,294
e18e45cc388e1389f958834bbbea89b795a80a1bcf1013fd5865ab3d88f35d03,2026-09-18 23:44,collector-B,ok,2,1,2,0,1,1,1,1,206,275,324
e1baf7a86bf89f7284a7bbe52e757d494fd22c9f08b47a9be3df8c84123f51b5,2026-09-16 23:18,collector-A,ok,3,3,7,3,0,1,3,3,366,791,562
e1d0e122991dd1b62963f9f33ac50183a5fe1b7aec8a6cc9e9f89a54c082386a,2026-09-21 22:02,collector-B,ok,2,1,2,0,1,1,1,1,206,275,328
e1d28482e20517081277df23ce56222d213b0322a76e03c06ea0327a2b587e6c,2026-09-22 00:04,collector-A,ok,30,30,7,0,0,1,30,1,3660,695,1530
e1e33376455f3de0ea94678b404afca667a866fd0fabd9abc9e70433d7a745b0,2026-09-18 09:08,collector-B,ok,2,1,2,0,1,1,1,1,1023,275,325
e2191f3bfa79b89df2cd20a9d6cedb3a8f4f434c6e4804569230cd5861ad6467,2026-09-21 19:00,collector-A,ok,3,3,4,0,0,1,0,0,2331,372,331
e2613bc63ebbe56532ab9b882798facda39484f0ceb474bdafaf3830f72c7f6e,2026-09-22 02:35,collector-A,ok,1,1,4,0,0,1,0,0,777,372,257
e29a325b6ebc5e139b82f901da7702b20a42a2cf46bbc096d6a84ff3e7416b77,2026-09-21 18:22,collector-A,ok,1,1,4,0,0,1,0,0,777,372,257
e30d74fe07f9252779df21392429dca7f47e1ab629f232cf550af0257fe671ac,2026-09-19 11:56,collector-B,ok,2,1,2,0,1,1,1,1,206,275,324
e3179b3d64866d0cdbdf99b3072d39e8c035977e8cd2e76a441b263a06e3bd46,2026-09-18 11:00,collector-B,ok,2,1,2,0,1,1,1,1,206,275,325
e3918dde36872ca52661dac135669988cf6de44bba60de11dc5b9a50cd0a4458,2026-09-22 03:17,collector-A,ok,6,6,4,0,0,1,0,0,504,372,442
e39d41784fc3ba7a1a32f8a15c9b933bdd7340098be4636d57717b8dd8edc803,2026-09-22 00:15,collector-B,ok,2,1,2,0,1,1,1,1,206,275,329
e46eefcfb457bb0eb3cf554e8a0b84d837921a3c7795dd73b51b7157dd3fa0b9,2026-09-22 01:01,collector-A,ok,14,14,17,13,0,1,0,0,1854,1517,1391
e485c1df31669fd63e365b7fe2f86cd52c958ce886bdb105892406ecafd9cb56,2026-09-16 00:38,collector-A,ok,9,9,13,9,0,1,0,0,756,1181,1019
e4c334fa1c7bdd41e724940846ad8ffaebcfa8963dd764e0e402559938201e7d,2026-09-21 22:04,collector-B,ok,2,1,2,0,1,1,1,1,206,275,328
e51164def0772620bb356330b90a61baf5479bccc1848d653954d197a62a25c3,2026-09-18 23:50,collector-A,ok,3,3,2,0,0,1,3,1,366,275,309
e5bc55ca4319f795097a1350210ba01370fcd005b2c969d613f576d1deeac6ca,2026-09-20 15:24,collector-B,ok,2,1,3,0,1,1,1,2,612,397,379
e5ca65ba2a09e2654042b3e4fbdda477ba70ed4b9607d0fd9b37da0c026f5a5e,2026-09-21 23:33,collector-B,ok,2,1,2,0,1,1,1,1,206,275,328
e6476e461f0172c7026e17f2100403999f076c2f8609a210236b85e5c11aa49a,2026-09-16 11:28,collector-A,ok,1,1,5,1,0,1,0,0,84,456,302
e65853968841d71b8fa650041c282a4ead3708f40b6647a7583c9b89fd84621d,2026-09-21 20:07,collector-A,ok,2,1,2,0,1,1,2,2,1240,313,360
e6aadc0b27d83c8cd106ec8e29677919b6e0bbe0e82c10b2294931a3c375206f,2026-09-22 03:03,collector-A,ok,1,1,2,0,0,1,1,1,223,275,234
e6b3f8426869e75c1dc9743438308009046a7f9ac7805875f1833a0c6b5ceb33,2026-09-19 22:24,collector-B,ok,4,4,3,0,0,1,4,2,488,397,391
e700cb904173700e469543c3f70d2628e5fb28acb1f5b0f1a9e790dc77b3f066,2026-09-22 02:40,collector-B,ok,2,1,2,0,1,1,1,1,206,275,325
e70ad3725f85770e6a7ac7d21056ff159d3e54b297cbce7bf4dd8d93ba012d9c,2026-09-18 22:58,collector-B,ok,10,10,3,0,0,1,10,2,1220,397,621
e7491b95fd37a81b1bc70da22cccf623599a74ac454eea4cc79240e4cf9722bd,2026-09-21 18:16,collector-A,ok,5,5,4,0,0,1,0,0,3885,372,405
e79039a3cba84a251fbd76a769d975764733e871621663361f937fbdd21e2f49,2026-09-21 23:47,collector-B,ok,2,1,2,0,1,1,1,1,206,275,328
e7bcc01930d60cef3571ada1ce6f99b52b045e39d5636a2ee32b1def11889033,2026-09-16 23:18,collector-A,ok,2,2,6,2,0,1,0,0,168,593,436
e7c8ac51aa258543153e0faeac2aefddb7028d10d53a6018400b738e23601d88,2026-09-19 07:37,collector-A,ok,2,2,9,2,0,1,0,0,168,825,554
e83f74a06e9d519f38dfd8a10f1d076c57c4ef9021a7d33caea62e92b4815c81,2026-09-19 04:32,collector-A,ok,2,2,6,2,0,1,0,0,168,593,439
e8559c7f80730e8a9f8d0c165fa9e9d6af27ac14f106b35272baec1fca3ca477,2026-09-21 23:20,collector-B,ok,2,1,2,0,1,1,1,1,206,275,328
e8aa9ccab5537dd1fc9112539094ae1c77c60577c21ff2023f654ee9ae4f4024,2026-09-19 07:35,collector-A,ok,8,1,3,1,1,1,24,22,1963,1536,2022
e8d0d1d283512b1f03de47640098e4ded5862a1a325c1e5017b24c85b3a603dd,2026-09-21 22:40,collector-B,ok,2,1,2,0,1,1,1,1,206,275,328
e8dcd7a69943f0965aca1de8097b6af5201db71fb955f4934fcc36b9ee9b9f1e,2026-09-17 13:31,collector-B,ok,2,1,2,0,1,1,1,1,206,275,324
e8e3a5c5dc70b6872bf01fad7d188f8ff1ad5b84ba91eeb1f660709980385565,2026-09-20 14:02,collector-A,ok,1,1,5,1,0,1,0,0,84,509,354
e8e4c6e75963699bf9a1757aef33626bfc64125440628081d2de882d83973c11,2026-09-19 17:12,collector-A,ok,1,1,5,1,0,1,0,0,84,456,303
e8faf0889c7412c4972a407be0c18c3167b2b769ee02fca587c75efa149d5450,2026-09-22 00:17,collector-A,ok,8,8,7,0,0,1,8,1,976,695,716
e90269b2b44fd47d2437074fe84966a7899473ef358837347233bbced0cc129e,2026-09-15 14:31,collector-A,ok,15,15,18,14,0,1,0,0,1260,1601,1471
e91c3e28ef54fa16934afd9401204925bf1150413cdcf203c21b694bde30216d,2026-09-21 08:33,collector-A,ok,71,71,70,66,0,1,0,0,5964,5969,5939
e99fc9a1a64fdf380c4834eb21a85ac6ea4476f508db9abd1ae27ce6212670b3,2026-09-22 05:16,collector-A,ok,2,2,7,0,0,1,0,0,168,657,456
e9b115d54c77bce89ab0d3093c6d862e79cfc797d6af684ca3ba195cbaaeb81d,2026-09-18 14:19,collector-B,ok,2,1,2,0,1,1,1,1,206,275,325
e9bcc567ab305a61dedfee033d8f78dcb2757a96e1f9cffb648518f5a82d93b4,2026-09-18 22:43,collector-B,ok,2,1,3,0,1,1,2,3,887,435,413
e9fbd53bb2b766652bce38bccded639f05fda8543904ada99e1cc13119fa7ade,2026-09-16 00:38,collector-A,ok,28,28,32,28,0,1,0,0,2352,2777,2600
ea303ff4a2c0d15693f75548ce02908ec3d89290a68a37dd13f898453d8fbd22,2026-09-21 22:49,collector-B,ok,2,1,2,0,1,1,1,1,206,275,328
ea9069843aebef19118aab7bd4690aa6e792049dc422e121dc01a675a8792cff,2026-09-22 01:21,collector-B,ok,2,1,2,0,1,1,1,1,206,275,325
ea9beb50aa7a78de5ef15b65159f59c6f062d6f0e4951a220a5cc85ee2d5ac9a,2026-09-21 21:14,collector-A,ok,1,1,5,1,0,1,0,0,84,509,356
eaadfa200ca1e1cb3c1428af2ae6afec383b66911593f3b04373a19cefd2b45f,2026-09-21 10:12,collector-A,ok,2,2,4,0,0,1,0,0,168,372,292
eac21fe09a77935f68bcfa3cd4ae2d08c8e268c0cc7e3776d5f84e2d836c3049,2026-09-21 15:38,collector-A,ok,1,1,4,0,0,1,0,0,777,372,256
eae6661bef35a0f5f946a4e8a3fd25bd73830560ad801bf8c02a98a3a9d55a6d,2026-09-22 04:44,collector-A,ok,1,1,4,0,0,1,0,0,777,372,257
eb236f88e037c6204dc6b445c01c652b80bd6d9ad53d6de34b50c2a3badb38bf,2026-09-21 10:06,collector-A,ok,4,4,2,0,0,1,4,1,488,275,346
eb49a35c2a15e10c7f1722b0f20b851fcaa757bd3659326b06ba81c4a3c623d5,2026-09-21 22:04,collector-B,ok,2,1,2,0,1,1,1,1,206,275,328
eb56417d3f6763347c9d6d99034fed0bcb35c2d08bf5b669ad7294cc462ebe56,2026-09-22 00:15,collector-A,ok,30,30,7,0,0,1,30,1,3660,695,1530
eb9ef4f6bb41f06dcd375c4820472d6fdf7ed49ece02a9a11d722e84e78d5b02,2026-09-21 22:40,collector-B,ok,2,1,2,0,1,1,1,1,206,275,328
ebc9ea0c516d0bb0c44a6dfb8e2567202a13d33d0bea8b29db89762b7ae7f9b3,2026-09-15 02:51,collector-B,ok,2,1,2,0,1,1,1,1,206,275,325
ece528cbde8b2de2e97325e9d03c8372bb494d33a2c38c4859c54c5713593a21,2026-09-19 01:04,collector-A,ok,38,38,41,37,0,1,0,0,3870,3480,3329
ecfbfe2618e952d43e79e9891ed66108eec7b4deec67ddcdced3b97615811e00,2026-09-22 00:18,collector-A,ok,16,16,7,0,0,1,16,1,1952,695,1012
edde6cca9fa9789f4c7f21f3c198d40b64469cbfb8ba1fdcc69b735448609557,2026-09-16 16:01,collector-A,ok,6,6,10,6,0,1,0,0,504,929,770
edf8f1f9ad4036131ff499d24c97cf7e282fbdf9225fb7da3fd6a50fb88aa450,2026-09-20 18:18,collector-A,ok,1,1,5,1,0,1,0,0,84,509,354
eee7f156815dd3a7384c31591b97aeaea28e7af4858ad465cad26c283cf435fa,2026-09-17 12:13,collector-B,ok,2,1,2,0,1,1,1,1,206,275,324
eef38c3818466d098e13bf123b757e8c799c4d8d80fe7c00cb8d8f818c754624,2026-09-16 03:51,collector-A,ok,83,83,87,83,0,1,0,0,6972,7344,7127
efa058ed43c605a4f1b7b347542d9a669bb3fc43637fef4c238aca688a871108,2026-09-22 01:46,collector-B,ok,2,1,2,0,1,1,4,2,320,313,360
f001e1fe27e64d401337e68d33230e609aeed3e199bd10e658ac0e5c596e7185,2026-09-18 23:44,collector-B,ok,2,1,2,0,1,1,1,1,206,275,324
f01977711b651326fdc78c64b39927f29166d8b213137b8a45ac178a2d1821f8,2026-09-19 01:38,collector-A,ok,2,1,2,0,1,1,1,1,1021,275,326
f04d9cbc12d02db93f0d8baab48ff26ddd986049dc6789fbb6eaa34232106331,2026-09-21 07:15,collector-B,ok,2,1,2,0,1,1,1,1,206,275,328
f069b875f3c8ee3e17f555978043b427ff431a11b9fbfadef3b2137b686b2219,2026-09-15 23:53,collector-A,ok,15,15,19,15,0,1,0,0,1260,1632,1466
f0aac6128297305e4a76a25be922991f9ded84fba85fca53c5c71500f42aa6a6,2026-09-22 00:17,collector-B,ok,2,1,2,0,1,1,1,1,206,275,328
f11795e4e962aa99502aa85407c53f4b4e44016035a4d7f3558a8b0ae95c6d05,2026-09-21 22:04,collector-B,ok,2,1,2,0,1,1,1,1,206,275,328
f186e8945c9bae71f5d1d16d415646d5a173f15c73641ce1cf1d51faf4e628a8,2026-09-18 09:51,collector-A,ok,57,57,60,56,0,1,3,3,5580,5243,5027
f236f14ba4764aad35bde466941f186dc14da04013e8c028d8ef4e95af84bd88,2026-09-15 09:43,collector-B,ok,2,1,2,0,1,1,1,1,206,275,325
f29c34b1a2da7d0e8ed17c2b9d15857af08dc39eccc4039ddcd4f20d5d0f9cf4,2026-09-21 22:40,collector-B,ok,2,1,2,0,1,1,1,1,206,275,328
f29dc8d9d1229e621cedf7ce8488723b5f4b34d0e277596a7e940bb55f1088b8,2026-09-21 22:49,collector-B,ok,2,1,2,0,1,1,1,1,206,275,328
f2b9baf0d09adb8cfc2a6f54f63c98b150e89032132b07a7e840bf5eee5616c0,2026-09-17 06:40,collector-A,ok,4,4,8,4,0,1,0,0,336,761,604
f2bd1f6cd2cc2a75d8d32c71bba03d6017dd8d710d3d9bfc909d48382b479ab9,2026-09-21 12:17,collector-A,ok,72,72,74,70,0,1,2,2,6124,6328,6184
f2c67ac5a840b455c3e8aafcbac950a79b7a7ebe7adbd11c441cb9b3267b58a9,2026-09-19 21:16,collector-B,ok,2,1,2,0,1,1,1,1,206,275,324
f3107a19393578464b571960e986a86f69a8660087096a703fe083fa9772ec26,2026-09-21 07:15,collector-B,ok,2,1,2,0,1,1,1,1,206,275,327
f36b7feb2b060721714ee337318cd9135a3c3d2c47bfebd30b88812ad9dd52a2,2026-09-21 23:24,collector-B,ok,2,1,2,0,1,1,1,1,206,275,328
f371ebc245ede893e63fdc9053db090d3a40e1c95edf047454d9d29afed1ba17,2026-09-18 12:40,collector-B,ok,2,1,2,0,1,1,1,1,1022,275,324
f3738e84fd6edfd4a9956359c8f5b861b3ce530b2bde8918cbaab2693e5940e9,2026-09-21 22:40,collector-B,ok,2,1,2,0,1,1,1,1,206,275,328
f3d56954915b5104908db42f48c2b70334ec7118ce56287d6e4b720bfd7bedb0,2026-09-16 06:38,collector-A,ok,25,25,29,25,0,1,0,0,2100,2472,2297
f3dd4db08f2cb080ffa944b2c544db08813504b1e917fe41919f53abcef4c510,2026-09-16 15:47,collector-A,ok,6,6,10,6,0,1,0,0,504,876,718
f3ddfb0c197b1b509099b6da7cb6d45b81b0e946629002b445deaf53738ff234,2026-09-22 00:27,collector-B,ok,2,1,2,0,1,1,1,1,206,275,328
f3e5d57a82b9e7988890a5ef698756e71093957362ca5e8f8e6178aaadb9e242,2026-09-19 14:46,collector-A,ok,7,7,7,0,0,1,7,1,854,695,683
f40850b227f27a8e90cd3983147c67803cd86f99554aa0a5b5f6cf6a2766bc4f,2026-09-15 04:13,collector-B,ok,2,1,3,0,1,1,1,2,206,397,373
f40b1fb3cb9e8bd3f6c0bc65e87d8b919982613d4a5b54af3092bdb90bec6a08,2026-09-20 11:38,collector-B,ok,2,1,2,0,1,1,1,1,206,275,324
f440b652ab88099817df60481e25070a899f0da3eeefe070557129b1ec0ae56c,2026-09-17 06:59,collector-A,ok,88,88,92,88,0,1,0,0,7392,7817,7599
f44e7696755a8a1bff5c97cd19fbb820a4f9bd7c59a2b279463db8baa9946503,2026-09-19 15:34,collector-A,ok,4,4,8,4,0,1,4,4,488,860,592
f486af97ebfd3f44d985879e2df30ede76b1bf85cc87b7442e0732e8338e1773,2026-09-21 23:01,collector-B,ok,2,1,2,0,1,1,1,1,206,275,328
f495fca366401df8f06cd1a29c0f2550f5db35a9d0168806544f3d4d2afbeb08,2026-09-15 19:02,collector-A,ok,3,3,7,3,0,1,0,0,252,624,469
f5582e1de97b6086220ce05d3c45ae26f46a0a0cd1c2be8c43ba34802d878887,2026-09-21 23:57,collector-A,ok,30,30,7,0,0,1,30,1,3660,695,1530
f58cf638a581f0e9d0342a2899909afe5a5662c2bcdde9eb3865b9007bd49386,2026-09-16 01:13,collector-A,ok,7,7,11,7,0,1,0,0,588,960,802
f706bcc0413dc4273212e6a0df369dfb6523b97d094be633a491f7da75515d71,2026-09-21 23:09,collector-B,ok,2,1,2,0,1,1,1,1,206,275,328
f72aaab50706f2e584acfa012cbe679938e971174e84864ace2494f5e37994d4,2026-09-21 07:14,collector-B,ok,2,1,2,0,1,1,1,1,206,275,326
f75ea26dee76ef4b27bc284f20a87f0232764d278f16890d30aa418d5bbefd04,2026-09-19 08:20,collector-A,ok,2,2,2,0,0,1,2,2,1060,313,304
f79000cd5332c55c965fed49dc281af0fd00695aafb0719bc8d1e169b5cfaa5d,2026-09-21 22:49,collector-B,ok,2,1,2,0,1,1,1,1,206,275,329
f7bf2a2efc78ce1fae5342949adbac90ff3a1ccc4f1b412f974c08c7b9d34557,2026-09-21 22:49,collector-B,ok,2,1,2,0,1,1,1,1,206,275,328
f8b2a68220f374205312810e10727d9c7a1f2e5e1049f5625b5015c9d6993986,2026-09-19 18:49,collector-A,ok,2,1,3,1,1,1,24,24,1459,1612,1516
f8d1b293a073e2ac5e6f83c4c92de7589365c47530cebeb50a28bcd6621e2535,2026-09-18 22:13,collector-B,ok,2,1,2,0,1,1,1,1,1023,275,325
f8eec11d2b8b3a823848170d683520deb539348c7b1c48df91ae062624fa46db,2026-09-20 04:24,collector-B,ok,2,1,3,0,1,1,5,6,358,549,512
f95393b792f3541c8d054bf05cad3fb6e54f5ee9683a9c92ef3815ffa448a275,2026-09-18 21:22,collector-A,ok,8,1,3,1,1,1,47,46,2837,2448,2875
f9d1c41bf10064a5985b06eb710010dd630ca3f578ef2ccfa22960511a114765,2026-09-19 19:18,collector-A,ok,4,1,3,1,1,1,24,23,1627,1574,1695
f9d4027cd0a7097a6fb7e9becdb059f7cddade20366bbbfd56d68dc16ef4476a,2026-09-22 03:11,collector-A,ok,1,1,4,0,0,1,0,0,777,372,256
f9e5738b13c8e200311ccc5be4e34c7ff55c6a6b139a4005b3ba4650e4479732,2026-09-22 04:28,collector-B,ok,2,1,2,0,1,1,1,1,206,275,326
fa3a17131717f20d2afe05df88618dfa1d105d557bad9289f40f3f35ea7504db,2026-09-22 01:01,collector-A,ok,1,1,5,1,0,1,0,0,84,456,302
fa62c57fd6a2846d50c84b0bcce8ef967e6573d17ed1152d85b5097b9d1628a6,2026-09-21 23:47,collector-B,ok,2,1,2,0,1,1,1,1,206,275,328
faa1412115a98aae96527167b9033c37bc5e8a95d48cd2ce5b96d000286086bd,2026-09-22 02:35,collector-A,ok,1,1,4,0,0,1,0,0,777,372,257
faf88dde1adc9be22a26ee6b3c38d458f23553a9861ad2089c708160f794f00b,2026-09-22 02:56,collector-A,ok,16,16,20,16,0,1,0,0,1344,1716,1550
fb08f5b832062b12d1ef64fc6131bf9c7bb445d589c220be26812171971fb181,2026-09-19 23:02,collector-A,ok,1,1,2,0,0,1,1,1,122,275,235
fb76f4d5192c23abe971971992c78f23ecfaf12b9ad58a3c3d5c495d1e07551f,2026-09-16 15:28,collector-A,ok,1,1,5,1,0,1,0,0,84,509,356
fc0fce0e958d81f09a08ecdffa4dbf84ad1a13b65731110d5ea02096e757ef0b,2026-09-21 22:40,collector-B,ok,2,1,2,0,1,1,1,1,206,275,328
fc1c4154491298d3fc165155e6ab49fcc158261d4058e15780cc654388d6bfc8,2026-09-18 23:41,collector-B,ok,2,1,2,0,1,1,1,1,206,275,325
fc1fd5dd056d9bd786c1749d7ef994628afdd61fd2583583307422d9ea5b5ee6,2026-09-20 18:19,collector-A,ok,2,2,4,0,0,1,0,0,1130,372,291
fc2883f228876bed070797ef20dab9df2ffc3c080456e5e3122b7e6322dad54b,2026-09-21 23:33,collector-B,ok,2,1,2,0,1,1,1,1,206,275,328
fc2b7b745b666c04b2152a423eec8e83d04377562d046aef87030536366956e7,2026-09-16 23:06,collector-A,ok,14,14,18,14,0,1,0,0,1176,1601,1434
fc6e5b87e391947bb57bc921a929e27eff6dc2f2917e511e3760eba74313ec04,2026-09-17 13:13,collector-A,ok,7,7,9,5,0,1,1,1,1304,830,742
fca7edf56cd9c3d1bf65ac016145dc712296013886715a4d49694e7196f570b7,2026-09-18 01:42,collector-A,ok,7,6,2,0,1,1,7,7,6292,503,718
fcdeaae91f7eb24a0ee3d97be9f015cad6731c71f0cc2e42443fce82e512d016,2026-09-21 22:40,collector-B,ok,2,1,2,0,1,1,1,1,206,275,328
fd22bbe6f5ced47a4f5ff2ff23e99694789bf72fa551dfff30fa19167b182eb9,2026-09-17 10:36,collector-B,ok,2,1,2,0,1,1,4,2,320,313,360
fd542239e3c1b6819673689b0e2878a2f05749d321411979ad0d3e1082f8c4ee,2026-09-21 14:03,collector-A,ok,9,9,12,8,0,1,0,0,756,1097,974
fdc5833ab66e9c4dba5a4cc205c443879402e73e644c511b478a61240b0bc42a,2026-09-21 01:38,collector-A,ok,9,8,2,0,1,1,8,1,1060,275,589
fdf0d882899f527fd49bbd1c011cf486cdb33c5edf7e37801ae7a28e9938da41,2026-09-19 05:28,collector-A,ok,30,30,34,30,0,1,0,0,2520,2892,2711
fe2fe9ea261e1adcdfc06ec8ecf436b924a0479353a6375fa3bbc4cb32e5fd0f,2026-09-16 22:18,collector-B,ok,2,1,2,0,1,1,1,1,206,275,324
fe3dad93dfcfad53df093084413ea59b37f1dd8f569ed98bde5bc8ccab0c9e28,2026-09-22 00:18,collector-B,ok,2,1,2,0,1,1,1,1,206,275,328
fe97ce631358b6b6611820131ff66e579e79e200a227c7a431859f4b4da1be6e,2026-09-21 23:09,collector-B,ok,2,1,2,0,1,1,1,1,206,275,328
fecba9ede1c359adfb31ca461f305412cbbdf8c89fb09477f5413ccb4ad54c89,2026-09-21 04:13,collector-A,ok,12,12,16,12,0,1,0,0,1008,1380,1218
fee22c6a65371be64ee95ced42aa7eb47d36a9774cd46f8a67bd522df3af2ad3,2026-09-21 06:14,collector-A,ok,6,6,13,6,0,1,0,0,504,1161,887
ff00258b1595d4032077e52d07664de984a3915c6210c252a2e5e5596e73ee3b,2026-09-15 21:29,collector-A,ok,18,18,22,18,0,1,0,0,1512,1884,1715
ff121583e8ec095d4b5072beceb07ad18622c989e21f8ecd6395f3966159ff7d,2026-09-19 18:08,collector-A,ok,2,1,2,0,1,1,1,1,1202,275,326
ff187012eb0238f503d9e413ecce42f1aed814ceee667b532960076ab2d29f11,2026-09-16 14:59,collector-A,ok,25,25,29,25,0,1,0,0,2100,2472,2297
ff197a171b9f91a7774f8acb910bcadd1dc4e753aa0fe22b995da0a13aa135bf,2026-09-18 05:06,collector-B,ok,2,1,3,0,1,1,1,2,206,397,374
ff6951bf599148d2e450c7b5f56db3083c4a28e606a37826b7b4544f86c0df1b,2026-09-22 00:17,collector-B,ok,2,1,2,0,1,1,1,1,206,275,328
ffea197b99e57a494a16330936d0d704546074b6bd709e05984d9ce7f16e41e9,2026-09-20 23:43,collector-A,ok,17,17,21,17,0,1,0,0,1428,1853,1687
fff0375e16c32b63891ffa89004b6bd2479d4f38e1f29a7bdf828e799178ba1b,2026-09-17 07:30,collector-A,ok,10,10,14,10,0,1,0,0,840,1212,1049
